ticker,date,pattern,status,price_vs_sma200_pct,sma200_slope_pct,sma200_slope_negative,price_vs_sma50_pct,sma50_slope_pct,sma50_slope_negative
TSLA,2013-05-09,UT,OK,60.69502727291582,5.619253285336412,False,29.092744342842213,13.675631184495352,False
FSLR,2012-08-02,DT SW,OK,-49.91485525393168,-14.549018524845614,True,3.735166922500044,-5.739497430598417,True
BBY,2013-03-01,DT U,OK,-2.19101659355333,-3.061118365554605,True,13.381974960616883,11.270680853681014,False
CIEN,2012-05-31,DT SW,OK,-12.432486220831551,-1.5577211231120325,True,-18.43740345336583,-6.35768657100243,True
PHM,2012-07-26,UT,OK,25.605620914213347,9.003272550881668,False,3.311749907204997,5.9121584729289856,False
GOGO,2013-11-11,UDS,insufficient_history,,,,,,
GRPN,2012-05-15,DT,insufficient_history,,,,,,
FSLR,2013-11-01,U,OK,24.465263704684826,4.249587027457125,False,17.964204127363637,4.956324333051465,False
FANG,2013-11-05,UT,OK,55.493837723050696,9.549757110447455,False,15.433723323865877,8.724413910333562,False
CLF,2013-04-25,DT,OK,-47.105781962194925,-7.988415862088738,True,-18.350153261512546,-24.613690263035217,True
FCEL,2014-03-10,UT,OK,148.60205360789897,6.805369077034773,False,109.07367922293298,11.622372074573573,False
VIPS,2014-03-04,UT,OK,99.23353722958407,14.07870404549929,False,28.217479968527705,13.671385710537432,False
MTZ,2014-10-31,DT,OK,-22.61433169713465,-1.787647259811831,True,-8.302963958596044,-2.2537958310194783,True
FTK,2014-10-23,DT U,OK,-19.70129028895624,1.280799321330961,False,-15.103473791100242,-9.685698239028607,True
PLUG,2014-03-13,UTU,OK,357.0076750406602,50.4910879993689,False,71.47987128922601,56.17819724828814,False
ILMN,2014-04-23,UTU,OK,33.929975475283754,6.824801807378433,False,-5.9887539729884365,0.5857239531446234,False
GOGO,2014-05-12,DT,OK,-39.08256089969492,1.3354874842241404,False,-38.572199600291924,-8.467541403915579,True
ANGI,2014-04-24,DT SW,OK,-23.710297889863753,-7.7716503324023245,True,-3.6488670098831277,-11.103464863636992,True
FANG,2014-11-05,DT SW,OK,-12.48663913759076,2.2565955684408,False,-12.272721006851095,-7.2382857055174,True
CMCM,2014-11-10,U,insufficient_history,,,,,,
NOG,2014-11-07,DT SW,OK,-27.76130879511124,-2.4178579891004026,True,-20.346874116824587,-13.876327487477747,True
GBX,2015-01-07,U,OK,-15.810501064960436,0.7764242330390969,False,-11.787646334831269,-7.202146167842017,True
FRO,2015-02-26,DT SW,OK,8.41680237356952,-2.988659972299179,True,-15.336910319838326,23.07890222984559,False
CLF,2015-02-03,DT,OK,-44.65728407805148,-8.955364146012624,True,-6.992260475046718,-13.784772554704194,True
ENPH,2015-02-18,SW,OK,18.891033634546737,4.8598034583978045,False,7.9061402624786,6.113400620223897,False
SEDG,2015-05-08,UT,insufficient_history,,,,,,
W,2015-03-04,DT SW,insufficient_history,,,,,,
W,2015-05-11,UTU,insufficient_history,,,,,,
PAYC,2015-02-11,UT,insufficient_history,,,,,,
CMCM,2015-03-23,DT SW,insufficient_history,,,,,,
FRPT,2015-05-08,UTU,insufficient_history,,,,,,
SHAK,2015-05-14,UT,insufficient_history,,,,,,
GEVO,2015-05-13,DT SW,OK,-3.2372114949230535,-15.281215350579869,True,41.314588013624174,-0.3025459011803955,True
ASPS,2015-07-23,DT SW,OK,-14.080973267630537,-16.672297336384688,True,4.121796252423016,9.285630222431429,False
FTK,2015-07-23,DT SW,OK,-21.998402156478882,-7.523764674034117,True,4.019258608630594,-6.160421277570006,True
NHTC,2015-07-29,DT,insufficient_history,,,,,,
SHOP,2015-07-30,U,insufficient_history,,,,,,
MNKD,2015-08-10,DT,OK,-28.049425344499536,-1.077023498694496,True,-26.331766186650874,4.640712763896926,False
SM,2015-07-29,DT,OK,-27.36674165800974,-7.836395853116529,True,-24.90005711022274,-13.045305218122072,True
RMTI,2015-08-05,DT,OK,21.157589498487738,6.165115575227942,False,-7.022533362502747,19.35699714402286,False
SHAK,2015-08-11,DT U,insufficient_history,,,,,,
NVAX,2015-08-11,UTU,OK,36.41475449306195,9.994904492762346,False,3.4415818519648367,14.45969252256354,False
GFI,2015-08-20,DT U,OK,-23.868004592881032,-2.484026045153054,True,2.9362132973337784,-9.543289778971776,True
AU,2015-08-17,DT,OK,-34.51966243576378,-4.307484084415281,True,-19.510624597553118,-16.93410355156184,True
ANF,2015-08-26,DT,OK,-26.910762993230662,-5.788384555270265,True,-16.364798636266787,-4.826607179071196,True
CMCM,2015-08-18,DT,OK,0.35407272881420315,3.500487237157479,False,-19.13446187921585,-7.700170583901411,True
ASPS,2015-10-22,DT SW,OK,23.531796217251877,-4.868810299498882,True,15.014517098318025,-7.753087409247872,True
HLX,2015-10-20,DT,OK,-60.04189032001268,-11.144571073423826,True,-15.833686061276985,-20.934483202471366,True
RRC,2015-10-29,DT,OK,-38.5833263210816,-4.225830573002787,True,-17.500343390870366,-6.023837184286418,True
HUN,2015-10-27,DT,OK,-41.35355786734709,-5.297290585698622,True,-15.847816963575045,-16.593037852452674,True
PACB,2015-10-23,U,OK,20.628690341245548,-1.3502236464383532,True,32.41466404189723,10.092005724800668,False
YELP,2015-10-29,DT SW,OK,-42.994923267860585,-7.312936163081574,True,-5.4801795319833975,-8.023918130037133,True
GBX,2015-10-30,DT,OK,-29.524308870301585,-2.812149671087405,True,-3.6714118817878894,-8.317423795379387,True
PCRX,2015-10-27,DT SW,OK,-46.064003262649145,-6.3309509815301706,True,-20.126926916041022,-15.03336347376132,True
LGIH,2015-11-04,UT,OK,46.69632066645275,8.988184407920642,False,3.416595884830742,12.413432946339164,False
TDW,2015-11-04,DT,OK,-42.575826011562,-7.043950317216197,True,-16.552324660931962,-8.052502608147128,True
LSCC,2015-10-30,DT SW,OK,-20.734585548757146,-4.142299778883807,True,7.1359784283513195,-1.24114318322317,True
SUPN,2015-11-04,UDS,OK,21.23257665250129,5.151828556781779,False,4.170938768814336,-6.273303863155865,True
SEDG,2015-11-05,DT,insufficient_history,,,,,,
XPO,2015-11-05,DT SW,OK,-31.320405802575245,-2.7213060062682537,True,-4.796797210855209,-14.38563207487511,True
SUNE,2015-11-10,DT,OK,-64.57202770084429,-5.088323166229314,True,-19.828389417347402,-21.214449110587587,True
LXRX,2015-11-06,DT,OK,19.20514821475021,4.8763051714377115,False,-9.658949678149288,-2.0238665087882968,True
ICON,2015-11-09,DT,OK,-71.62382652699284,-7.069841388133302,True,-52.06102839515607,0.43612359393754296,False
CMCM,2015-11-17,DT SW,OK,-23.5155240767963,0.1977263699134646,False,-2.8505471375708913,-0.7836797017975017,True
GFI,2015-11-19,DT,OK,-36.191484356621984,-8.468691544765772,True,-18.78742514970059,-6.703910614525121,True
CLLS,2015-11-17,DT,insufficient_history,,,,,,
VIPS,2015-11-18,DT,OK,-44.67331646598049,-1.3615041877359957,True,-30.712998086727637,1.440479262259231,False
KMI,2016-01-21,DT,OK,-61.96827628574777,-7.788735992991924,True,-34.46970110326614,-24.704403342563463,True
FCX,2016-01-26,DT,OK,-70.10327270519853,-9.226975610092092,True,-41.276418159596986,-27.951978007817534,True
CRUS,2016-01-28,UDS,OK,-12.202543331546101,-1.6771009494669697,True,-7.100375452702934,-3.972305532512288,True
MUR,2016-01-28,DT,OK,-44.682641815531554,-8.124161233655446,True,-21.257108130398926,-14.63098290915018,True
ANF,2015-11-20,DT SW,OK,-9.133504747296495,-2.6213938242431345,True,-6.9049848105619205,3.961703860401844,False
CMPR,2016-01-28,UDS,OK,-11.781023787974243,-1.2345762906617819,True,-13.73299309325694,-1.5768897814604443,True
MSTR,2016-01-28,DT,OK,-22.310645839474276,-0.7405819808100622,True,-15.212858063263745,-5.608788807377807,True
FTNT,2016-01-29,DT,OK,-32.13750136767649,-1.5838630295774925,True,-15.970404751051149,-8.778199752243477,True
STX,2016-01-29,DT,OK,-41.058479989513664,-4.77449671821204,True,-20.313207367342567,-7.451520873244477,True
CNX,2016-01-29,DT,OK,-57.33613124038088,-11.991155365188854,True,-7.106682814048238,-8.097032858624441,True
MTW,2016-01-29,DT,OK,-17.91392387263474,-4.246706761517938,True,-6.097936969664475,-3.6562056050626235,True
NHTC,2016-02-03,DT,OK,-33.78375608056066,0.5106377342078527,False,-35.583127964785824,-23.36587964560034,True
CSTE,2016-02-10,DT SW,OK,-34.07841921381024,-4.706562378236267,True,-17.37390914259782,-3.2955004035512547,True
MXL,2016-02-09,UDS,OK,7.083954767484979,5.306763505821155,False,-12.04075812180767,-2.3742627888728607,True
ABG,2016-02-04,DT,OK,-42.68683363141675,-4.2044861699808145,True,-27.6269650399813,-14.767848418432383,True
PTEN,2016-02-04,DT SW,OK,-21.506710274049844,-4.096995392502556,True,-8.678674896082628,-6.962420896377508,True
CRTO,2016-02-10,DT,OK,-38.15277736543658,-2.9237858196041855,True,-25.947833604440863,-9.248008919216065,True
KGC,2016-02-11,DT U,OK,28.317148064008755,-2.521110651449132,True,38.276121812116635,-1.6509683564398414,True
PAYC,2016-02-10,DT,OK,-38.62855272489226,-0.5095014213122195,True,-35.788037739510614,-12.163219059269448,True
HUBS,2016-02-11,DT,OK,-41.38241815691709,0.44106406833199774,False,-42.18226126291144,-8.505204405437194,True
TSLA,2016-02-11,DT,OK,-38.97026434770664,-0.8984189138032117,True,-31.662262314456036,-6.134116602610174,True
TRIP,2016-02-11,DT,OK,-29.94378101212224,-2.112521225048436,True,-28.641577211520275,-7.561381151768909,True
WYNN,2016-02-12,DT SW,OK,-26.23501359072605,-7.837405115066343,True,-5.6618683659858,-3.063785194922186,True
NBR,2016-02-17,DT,OK,-42.2251568174315,-7.461609942589941,True,-15.81591747287402,-16.01840421950399,True
GRPN,2016-02-12,DT,OK,-46.26074335306571,-10.04386367192348,True,-20.64616692645601,-4.824842374995786,True
P,2016-02-12,DT,OK,-45.06197316414894,-4.846292177225742,True,-24.41440965806101,-11.56090955782788,True
SHOP,2016-02-17,DT,insufficient_history,,,,,,
CPA,2016-02-18,DT SW,OK,-14.252264563329863,-8.580673394228644,True,10.422300982583522,-2.612958961551237,True
CLDX,2016-02-25,DT,OK,-59.868623777110216,-10.082675231834715,True,-38.31151338828727,-23.918894915902676,True
TK,2016-02-18,DT SW,OK,-77.9309161803661,-12.49442516002861,True,-31.477384464110138,-47.09497025067464,True
NXST,2016-02-25,DT,OK,-21.66727759290272,-3.3115525134886914,True,-15.340430071443823,-12.928901233677214,True
TREE,2016-02-25,DT SW,OK,-21.777356255826298,0.7002501416267792,False,-8.247493007708574,-17.26205465297014,True
ANET,2016-02-19,SW,OK,-18.763027163556913,-0.943640616378727,True,-12.41641435537959,-6.958291685108497,True
PODD,2016-02-26,DT SW,OK,-6.393451359673296,-0.17080538191797112,True,-10.694229426585322,-8.076478762410188,True
WDAY,2016-03-01,DT U,OK,-20.573239159955246,-4.098454644885862,True,-8.950422036257155,-13.757735413776462,True
PANW,2016-02-26,UTU,OK,-16.607393147972914,-1.04502522243749,True,-8.39675097731758,-11.124026724176883,True
HALO,2016-03-01,DT,OK,-51.078911580999595,-4.477766361787872,True,-27.692198228325438,-24.250835399374793,True
UNFI,2016-03-08,DT,OK,-24.923222814561296,-6.352723440600849,True,0.10767234477238041,-6.5143889534133415,True
SSYS,2016-03-03,DT,OK,-24.540842404506602,-8.13885098281576,True,7.041474087662314,-12.67004367437532,True
EXEL,2016-03-01,DT,OK,-26.62917498135493,2.2959946388988905,False,-20.888483188802674,-9.196581871287323,True
SUPN,2016-03-03,DT U,OK,-15.345992389370444,-0.3092907143353196,True,6.776344687138103,-6.805647556174133,True
PACB,2016-04-22,UDS,OK,12.273953441902275,4.457634857478321,False,4.109969774524891,-10.761233516597057,True
ASPS,2016-03-10,DT SW,OK,-21.702282836039398,-0.42508842188324625,True,-19.316958252939344,0.42016806722686706,False
BOX,2016-03-10,DT,OK,-9.287851672595803,-4.075200250204148,True,11.201904288201225,-7.936611771632284,True
DDD,2016-03-14,DT U,OK,-7.428557688839721,-8.796289527930877,True,26.398038915275013,5.7052957915924685,False
CLF,2016-04-28,DT U,OK,62.05444427733491,-2.310376492194677,True,43.91612127687989,36.82383040935675,False
KN,2016-04-26,DT SW,OK,-14.648227359802657,-3.611075101888539,True,4.2785463522547085,2.2924421560106767,False
GNW,2016-04-29,DT SW,OK,-29.757343550447,-10.876655357338317,True,7.900098090998275,8.426736480405793,False
INO,2016-05-09,DT U,OK,25.95812876266521,3.13718809354655,False,4.570281499463125,20.430651599482765,False
HALO,2016-05-10,DT SW,OK,-30.60785944521983,-7.805439915752066,True,-2.885460794500838,14.182714246600359,False
SSYS,2016-05-09,DT,OK,-16.910703664944204,-3.392992757206814,True,-15.350295429880633,16.37556015005943,False
CSIQ,2016-05-11,DT SW,OK,-26.37420334959276,-4.042686639803772,True,-18.435394607028478,-3.8135980269768277,True
PTCT,2016-05-06,DT SW,OK,-73.2621100198105,-14.422275047413802,True,0.6569033371859989,-49.34749260788048,True
CLF,2016-07-28,UT,OK,141.11187898333716,13.422982459196287,False,48.05733685401734,25.776913222944465,False
RIG,2016-08-04,DT SW,OK,-7.782047944510384,-2.5770315347845463,True,-6.628066977608604,5.62885780621778,False
IRWD,2016-05-10,DT SW,OK,-5.3922703077991185,-0.8408220963641022,True,-4.689962603400188,8.22903629536922,False
YRD,2016-08-10,UT,insufficient_history,,,,,,
GPRO,2016-07-28,DT SW,OK,-21.577664885162463,-12.167467889088979,True,8.189485889547598,-0.6373806072769161,True
PACB,2016-08-05,DT SW,OK,-16.393822851995477,2.0987763104272306,False,-7.844512883931665,-5.775780934881003,True
TK,2016-08-04,DT SW,OK,-52.91666330164833,-17.399019378939983,True,-24.871134020618555,-14.80952903721594,True
BANC,2016-10-19,DT,OK,-38.55958792363056,1.43237454269729,False,-43.73319741352603,-7.218760431734717,True
NRG,2016-11-04,DT SW,OK,-22.27541969738821,0.10484233326037984,False,-10.775626684517414,-6.823255203203993,True
IAG,2016-11-08,UDS,OK,12.680053927481726,7.3621501378879906,False,0.8586962044611735,-9.53759882331312,True
EXEL,2016-11-04,UTU,OK,32.54757743312522,9.25191750045251,False,-16.83923883444487,3.3868303044607195,False
ACAD,2016-11-08,DT,OK,-21.91758722287791,-1.8998966297637976,True,-20.23592679330386,-12.480072876337944,True
AG,2016-11-09,UDS,OK,-20.464316423043847,5.332818731506506,False,-17.801025972452234,-24.951497514247613,True
GLNG,2016-11-30,DT SW,OK,12.377530688305916,3.8810196021653365,False,-4.115501841052838,4.25096195347725,False
YRD,2016-11-16,UDS,OK,73.66832788351039,14.348024131840354,False,16.89363836271749,0.2134092121643283,False
MOMO,2016-11-08,UT,OK,69.02032102474895,7.034286178553528,False,11.420612813370479,16.032824324062787,False
LXRX,2017-03-03,UDS,OK,-2.276433835568914,1.273383397418426,False,2.4013698816302886,-2.070828730752372,True
BANC,2017-01-30,UDS,OK,-19.16698298956545,-0.2647354415934222,True,-8.461157842652145,8.966409661939934,False
NE,2017-02-10,DT SW,OK,-6.200261733809653,-4.54309116568642,True,-2.3161244695898087,12.434151674783811,False
HLX,2017-02-21,UDS,OK,-10.94552774689782,0.8386303179402699,False,-16.48634027589939,-8.308531746031733,True
UIS,2017-04-25,DT,OK,-7.399333109098539,4.4518661490750455,False,-17.58932134990908,-1.594297767110342,True
AAOI,2017-05-05,UDS,OK,60.569006339920236,13.710345069687758,False,-4.428038253285072,11.719676648236321,False
WIX,2017-05-10,UDS,OK,42.280673813640156,9.453387280881831,False,4.516110844867938,11.592424814395375,False
TRVG,2017-05-15,UT,insufficient_history,,,,,,
CRC,2017-05-05,DT,OK,-30.72577703382231,-0.3062251043408737,True,-29.663269827204243,-16.952407234928202,True
AMRN,2017-08-02,UTU,OK,9.808143334999443,3.325944112061885,False,1.0415487376882249,13.178294573643434,False
ARRY,2017-05-10,DT,OK,-8.186687069625098,6.2225185987871745,False,-24.515317369003974,-11.543253911637418,True
LITE,2017-08-09,UDS,OK,22.91702322976148,4.46673543957592,False,-3.4701857282502524,7.243945906279503,False
TXMD,2017-08-04,DT SW,OK,-7.817949212246544,-1.97978132220189,True,4.063625212677557,7.810766999402774,False
SN,2017-08-09,DT,OK,-47.65317594154019,-2.768621154930073,True,-28.796712224027544,-8.795327754532767,True
TTD,2017-08-11,UDS,OK,29.23528903036101,7.295491215799799,False,-4.416762771799309,4.36567402117074,False
NVCR,2017-10-26,UDS,OK,30.1935820318471,7.915700410436499,False,-7.657772562624343,-1.1772416748594638,True
EXEL,2017-11-02,UDS,OK,3.52389263508468,4.37450040190821,False,-8.202311043758282,-0.883952174957936,True
EDIT,2017-08-10,DT SW,OK,-0.6174101936246901,1.4734421448202584,False,8.924806746310598,-3.1802451756701156,True
TXMD,2017-11-06,SW,OK,-21.303900510802663,-1.9459315959470813,True,-20.753208041004754,-6.2246463269132635,True
AAOI,2017-11-08,DT,OK,-33.82849897747654,2.983650576829522,False,-29.308646397707438,-16.749969712689893,True
CRC,2017-11-07,DT U,OK,19.346256176358835,-7.69212777071756,True,44.73899860689996,17.105705100523004,False
ROKU,2017-11-09,DT,insufficient_history,,,,,,
OMER,2017-11-10,DT,OK,-18.795475830271602,3.96615800818787,False,-26.428739263243095,-10.455960874891279,True
MBI,2017-11-08,DT U,OK,-23.80973322412363,-4.379113138916324,True,-17.748712227312645,-13.31357902751199,True
HTZ,2017-11-10,UTU,OK,12.600762488921413,1.2843822312400999,False,-15.270744059213081,12.374499186326492,False
CMCM,2017-11-21,SW,OK,4.35352892386629,-0.28130815505127416,True,18.132587998951898,-1.6345554911184057,True
WB,2018-02-13,UT,OK,25.825360015697598,8.530955575754962,False,2.684499683206454,5.878514978864202,False
FOSL,2018-02-14,DT SW,OK,-3.4616062322795016,-7.922890097247759,True,11.209526621395515,9.331540013449867,False
PRTA,2018-02-15,DT,OK,-41.29451753387657,-2.8154877170926684,True,-18.5316213128649,-13.481864081384442,True
TAL,2018-01-25,UDS,OK,6.932678864831043,5.3295957446291675,False,-3.2706792427223963,-1.034181720502303,True
LITE,2018-02-06,UDS,OK,-23.285229030057874,-0.20397572958389398,True,-15.372084707378109,-8.149878203432204,True
CAR,2018-02-22,UTU,OK,10.260744302475544,3.7675258303409453,False,-10.572464766102009,6.156522756180638,False
SN,2018-02-26,DT,OK,-29.061784897025177,-6.917301240747631,True,-23.59827479975354,-6.282480655964918,True
GPOR,2018-02-22,DT,OK,-35.76438283969547,-4.6726505232385644,True,-27.32960044241669,-9.598800149981269,True
CORT,2018-02-23,UTU,OK,-0.4115990468232633,5.847091194968557,False,-16.045311529812,2.482781485284047,False
IMMR,2018-02-23,U,OK,31.726968205785667,1.457943448500143,False,27.30033404190708,19.26665314519167,False
TROX,2018-03-01,UDS,OK,-11.195532571758914,1.4762066738640778,False,-9.60966009671963,-7.452017682753819,True
COLL,2018-03-08,UT,OK,62.60218240050368,11.520394418008317,False,6.282094866610621,13.969636102246174,False
DQ,2018-02-28,UDS,OK,52.24498827034685,10.584378675923055,False,-2.3768651323790135,3.890211301131563,False
MDB,2018-03-14,UTU,insufficient_history,,,,,,
VYGR,2018-03-14,UTU,OK,56.59316276555404,12.025532699535235,False,11.302273300759325,26.64063725575638,False
NOAH,2018-03-07,UDS,OK,18.159103731764326,5.693584867084378,False,-7.772059841211931,1.9912223667100104,False
BKE,2018-03-16,DT SW,OK,-1.606642225576893,1.3925901630382764,False,-12.904457382838597,-4.380761157251056,True
LITE,2018-05-02,UDS,OK,-7.7214291347898145,-0.5115619094533175,True,-15.57426337943475,5.489960586633291,False
ACAD,2018-05-04,DT,OK,-45.52870100894159,-3.3970645163406976,True,-27.800108930010225,-17.542850355941887,True
DDD,2018-03-15,DT SW,OK,-6.2369773579663885,-6.751388848910489,True,16.548998541938474,6.221597277414337,False
CMCM,2018-03-19,UDS,OK,6.865214058907254,2.5764859158093234,False,-15.961755710467585,8.552798839487362,False
CRC,2018-05-04,CPH,OK,73.04776091361703,11.106223883879473,False,36.87506634115274,5.946784822653539,False
GERN,2018-03-19,UT,OK,47.44809783203168,-0.9684128428441241,True,43.90639678879491,13.316558598664518,False
MTSI,2018-05-02,DT,OK,-48.350122491575945,-10.561123763632574,True,-8.856808427623886,-15.708535045253614,True
RIGL,2018-05-02,SW,OK,6.775943668475115,2.8127225255162536,False,-2.6213285609011483,-4.0553507398616295,True
ICHR,2018-05-09,UDS,OK,-7.2234294764307645,0.6358715849579699,False,-3.8295375539024734,-4.669062432954318,True
BMA,2018-05-16,DT,OK,-30.155501531331343,0.1222843459763645,False,-25.755672977434475,-5.5063280510946,True
RGNX,2018-05-09,CPH,OK,37.03364495671255,6.595319450712389,False,17.711673197957502,15.591702270036523,False
CVNA,2018-05-10,UTU,OK,29.923966144207228,2.9832074681509058,False,6.132176566906988,14.173991347414994,False
WTI,2018-08-02,UTU,OK,34.708231507420884,10.531343676911442,False,-6.9907813871817215,4.456481242656096,False
VCEL,2018-08-07,UDS,OK,14.635722514118733,5.949244623055749,False,-8.855330176034325,-10.828685258964143,True
DDD,2018-08-08,U,OK,18.99072714119736,0.9265855719917893,False,-2.946645687312266,7.307863512870516,False
OMER,2018-05-11,U,OK,-6.751012774764376,-3.2408689304503357,True,22.515323909856665,7.722203585367282,False
AAOI,2018-08-08,DT SW,OK,2.0522843210082797,-4.082147768175226,True,-13.226492140739499,8.763479839179865,False
PTCT,2018-08-08,UT,OK,44.166327806141645,7.669761813549325,False,5.019199122325824,8.671678002777883,False
PS,2018-08-02,UDS,insufficient_history,,,,,,
BZUN,2018-08-14,UDS,OK,17.587296914058335,5.912315690444392,False,-11.582492260113831,4.307986201009029,False
VICR,2018-10-17,DT,OK,-0.6500984242411745,5.752131515626546,False,-27.076523087683036,-7.723821048385659,True
TSLA,2018-10-25,SW,OK,-7.362053891825204,-1.675762411681292,True,-0.7590552273202933,-6.930085796360597,True
SHOP,2018-10-25,UDS,OK,-13.928915857719081,2.650462590790248,False,-16.040650964773718,-3.061713537145838,True
IRDM,2018-10-25,UTU,OK,18.059398634938194,5.8825028024049875,False,-9.808342728297637,3.395671785515164,False
AXGN,2018-10-30,DT,OK,-18.74246825126861,1.612552986178284,False,-13.853199202076317,-8.613824753811949,True
DAN,2018-10-29,DT,OK,-28.73167669122989,-6.265164296617643,True,-10.555812527564722,-6.819890344502699,True
PRLB,2018-10-25,DT,OK,-10.305187367043045,2.7685764990762696,False,-22.07012799884073,1.5889174362891278,False
CHGG,2018-10-30,DT,OK,-8.757530777962108,3.967386146539509,False,-20.78859962237628,-3.2172440010137415,True
MEDP,2018-10-30,DT,OK,3.5892906272864122,3.9051637463585864,False,-17.74368673601625,-0.8211926050980645,True
STAA,2018-11-01,DT,OK,38.03071364046973,9.444824215991465,False,-10.854780637418337,2.6201271746964405,False
TREE,2018-11-01,DT,OK,-27.37170202520385,-4.8951639893549554,True,-10.301875615398782,-5.386613749801194,True
ARCB,2018-11-02,DT,OK,-10.502170140467971,0.5226660295119201,False,-16.910044427230975,-6.602634744643455,True
BLDR,2018-11-02,DT,OK,-27.84085266955745,-4.817015377587108,True,-10.042502854156066,-10.788656694440036,True
CRC,2018-11-02,DT,OK,0.4437356888449262,5.487401983589191,False,-19.703441792020914,2.5846389315497653,False
EXEL,2018-11-02,DT,OK,-29.840698495681327,-6.219151253754662,True,-11.6409371379938,-9.75250693407298,True
FND,2018-11-01,DT,OK,-42.21239767720045,-4.188987660413545,True,-19.374156864228343,-14.795359329680958,True
CZR,2018-11-02,DT,OK,-21.755678791589396,-3.134440521635984,True,-10.192401363857773,-3.590506192889431,True
XNCR,2018-11-06,UDS,OK,8.206340174935956,3.77506659388811,False,-2.78586107262605,-4.506644632651636,True
NIO,2018-11-06,DT,insufficient_history,,,,,,
ACAD,2018-11-07,DT SW,OK,10.185346053999877,-3.609290811125687,True,15.230672003370538,18.080171137892865,False
SUPN,2018-11-07,UDS,OK,-13.2089154135965,0.958700358276654,False,-11.993779344211031,-0.4777786656684935,True
GRPN,2018-11-07,DT,OK,-26.264779557701768,-4.053797451185693,True,-11.758336942399305,-11.632023345372765,True
LGND,2018-11-08,DT,OK,-17.620653166421395,1.7234136634976638,False,-28.13090071410491,-9.859749485647429,True
RPD,2018-11-07,UDS,OK,9.650342330200612,4.662405291682781,False,-6.512341374982555,2.1061984200664075,False
TWLO,2018-11-07,UDS,OK,25.860283035001473,8.753760670088283,False,-8.820130953909366,-1.0857832243317045,True
ETSY,2018-11-07,UDS,OK,12.130818363605611,6.344962446375657,False,-11.869978245421297,-2.7375303710676424,True
HRI,2018-11-08,DT,OK,-38.50333658774059,-4.948393802833195,True,-22.33483721056392,-13.84851458927262,True
FOSL,2018-11-08,DT,OK,2.787603795081517,6.60454163340749,False,-6.541210531077524,-7.206931146082118,True
VNDA,2018-11-08,UDS,OK,9.38695166113046,3.3220957223388803,False,-1.2167965259227587,-0.8102151310430572,True
CVNA,2018-11-08,UDS,OK,23.597911926114314,6.395250308675804,False,-12.786085064262897,-7.568905852239571,True
VSTM,2018-11-08,DT,OK,0.9438334706284524,4.2587338450110535,False,-17.70888018244151,-13.987887247054086,True
HTZ,2018-11-09,DT SW,OK,-10.003729127246109,-4.240742553174604,True,-1.3886702906885096,-9.342655500554308,True
CARG,2018-11-08,UDS,OK,2.587699957180578,2.9174784293657607,False,-15.526459815602234,-5.442255405034202,True
HUYA,2018-11-13,DT,insufficient_history,,,,,,
CDNA,2018-11-09,UTU,OK,91.15807753134571,14.51484351572736,False,8.997178804095851,13.287217563164333,False
MTSI,2018-11-14,DT SW,OK,-27.335295536328154,-8.487616872457348,True,-14.866339027654373,-14.574887116918045,True
OPK,2018-11-12,DT SW,OK,-26.439824384007927,-3.0399258599706602,True,-23.370127245267682,-16.8132409946012,True
GDS,2018-11-13,DT,OK,-27.973217681463815,-0.08991343291052667,True,-21.09757017549875,-10.693199078837768,True
CSIQ,2018-11-15,DT SW,OK,-6.577400725711657,-1.5724662468057704,True,-4.473244147157185,0.43246420623923587,False
NTNX,2018-11-28,DT SW,OK,-17.575094279647164,1.706087630864661,False,-1.8409905506679647,-10.88812123437709,True
ANF,2018-11-29,DT,OK,-26.677488018707518,-1.1305942183020723,True,-9.44386260010367,-9.724954636615424,True
VIPS,2018-11-15,DT,OK,-52.73642828746853,-8.02164674526884,True,-4.85844359083798,-14.181063427141194,True
BZUN,2018-11-21,DT,OK,-38.197597439292416,0.3393894488780358,False,-27.403538023390862,-11.502458537500694,True
CGC,2019-02-15,CPH,insufficient_history,,,,,,
WGO,2018-12-19,DT,OK,-43.854832675587254,-5.258641480974136,True,-24.58476279716475,-15.235173169185035,True
AMD,2019-01-30,DT SW,OK,-1.0074103024288017,5.179776344434983,False,-2.7384801940177783,-2.5024630541872095,True
STNG,2019-02-14,DT SW,OK,-18.447019133408137,-1.708117094650774,True,-5.8942682013356285,-0.329127234490012,True
VNDA,2019-02-14,DT,OK,-14.821006194205333,4.98437981683002,False,-30.3301940315443,4.410359289477239,False
CVNA,2019-02-28,DT SW,OK,-2.6120328399118153,2.023402233309568,False,19.773169893458586,-6.183162623733118,True
SFIX,2019-03-12,DT SW,OK,-3.647158608990664,1.5992090128988945,False,17.1027274779076,7.135018507151769,False
GH,2019-03-13,UT,insufficient_history,,,,,,
CRC,2019-02-28,DT SW,OK,-31.199747753428973,-1.776630487802977,True,11.184713375796163,-5.212468967649042,True
MDB,2019-03-14,UT,OK,40.138081576062824,8.888155468260628,False,13.088110237586982,8.526387162391247,False
DOMO,2019-03-14,UTU,insufficient_history,,,,,,
LSCC,2019-05-01,UDS,OK,50.95483303171511,8.060386770082474,False,3.190539937527892,17.27063748668396,False
STNE,2019-03-19,UT,insufficient_history,,,,,,
UXIN,2019-03-14,DT SW,insufficient_history,,,,,,
TNDM,2019-05-01,UDS,OK,40.70936676202335,9.858828756317406,False,-2.0111567821491594,12.37578135366495,False
VCYT,2019-05-01,UTU,OK,50.79137449601594,10.693758689773713,False,0.9018071438656072,12.136549165120591,False
EHTH,2019-04-26,UDS,OK,52.127918630163485,10.831773672932421,False,2.199189772189203,5.561456489291516,False
EOLS,2019-05-01,DT SW,OK,25.27828556820355,-1.8021654747682803,True,-2.0442930153322325,7.355199365068432,False
CRC,2019-05-03,DT SW,OK,-34.36357739540511,-5.468716337373669,True,-24.277971037941914,10.500250303940506,False
GH,2019-05-10,DT SW,insufficient_history,,,,,,
STNE,2019-05-14,DT SW,insufficient_history,,,,,,
CDNA,2019-05-09,UTU,OK,12.881896106058633,6.355125945206841,False,-6.749243437258102,2.18492779016326,False
SFIX,2019-06-06,DT SW,OK,-14.4380756008756,-2.4926110118046574,True,-8.651200285246984,-6.792714557158641,True
MOMO,2019-05-28,DT,OK,-24.54602924203848,-3.3548733348420345,True,-26.038782738213673,-3.07146360144811,True
PD,2019-06-07,UTU,insufficient_history,,,,,,
ZM,2019-06-07,UDS,insufficient_history,,,,,,
NIO,2019-05-28,DT,insufficient_history,,,,,,
OMCL,2019-07-26,DT,OK,-5.714373388158711,1.1109604739270695,False,-12.36359126984128,-0.6627411367611691,True
CDNA,2019-08-02,UDS,OK,14.056642541450382,2.9553723917724817,False,-2.6730558942914873,4.830752610731004,False
CHRS,2019-08-02,UTU,OK,16.417180933695864,1.9331405476970431,False,-11.75937200445608,3.562536220996382,False
ADNT,2019-08-06,DT SW,OK,-7.0043100852139055,-6.634950626448055,True,-10.367632033586593,2.4240348573929316,False
APPS,2019-08-06,UT,OK,77.63550199290714,14.549180327868871,False,16.398634475383545,13.199553031008481,False
PAYS,2019-08-06,UTU,insufficient_history,,,,,,
WW,2019-08-07,DT SW,insufficient_history,,,,,,
CVNA,2019-08-08,UDS,OK,12.620343423008906,1.9930279724094113,False,-7.428425276148132,-3.178725538145355,True
AMC,2019-08-08,DT SW,OK,-17.238160864223183,-6.24602637461803,True,7.438329452301162,-10.488052872394505,True
TEN,2019-08-06,DT,OK,-67.2659609556348,-11.78931188757445,True,-21.062109812710105,-22.2889130772819,True
CRON,2019-08-08,DT,OK,-4.481682393319685,2.5722763134666815,False,-5.108241050056539,-2.828223446266309,True
REAL,2019-08-14,DT,insufficient_history,,,,,,
PBYI,2019-08-09,DT,OK,-61.971141836079504,-12.495483581917,True,-22.864321608040193,-28.21240470407158,True
ROKU,2019-08-08,UDS,OK,53.22286627826025,6.155695616278378,False,-0.18278897018335627,11.963894361676243,False
GGAL,2019-08-15,DT,OK,-43.23803394077995,3.068625496426436,False,-50.60566158026134,9.712698153293008,False
UPLD,2019-08-08,UDS,OK,12.512108852836533,3.211772111372202,False,-8.13794761287443,-1.4059590316573445,True
AR,2019-10-30,DT,OK,-54.71902677795582,-10.634978306867016,True,-9.864161482798018,-15.373871938117745,True
DBI,2019-08-29,DT,insufficient_history,,,,,,
SIG,2019-09-05,DT,OK,-55.930649812775314,-14.785380387234515,True,-29.66204561425925,-13.904625708156859,True
GIII,2019-09-05,DT,OK,-41.49322700255268,-5.295988636012727,True,-25.340012047046876,-7.157521394565092,True
SPWR,2019-10-31,DT,OK,-8.718472555774104,4.959523694108081,False,-27.663532086390386,-9.759641910741923,True
CRC,2019-11-01,DT,OK,-67.55865847218111,-5.828633263378813,True,-41.23830547671608,-13.610853811365997,True
INMD,2019-11-05,UT,insufficient_history,,,,,,
CHRS,2019-11-07,SW,OK,-6.473287213943757,4.372876129024572,False,-16.089334781123675,-3.6702924349939603,True
TEN,2019-10-31,UTU,OK,-22.386327495103806,-8.172320682888346,True,17.68986056585895,12.968343783453108,False
ADNT,2019-11-07,DT SW,OK,12.909929106978524,2.8686306539183137,False,3.6136928801961288,0.9273762904948191,False
IIPR,2019-11-07,DT U,OK,-19.241987047571595,2.772923879635547,False,-14.094633162784776,-12.529808233696516,True
TEVA,2019-11-07,DT SW,OK,-28.276692581507778,-7.834560203698581,True,8.465679316532304,3.8636995827538323,False
DDOG,2019-11-13,SW,insufficient_history,,,,,,
FSLY,2019-11-08,DT SW,insufficient_history,,,,,,
SIG,2019-12-05,DT SW,OK,-13.559480422390447,-3.975951364326369,True,0.15760536098845535,5.447510307643499,False
DT,2020-01-29,UT,insufficient_history,,,,,,
NIO,2019-12-30,DT SW,OK,-23.149596297207843,-15.199111320564175,True,18.314266158208635,12.756339581036391,False
ADNT,2020-01-31,DT SW,OK,-12.173035485366713,2.4965054514956675,False,-10.17295889901433,-3.334831460674148,True
MRNA,2020-02-26,UT,OK,36.29675520793001,-2.673844560540106,True,19.144924556591313,1.294749888252289,False
ARWR,2020-02-06,DT,OK,18.058860659085486,9.131315334058755,False,-25.732020337059748,4.509125124272106,False
CGC,2020-02-14,DT SW,OK,-31.725573179902412,-7.325801322828928,True,-7.4679788010656445,7.924732943150636,False
INMD,2020-02-18,UDS,insufficient_history,,,,,,
REZI,2020-02-27,DT SW,OK,-41.88627191215335,-7.579529999084866,True,-23.733218619490593,-0.7524815882164915,True
GLNG,2020-02-25,DT,OK,-23.704837838257696,-6.162391030396497,True,-12.061501241484684,-6.253450514033321,True
APT,2020-02-26,UT,OK,163.71885249598023,6.14003597699746,False,116.7874100278052,26.96773518741773,False
TTD,2020-02-28,DT,OK,3.949291406024269,3.4625162042299706,False,-10.84292149640962,6.839246130716314,False
DDD,2020-02-27,DT,OK,15.088508007867386,1.1378361788710212,False,-3.0192824942228413,12.260780811431516,False
AMBA,2020-03-04,DT,OK,8.021844169520476,3.000127805559405,False,-7.0697960045289605,7.1343762796251875,False
FOXF,2020-03-04,DT,OK,-13.07246718285111,-0.8493239882368719,True,-12.135799341271857,2.490121568144499,False
AMC,2020-02-28,DT,OK,-36.211998219382544,-7.981860940301089,True,-13.462358257310946,-7.317265902805192,True
DNLI,2020-02-28,DT,OK,-0.6086544151940321,-0.19453654796720565,True,-12.784699263117838,13.4090152681283,False
BCRX,2020-03-05,DT SW,OK,18.520019246840704,-14.193515674798618,True,17.383452611865422,1.0509952350376883,False
ANF,2020-03-04,DT,OK,-24.73599772250773,-6.9575006415049545,True,-23.873398281902404,-2.079466152870124,True
FIZZ,2020-03-06,DT SW,OK,-7.245549570118803,-2.5089036140968135,True,-7.4266808356795995,-5.971416151090203,True
ORCL,2020-03-13,DT,OK,-26.863846392026336,-0.636325707467289,True,-24.633487727377744,-2.7179279345663554,True
ULTA,2020-03-13,DT,OK,-29.653325429637245,-2.599316837477439,True,-26.649607977732572,2.622145434458112,False
DKS,2020-03-10,DT,OK,-13.294506975668163,0.8789887443778843,False,-22.224628266204725,-5.906723434601546,True
ACMR,2020-03-19,DT,OK,-14.668689686531344,6.679550331903195,False,-49.373962826577554,18.837327364642455,False
DOCU,2020-03-13,DT,OK,6.7128239510314325,5.024253130061251,False,-14.376474225673086,6.315725294446661,False
UNIT,2020-03-13,DT,OK,-19.97438204303207,-1.3273910191209493,True,-21.245663109115565,11.200555355307218,False
ADBE,2020-03-13,DT,OK,-6.813883292726519,2.401383612674146,False,-18.653611665471658,4.001068645640049,False
LX,2020-03-24,DT,OK,-29.98762712375894,-1.7963438074190874,True,-34.259529129829346,-9.60744708878546,True
CRWD,2020-03-20,DT SW,insufficient_history,,,,,,
CCL,2020-03-20,DT,OK,-77.29656587855479,-5.78715685813167,True,-73.63828564499207,-19.5383623359324,True
CSIQ,2020-03-26,DT U,OK,-23.640919570906462,-0.7186037154437108,True,-23.626387206801958,-8.07614010215023,True
MU,2020-03-26,DT U,OK,-10.341146662897483,2.11943185955481,False,-18.214182622919274,-7.316246633492041,True
WGO,2020-03-25,DT,OK,-44.81672167821279,0.9201734510779547,False,-51.4338109344457,-9.78456503954186,True
GME,2020-03-27,DT SW,OK,-9.81550829697323,-6.323662720619405,True,8.289951871132528,-14.49208415571327,True
NKE,2020-03-25,DT SW,OK,-20.20594434273604,-0.17663982380068388,True,-22.08874967146508,-7.966682726528285,True
CALM,2020-03-30,SW,OK,5.078418671359941,-0.5766673234164243,True,13.586157590752457,-3.549042750185305,True
SIG,2020-03-26,DT,OK,-59.64267525567439,-2.7312527613768567,True,-66.24204408337708,-8.4209194432729,True
CAG,2020-03-31,UTU,OK,-3.47430939509884,-0.520424094615124,True,-4.76865158077967,-7.248390185292964,True
PLAY,2020-04-03,DT,OK,-73.56499689947663,-8.391786585189543,True,-67.63972875330848,-26.518472950111793,True
PVH,2020-04-02,DT,OK,-61.72647271852888,-5.590293561838211,True,-52.60725459040061,-25.54449149793019,True
VALE,2020-04-06,DT SW,OK,-35.17045551735344,-3.923284564469831,True,-24.17573623559539,-17.74076755973931,True
KALU,2020-04-20,DT SW,OK,-21.78248699755285,-2.7670773568205687,True,-8.756395974092989,-15.05000143387971,True
LEVI,2020-04-08,DT U,OK,-32.93537561215316,-4.707653995147066,True,-26.67798141613451,-14.4523946310127,True
WAL,2020-04-17,DT SW,OK,-40.78510707212302,-2.831407479563386,True,-29.968048550127612,-21.35036568452745,True
HCSG,2020-04-22,DT SW,OK,-16.143567994795127,-3.6368808159616184,True,-14.576770445526332,-6.64232433609222,True
USNA,2020-04-22,DT SW,OK,-1.517908142001223,-1.271832716590937,True,4.595013211042609,-5.5989266024271895,True
WWW,2020-04-22,DT U,OK,-32.314138844363995,-3.9051562824866437,True,-12.961623356147879,-23.742910083593827,True
MANH,2020-04-22,DT U,OK,-31.352274384959276,-2.06164440238108,True,-14.224257380012927,-17.380970552000075,True
SNAP,2020-04-22,DT U,OK,-18.072463720392662,-1.2939440428519133,True,-5.796113711057583,-15.368445338836423,True
WTFC,2020-04-22,DT U,OK,-44.740454832367284,-5.956082729161849,True,-23.020586770009967,-22.78793809151547,True
CMG,2020-04-22,UT,OK,-0.8706782525245371,-0.27667077007712537,True,7.131534739002632,-8.091076648260387,True
PTEN,2020-04-23,DT SW,OK,-70.92462841991157,-10.507142877345022,True,-38.395607338958094,-40.91441412926504,True
EWBC,2020-04-23,DT SW,OK,-36.11222274054411,-4.07284324437287,True,-20.24004848269848,-19.577900773159108,True
BKR,2020-04-22,DT U,insufficient_history,,,,,,
LVS,2020-04-23,DT SW,OK,-30.592970825534284,-2.522635868803469,True,-19.308844757533215,-16.258732621219142,True
FCX,2020-04-24,DT U,OK,-24.24793524701865,-3.55970253963801,True,-8.020256742433162,-18.050032814731875,True
PLXS,2020-04-23,DT U,OK,-14.21391300847189,-0.09728242826653188,True,-5.044240942461531,-12.05060176106435,True
MMSI,2020-04-24,DT SW,OK,10.838601167669747,-6.790467503815201,True,8.95559757224136,-4.323967124192906,True
AUDC,2020-04-27,UDS,OK,7.458360467811986,4.1217905407454625,False,2.4060537698395112,-0.9082668121770943,True
VICR,2020-04-24,UDS,OK,9.068921353015892,2.9937381917748196,False,-0.48187722606327643,-9.424056171127948,True
OMF,2020-04-28,DT SW,OK,-44.004928874809856,-3.708788504422511,True,-24.79936734813426,-26.32362620170262,True
HOG,2020-04-28,DT SW,OK,-41.68692281522236,-5.0428668532879195,True,-17.882104021782506,-22.05286956991934,True
NXPI,2020-04-28,DT SW,OK,-11.792617751361067,-0.854056735730413,True,-0.32182719029264506,-16.06881689311055,True
MTH,2020-04-29,DT U,OK,-22.263666587852683,-1.9047348565532252,True,0.2601411483551308,-20.29583626821696,True
FIX,2020-04-28,DT SW,OK,-24.80206749014442,-3.7906150951249495,True,-11.59491297957096,-14.117006728046967,True
AUB,2020-04-28,DT SW,OK,-29.922563843169282,-3.7043821793173337,True,-4.370155116760177,-17.637503977935708,True
BXMT,2020-04-29,DT SW,OK,-38.399813279050306,-4.496904013848346,True,-20.221924622154177,-22.1073776696888,True
WW,2020-04-29,DT U,OK,-26.718655814379165,-0.41767497407209087,True,3.7904523511532062,-23.016307246556334,True
VET,2020-04-29,DT SW,OK,-68.9792274314422,-11.812334443161898,True,-27.656420933761538,-44.18993973293416,True
DXCM,2020-04-29,UT,OK,50.18791380715002,7.359870072832053,False,15.090033421150162,7.9535788700324295,False
UIS,2020-04-29,DT SW,OK,14.188532555879508,2.068241970480944,False,-3.293711717130132,-2.7236335642802367,True
SM,2020-04-29,DT SW,OK,-76.30086614691582,-11.178709553469746,True,-37.890239894840626,-50.80032336297493,True
MHO,2020-04-29,DT U,OK,-35.29898533258543,-2.8374314857359306,True,-4.917363803305442,-30.370467189870844,True
BA,2020-04-29,DT SW,OK,-57.60053927722319,-6.715319188224966,True,-30.147833359224208,-28.600796158988693,True
PB,2020-04-29,DT U,OK,-17.853081646577206,-2.424843606796767,True,-2.3016279455572053,-13.515047736679453,True
VLO,2020-04-29,DT U,OK,-27.26427188859004,-3.9631699082506633,True,7.53187678151348,-21.475971471594136,True
SAH,2020-04-29,DT U,OK,-31.28963089728847,-2.807975212946856,True,-0.13862230752825777,-26.22196348073732,True
CSTM,2020-04-29,DT SW,OK,-42.1235988441945,-3.4588985569907416,True,-12.269249849865549,-25.78144681510762,True
DIN,2020-04-29,DT SW,OK,-48.00666759272121,-8.457944252045213,True,-21.17809580767709,-32.59866749557867,True
CLH,2020-04-29,DT SW,OK,-23.89064636182826,-2.44263767156615,True,-1.801440454807035,-19.35334158415841,True
EAT,2020-04-29,DT SW,OK,-47.83305487341203,-6.167058384248092,True,-7.4002399659403135,-35.62075624493863,True
AX,2020-04-30,DT U,OK,-17.724369003915342,-3.3101244571373867,True,9.449402495608815,-18.014050976409713,True
SAIA,2020-04-29,UTU,OK,-1.9044673235827148,1.492816356388893,False,8.05801528261718,-8.739907281986925,True
FLWS,2020-04-30,U,OK,18.96169913343404,-2.7754556628789784,True,17.505683663527094,-1.8251154248399182,True
NLY,2020-04-30,DT SW,OK,-26.002603826871606,-4.0251460312071385,True,-7.197300285099207,-20.184828290802702,True
TSLA,2020-04-30,U,OK,87.90269021290642,11.184110816900494,False,25.348954900419706,-2.359289312078061,True
MTDR,2020-04-30,DT U,OK,-48.20395273417417,-10.57019893876282,True,37.13209709771175,-47.34902366481314,True
CCS,2020-04-30,DT U,OK,-24.302650503765687,-3.8829477027283343,True,-4.310862634570068,-24.3606142576555,True
UCTT,2020-04-30,DT U,OK,2.595921744076257,1.205784903176399,False,9.492442988417626,-17.03228915662651,True
AR,2020-04-30,DT U,OK,-2.6712200182353096,-13.291767382535502,True,80.98056151058447,-7.423869276914797,True
MGPI,2020-04-30,DT U,OK,-5.765674014522526,-6.854942755917415,True,35.24392738598794,-1.630607648017235,True
DAN,2020-04-30,DT U,OK,-28.04962095106823,-6.306399382694128,True,5.5526347717070434,-24.047794569357407,True
VRNS,2020-05-05,DT U,OK,-9.593134067901953,0.0339266160956031,False,-2.1698730955731826,-13.07587914911742,True
EVER,2020-05-05,UDS,OK,38.115019099447856,8.281868463008536,False,19.193820686358,-5.437021590417823,True
OHI,2020-05-05,DT SW,OK,-29.643448401533778,-1.891488555086862,True,-10.331923416478894,-14.980451026741203,True
TREX,2020-05-05,UT,OK,13.43406269017322,1.7801613412050887,False,16.460152233969396,-6.550984172630536,True
HTGC,2020-05-05,DT U,OK,-22.63899103810848,-2.821455312776522,True,-0.7667119239677334,-18.83447314685768,True
GPI,2020-05-05,DT SW,OK,-36.26306467738443,-3.4993796096264296,True,-4.7262587273656065,-26.555285730663826,True
THC,2020-05-05,DT SW,OK,-31.35265091141205,-0.1663722082094865,True,-8.159299637955353,-22.686191873107266,True
MOS,2020-05-05,DT SW,OK,-40.08234584710084,-6.3430652271130095,True,-9.142062756520563,-21.174091709608,True
KMT,2020-05-05,DT U,OK,-25.93281784258148,-3.7060975824372844,True,-0.26042365828120584,-13.12653061224488,True
ACHC,2020-05-05,DT U,OK,-25.475576675029664,-3.823709155645294,True,-2.5016151840858036,-16.563189143341827,True
FANG,2020-05-05,DT SW,OK,-43.26243027480425,-8.729886639321094,True,17.66659287137482,-31.084725204728127,True
ATI,2020-05-05,DT SW,OK,-59.890590443933164,-8.58005719189332,True,-28.447916045554823,-30.83172944734671,True
WWD,2020-05-05,DT SW,OK,-45.665984321173525,-5.187608007728251,True,-21.159200381606457,-25.435705186456392,True
AER,2020-05-05,DT SW,OK,-46.02742631296759,-4.964756099398726,True,-8.665231070592405,-32.262286142730545,True
JELD,2020-05-05,DT U,OK,-34.88199695209345,-5.345660736438651,True,-0.6848757950903561,-30.7704436160508,True
MPC,2020-05-05,DT U,OK,-37.60451194775639,-5.2646478205197855,True,8.561669776954496,-28.94511505922994,True
ADNT,2020-05-05,DT U,OK,-27.707432320293655,-4.933780058841553,True,7.843993941512295,-27.992701112660846,True
LGIH,2020-05-05,U,OK,-14.146043805170471,-2.7870055972579744,True,10.048268329633947,-20.324171675120915,True
W,2020-05-05,UT,OK,40.05673911442911,-4.696165315051681,True,91.80107949783614,3.4787215779597203,False
MELI,2020-05-06,UDS,OK,6.060305209050587,-0.79393236972507,True,12.622481982289191,-7.232809059696121,True
DVN,2020-05-06,DT U,OK,-44.248925058936315,-8.107813969579947,True,11.900710639575628,-32.80470252747401,True
PLMR,2020-05-06,UT,OK,24.804924547335517,7.352622831764477,False,8.249817107458068,0.1237111072614594,False
LADR,2020-05-06,UT,OK,-49.09507820817296,-5.9195705167913175,True,-10.827002088736892,-34.502458018250984,True
CTSO,2020-05-06,UT,OK,75.30150540873872,2.920956372180905,False,39.504914888515955,22.066139888791337,False
SUPN,2020-05-06,DT SW,OK,-7.003765781202976,-4.875211854050876,True,21.64742548615073,-7.8769252543837815,True
BYND,2020-05-06,DT SW,OK,-9.754403763897301,-6.229232915571393,True,23.47627125330387,-12.620539292146715,True
SPCE,2020-05-06,DT SW,insufficient_history,,,,,,
SBH,2020-05-06,DT SW,OK,-31.1750121120579,-2.5447677769214305,True,-0.004140615295444849,-18.292847959943124,True
APT,2020-05-06,DT SW,OK,106.93532162617103,18.727037669166947,False,-3.9809154614581788,29.46126971258709,False
STNG,2020-05-06,DT U,OK,-22.783289940570384,-2.6219925374058595,True,12.331634702810135,-3.8075866978541595,True
ENPH,2020-05-06,U,OK,45.84288609167688,7.494794974555652,False,13.415316819054368,-0.5311386045470767,True
CC,2020-05-06,DT SW,OK,-17.68490484429066,-6.828492719401802,True,11.675499238992915,-16.355297871035045,True
NXST,2020-05-06,DT SW,OK,-33.767525129596585,-4.0577561612089585,True,-8.715143970177841,-25.318977350362182,True
NTRA,2020-05-07,U,OK,5.9886546314602995,2.5769815426256004,False,12.90378456005319,-1.8357472987804324,True
PTON,2020-05-07,CPH,insufficient_history,,,,,,
LNC,2020-05-07,DT U,OK,-41.940987896122714,-6.157890086990081,True,-3.0369438645175606,-25.710102065882833,True
MRNA,2020-05-07,UT,OK,125.2340340358764,16.156557572000096,False,41.09393195208282,38.67794428610829,False
FSLY,2020-05-07,DT SW,OK,5.493680676807178,1.0407128917991448,False,16.754971583714084,-0.18908370240046102,True
LYFT,2020-05-07,DT SW,OK,-38.83498442188873,-7.244892584493689,True,-10.110503511953716,-19.240988299380234,True
QDEL,2020-05-07,UT,OK,89.33398169789248,9.211497044444329,False,41.45251485494932,20.181048879374774,False
NMIH,2020-05-07,DT SW,OK,-49.55653049208971,-5.700201036074559,True,-12.176863100394797,-33.70845626756335,True
PCRX,2020-05-07,U,OK,2.445223160130805,-0.9362058558758601,True,14.596660388651262,-8.672082643799218,True
FVRR,2020-05-07,UT,OK,79.7427055649955,4.154951252786732,False,47.899634604768536,12.264185744534872,False
TRGP,2020-05-07,DT U,OK,-63.51929316283973,-8.602679401209578,True,-8.98162459213463,-46.248027927897695,True
CRNC,2020-05-07,UDS,insufficient_history,,,,,,
YETI,2020-05-07,DT U,OK,-7.748484330609662,-1.951698611546615,True,16.031600095345123,-13.942857142857134,True
LAMR,2020-05-07,DT U,OK,-30.574448184105318,-3.614882076178483,True,-4.758350305860926,-23.11999409744142,True
SPWR,2020-05-08,DT U,OK,-20.748198140420893,-4.607354376830452,True,10.777118269069375,-13.877025375507579,True
Z,2020-05-08,U,OK,20.888114390627187,-1.818176263191007,True,22.174894266887748,-10.868746215773783,True
PRAA,2020-05-08,DT SW,OK,-22.051923959450825,-0.5342030701411482,True,-9.118205686833146,-12.800871942568682,True
CWH,2020-05-08,DT U,OK,1.3182621246842663,-3.048655819933954,True,38.80328710837186,-27.60332422332532,True
PFSI,2020-05-08,DT U,OK,-5.794074037665986,1.6130160019711015,False,6.600716356813918,-10.474881661322332,True
ARCT,2020-05-08,UT,OK,188.2759837792007,14.688948583069884,False,99.51144389570385,40.65055831497184,False
XNCR,2020-05-08,SW,OK,-14.0895554327086,-3.751027248429706,True,1.8420180345944948,-6.849530866998121,True
ABR,2020-05-08,DT SW,OK,-42.94686824343766,-4.396213291206386,True,-4.238878463406559,-31.226631744766486,True
VIVO,2020-05-08,UT,OK,72.82932707553753,-0.14434431528809188,True,78.76862856580544,15.678636024436221,False
TEN,2020-05-08,DT,OK,-53.78706343822206,-5.410517072511755,True,0.25229053246580424,-33.59687279567364,True
ESNT,2020-05-08,DT SW,OK,-36.03830634029123,-4.526831407792276,True,-4.04431986110284,-23.82175958645475,True
DLX,2020-05-08,DT SW,OK,-39.618180743542766,-3.264722698684963,True,-5.294462284650592,-19.173385283980203,True
PEB,2020-05-08,DT SW,OK,-52.01670823162403,-6.87022587521774,True,-7.989455540910462,-31.392598775737348,True
OVV,2020-05-08,DT U,insufficient_history,,,,,,
SKYW,2020-05-08,DT SW,OK,-53.58190253453034,-6.149747500912827,True,-14.418386358141454,-29.907790460050855,True
IBP,2020-05-08,DT U,OK,-14.494657153606006,-1.962389291058364,True,13.833568381419337,-21.872951255762217,True
COTY,2020-05-11,DT SW,OK,-46.11426883798529,-5.837553545466068,True,-13.753068400451141,-27.065540851135882,True
ENSG,2020-05-12,DT SW,OK,-12.417243068928984,-4.580530326835919,True,6.301172825846413,-12.721864920717685,True
UNIT,2020-05-12,DT U,OK,-4.248711621426537,-3.543740568267917,True,7.870132227904025,-13.066694724659044,True
BHF,2020-05-12,DT SW,OK,-20.71254274508475,-3.633198463160048,True,16.597624048415625,-23.936146700933925,True
GDOT,2020-05-12,DT SW,OK,8.878761548419135,-6.625448717099602,True,14.483036373535407,-7.811995077109268,True
VRRM,2020-05-12,DT U,OK,-30.157720121054844,-4.007867076578908,True,9.568940633118416,-28.408689737120806,True
GPMT,2020-05-12,DT SW,OK,-71.34253434205887,-8.591812056328706,True,-33.19056524099657,-44.94428668692605,True
CDLX,2020-05-12,DT SW,OK,-6.7812634628167885,3.4185432332721755,False,8.913010800198617,-29.58156244486857,True
RPAY,2020-05-12,CPH,insufficient_history,,,,,,
MAC,2020-05-12,DT SW,OK,-71.5988357259722,-10.276576656435354,True,-28.47456144188284,-41.68027349729563,True
NVAX,2020-05-12,UT,OK,210.08144384045363,22.41826090661543,False,60.747442803435405,42.18559047699013,False
SPG,2020-05-12,DT SW,OK,-57.110453042253376,-7.377668727939424,True,-18.85489345653404,-31.659068576123218,True
XP,2020-05-13,DT SW,insufficient_history,,,,,,
GLOB,2020-05-15,U,OK,7.795031672110309,0.5635235430101027,False,11.152363671930354,-3.809015450724529,True
PGNY,2020-05-13,DT SW,insufficient_history,,,,,,
SSRM,2020-05-15,CPH,OK,17.220241446175024,1.7225773919074205,False,24.490975400742677,-0.982720174705809,True
ALGT,2020-05-13,DT SW,OK,-48.14382155240538,-4.95163739323361,True,-13.970608975263033,-28.711298487379743,True
RVLV,2020-05-14,DT U,OK,-19.400347393311424,-11.792357767401674,True,40.10105649977034,-20.783552671477945,True
DQ,2020-05-20,UDS,OK,9.98879465350624,1.699375984898066,False,6.48992741528549,-11.761784560795407,True
ACB,2020-05-15,DT,OK,-80.27613412228797,-18.335956107395766,True,-27.874003705364427,-31.817244591068427,True
DY,2020-05-19,DT SW,OK,-23.20252073275868,-5.906548961744362,True,22.436759799995333,-10.449642416941174,True
KRNT,2020-05-20,DT U,OK,8.12145785179814,0.2128008478629706,False,25.01883341450679,-13.097347827410854,True
CAE,2020-05-22,DT SW,OK,-38.511746296150704,-4.855097073640147,True,2.1012969052087938,-25.980591854428457,True
ELF,2020-05-22,DT U,OK,-5.999302974734444,-2.2341458754597476,True,28.161858746625,-12.812650033297746,True
USPH,2020-05-21,DT SW,OK,-31.496220800954045,-4.8152837168042755,True,10.465879743788008,-21.405046626943168,True
GLNG,2020-05-28,DT SW,OK,-31.593705906517332,-8.164319749370573,True,16.64560142533005,-20.788150006634243,True
AEO,2020-06-03,DT U,OK,-21.83019147424915,-5.8518722486652575,True,23.796920115495656,-10.763747235522725,True
STNE,2020-05-27,DT SW,OK,-21.601214447105043,-2.762379672311821,True,11.33535710711544,-20.30414005330423,True
APPS,2020-06-03,DT U,OK,4.9198380319118495,0.30721200312964214,False,30.94101927848825,2.442267456639491,False
SHOO,2020-05-28,DT SW,OK,-23.984755670551472,-2.8380706133455558,True,14.337415122875052,-14.66854885100972,True
PAGS,2020-05-29,DT U,OK,-12.141610864849572,-5.255280411933572,True,31.33199989426474,-4.78144139609028,True
BZUN,2020-06-02,DT SW,OK,-18.077515138912347,-5.100762339678189,True,2.404678166694585,-2.555384803688243,True
GIII,2020-06-04,DT U,OK,-38.19497575314807,-6.598200920494257,True,43.6901513935698,-19.65874414406673,True
LX,2020-06-04,DT SW,OK,-23.15634622588928,-1.9393857939654424,True,-1.0797713425392375,-7.4966270618444515,True
RH,2020-06-05,UT,OK,39.84222783795393,3.11616654887521,False,66.28867193984931,15.8494083634102,False
GOOS,2020-06-03,DT SW,OK,-32.28907765429796,-6.661368250190636,True,2.359143577781575,-2.257687816270959,True
CAL,2020-06-05,DT U,OK,-41.118804755168384,-5.441851596532676,True,50.6636184670096,-4.771407837445585,True
DOMO,2020-06-05,UT,OK,50.75077100252374,-1.4125673488279311,True,61.8220291791959,26.83278243918974,False
AMC,2020-06-10,DT U,OK,-15.098083682957242,-8.197574558892429,True,46.842518140811904,14.82941110235334,False
PLAY,2020-06-12,DT SW,OK,-53.64106204112416,-7.428462474883024,True,13.860114716205851,-4.889115887961171,True
FCEL,2020-06-12,CPH,OK,94.95919618705686,17.45073204328729,False,28.72936543995155,19.015861571737535,False
MFA,2020-06-16,DT SW,OK,-50.41122399612965,-8.066937232445659,True,56.318082788671035,-25.256472887151947,True
CLIR,2020-06-17,UT,OK,166.3320846441573,-4.860284007928795,True,219.36913142376648,8.154336299694819,False
MITT,2020-06-12,DT SW,OK,-59.011110824675825,-9.690712049076334,True,61.08334459003109,-37.943752881512225,True
ABM,2020-06-18,DT U,OK,-6.554137126704884,-1.4919840345681945,True,0.8957482972097974,12.406825043754765,False
HLX,2020-07-23,UDS,OK,-33.83333622018604,-7.939469320066328,True,9.273985925968308,22.14535290006987,False
MHO,2020-07-29,CPH,OK,12.23386086758509,-0.46802579241412845,True,14.102000185202357,16.60491702602931,False
GBX,2020-07-10,UDS,OK,-11.233897861766827,-1.57935277306831,True,3.675417661097824,13.116064100902802,False
NAVI,2020-07-22,DT SW,OK,-28.80527375286197,-5.194225231950512,True,2.197343810971897,-1.093972504292029,True
TSLA,2020-07-23,UDS,OK,142.5360487332608,20.08349268399885,False,48.7547557456756,27.811344931356242,False
CAR,2020-07-29,UDS,OK,5.093413194173424,0.005140702943529085,False,9.893610243995688,29.286523216308,False
AER,2020-07-29,DT SW,OK,-39.83156948072772,-5.3959098795810405,True,-16.049351261489065,4.9697788237811125,False
SHOP,2020-07-29,UDS,OK,80.07210562426428,13.721975462180014,False,13.01304480318981,16.1186834760912,False
NBR,2020-07-29,DT SW,OK,-41.685172209440765,-8.34426484147196,True,4.308401407849627,27.318230052290417,False
RARE,2020-07-31,UDS,OK,36.65929657444804,7.686756949988904,False,0.6652206851461617,10.304841054523383,False
DIN,2020-07-29,DT U,OK,-31.000233939249668,-5.137501236136766,True,-4.77851886758256,2.5391323740539207,False
EBS,2020-07-31,UDS,OK,47.31158632501469,6.751427585010816,False,15.128846528097517,7.85778828998327,False
CRNC,2020-08-04,UDS,insufficient_history,,,,,,
BYFC,2020-08-04,DT,OK,15.795733808263645,2.4330512834066953,False,-2.8459791963672765,14.125561619005378,False
APA,2020-07-30,DT SW,OK,-24.619265162089288,-5.5414858323248435,True,1.51340497527237,7.121233847967745,False
FLGT,2020-08-05,UT,OK,100.90777291128492,8.120016900697436,False,57.318850178831624,15.227279665415017,False
BOOT,2020-08-05,DT SW,OK,-29.392592129289397,-5.175677478982443,True,-6.078114166859261,0.35438293766756335,False
FOUR,2020-08-06,SW,insufficient_history,,,,,,
RIGL,2020-08-05,DT,OK,18.394455674270873,4.709350668984813,False,12.123974475843236,17.16330236035455,False
FVRR,2020-08-05,UT,OK,157.40801343599685,19.82583218035323,False,38.54989231873655,23.933201088711552,False
CELH,2020-08-06,UT,OK,136.08630837894378,19.744152221083013,False,33.369364136431656,37.815191188211685,False
CPRI,2020-08-05,DT SW,OK,-40.984722861484336,-5.971618115238919,True,-14.551761913456263,3.5610739947056436,False
NTLA,2020-08-06,UTU,OK,24.174931830174163,5.731586112433518,False,-5.45066112362147,9.42692866620336,False
PLUG,2020-08-06,UDS,OK,101.64144347609967,14.976424617793027,False,30.107376934876573,33.351929335192935,False
EAF,2020-08-06,DT SW,OK,-31.255072325392664,-5.340456620087474,True,-12.460823516697294,-1.1325996367133273,True
CGC,2020-08-10,DT SW,OK,-7.348082612304929,-2.0959300502095934,True,-3.5550658238125643,3.167480375263265,False
HTZ,2020-08-11,DT SW,OK,-81.34672660438018,-11.603206534051713,True,-1.0763362889460892,-20.572898263414917,True
AAOI,2020-08-07,UT,OK,43.985037036682705,2.5956944550096894,False,33.9396959880389,15.611527816361592,False
MARA,2020-08-14,UTU,OK,236.69363061009835,9.898369354772306,False,123.67925277267764,81.81895250075036,False
EAT,2020-08-12,UDS,OK,-2.570132706198569,-4.46701776530295,True,17.275597654488028,6.828283499630294,False
NIO,2020-08-11,UDS,OK,194.38574684068777,30.45593362341561,False,42.63631253513209,59.337214509628346,False
BLNK,2020-08-14,UDS,OK,263.75062393221526,30.549141520439594,False,76.65832691814221,99.2071585759525,False
DDS,2020-08-14,DT SW,OK,-41.956677716919764,-8.627054381389998,True,2.2954091816367317,-3.2018676951675595,True
PRTS,2020-08-11,UT,OK,199.97403944582044,31.894304376188853,False,32.43305900081137,41.02550130775941,False
BOXL,2020-08-14,DT,OK,78.93276910416529,5.386298215313734,False,30.676131552926233,64.88770794732632,False
DQ,2020-08-18,UT,OK,85.25955120586302,13.23580509387483,False,25.89211636520492,36.141571390906236,False
M,2020-09-02,DT SW,OK,-30.205699038212643,-8.223415191319239,True,5.58819099261938,-4.00520532099482,True
SE,2020-08-18,UT,OK,109.0468658538104,17.48124873116874,False,17.58524667682446,20.992708525367586,False
SWBI,2020-09-04,UTU,insufficient_history,,,,,,
NCNO,2020-09-10,UTU,insufficient_history,,,,,,
DOMO,2020-09-04,UT,OK,52.75292276204988,9.164173930546271,False,6.885024054864597,9.033105129888398,False
SLQT,2020-09-10,DT SW,insufficient_history,,,,,,
TRUP,2020-10-30,UTU,OK,56.09312299969132,11.760654420095484,False,-3.498610599618346,16.068597399852045,False
PTON,2020-09-11,UT,OK,105.30169698522354,13.055240168464088,False,27.82861787765163,16.1151838482799,False
FSLR,2020-10-28,UT,OK,48.931122293347684,4.157086057678039,False,11.161181689639177,7.601449443683084,False
CWH,2020-11-02,UDS,OK,20.57038364547563,7.60530344665149,False,-14.079966723860016,-6.595114370355992,True
CAKE,2020-10-30,UT,OK,12.089911533580189,-3.127334711493146,True,0.8916476273276741,7.653351810402054,False
AMRC,2020-11-03,UTU,OK,51.72075212332467,9.01094337360746,False,11.251907957261743,12.047267470377188,False
APT,2020-11-05,DT SW,OK,4.790633175599357,8.761548208176473,False,0.6619242494987798,-8.379677395002416,True
RIG,2020-11-03,DT,OK,-62.578939516567104,-22.84977128031491,True,-24.091128605381428,-35.39950683214583,True
CDLX,2020-11-03,UDS,OK,12.287812785111507,1.6456829464807754,False,1.7918073970133452,3.4870376161944217,False
SKT,2020-11-06,DT SW,OK,-14.67203720511171,-10.614018984905648,True,4.207119741100329,1.1092568960439975,False
VCYT,2020-11-03,UTU,OK,22.70852780443766,3.786723770294942,False,0.42004269286386453,6.982126468358341,False
AMC,2020-11-03,DT,OK,-54.54929815660409,-7.760705093206466,True,-53.4430489389346,-11.410374462860673,True
CRON,2020-11-05,DT SW,OK,-8.12908361248381,-2.704185356094113,True,1.9131714495952856,-1.8240924688459281,True
MD,2020-11-06,DT,OK,-16.89553935031728,-7.172861314791035,True,-13.363281828503737,-11.876277896202204,True
GOGO,2020-11-09,UDS,OK,89.694977863487,8.678454408595826,False,-6.880993269405122,33.13499389360675,False
GPRO,2020-11-06,UTU,OK,52.91508823801168,5.196398848214612,False,26.362404321517886,12.742102091762074,False
ATEC,2020-11-06,UDS,OK,67.18205555506049,4.509110890692591,False,23.43729438083959,24.030881224802926,False
WES,2020-11-10,UDS,OK,-1.2385919165580295,-11.48808493451039,True,9.573519130162245,-4.4966844722785115,True
FLGT,2020-11-10,UDS,OK,32.67714977307759,10.759106014204733,False,-14.304348066389927,-4.727025717715971,True
MGNI,2020-11-10,UT,insufficient_history,,,,,,
CGC,2020-11-09,DT SW,OK,38.3577814476934,-1.375291781346899,True,36.48507376001857,5.2779612101645945,False
ALT,2020-11-10,DT,OK,-24.61815995189417,10.625667911616766,False,-38.402635282278666,-27.72446005148049,True
ACB,2020-11-09,UT,OK,-10.634821383745386,-14.452769632628847,True,67.21322675411629,-26.154079007113662,True
TXG,2020-11-11,UTU,OK,34.88817221559837,6.8045258154354915,False,-3.6162582187686865,13.957494127153215,False
PDD,2020-11-12,UT,OK,65.456348381657,9.112083117034553,False,29.86135383898403,2.6861343210727195,False
ARCT,2020-11-10,SW,OK,-6.36918163661856,12.639363857081154,False,-26.50587570765437,-1.546251656847497,True
XPEV,2020-11-12,UTU,insufficient_history,,,,,,
DDS,2020-11-13,UDS,OK,24.72387519851884,-5.96874112259872,True,10.367696111132929,22.911077214327502,False
INO,2020-11-10,DT,OK,-32.81030768926745,6.254803230290529,False,-29.479893473156714,-13.758389261744973,True
DKNG,2020-11-13,DT U,insufficient_history,,,,,,
LI,2020-11-13,UT,insufficient_history,,,,,,
CELH,2020-11-12,UDS,OK,98.29403772983144,15.833504882187643,False,15.284868831295405,2.1571103194400365,False
CRNC,2020-11-16,UT,OK,73.89642526467009,11.626081628119312,False,17.68630543137375,6.102786968405249,False
ASO,2020-12-10,UDS,insufficient_history,,,,,,
SFIX,2020-12-08,UDS,OK,43.43647041397614,5.186763489059065,False,3.220490837488965,13.438606008516341,False
GTEC,2020-11-23,UDS,OK,78.81172555030832,-2.6775568300407615,True,58.55543490166859,7.0691290278210195,False
FUTU,2020-11-19,UT,OK,89.17355353721548,11.839884668939838,False,32.761942399841914,3.551377965343061,False
ASAN,2020-12-10,UT,insufficient_history,,,,,,
VNET,2020-11-25,UDS,OK,27.36018011564243,7.3307630627958975,False,7.376122725429468,2.6017598838547595,False
MSTR,2021-01-29,UT,OK,190.46390733278554,25.81560586171545,False,51.19610595687172,55.97942961714326,False
KOSS,2021-01-29,UT,OK,1570.4649573595502,42.80300026236807,False,773.7883891098812,110.10288836463675,False
LU,2021-02-03,DT SW,insufficient_history,,,,,,
AKTS,2021-02-01,UT,OK,69.88725817399359,10.865166644809587,False,34.35375664863998,26.88764032241653,False
MXL,2021-02-04,UDS,OK,20.364180808187427,9.585936713497167,False,-9.169218424577108,10.096266271728084,False
PENN,2021-02-04,UT,OK,94.72292829000057,19.0955334908439,False,22.038154689096466,22.263391433915423,False
PERI,2021-02-09,UT,OK,173.32635615000305,15.179766209924473,False,65.7840381419764,31.53771513201571,False
ENPH,2021-02-10,UDS,OK,100.94875731370374,19.322983493240287,False,13.99397045385664,21.69891900586254,False
APPS,2021-02-04,UT,OK,127.58335717237217,23.742711270721717,False,23.030396755846503,22.16878261092672,False
PACB,2021-02-11,UT,OK,258.0776146882033,35.187909659932814,False,57.255329208378704,42.131865991429706,False
CRTO,2021-02-10,UT,OK,67.68999863555737,8.625653528777487,False,23.750163624097542,6.804250102165943,False
TDC,2021-02-05,UDS,OK,21.605826290235576,2.169095272543542,False,12.990810359231443,11.415168100078166,False
VERU,2021-02-10,UT,OK,340.9434404800723,19.28961375733589,False,128.9387081061173,56.100591606238794,False
CCJ,2021-02-10,UT,OK,37.5082309665993,4.207482703465004,False,16.34698143366531,12.78211128445137,False
POWW,2021-02-16,CPH,insufficient_history,,,,,,
PI,2021-02-11,UT,OK,93.824557033734,14.388499832351487,False,29.11306346591993,27.191214809438847,False
QS,2021-02-17,UDS,insufficient_history,,,,,,
GP,2021-02-12,CPH,insufficient_history,,,,,,
EVER,2021-02-23,DT SW,OK,0.2973106896706934,2.2553620267741437,False,6.903985672513202,9.097242593135825,False
UPWK,2021-02-24,UTU,OK,112.62516002548035,21.338913180512932,False,19.51997330094839,19.108034097433844,False
DAC,2021-02-16,UT,OK,244.30233962123955,31.3068240717592,False,51.197507096942616,41.23692336052351,False
PUBM,2021-02-24,UDS,insufficient_history,,,,,,
TLRY,2021-02-18,DT,OK,226.07317760950392,25.393416617736243,False,87.24410665367269,78.99209717391538,False
SPT,2021-02-24,UTU,OK,62.42058287741328,15.471197783789158,False,12.16561713472808,17.91642390994086,False
INSP,2021-02-24,UDS,OK,57.20961138924814,11.790527359900782,False,7.0114067850570505,7.0262936734581505,False
ABNB,2021-02-26,UDS,insufficient_history,,,,,,
XNCR,2021-02-24,SW,OK,24.828554370451638,5.49622873920661,False,0.9609561952649504,8.34012017229524,False
OPRX,2021-02-25,UT,OK,139.29156718714907,22.309357440649546,False,34.54225697968651,35.92317570918156,False
DAO,2021-02-25,DT SW,OK,-1.8108599594047536,5.056997932469787,False,-2.2076913116664487,9.3181592990502,False
BILI,2021-02-25,UDS,OK,103.13278883392773,21.013784522936007,False,9.791229136730383,35.142679755952976,False
RVLV,2021-02-25,UDS,OK,65.40248689624715,13.746196848799253,False,6.524401924985934,21.973687937236242,False
BYND,2021-02-26,SW,OK,-0.7211100588507935,4.959235129280692,False,-3.3334005796633703,8.65708502911755,False
MNSO,2021-02-25,UDS,insufficient_history,,,,,,
CVNA,2021-02-26,UDS,OK,31.787630276865976,11.081295369065591,False,-3.7717559190990735,7.117350628838626,False
ETSY,2021-02-26,UDS,OK,42.308358545325994,12.163345301168738,False,-2.0744864337627233,16.040203455804015,False
NTRA,2021-02-26,UDS,OK,47.386801251757895,11.92158748226868,False,-2.0300215469095773,10.954572167606846,False
LPSN,2021-02-26,UDS,OK,9.867642260606523,8.584543903805875,False,-10.29516084261174,7.7725684028233655,False
SSYS,2021-03-01,DT,OK,70.72968501140384,16.21392678500031,False,-0.9960673996038727,49.19549976659432,False
ZM,2021-03-02,UDS,OK,15.196878441858598,7.672993384079407,False,5.988837615559062,-1.196544316210002,True
NNOX,2021-03-02,DT,insufficient_history,,,,,,
KOPN,2021-03-02,UDS,OK,271.7488642466085,54.003626705696696,False,64.6709266319426,117.05971482963591,False
AMCX,2021-02-26,UDS,OK,75.71494909746185,9.245549355202476,False,23.151394764383305,19.955851610191466,False
SE,2021-03-02,UTU,OK,53.94746297356296,14.171378860374094,False,8.757968334105026,14.28670032440671,False
AMRC,2021-03-02,UDS,OK,55.521394457176456,13.184862867666268,False,4.031834428013759,15.196472007435657,False
MRVI,2021-03-03,UDS,insufficient_history,,,,,,
FLGT,2021-03-05,UDS,OK,79.56151971229846,31.416140397343707,False,-9.900989056019815,56.09531905937215,False
RRGB,2021-03-04,UT,OK,94.51348472451642,11.169461477602916,False,25.18429910701867,17.024225315431373,False
AMBA,2021-03-03,UDS,OK,66.38511474368774,10.759926793682428,False,6.911598371175343,15.779533284782921,False
AHCO,2021-03-04,UDS,OK,15.047052697511898,6.916521265544451,False,-14.843106313452237,-0.6754882379050087,True
QTRX,2021-03-03,UDS,OK,79.69179710442165,14.501566808347688,False,15.20634038318438,26.7935295388148,False
VERI,2021-03-05,UDS,OK,81.55043016417042,22.84237008874037,False,-8.082366712780665,20.51684888903136,False
XPEV,2021-03-08,DT,insufficient_history,,,,,,
OPTT,2021-03-08,DT,OK,33.84632673908676,24.254468170297727,False,-32.140022022483414,21.23121817956042,False
MTLS,2021-03-09,DT,OK,-26.621483289104088,9.63668616077722,False,-50.76497395833333,7.215401045629344,False
YQ,2021-03-09,DT,insufficient_history,,,,,,
DQ,2021-03-09,DT,OK,63.761067056565345,27.45918798113096,False,-21.543514815686038,33.694816540477525,False
LODE,2021-03-11,DT U,OK,199.78693192204364,40.47457641045868,False,56.84774292272377,109.66176600335267,False
AMC,2021-03-11,DT U,OK,105.11645825307414,6.879513915936819,False,63.528903941295624,37.980482888166,False
CLNE,2021-03-10,DT,OK,129.32325347507327,30.920667633513975,False,-0.8528336764273337,44.85054281680541,False
UNFI,2021-03-10,CPH,OK,55.59520774917157,7.653762667771646,False,24.957010202911857,22.396167415009582,False
PRTS,2021-03-09,DT,OK,23.4140939206124,13.094322541518544,False,-2.5408125690438266,13.780148876443743,False
BTAI,2021-03-11,SW,OK,-8.07086974099349,2.4108505439107697,False,-12.991477971941922,4.849499002036284,False
ASAN,2021-03-11,DT U,insufficient_history,,,,,,
RSI,2021-03-11,DT,insufficient_history,,,,,,
FINV,2021-03-11,DT U,OK,96.84503316410888,19.602186809352062,False,16.279069767441868,49.91043130770287,False
YALA,2021-03-15,UTU,insufficient_history,,,,,,
XNET,2021-03-16,UTU,OK,95.85515827829651,11.078631157332586,False,34.59933222036729,43.88950055049543,False
NFE,2021-03-16,UDS,OK,16.154435086951757,10.101575718165012,False,-13.491145468467447,-3.354891024101847,True
BEKE,2021-03-16,SW,insufficient_history,,,,,,
PAR,2021-03-16,UDS,OK,53.19979455572677,13.729027012250272,False,0.10229039195206457,11.430588671726593,False
QFIN,2021-03-16,U,OK,103.8611226698464,14.014440231713476,False,40.416963717990704,41.2755879790941,False
UPST,2021-03-18,UDS,insufficient_history,,,,,,
SNDL,2021-03-18,DT SW,OK,131.53368514425753,12.657043288265202,False,29.29789563476872,41.925243801298365,False
FUTU,2021-03-16,UDS,OK,172.15177102269706,36.705987972896395,False,22.6125835750709,63.413230908855134,False
CSIQ,2021-03-18,UDS,OK,11.725360712343624,7.986227476853935,False,-21.5873448793127,0.23084516667930544,False
TLS,2021-03-26,UDS,insufficient_history,,,,,,
TIGR,2021-03-26,DT,OK,69.07205886136192,21.73360224482639,False,-26.010321627682863,30.453530724944166,False
BNGO,2021-03-24,DT SW,OK,171.46816111456977,38.43014288020103,False,-16.355205564327548,38.76362176020378,False
BOXL,2021-03-26,UDS,OK,53.16342086525676,9.907000910419494,False,10.97884105833109,16.849142959705652,False
HYFM,2021-03-31,DT SW,insufficient_history,,,,,,
CHWY,2021-03-31,DT SW,OK,10.487440953892314,5.419553313056169,False,-17.0012225746762,-6.6813389272932895,True
HZO,2021-04-22,UDS,OK,29.463566335616378,8.29830648024128,False,-6.518634615155117,5.085673916587563,False
DLPN,2021-04-16,DT,OK,84.90379416640828,16.928483896966952,False,17.596443424637886,70.63311977220148,False
PSNL,2021-05-06,DT,OK,-25.598763751321652,3.0657383894736823,False,-15.138021715631723,-20.838322206151382,True
SOS,2021-05-05,DT,insufficient_history,,,,,,
PLMR,2021-05-06,DT,OK,-27.19615532539541,-1.4728033937763896,True,-11.995353681879905,-14.703029823773894,True
RUN,2021-05-06,DT,OK,-30.726154312292753,4.256716605984856,False,-23.391290336756065,-13.99316546196122,True
BCRX,2021-05-06,UDS,OK,49.26624737945491,9.648030588045998,False,-6.0090822684549465,4.281269788827369,False
GRPN,2021-05-07,UDS,OK,42.333229603217774,9.894521190445937,False,-5.222815467233732,10.588807243958897,False
HIMX,2021-05-06,UDS,OK,57.91673364410865,13.963610783401359,False,-6.068811479798686,0.6854379101075114,False
TWST,2021-05-07,DT,OK,-8.78400020639477,7.659073249924142,False,-19.30654692366849,-9.523779524472499,True
BILL,2021-05-07,UDS,OK,3.629414914827578,5.7565711330540115,False,-14.725030261392991,-1.8966581894321877,True
NET,2021-05-07,UDS,OK,8.41354737697133,6.909455508056839,False,-6.486761655646001,-2.6012147617553105,True
PTON,2021-05-07,DT,OK,-25.1855069914224,4.101645929287012,False,-22.751941343846973,-12.383022038389457,True
DDOG,2021-05-07,DT,OK,-23.881996828238748,-0.24762746869342322,True,-17.011096974673023,-8.578117624043657,True
ROKU,2021-05-07,DT,OK,-1.3918622955990334,8.138779073383407,False,-19.40346424999957,-8.632681903717486,True
NTRA,2021-05-07,UDS,OK,9.029643531027642,7.244718881633383,False,-8.291824536579007,-2.748957276101438,True
DDD,2021-05-11,DT,OK,4.475023296695557,9.113974397218394,False,-28.578892791974475,-26.608930604635795,True
BNTX,2021-05-10,UTU,OK,82.04303195637547,9.942471664802799,False,43.07231261428805,17.854015643672327,False
U,2021-05-12,DT,insufficient_history,,,,,,
UPST,2021-05-12,DT,insufficient_history,,,,,,
FUBO,2021-05-12,DT,insufficient_history,,,,,,
SNDL,2021-05-12,DT,OK,7.620553198730073,0.4970768781058066,False,-30.88659424079857,-21.225426721600936,True
BOOT,2021-05-13,UT,OK,47.1202820948152,12.379421811764079,False,3.068730786122087,6.380811171205081,False
CELH,2021-05-13,UDS,OK,17.196227712361136,12.12284990616459,False,-12.334692912306656,-3.7484696814467755,True
PLBY,2021-05-13,DT,insufficient_history,,,,,,
SONO,2021-05-13,DT,OK,23.973815501844918,10.558198547974307,False,-20.97034066325685,4.5758392537983195,False
OSCR,2021-05-14,DT SW,insufficient_history,,,,,,
CRCT,2021-05-14,DT,insufficient_history,,,,,,
AVIR,2021-05-14,DT,insufficient_history,,,,,,
AEVA,2021-05-14,DT,insufficient_history,,,,,,
PUBM,2021-05-14,DT,insufficient_history,,,,,,
PRPL,2021-05-17,DT SW,OK,4.190842893900659,4.799526836788459,False,-4.052549680482698,-5.069713671820253,True
IQ,2021-05-18,DT,OK,-40.72380220493399,-3.6119369616053776,True,-31.08670545422848,-19.138363948724734,True
DASH,2021-05-14,DT,insufficient_history,,,,,,
GEVO,2021-05-14,DT,OK,1.515340386161368,13.6587969555384,False,-37.77452415812592,-22.343028272676513,True
BNGO,2021-05-14,DT,OK,6.128793427523216,14.293303767035038,False,-38.04352407311144,-24.487327738937637,True
DLPN,2021-05-18,DT SW,OK,78.08844936107755,9.68360898068157,False,-2.4197069544997674,25.416109519261386,False
LSPD,2021-05-20,SW,insufficient_history,,,,,,
PLCE,2021-05-20,UT,OK,72.57154995756356,10.587327577892669,False,15.360764572845987,3.2789664460955326,False
VNET,2021-05-26,DT,OK,-26.7258867911498,0.3630220065846679,False,-25.615373290240274,-14.01297307724767,True
CAN,2021-06-01,DT,OK,-0.5834802883079138,9.563977048011152,False,-39.88234115340021,-29.682042817026165,True
URBN,2021-05-26,UDS,OK,19.867343606289257,7.352675942285036,False,-6.450274949492241,2.1425877233741453,False
RLX,2021-06-02,DT SW,insufficient_history,,,,,,
TIGR,2021-05-25,DT SW,OK,38.25312259277034,11.16635656481877,False,-6.681475674027593,-14.482065035199476,True
CTRM,2021-06-03,DT,OK,-24.206997491786055,4.927265451153029,False,-37.85652825137831,-31.22561697277868,True
ANF,2021-05-26,UT,OK,58.382953748431234,13.9395965833369,False,1.014659735901735,11.995219038217986,False
POWW,2021-06-30,UT,insufficient_history,,,,,,
SIG,2021-06-10,UDS,OK,54.15834820239092,13.579880383804488,False,-0.044868456819846525,2.493378850588601,False
TLRY,2021-07-28,DT,OK,-21.512170083682335,6.770645614139026,False,-24.082036724494714,-2.242782519472042,True
UONE,2021-08-05,DT SW,OK,1.2650597870721203,3.187659868917203,False,-32.1129833919263,6.744020531843775,False
MTLS,2021-07-29,DT,OK,-49.06314769107155,-3.658484621084257,True,-13.531325602736299,-9.906727495471657,True
OGI,2021-07-13,DT SW,OK,14.805588649409728,7.966837003168936,False,-6.410030019424329,0.6218905472636482,False
MVIS,2021-08-05,DT,OK,5.979103383829498,11.5204665636629,False,-26.95406833560481,-2.334053359799193,True
BXC,2021-08-04,DT SW,OK,13.195824411684676,4.979704926339412,False,-0.9013058820885211,-11.28556274276782,True
PLUG,2021-08-06,DT,OK,-24.696832343289753,3.561908032720873,False,-12.640279551105449,2.2341609530221795,False
SITM,2021-08-05,CPH,OK,30.739074478619987,3.9209167916915977,False,18.761844598862922,13.590048277564426,False
HIMX,2021-08-05,SW,OK,28.039555735950717,10.589807546149622,False,-1.0155180282975684,5.722514589019401,False
MGNI,2021-08-06,DT SW,OK,-4.322026503110332,7.661812901748388,False,-3.0548766239097636,-0.9756280605639933,True
AUPH,2021-08-06,DT SW,OK,-14.066556222744463,-2.047912821738518,True,-8.257599498589785,0.074483515621937,False
YMM,2021-08-10,DT U,insufficient_history,,,,,,
ARCT,2021-08-10,DT SW,OK,-6.324503841734241,-2.2806032967559453,True,40.719348910475176,7.574221851239371,False
UPST,2021-08-11,UDS,insufficient_history,,,,,,
DOCS,2021-08-11,UDS,insufficient_history,,,,,,
PRTS,2021-08-06,DT SW,OK,7.3212248920697,3.9614561027837336,False,-5.501632548447144,4.288354039071662,False
LU,2021-08-10,DT,insufficient_history,,,,,,
DDD,2021-08-10,DT SW,OK,15.935035485935467,9.4053326115211,False,-7.209206417784397,5.222446463380193,False
AMC,2021-08-10,DT,OK,101.51493923251427,23.92920210132774,False,-25.955459360938647,26.16621983914209,False
PUBM,2021-08-11,DT SW,insufficient_history,,,,,,
FUBO,2021-08-11,DT SW,insufficient_history,,,,,,
CLOV,2021-08-12,DT,insufficient_history,,,,,,
PCT,2021-08-12,DT SW,insufficient_history,,,,,,
HIMS,2021-08-12,DT,insufficient_history,,,,,,
MNDY,2021-08-17,UT,insufficient_history,,,,,,
OTLY,2021-08-16,DT,insufficient_history,,,,,,
DLO,2021-08-19,UDS,insufficient_history,,,,,,
CODX,2021-08-13,DT SW,OK,-10.613802171798037,-3.8194050849831074,True,9.40399149205775,6.854614473270604,False
DLPN,2021-08-17,DT SW,OK,36.59401536754115,9.10949974764257,False,5.558377315990559,2.570897888919066,False
QFIN,2021-08-20,DT,OK,-27.105528765279807,3.989737471237609,False,-43.74167776298269,-10.074957492157012,True
PDD,2021-08-24,DT,OK,-41.185505941203274,-0.13922554882991323,True,-21.6993595339818,-13.722327298177795,True
LOVE,2021-09-09,DT,OK,-16.053831354043723,5.240678506179908,False,-17.757850164777654,-12.991797699271679,True
SOS,2021-09-10,DT,OK,-31.270562222784605,1.8076046864829554,False,-6.372477863260261,-12.325803372573985,True
NEGG,2021-08-30,DT,insufficient_history,,,,,,
ASAN,2021-09-02,UT,OK,80.00076863682261,14.13336913308334,False,9.085057549143327,22.23215271643111,False
FCEL,2021-09-14,DT,OK,-50.58949719098654,2.2333576765350305,False,-14.53511359834545,-18.04018346794297,True
TIGR,2021-09-10,DT,OK,-25.033617212012537,5.228713854897826,False,-21.20605382486308,-21.90345664931288,True
AFRM,2021-09-10,UTU,insufficient_history,,,,,,
IPHA,2021-09-15,UDS,OK,30.77209686841471,0.28821611821248094,False,47.20271778736284,7.1924029965701575,False
SFIX,2021-09-22,DT,OK,-37.67460908217689,0.2065953768780604,False,-22.018631081711103,-16.599600168736128,True
AEHR,2021-09-24,UT,OK,221.27637814066063,27.76587218621507,False,62.42674939675976,62.61575371645096,False
SM,2021-10-29,UT,OK,67.54030573886898,13.885469993994626,False,30.762899032623526,24.393507770602476,False
FSLY,2021-11-04,DT SW,OK,-9.666849919399855,-6.992726562229157,True,19.487806955032937,3.323099151164932,False
CYH,2021-10-28,UDS,OK,-17.148804353170643,2.6170173402627173,False,-11.94146851319572,-7.87045210162256,True
CRTO,2021-11-03,UDS,OK,-10.380506295748514,4.604435354162395,False,-10.422045154203463,-2.9056673235593244,True
SSYS,2021-11-04,UDS,OK,21.93963437109321,1.5003490529287733,False,27.31903953278001,15.666388259157626,False
DNOW,2021-11-03,U,OK,-19.043080646370335,0.5843355001319495,False,-3.463070793748091,0.38198272105005593,False
ENVX,2021-11-09,UT,insufficient_history,,,,,,
TDUP,2021-11-09,DT SW,insufficient_history,,,,,,
ATER,2021-11-09,DT SW,insufficient_history,,,,,,
MP,2021-11-05,UDS,OK,7.993690649390794,0.4066230671498916,False,10.71191587807343,-1.6364427509643509,True
KPLT,2021-11-09,DT SW,insufficient_history,,,,,,
HUYA,2021-11-09,DT,OK,-47.387293815070365,-7.1177136031881805,True,-7.42755199721522,-6.579134570435574,True
AGEN,2021-11-09,DT,OK,-8.464814794538544,2.714891415589804,False,-21.733106147134272,-8.931707732969574,True
ACAD,2021-11-09,DT SW,OK,-22.15066253485717,-12.250351249225488,True,11.969332875615057,0.7598205947124015,False
PUBM,2021-11-10,DT SW,OK,-15.259604879104415,-0.37701521732271814,True,16.189869661815482,-0.3375478733762538,True
VERI,2021-11-10,DT U,OK,22.045032541683597,-2.5948707083802702,True,24.441478322440947,15.520726582111877,False
FLYW,2021-11-10,UDS,insufficient_history,,,,,,
STEM,2021-11-10,DT SW,insufficient_history,,,,,,
OMER,2021-11-10,DT SW,OK,-53.52161885804221,-5.967510771720919,True,-32.321421903588366,-23.31853972798854,True
OPEN,2021-11-11,DT SW,OK,-3.383438803458949,-1.7743178322715103,True,-7.002552293864516,15.621429291069312,False
FOUR,2021-11-10,DT,OK,-31.16363583078118,-0.3344432760836624,True,-22.71040092663279,-7.585451891497385,True
HNST,2021-11-11,DT,insufficient_history,,,,,,
MQ,2021-11-11,DT,insufficient_history,,,,,,
HIMS,2021-11-11,DT SW,insufficient_history,,,,,,
TASK,2021-11-11,UDS,insufficient_history,,,,,,
OPAD,2021-11-11,DT,insufficient_history,,,,,,
DUOL,2021-11-11,UDS,insufficient_history,,,,,,
SOFI,2021-11-11,U,insufficient_history,,,,,,
BROS,2021-11-11,DT,insufficient_history,,,,,,
ZIP,2021-11-11,UDS,insufficient_history,,,,,,
AFRM,2021-11-11,UTU,insufficient_history,,,,,,
SPIR,2021-11-11,UTU,insufficient_history,,,,,,
ROOT,2021-11-11,DT,OK,-51.97190304906424,-12.467170040622522,True,-13.942431725205484,-8.005017969756533,True
HUT,2021-11-11,UT,insufficient_history,,,,,,
CELH,2021-11-11,UDS,OK,34.027712915942466,6.068855788882455,False,-0.4114554303499829,11.732660249559235,False
LEGN,2021-11-16,UDS,OK,30.07118026816751,6.310713782908639,False,1.0531254243984156,11.129862111545584,False
UAVS,2021-11-15,DT,OK,-47.23504047204782,-11.29899432156546,True,-6.2940820850406425,-9.18684804489721,True
DDS,2021-11-11,UT,OK,92.43427735565399,13.132301586601125,False,36.02978684683875,11.34721288356304,False
JSPR,2021-11-15,DT,insufficient_history,,,,,,
AZUL,2021-11-11,DT,OK,-33.54767107927829,-2.499726690003967,True,-21.12296560265966,-10.930257313450154,True
DBGI,2021-11-12,SW,insufficient_history,,,,,,
BLNK,2021-11-12,DT SW,OK,-0.13836081801616995,-4.354766802341947,True,17.755125050570708,-1.8608677540712826,True
ONON,2021-11-16,U,insufficient_history,,,,,,
LCID,2021-11-16,UT,insufficient_history,,,,,,
AVXL,2021-11-24,DT SW,OK,5.2081549493059764,8.198286797508603,False,-5.3303690903918515,4.249780316344465,False
PLBY,2021-11-16,DT SW,insufficient_history,,,,,,
ARTL,2021-11-29,DT,OK,-40.33045295640824,-2.2972622780890517,True,-12.857902852926106,-0.9251747606301541,True
CTRN,2021-11-30,UDS,OK,-6.992527607321863,2.978282375930652,False,-1.6007947386290744,2.4548555997608856,False
LI,2021-11-29,SW,OK,18.445295820782025,-0.40378222702828204,True,8.413416494900549,1.9916729233499408,False
ZH,2021-11-22,DT,insufficient_history,,,,,,
AMBA,2021-12-01,UTU,OK,46.650821428812165,6.905021351403318,False,2.8302373137662595,16.1048714047054,False
SNOW,2021-12-02,UTU,OK,12.968676982414129,2.8358364227005106,False,-9.148006952660559,7.308575595155631,False
OKTA,2021-12-02,SW,OK,-18.704742626922755,-1.164302170141951,True,-19.22632125805983,-2.428966805817956,True
YEXT,2021-12-03,DT,OK,-29.419865725598214,-4.896234842741776,True,-19.291338582677163,-5.9819431256739275,True
PD,2021-12-08,DT,OK,-18.338484421767465,-3.4689121915051246,True,-16.52542372881355,-7.1906431882743815,True
MDB,2021-12-07,UDS,OK,11.062371180589992,3.570223661919636,False,-15.138290155338009,4.646609894463749,False
ARQQ,2021-12-16,DT,insufficient_history,,,,,,
WOLF,2022-01-27,DT,insufficient_history,,,,,,
HZO,2022-01-27,DT,OK,-19.479177909002598,-0.07375952085199033,True,-23.139471137749233,0.2966931993047872,False
NOW,2022-01-27,DT,OK,-17.764257992274512,1.1019716136176472,False,-20.96918708646762,-7.369113990774245,True
TLRY,2022-01-10,DT,OK,-53.29703305216984,-11.284607938044534,True,-32.19264892268693,-12.206520529653975,True
ASO,2021-12-10,UDS,OK,15.016076443254867,6.140277182595866,False,-1.578209237942585,1.857984323547135,False
CALX,2022-01-27,DT,OK,-22.028438810947925,3.6670353927819477,False,-36.25952301057629,-3.3889452545761256,True
TEAM,2022-01-28,DT,OK,-10.894576910824117,2.9195253146798494,False,-18.1040016396655,-11.996729556631935,True
CLFD,2022-01-28,DT,OK,-0.908727059046377,7.715302147563974,False,-28.134177110476898,4.233350065130814,False
ARCB,2022-02-01,DT,OK,8.359711604376763,2.922852359889938,False,-14.018219115488195,-3.12588295127052,True
EAT,2022-02-02,DT,OK,-30.724826163795004,-6.343739812793592,True,-3.63645444304479,-7.474802450182527,True
AMD,2022-02-02,DT U,OK,6.579052443045041,4.317805323888968,False,-15.390300097085962,-3.100568386053204,True
BILL,2022-02-04,DT U,OK,-24.01859018966125,1.2990573308292008,False,-24.034504787771294,-19.25803135385218,True
SLAB,2022-02-02,DT U,OK,2.9129106803406746,1.9964255720401392,False,-13.150127108899945,-3.3339152924649063,True
SKY,2022-02-03,UTU,OK,10.0291954135473,3.5326499940897538,False,-8.390685345225624,-2.888597004847715,True
U,2022-02-04,DT,OK,-25.236514053499437,1.0130109021289302,False,-30.56347581802139,-14.838940541231338,True
SNAP,2022-02-04,DT,OK,-59.150054355437874,-3.606425638264532,True,-42.457465497966055,-14.810842823872129,True
DOCS,2022-02-09,DT SW,insufficient_history,,,,,,
PCTY,2022-02-04,DT U,OK,-13.70618282106687,0.6043946482503504,False,-11.761439758129788,-12.866255954865935,True
CHGG,2022-02-08,DT SW,OK,-55.52456790576492,-9.22002038726929,True,-2.8237071668852143,-8.981103680014524,True
ENPH,2022-02-09,DT U,OK,-16.54993764345688,-1.034732656675863,True,-16.386218134180165,-20.3981144468488,True
PAYC,2022-02-09,DT U,OK,-19.625518879761927,-1.3268196927153197,True,-11.282890555484936,-14.864451733165463,True
STEP,2022-02-09,DT U,OK,-15.053465620765028,-0.029172538258059877,True,-11.222875810236632,-12.09788811748027,True
CGC,2022-02-09,DT,OK,-52.61831557803806,-11.471904565797853,True,-12.859214939715336,-18.98204252506335,True
CCJ,2022-02-09,DT,OK,-5.862257123199932,1.87306651198762,False,-8.819339124040626,-9.273235208272524,True
BTU,2022-02-10,U,OK,21.158089464417063,8.151301421704993,False,23.126823346077895,3.42197485054625,False
PERI,2022-02-09,DT U,OK,7.231920199501252,1.4545238071615119,False,0.4682102639753216,-12.555884945116603,True
DDOG,2022-02-10,DT U,OK,15.795642658370102,3.9132190987934745,False,-0.47363031234000097,-10.240118025282586,True
TWLO,2022-02-10,DT,OK,-36.131257048531204,-5.100033139601434,True,-13.96207192925818,-14.571335426190412,True
RARE,2022-02-11,DT U,OK,-18.365246919402832,-4.36609815889204,True,-6.230546778349488,-5.37684383193946,True
BE,2022-02-11,DT,OK,-31.09001450268257,-4.110535700574158,True,-20.37054172706989,-24.07497033660153,True
ZG,2022-02-11,DT,OK,-45.906173319514124,-9.236775991768575,True,-13.57204256026121,-8.119570195058145,True
GLBE,2022-02-17,DT SW,insufficient_history,,,,,,
ACVA,2022-02-17,DT,OK,-46.21003240942293,-9.366115211525084,True,-30.284754178526207,-17.45021322403013,True
HIVE,2022-02-15,DT SW,insufficient_history,,,,,,
HUBS,2022-02-11,DT U,OK,-15.332043231890246,-0.7817705336284342,True,-8.138111494475309,-19.31263320578124,True
Z,2022-02-11,DT,OK,-44.61074402847001,-8.96433710272968,True,-13.580859196491513,-7.443850618053061,True
SABR,2022-02-15,DT SW,OK,-17.335825505112535,-5.448833462876223,True,1.5847216578626533,1.1219796148973282,False
DASH,2022-02-17,DT,OK,-44.16908488840877,-2.3794350733548852,True,-26.87404055412046,-22.679934455534024,True
UPST,2022-02-16,DT SW,OK,-41.33482232088767,-0.5507500828464518,True,-13.77157488777897,-29.268164525191807,True
VC,2022-02-17,DT SW,OK,-5.3098879693512675,-1.5793304028176802,True,-2.608923865110735,-5.745512570377365,True
FVRR,2022-02-17,DT,OK,-54.95363057165945,-7.520146904454428,True,-23.15502136946993,-23.417361034591387,True
APPN,2022-02-18,DT,OK,-46.20266464926659,-7.425566468958788,True,-18.509625719737933,-14.41636003396547,True
SKIN,2022-02-23,DT,insufficient_history,,,,,,
BXC,2022-02-23,UDS,OK,37.749120750293066,4.586517697545411,False,3.3615355723802587,0.9456105561167938,False
NU,2022-02-23,U,insufficient_history,,,,,,
ETSY,2022-02-25,DT,OK,-36.056662897222914,-2.9278689143891867,True,-25.380607808020418,-22.540765502075477,True
CLOV,2022-02-24,DT,OK,-71.81498853669311,-8.218146718146713,True,-35.407159843177595,-26.856901090635567,True
MELI,2022-02-23,DT,OK,-38.91582048498544,-3.400403261950735,True,-21.716029495138667,-8.174790239276842,True
MYGN,2022-02-24,DT SW,OK,-20.065693908703608,-1.0320775005442817,True,-9.090909090909083,-1.8026601051739144,True
MTDR,2022-02-23,UT,OK,18.81878214864421,5.543166290644463,False,4.085537639061165,3.2862590871171493,False
SDGR,2022-02-25,DT,OK,-48.17246463574606,-7.962062040888796,True,-9.792456805731153,-14.112663790032066,True
PLTK,2022-02-25,DT SW,OK,-21.06797095161085,-4.129126999883415,True,2.8660856056019535,-2.8768278341136266,True
FND,2022-02-25,DT,OK,-19.453329705800837,-0.6768374132535615,True,-16.13257219658488,-8.74895418643452,True
ABCL,2022-02-25,DT,OK,-50.22061985637618,-10.357884063940691,True,-23.379638025461546,-16.62962458989128,True
ALEC,2022-02-25,DT SW,OK,-28.636605665325565,-0.8881706443835791,True,-10.463814075199329,-10.271958930072667,True
OPRX,2022-02-25,DT,OK,-30.74744251449476,-0.9000699548647573,True,-13.918826876076762,-14.862772119169598,True
MVIS,2022-02-25,DT,OK,-69.2481354940157,-9.738466860239614,True,-20.926899187768765,-27.106188834325906,True
RKT,2022-02-25,DT,OK,-29.512195121951212,-5.335280501953921,True,-14.110794103661428,-9.627341704156333,True
CVNA,2022-02-25,DT,OK,-53.487256504588544,-4.603968002669667,True,-28.31983513277749,-23.57876987662261,True
TREE,2022-02-25,DT,OK,-36.2241331540458,-5.786293165202194,True,-17.904856014475435,-1.3212231969597754,True
TASK,2022-03-01,DT,insufficient_history,,,,,,
RVMD,2022-03-01,DT,OK,-32.351984210695676,-4.874257688409389,True,-17.65678722200462,-9.85947540623452,True
DDD,2022-03-01,DT,OK,-31.914958650372615,-1.0756772590261865,True,-6.888768131087253,-8.88298530770033,True
PSFE,2022-03-02,DT,OK,-61.03362030027033,-11.469412115786337,True,-19.70437875083354,-4.479830148619923,True
SOFI,2022-03-02,DT,insufficient_history,,,,,,
ZIP,2022-03-02,DT,insufficient_history,,,,,,
IQ,2022-03-01,DT SW,OK,-53.016344978054434,-10.533075776920963,True,-5.030624182781629,-12.955012879135808,True
FLYW,2022-03-03,DT,insufficient_history,,,,,,
CDLX,2022-03-02,DT,OK,-38.388300998654,-5.662804792991071,True,-16.106989731495545,-2.5872947816223957,True
IOT,2022-03-03,DT,insufficient_history,,,,,,
SENS,2022-03-02,DT,OK,-43.0446954339222,1.6451887224439021,False,-31.58098183223813,-7.745524570287399,True
JXN,2022-03-03,DT SW,insufficient_history,,,,,,
CHPT,2022-03-03,DT SW,OK,-35.87786259541985,-4.085098384625652,True,-7.1716038793956605,-19.259985297721162,True
SG,2022-03-04,DT,insufficient_history,,,,,,
CAN,2022-03-03,DT SW,OK,-25.65515535461529,-8.772479675051548,True,10.56611485796035,-15.04618376276129,True
AI,2022-03-03,DT,OK,-48.56160916357,-7.8154329060946885,True,-15.522782007023617,-13.652663769515506,True
BILI,2022-03-03,DT,OK,-58.82981671351095,-8.912719249436895,True,-19.36820604952333,-22.41447974312808,True
GSM,2022-03-03,UDS,OK,14.665873380750206,4.420669595491367,False,19.781745391147098,4.975427893577389,False
THO,2022-03-09,DT,OK,-21.564813464027754,-4.023463909149161,True,-11.464639177629032,-4.555224917223988,True
BMBL,2022-03-09,DT,OK,-61.478967192380885,-5.755259292833747,True,-41.634377561816414,-11.87668255575588,True
ZIM,2022-03-09,UT,OK,35.834423813394366,6.511051985264005,False,9.061567561396311,12.02819345494266,False
MDB,2022-03-09,DT,OK,-34.0481086672932,2.5512121192297954,False,-31.257978505369756,-10.21293394399021,True
FIGS,2022-03-09,DT,insufficient_history,,,,,,
AMTX,2022-03-10,DT U,OK,10.47349252827705,-1.6655182234962096,True,35.891801439827866,-11.584141513498569,True
FUTU,2022-03-11,DT,OK,-65.89619798822626,-9.89559646828596,True,-32.052912499759124,-2.166966717879615,True
ALTO,2022-03-11,DT SW,OK,9.227273152347749,-0.039728722931908766,True,8.85368126747439,6.401967395184616,False
QFIN,2022-03-11,DT,OK,-33.78472567957781,-2.3197004328162296,True,-19.318147350541416,-4.590704763374676,True
CLVT,2022-03-10,DT,OK,-42.81928649562341,-5.372937871110317,True,-25.246875215800003,-17.138579207873583,True
CAL,2022-03-16,DT,OK,-17.259889078766655,-1.9849025737145198,True,-10.472819675106637,-3.6202538288623187,True
CRWD,2022-03-10,DT,OK,-26.766801064833736,-0.8486829697617493,True,-6.128541810642718,-5.438680872865664,True
GTLB,2022-03-15,DT,insufficient_history,,,,,,
SHLS,2022-03-11,DT U,OK,-41.59253699014841,-4.518687164931623,True,-8.362238680041244,-22.088214080289237,True
PD,2022-03-17,DT,OK,-29.974271738946168,-1.7547703053456765,True,-14.37045541523152,-5.366660429405279,True
SIG,2022-03-17,DT U,OK,-3.8360411926211646,1.231317461460657,False,-2.574285227192963,-6.669380936001767,True
GIII,2022-03-17,DT U,OK,-10.074800949495266,-2.1756466003641006,True,-1.891323478961271,-1.6431201678329899,True
YOU,2022-03-23,DT SW,insufficient_history,,,,,,
BZ,2022-03-23,DT U,insufficient_history,,,,,,
ONON,2022-03-18,DT,insufficient_history,,,,,,
STNE,2022-03-18,DT,OK,-72.30974475116949,-12.973915005924141,True,-25.214007782101177,-17.105331062599994,True
LOVE,2022-03-29,DT U,OK,-24.469569659088265,-5.897700167405762,True,3.3328513908422064,-14.674238119448491,True
PDD,2022-03-21,DT,OK,-48.16099297252897,-9.238178887846704,True,-19.122114216281894,-9.760008771809591,True
TME,2022-03-22,DT U,OK,-44.823494512014236,-11.272662188625205,True,-17.444874480701632,-11.412034852631226,True
DNA,2022-03-29,DT U,insufficient_history,,,,,,
ARRY,2022-04-06,DT U,OK,-33.0015101599058,-2.4480016076797617,True,-0.5644402634054746,-7.069046911335275,True
TLRY,2022-04-06,DT U,OK,-31.673275795039256,-10.255918217818339,True,13.026142319688727,-2.179793658782081,True
ENPH,2022-04-27,DT,OK,-14.466660735732384,0.8903808352705544,False,-12.448449706378174,13.560667265594173,False
BNTX,2022-03-30,DT SW,OK,-31.890169292774296,-2.289729484747649,True,8.925592680584327,-17.558467103398833,True
HYMC,2022-03-31,UT,OK,69.87003165695064,-14.56936391440652,True,213.63018408385872,64.68793222683264,False
SI,2022-04-19,DT SW,OK,-13.207321896290535,2.7447489650503254,False,-9.364782011040484,9.157195084814651,False
LBRT,2022-04-21,UT,OK,44.68780186477286,0.6349948057258192,False,24.440197392817396,11.182645650312395,False
CLF,2022-04-22,UDS,OK,28.596395127422582,4.4616764495509775,False,10.948576572521684,23.379147577398275,False
TECK,2022-04-27,UTU,OK,17.898153566033525,6.413380909901867,False,-10.151638276015406,7.672200791322958,False
VRT,2022-04-27,DT SW,OK,-47.94356794063581,-5.878694085853741,True,-15.01082617725471,-20.00683390086132,True
UPWK,2022-04-28,DT,OK,-48.009174534467846,-8.298618276905657,True,-12.855309998373665,-8.125876796135046,True
MXL,2022-04-28,DT,OK,-23.382458083725442,1.2893363582797468,False,-19.97249338713374,-7.54307589835369,True
HZO,2022-04-28,DT,OK,-26.490573998271806,-1.5899377798360148,True,-15.419587927219759,-5.829553047086556,True
TAL,2022-04-29,DT,OK,-33.79870874709141,-29.92658822808938,True,2.704901362619494,-1.1327077747989356,True
ROKU,2022-04-29,DT,OK,-62.391603431914966,-11.099905259061648,True,-23.023545738950457,-13.707847574917109,True
MPWR,2022-05-03,DT SW,OK,-12.398831678822864,0.9873659595589501,False,-5.795479870538999,0.6345688914033865,False
CAR,2022-05-03,DT SW,OK,50.67240298745526,11.88813667990718,False,15.64829990074097,19.017356297140164,False
PINS,2022-04-28,DT,OK,-54.7805025734181,-11.348945366472673,True,-22.443587783722705,-7.987034828608996,True
FIVN,2022-04-29,DT,OK,-28.366318961061342,-4.9094198826728945,True,-3.103253714500631,-5.7460016946929375,True
CDLX,2022-05-03,DT,OK,-51.29161766908115,-9.75375656611872,True,-29.47386638975423,-14.57415941573661,True
CVI,2022-05-03,CPH,OK,37.74931896325513,5.108162824289408,False,9.569468592380925,10.597911450846764,False
LUNG,2022-05-04,DT SW,OK,-22.537493198339465,-4.648142885250229,True,1.7597121493225565,0.44450539698930314,False
ABNB,2022-05-04,DT SW,OK,-11.496349529603101,0.9087233188788124,False,-8.80411375208806,0.11863232793902778,False
EPAM,2022-05-05,DT SW,OK,-39.25149327933205,-4.410464644745893,True,13.718545508517611,-19.24889414521197,True
AMD,2022-05-04,DT,OK,-22.640823115903363,0.43815504242787906,False,-13.621999328918877,-8.161904496612015,True
BXC,2022-05-04,UTU,OK,12.69994082369883,3.349723417332484,False,-1.0474289909319312,-4.982118997091877,True
BAND,2022-05-05,DT,OK,-63.54584253848658,-12.975426943526136,True,-11.120975176699554,-30.10562792051893,True
HYMC,2022-05-05,DT,OK,9.481231006961433,-7.8278281452948795,True,-2.2432383742771234,58.8476572031962,False
STAA,2022-05-05,DT,OK,-36.58243265855757,-7.364296336296617,True,-8.617122054669457,-4.616715940391069,True
RUN,2022-05-05,DT,OK,-36.50619742816187,-7.169269887395579,True,-9.745552168850736,-0.7799795439326962,True
AMR,2022-05-05,UT,OK,124.67805404928498,20.045493247587352,False,26.16621303185971,26.881733103887196,False
FTNT,2022-05-05,DT,OK,-8.685984742866538,2.2109778669993307,False,-9.722750168541417,1.8712704682208425,False
SIMO,2022-05-05,U,OK,7.440449609172162,1.9735111132699323,False,11.340862096389381,-0.8909448690490485,True
BRBR,2022-05-06,DT,OK,-22.69349787833307,-2.9326858222042174,True,-13.825867111720658,-2.111690727485971,True
RLAY,2022-05-06,DT,OK,-20.860413733605277,-2.2858972997371385,True,-14.047513649107257,11.442736982314194,False
VIR,2022-05-06,DT,OK,-41.42151213451689,-5.070137660334673,True,-10.68826604954144,-14.917666963230891,True
OPEN,2022-05-06,DT,OK,-49.91010182957635,-5.626277966676052,True,-10.59546002624483,-10.439374778974898,True
GDYN,2022-05-06,DT SW,OK,-41.285091332133526,-1.6173510930850732,True,14.868786851189931,-20.37703721722208,True
MELI,2022-05-06,DT,OK,-33.027943189036165,-3.4386821629520448,True,-16.116503284813877,0.10082936427664446,False
CCXI,2022-05-06,DT,OK,-40.680842832679396,2.0054163845633077,False,-32.432432432432435,-12.70148972279841,True
IRTC,2022-05-06,UDS,OK,19.47913489904407,8.267661778717162,False,-14.046536538226439,4.256972051103092,False
RCUS,2022-05-10,DT,OK,-37.045317123234526,-0.605362992239411,True,-31.924109630680377,-4.176122917096514,True
GEVO,2022-05-10,DT,OK,-40.37132402764602,-4.72299335036478,True,-26.719010230787532,7.83005798142542,False
LPSN,2022-05-10,DT,OK,-60.71825348053144,-8.462686419001408,True,-30.81670246088808,-5.9149102700285505,True
RNG,2022-05-10,DT,OK,-63.497489189733045,-9.28436337926346,True,-36.1751177776373,-19.818193472793865,True
AMC,2022-05-10,DT,OK,-56.576177246888015,-9.044707752877057,True,-30.24292400267441,-1.785030261242615,True
CLOV,2022-05-10,DT,OK,-54.05279162655023,-12.047253336910579,True,-21.164540399084064,4.900144121885952,False
RVMD,2022-05-10,DT SW,OK,-41.33118331754741,-3.598156494245164,True,-31.425382215431352,1.2374839062254006,False
TREX,2022-05-10,DT,OK,-44.041747589890726,-3.838152970425013,True,-17.914848449109556,-14.459596813042431,True
PMVP,2022-05-10,DT,OK,-47.75012290250026,-7.096015375070475,True,-33.314825097168246,1.0197327828945113,False
LI,2022-05-10,DT,OK,-33.963187097315206,-3.1024063243247912,True,-24.757552112362056,-7.380422117667884,True
XPO,2022-05-10,DT,OK,-31.981182025950062,-3.4213881787818035,True,-21.785357167643415,-6.839073535227936,True
NCLH,2022-05-10,DT,OK,-29.789500559042846,-2.732743468925092,True,-19.31649181024454,-1.7474975397858805,True
AUPH,2022-05-10,DT,OK,-50.21088708947985,-0.6803915118982151,True,-21.837453360246762,-18.180453278043895,True
BLDR,2022-05-10,DT SW,OK,0.2968632252837944,3.2196199035409157,False,-4.2397747305403355,-3.589129380899425,True
TGTX,2022-05-10,DT,OK,-67.60401083572555,-13.510961715408465,True,-27.066266156927,-11.631274131274116,True
CRNC,2022-05-10,DT,OK,-64.02553819840249,-9.907375861645706,True,-19.668111244643537,-16.871937959463757,True
WKHS,2022-05-10,DT,OK,-56.073032906313635,-14.661476589307465,True,-32.98506675109493,0.4984886249138176,False
ZLAB,2022-05-11,DT,OK,-67.0927635431964,-13.621520497736794,True,-35.62063280207269,-12.200628147739678,True
EGHT,2022-05-11,DT,OK,-57.46493192465687,-8.454388811329528,True,-30.405697022011214,-13.18710483178519,True
CELH,2022-05-11,DT SW,OK,-40.42004517173046,-2.2748276179342275,True,-23.25668104373143,-1.8184585957691901,True
REAL,2022-05-11,DT,OK,-60.05271954019864,-9.917992656058772,True,-35.701163502755676,-14.500486175172632,True
HCAT,2022-05-11,DT,OK,-66.63729718310584,-8.815352251144349,True,-42.68947876191574,-14.715873063800212,True
EXK,2022-05-11,DT,OK,-31.471267671017866,-2.5589936348264453,True,-33.49066723878995,3.1742518151230747,False
XMTR,2022-05-11,DT,insufficient_history,,,,,,
ENVX,2022-05-12,DT,insufficient_history,,,,,,
ICL,2022-05-11,DT,OK,9.444669639237958,5.2935428436647,False,-10.889541246156798,5.2411246389528765,False
DV,2022-05-11,DT,OK,-38.95434265715583,-5.172705897255225,True,-23.120273873510143,-7.53562095569934,True
BMBL,2022-05-12,DT SW,OK,-53.22807217680479,-6.893183019548365,True,-29.040619516043364,-5.0920231337524875,True
APP,2022-05-12,DT,OK,-61.872443196509266,-3.552809565821635,True,-42.07108608219621,-17.81150410661492,True
SONO,2022-05-12,DT,OK,-37.30030137743091,-3.3731149923392656,True,-24.93761253435258,-4.865368433705997,True
TPR,2022-05-12,DT,OK,-32.25318201848221,-2.144798925100766,True,-23.708920187793435,-7.568110870617273,True
RIVN,2022-05-12,DT,insufficient_history,,,,,,
COMP,2022-05-13,DT,OK,-56.00545256807099,-6.955649777012596,True,-30.44533656988143,-13.903327795938058,True
DDS,2022-05-12,DT SW,OK,13.310865120891524,5.104628715750081,False,-0.35733968103368596,7.6506872616594945,False
LZ,2022-05-13,DT,OK,-46.85612520847664,-9.745975320401069,True,-19.560721671539618,-4.605442176870744,True
DUOL,2022-05-13,DT SW,insufficient_history,,,,,,
AFRM,2022-05-13,DT,OK,-78.2522998434021,-3.831102470151304,True,-48.632379824256674,-18.448355935352023,True
NKTX,2022-05-13,DT,OK,-29.370152205093937,-8.40129902267167,True,5.062556964122988,17.16110744379291,False
IONQ,2022-05-17,DT,insufficient_history,,,,,,
ONON,2022-05-17,DT,insufficient_history,,,,,,
CPNG,2022-05-12,DT,OK,-61.53509574459621,-9.685693654597127,True,-42.758710502326345,-17.705572876071717,True
TME,2022-05-17,DT SW,OK,-37.59398496240601,-10.552757059943085,True,-7.399143163156008,-11.977059354990772,True
SSYS,2022-05-17,DT,OK,-29.505695750371096,-0.7304506353121965,True,-22.389250548533912,-9.068124294064795,True
JMIA,2022-05-17,DT,OK,-58.17276237515174,-11.319305635673382,True,-31.433814412537807,-8.902794406668624,True
TOST,2022-05-13,DT,insufficient_history,,,,,,
SE,2022-05-17,DT,OK,-68.4277627391037,-8.119324973457765,True,-29.647205694645063,-18.47817932132291,True
NU,2022-05-17,DT,insufficient_history,,,,,,
GOOS,2022-05-19,DT,OK,-43.45316443647255,-5.8370516020066265,True,-18.523915652322977,-9.735923802449676,True
CAN,2022-05-19,DT SW,OK,-50.55001299243289,-4.541525417358816,True,-30.076159087872433,-12.98298647444096,True
SHLS,2022-05-17,DT SW,OK,-47.968987455889554,-7.381253429396173,True,-19.359131314206635,-6.9985025308466176,True
BJ,2022-05-19,DT,OK,-13.5010148491004,2.4863217042235597,False,-18.158113254953868,0.9655364435094738,False
PANW,2022-05-20,DT,OK,-15.352187591292699,2.4858735065666604,False,-23.1508145939898,-1.021881891717813,True
CAL,2022-05-25,DT,OK,-8.680182116062984,-0.20486360568655604,True,-4.868825336799832,6.07588833711008,False
JD,2022-05-17,DT,OK,-27.450660852958052,-2.429390890505334,True,-10.001327362530654,-10.924908367922237,True
UUUU,2022-05-17,DT,OK,-22.67300608688837,2.752071939066525,False,-31.23794921829628,0.4902304082919029,False
DECK,2022-05-20,DT SW,OK,-34.18057309706697,-4.038243622204297,True,-14.59149693448769,-4.361762838754101,True
DLO,2022-05-18,DT,OK,-51.375811929218344,-6.337078492189097,True,-27.461413240082,-12.849749100176034,True
WOOF,2022-05-24,DT,OK,-28.536465981399907,-0.7787628670712143,True,-25.92592592592593,0.779236716161491,False
DLTR,2022-05-26,DT,OK,2.902831965429442,4.296119790526465,False,-15.702366694389369,2.6088251481109825,False
LSPD,2022-05-19,DT SW,OK,-64.57978626821996,-10.001444679435101,True,-18.042103383046605,-9.29890059719738,True
M,2022-05-26,DT,OK,-23.185655990899036,1.751370133331176,False,-19.749682507853738,-4.909905615406629,True
CD,2022-05-26,DT SW,OK,-17.208594282051614,-8.099451446242956,True,0.8294031549845426,6.1746727906896615,False
PDD,2022-05-27,DT SW,OK,-36.002808367102425,-7.787114530547267,True,2.8729851075836033,-5.527999258297789,True
MRVL,2022-05-27,DT,OK,-16.88173038848567,-0.39557071207810823,True,-8.525330088890449,-5.924366702504214,True
IQ,2022-05-26,DT SW,OK,-39.22546419098143,-12.070052879250959,True,-7.717688302314785,-4.953939631517046,True
BABA,2022-05-26,DT SW,OK,-36.52309106557301,-7.992210474704809,True,-15.704331226368351,-5.755380407190969,True
WSM,2022-05-26,DT,OK,-29.86336532018521,-1.9260083059837285,True,-16.736185940885452,-5.666131094861782,True
BEKE,2022-05-31,DT SW,OK,-35.47898012988435,-7.332956937350876,True,-12.079335200404028,-9.709824512919695,True
CPRI,2022-06-01,DT U,OK,-13.066355127684915,-1.9582727120113996,True,1.8625336476567833,-11.017715078458846,True
HTHT,2022-05-31,DT SW,OK,-22.17721634278457,-4.123990166364067,True,0.07743312445911421,-9.819028953020293,True
ZM,2022-05-24,DT,OK,-54.13306852749591,-12.444920973693119,True,-15.117341984085808,-9.544159789038298,True
ESTC,2022-06-02,DT,OK,-47.09744865189882,-7.04890318242426,True,-19.17003784418635,-9.170216649716846,True
ZS,2022-05-27,DT,OK,-45.479738883508446,-2.94066700255603,True,-28.703786379227836,-12.820900796260803,True
PATH,2022-06-02,DT,OK,-57.20214421580494,-10.396959488326363,True,-15.885328162171907,-20.65763072115726,True
CHWY,2022-06-02,DT,OK,-56.96068012752391,-10.251413781138952,True,-32.096481389406016,-15.498971620637914,True
STNE,2022-06-03,DT SW,OK,-50.675490168233495,-18.39142401854267,True,2.3535421005068446,-5.921709237422846,True
OKTA,2022-06-03,DT U,OK,-52.152242493333965,-7.365433061980841,True,-22.025862642996973,-20.538953918275947,True
FUTU,2022-06-06,DT SW,OK,-30.22038507518915,-12.291358971740618,True,8.221422321916162,-2.9873022564272156,True
ASO,2022-06-07,UDS,OK,-10.556563481077209,-0.5908085340399105,True,-3.5625203340201694,-0.3081247635007389,True
GTLB,2022-06-07,DT SW,insufficient_history,,,,,,
KC,2022-06-08,DT SW,OK,-66.30968545497238,-13.958820119112458,True,14.44557477110886,-13.200883002207519,True
SIG,2022-06-09,DT U,OK,-22.929520781459967,-0.790915656356106,True,-8.20136664846437,-7.4239041625563935,True
MDB,2022-06-02,DT,OK,-43.27639958904067,-2.4389394057897418,True,-30.108353585079307,-9.30542492274753,True
PLAY,2022-06-07,DT U,OK,-4.6037341555766,0.6692782957637755,False,-12.211239789401251,-4.1067965992144355,True
YMM,2022-06-08,DT SW,OK,-23.57067072497444,-4.757615385318825,True,26.08902265167117,-5.638097515769336,True
BRZE,2022-06-14,DT SW,insufficient_history,,,,,,
BZ,2022-06-24,DT SW,OK,-15.742782564224612,-4.14811890734923,True,17.262374563084904,-5.238977135123591,True
ENPH,2022-07-27,U,OK,16.70046578930706,2.6966512725613567,False,12.997777170056679,8.280842250447717,False
SI,2022-07-19,DT SW,OK,-48.32406728119055,-3.8589495567590837,True,-6.859600691859202,-27.368252469388732,True
IMPP,2022-07-27,DT,insufficient_history,,,,,,
RES,2022-07-27,DT SW,OK,-11.282493797864301,2.7321647471102883,False,-15.116489073505502,-17.396956651464134,True
WING,2022-07-28,U,OK,-22.245701399468164,-5.930682978050516,True,20.02263669311628,0.16571467165820142,False
WFRD,2022-07-28,U,OK,-31.407828845554718,0.23067118422552824,False,-22.048954799970677,-17.836012555883187,True
CLAR,2022-08-02,DT SW,OK,-12.042940474130848,-2.7241145744596906,True,2.400111401772498,-2.22323799149996,True
VRNS,2022-08-02,DT,OK,-40.54831824796666,-7.628393482264628,True,-17.10903475609359,-10.531542636157031,True
ETSY,2022-07-28,DT U,OK,-37.66971541166869,-7.694001521804994,True,16.649769754119383,-4.636935671370235,True
PINS,2022-08-02,DT SW,OK,-30.846123110506095,-10.176219803986175,True,2.361640244152219,-3.272972223322912,True
RIG,2022-08-02,SW,OK,-11.85568421340777,-2.1233271263413345,True,-8.647299137539699,-10.099979596000841,True
HRMY,2022-08-02,CPH,OK,13.970007344502289,3.625836423534823,False,1.833541564964114,10.362177401865136,False
EDIT,2022-08-03,DT U,OK,-20.578121874992462,-12.94317798023491,True,23.751595704738303,9.754891456640348,False
RNG,2022-08-03,DT,OK,-63.1444393153171,-11.185903631478567,True,-11.323474835136583,-14.356878936704076,True
DQ,2022-08-03,DT SW,OK,20.109707731745875,1.5745756876649697,False,-0.36454360949882414,18.79830303495671,False
RUN,2022-08-04,DT U,OK,-2.6544398869790986,-5.443516692792438,True,21.578383252716126,8.210788509603862,False
SPT,2022-08-03,DT SW,OK,-31.459361992107283,-8.271172136791517,True,-5.189074864165111,2.1443497111441223,False
FUBO,2022-08-05,DT,OK,-71.66206294456927,-17.88126429937006,True,5.799373040752354,-12.005516895492452,True
MNDY,2022-08-08,DT SW,OK,-34.71064270663536,-11.156127751159028,True,19.40189765231377,-4.7695884917888565,True
FIGS,2022-08-05,DT U,OK,-43.906001905366786,-12.130215820914202,True,21.180189673340323,-10.73661107953987,True
NET,2022-08-05,DT SW,OK,-44.69461593614751,-7.518707482248866,True,17.16932702334164,-13.642503376857274,True
TEAM,2022-08-05,DT SW,OK,-19.999958335120017,-6.321118087575572,True,18.669557738165764,0.5819591623600573,False
DKNG,2022-08-05,DT U,OK,-26.120442645122978,-14.056535854490114,True,24.367141532239668,0.3524457599706876,False
WTI,2022-08-08,U,OK,-0.03694286893972665,0.8050471527617953,False,-14.93453657814927,-7.095488437618124,True
PUBM,2022-08-09,DT U,OK,-29.853664316606444,-3.7977809863971257,True,1.6239228207505008,-10.556431305914371,True
PLRX,2022-08-09,UDS,OK,70.32817038187342,0.8020823465194393,False,58.18260406969018,80.2847295069683,False
GDRX,2022-08-09,DT U,OK,-63.57961678810705,-14.435705551283174,True,16.1850576433598,-17.86970315535771,True
INO,2022-08-10,DT SW,OK,-44.68152362889204,-11.427904806346245,True,9.414890845620816,-2.854684415650155,True
U,2022-08-10,DT U,OK,-46.283936603309805,-9.323337001342246,True,26.017399661617645,-7.179861262759801,True
TTD,2022-08-10,DT U,OK,-20.010743511146767,-3.6819308242871163,True,14.528520753828822,-3.2025516264991727,True
AEMD,2022-08-10,DT,OK,-19.602727001853737,-12.912822149124391,True,12.758785716990939,4.53813331317745,False
ATRA,2022-08-09,U,OK,-66.46016104666472,-10.819095332462636,True,-31.53785221228924,-13.833002892709722,True
ARRY,2022-08-10,U,OK,38.32064070665287,-3.1741585889374146,True,41.986569887047324,22.872868098744693,False
JMIA,2022-08-10,DT U,OK,-26.461602223155044,-12.250378832031695,True,8.952356960670095,-3.6586475745532976,True
LMND,2022-08-09,DT SW,OK,-20.08681925808997,-12.645831914340578,True,25.741126512298695,-0.08205744020814976,True
PLUG,2022-08-10,DT U,OK,-1.554497187698889,-3.297065866068283,True,33.99598066373366,6.180144641683083,False
ENVX,2022-08-11,U,OK,-5.274863907023086,-4.810231873878246,True,42.55631706916996,10.654333928314275,False
HUT,2022-08-11,DT U,OK,-53.49356031679293,-12.325562150654134,True,43.00791556728234,-12.696950152031693,True
BROS,2022-08-11,DT U,OK,-7.287544489233566,-2.3089524256399763,True,18.261308855221927,4.459152968651758,False
AOSL,2022-08-11,DT SW,OK,-16.611530148648058,1.6340528545491617,False,1.6578210112546898,-1.1365992397863067,True
KRNT,2022-08-10,DT U,OK,-66.27747094671142,-12.229175712536012,True,-6.293821140265543,-23.181732164259127,True
WRBY,2022-08-11,DT U,insufficient_history,,,,,,
VERU,2022-08-11,SW,OK,31.43531947325371,5.971332633167159,False,-11.891964726842641,6.889322749968008,False
TOST,2022-08-12,DT U,OK,-26.5250604194751,-12.827769710294024,True,20.490725865342462,1.9174560216508763,False
LZ,2022-08-12,DT U,OK,-26.446474584211764,-8.992901062556523,True,-4.274963417183453,-6.176552310282291,True
PGY,2022-08-16,UDS,insufficient_history,,,,,,
GLBE,2022-08-16,DT U,OK,-24.127844858926085,-9.330451444236587,True,19.311536648803408,11.018090559382943,False
DDS,2022-08-11,DT U,OK,-7.410235683713717,0.9506439785653686,False,-0.5231579014772558,-9.766894295320206,True
DNA,2022-08-16,DT SW,OK,-37.315899130684684,-14.023194403693818,True,18.297064605789416,5.101531884574295,False
IONQ,2022-08-16,DT SW,insufficient_history,,,,,,
BILL,2022-08-19,DT U,OK,-22.044012260066182,-7.13372472086925,True,15.308918303554208,9.220866146378626,False
MLCO,2022-08-18,DT SW,OK,-30.388152139022285,-6.54223748992665,True,0.4541326067211804,1.2618644691339442,False
YMM,2022-08-25,DT SW,OK,-16.824600906611852,-8.377878177562447,True,-15.481393832556567,4.928292707647097,False
NU,2022-08-16,DT SW,insufficient_history,,,,,,
PAGS,2022-08-26,DT SW,OK,-15.707288659129793,-11.200606768955312,True,24.977163641195155,-1.3548936727940109,True
SNOW,2022-08-25,DT SW,OK,-29.677851455318827,-7.404278078141202,True,6.67941994863015,7.902121320599997,False
PDD,2022-08-29,DT SW,OK,7.796170305590988,-7.452080954204621,True,4.488447646877325,-0.1572925387523072,True
NCNO,2022-09-02,DT,OK,-29.567919818738165,-8.417020566077927,True,-11.859888443918754,1.3743571015551348,False
PD,2022-09-02,DT,OK,-19.87592404503571,-4.814444440928234,True,-9.983266598936213,3.4617614097461002,False
ASAN,2022-09-08,DT,OK,-53.3744164149481,-21.4233898278994,True,-7.288379883915708,3.03845227582884,False
AEHR,2022-10-07,CPH,OK,15.547465474259026,-1.1614048016533873,True,-8.640609150430144,18.799004648105555,False
NFLX,2022-10-19,DT SW,OK,-14.842637336178989,-11.69029745166873,True,3.246216034326821,3.745911969823479,False
VICR,2022-10-26,DT,OK,-30.203546670456525,-8.864013690081363,True,-22.42768479665588,-9.363431281813972,True
TDOC,2022-10-27,DT U,OK,-42.39471254983105,-12.409131692884245,True,-7.234591714252014,-16.103288297990016,True
PI,2022-10-27,UDS,OK,28.15071891792136,-0.37337297663898594,True,2.429941730989116,-0.9892752740283339,True
EDU,2022-10-26,DT,OK,15.528804852868072,1.7078499725494467,False,-14.94689229029522,-2.717972089514731,True
WING,2022-10-26,DT U,OK,16.547598263842644,-3.5219180246740645,True,5.463947519074996,1.9086816802265094,False
SHOP,2022-10-27,DT,OK,-40.09999960836201,-17.635904723956408,True,-4.763153237593965,-11.726791448491358,True
PINS,2022-10-28,DT SW,OK,-4.826086956521736,-5.048528458607349,True,-5.944933315000689,3.371145834258682,False
TAL,2022-10-28,DT,OK,-0.7735662780089525,0.9257741060729963,False,-18.36315031873329,-4.237722027490043,True
SOFI,2022-11-01,DT SW,OK,-28.35058165761719,-10.997371251395705,True,-2.3269175524274655,-12.054318648349893,True
CHGG,2022-11-02,DT SW,OK,-11.873307965425617,-3.335848721590917,True,-0.23440896803341715,-0.15383018280313854,True
MTCH,2022-11-02,DT,OK,-43.84756725021282,-9.655752003002217,True,-13.551194824887014,-15.037912249705542,True
JELD,2022-10-31,DT U,OK,-39.109684851477,-8.743399474907953,True,3.362266786391288,-18.948423929743974,True
AMD,2022-11-02,DT,OK,-35.867874491946935,-8.081333564546167,True,-15.613604795568802,-17.533611259509474,True
CZR,2022-11-02,DT U,OK,-20.68866324931704,-8.320693213648045,True,8.627026815385431,-7.625570776255697,True
FRSH,2022-11-02,DT SW,OK,-17.602714852799384,-6.827210836731479,True,-4.456286573058987,-3.9416974684427064,True
TXG,2022-11-03,DT,OK,-48.050945580856805,-16.970496646854627,True,-10.711324271793131,-16.68904915858408,True
VCYT,2022-11-03,DT SW,OK,-13.240790176187932,-8.066287495321712,True,6.685633001422486,-14.524878413767329,True
DDOG,2022-11-03,DT,OK,-34.245070863340224,-6.42583120864868,True,-17.751460993784974,-10.361484901338514,True
RUN,2022-11-03,DT SW,OK,-19.5779140010916,-3.8140772386577204,True,-25.185740388301912,-12.726160116237695,True
HUBS,2022-11-03,DT,OK,-28.477609364500033,-7.74651465980698,True,-9.727188288577093,-9.86675491226271,True
MELI,2022-11-04,DT SW,OK,-5.023998513328065,-3.773749248714031,True,-0.36872084868715405,-4.674083763067349,True
UAA,2022-11-03,DT,OK,-40.25982767905224,-9.981708217668405,True,-8.798972382787419,-10.656904149834734,True
UA,2022-11-03,DT,OK,-41.26961007719523,-9.346968677326196,True,-9.603702632340172,-11.18133703304045,True
TDW,2022-11-04,UT,OK,54.20847028458689,8.60102709403221,False,31.34503666550268,13.369022448153324,False
PGNY,2022-11-04,DT SW,OK,1.3285706475187231,-2.0190708447700545,True,-2.2753865545796392,-0.35179198734951456,True
DASH,2022-11-04,DT,OK,-38.231201611359964,-11.049953925346934,True,-10.085665075240225,-16.804565265893423,True
FATE,2022-11-04,DT,OK,-33.97530608555884,-9.933035287751057,True,-16.55225673588466,-16.18118787669558,True
COIN,2022-11-04,DT,OK,-47.64083489409937,-14.211345071372083,True,-18.418428662910223,-7.3250772315863415,True
BTU,2022-11-03,UDS,OK,4.117156462707028,6.596500284393736,False,-4.800951170513712,4.885873024063847,False
SNDX,2022-11-04,UDS,OK,15.971383684545382,1.7106952125889308,False,-5.498281786941595,0.04318557093865305,False
TMDX,2022-11-04,UDS,OK,41.10808776341492,8.726115028611403,False,-3.41317672841831,-0.39055171825701507,True
BE,2022-11-04,SW,OK,-13.588172161649792,-1.399438246696716,True,-18.77239298510277,-12.522063311393728,True
IOVA,2022-11-04,DT,OK,-32.913353624487804,-5.994166638941579,True,-14.667573677997625,-10.338332376578673,True
FOUR,2022-11-07,DT SW,OK,-13.751148212012321,-2.293819221600424,True,-11.576943919427961,-0.689121075291399,True
RILY,2022-11-04,DT,OK,-28.719817648389746,-7.1006328311332805,True,-17.432702887689423,-9.991889826411104,True
PRM,2022-11-04,DT,OK,-32.36541567875463,-5.495918121398491,True,-16.178880824162977,-14.866050071758874,True
BL,2022-11-04,DT SW,OK,-29.002644296657998,-5.6961474227884885,True,-21.039660576851816,-6.846466180305688,True
SPWR,2022-11-08,DT SW,OK,-13.639658144174637,-1.3208789348052363,True,-22.972195064007085,-11.69911490144504,True
LPSN,2022-11-08,DT,OK,-41.228566865571956,-12.318691139066473,True,-0.7044879216625333,-13.445435244161319,True
GFS,2022-11-08,DT SW,OK,2.9597497274823636,-1.273006862260273,True,2.2195094480836897,-3.5027626633758024,True
XP,2022-11-09,DT SW,OK,-22.034661647426713,-4.343267052093591,True,-3.681619198589081,-6.940143218608652,True
ABCL,2022-11-09,DT SW,OK,25.74384314893814,-0.757009988963464,True,13.896488191614086,-3.197737263097211,True
SEDG,2022-11-08,DT SW,OK,-23.073415466630454,-1.7342448196740579,True,-14.744449210004241,-14.024596899942798,True
ARRY,2022-11-09,CPH,OK,27.506434456774166,1.8084274784649468,False,-3.9027482229365584,-8.807712554577273,True
FVRR,2022-11-09,DT,OK,-40.48796933518024,-12.561120637330003,True,-8.575619736342633,-11.419811132577628,True
COHR,2022-11-09,DT,OK,-86.00863493795683,-9.44249502444887,True,-53.02019739360133,-59.56391738583848,True
TTD,2022-11-09,DT U,OK,-26.70594160134928,-4.5484681162015095,True,-24.88924757626243,-7.029159354018077,True
BROS,2022-11-10,DT U,OK,-29.705504836810338,-3.063882832451681,True,-13.865347843535336,-8.600340906639037,True
U,2022-11-10,DT,OK,-62.59129247084514,-14.34782770684382,True,-34.43402843428459,-20.417722379163383,True
ZLAB,2022-11-10,DT,OK,-27.367299777042774,-6.8481634228621076,True,-19.82691368695173,-15.593527054298107,True
BYND,2022-11-10,DT,OK,-63.70793175126116,-13.533381961641178,True,-27.208232490254392,-30.783297385314455,True
APP,2022-11-10,DT,OK,-63.805100741152465,-14.491322123236007,True,-31.885106931458772,-22.248090102452224,True
FSM,2022-11-10,U,OK,-4.471191105065875,-2.9412216201280317,True,16.2969808995687,2.6890224612464486,False
CELH,2022-11-10,UDS,OK,8.151285318293988,4.266816891017444,False,-14.69824855608124,-6.954424907360323,True
CPNG,2022-11-10,DT SW,OK,-4.2015472420454785,-4.126553659574828,True,-6.023929572752129,-2.9505296396658776,True
MQ,2022-11-10,DT,OK,-32.02114534565449,-7.656614279570551,True,-14.023533302102564,-7.81521890995921,True
PAYO,2022-11-10,DT U,OK,27.8321100745218,1.8390013572671116,False,0.17357535818303127,7.065011969257906,False
RKLB,2022-11-10,DT SW,OK,-22.279155564664887,-8.96640769018352,True,-0.34898877349367474,-8.049487724724502,True
NIO,2022-11-10,DT,OK,-50.33597044856014,-9.191678368047441,True,-37.831007876979314,-19.988384473913477,True
RIVN,2022-11-10,DT SW,OK,-25.435331353885328,-12.157122397846232,True,-17.020421194527536,-3.7232680058515766,True
JXN,2022-11-10,U,OK,-10.75297513996859,-2.4880898247577776,True,-2.8798770852720867,2.4874379900784227,False
RNG,2022-11-10,DT,OK,-62.31684939097066,-16.248870470195996,True,-25.754886407070554,-13.401346663946168,True
HUT,2022-11-10,DT,OK,-46.74752014282746,-12.711676552182771,True,-12.56885834133521,-9.412626470722907,True
WIX,2022-11-10,DT SW,OK,-11.078764746925597,-7.912067072797269,True,-8.043787664746072,3.8244131816459026,False
TGTX,2022-11-10,DT SW,OK,-27.524527188836522,-13.588615468640963,True,-14.955335069387232,-9.713996607243825,True
PAAS,2022-11-10,DT,OK,-34.99824866982302,-3.742006807401921,True,-13.222719869706834,-5.31084337349399,True
WRBY,2022-11-10,DT SW,OK,-32.57722659504802,-10.95538568702592,True,-7.995938747409559,1.6987750714305916,False
APPS,2022-11-10,DT,OK,-59.31761628428562,-12.726839668786694,True,-29.16104844279277,-18.43134519740972,True
LZ,2022-11-11,DT SW,OK,-21.239520110564392,-5.4029947724386185,True,4.639072627922958,-9.638277244150384,True
DOCS,2022-11-11,DT,OK,-33.27310257264755,-5.195702262510848,True,-8.948813533532974,-12.349054316197872,True
SNDL,2022-11-14,DT SW,OK,-32.09422709518692,-7.710339225519203,True,9.806571500971373,-8.670832369050373,True
YOU,2022-11-14,DT SW,OK,-0.02120524319271233,-0.027088248803608383,True,2.65880664177478,-2.0033507721000765,True
TOST,2022-11-11,DT SW,OK,9.531424565707901,-3.96053143704701,True,4.414651463893415,3.319488645558022,False
MNDY,2022-11-14,DT,OK,-25.712816314617413,-9.86661949133647,True,-13.150979891244852,-10.510837101375436,True
DLO,2022-11-15,DT SW,OK,-14.609082729554391,-2.8603234769168595,True,0.5316491829015613,-10.53152434158019,True
NU,2022-11-15,DT SW,OK,-20.12486228424535,-6.437370075764049,True,-8.196859699476612,-1.0978918806094806,True
SHLS,2022-11-15,DT U,OK,20.525387704747633,1.2100665156571822,False,0.2373220084936234,-6.501609970136302,True
BBWI,2022-11-17,DT SW,OK,-23.41987807799294,-5.596411355733133,True,-9.64880406508286,-5.5443570354551275,True
DAVA,2022-11-15,DT,OK,-30.962572333364903,-5.479832749556435,True,-8.589345314842866,-15.71852245313503,True
SE,2022-11-15,DT,OK,-45.403752955558296,-13.205033760504248,True,-15.05020940679822,-15.280662993843352,True
GRAB,2022-11-16,DT SW,OK,-3.253226180357005,-9.811273416592336,True,13.851302197002745,-9.339137316976675,True
CLFD,2022-11-18,UDS,OK,17.438337617239586,5.6849073474588785,False,-7.4442398036509205,-4.356460882021174,True
JMIA,2022-11-17,DT,OK,-32.931488241786234,-5.947327096336307,True,-16.298781564541752,-18.614009370239437,True
TWST,2022-11-18,DT SW,OK,-37.23854541680771,-6.411629084736836,True,-25.29235982023107,-12.34156654462949,True
STNE,2022-11-18,DT SW,OK,-2.988485411414332,-4.595771814912586,True,-4.260272378070084,2.440478556381409,False
ANF,2022-11-22,DT SW,OK,-21.378969823957274,-6.859935852082433,True,10.813704496788002,1.15280017328101,False
AEO,2022-11-22,DT U,OK,-6.055448964622645,-7.547919854085805,True,19.33831494299301,-1.1093358509749907,True
YMM,2022-11-23,DT SW,OK,-13.813674709787927,-3.69974857390033,True,0.5436562520468868,-8.649214659685867,True
BZ,2022-11-29,DT SW,OK,-30.533722584025735,-6.61688872446804,True,-3.3023404937480128,-17.64886044399382,True
PDD,2022-11-28,DT SW,OK,24.058008203866432,0.7973541345926316,False,8.359949503439502,-0.03723228995059502,True
BILI,2022-11-29,U,OK,-42.94143906313378,-9.328109044361954,True,-4.156516443361758,-23.18038807471433,True
WOOF,2022-11-30,DT,OK,-38.903284994608164,-5.074527442843957,True,-11.183902667290601,-15.522911988868149,True
OKTA,2022-12-01,DT,OK,-45.73099796135014,-12.499766223842656,True,0.7429128532236762,-14.776873556851555,True
BEKE,2022-11-30,DT SW,OK,2.2064692433609645,-4.868906627542957,True,9.069122827279518,-11.275633718025869,True
PATH,2022-12-02,DT,OK,-31.02270057872595,-11.234956673798868,True,5.364453360734611,-9.79033325976606,True
XPEV,2022-11-30,DT,OK,-65.95452563614943,-12.698897975133072,True,-20.097537610763972,-29.716454224112876,True
GTLB,2022-12-06,DT SW,OK,-24.002696486636545,-5.050744650209227,True,-15.308539409258826,-12.297400996814234,True
IOT,2022-12-02,DT,OK,-25.077476700230438,-7.3019046616857874,True,-10.365058670143412,-12.256506403126899,True
MDB,2022-12-07,DT,OK,-48.50887847291049,-8.124540009488367,True,-16.365902212439508,-17.37772874669875,True
DOCU,2022-12-09,DT,OK,-36.89832553396637,-9.454553290297651,True,-7.0256715402924215,-8.07687348849202,True
PD,2022-12-02,DT,OK,-15.566253496201998,-3.650695026442774,True,-1.3042563635088822,-4.544846050870122,True
FLNC,2022-12-13,DT SW,OK,31.40905652881447,1.154213245437452,False,14.798302053020794,-2.762129747410502,True
MBLY,2023-01-26,UT,insufficient_history,,,,,,
CALX,2023-01-26,UTU,OK,7.673927301983108,4.075122963381239,False,-13.778737940926167,-1.6376456538728101,True
AEHR,2023-01-06,CPH,OK,20.637836761708826,7.735942773929194,False,-23.722113520222255,10.780620033663446,False
SI,2023-01-17,DT,OK,-81.35605070306757,-14.066277782632753,True,-45.94328959654037,-43.35725651933879,True
SOFI,2023-01-30,DT U,OK,1.4106148231930016,-6.166772796994713,True,21.07129754188577,-0.7364544976327991,True
PTON,2023-02-01,DT U,OK,15.470656789594251,-12.333780890233747,True,21.208144287374854,7.383658308251362,False
TSLA,2023-01-26,U,OK,-38.439770102739644,-8.028910789064748,True,-5.1320518748949056,-18.928973283440687,True
ENPH,2023-02-08,DT,OK,-8.30650695291818,1.2936523303010095,False,-15.027988023729378,-9.74565034223238,True
PI,2023-02-09,UDS,OK,42.89165972181366,8.90968201080451,False,4.535615488119826,5.117924155343956,False
APP,2023-02-09,DT,OK,-48.03268039483688,-13.830117848150003,True,11.948863736690619,-10.284356435643572,True
EMBC,2023-02-14,DT SW,insufficient_history,,,,,,
FLNC,2023-02-09,DT U,OK,50.06017684693693,7.819369150069355,False,13.746905415073263,17.754975878203116,False
NET,2023-02-10,DT U,OK,6.561491311309031,-10.316048190079064,True,21.850059699616665,2.7829928691997408,False
BE,2023-02-10,SW,OK,15.838345726500958,0.6485420134393571,False,7.238119431692369,7.960233116215343,False
MNDY,2023-02-13,DT U,OK,15.910449943814186,-1.629917398077474,True,10.428962390343411,13.50871778309266,False
UPST,2023-02-15,DT,OK,-38.6190189971404,-20.287067029251173,True,2.09398705799666,-2.07660907537498,True
PLTR,2023-02-14,DT SW,OK,-7.473266339601059,-5.842048323115789,True,6.774048714782799,0.28422681862954047,False
TXG,2023-02-16,DT U,OK,18.625589106033004,-4.38596813770552,True,13.17025923742763,11.110416610049745,False
RBLX,2023-02-15,DT SW,OK,-1.1845662869553575,-1.1531078598087996,True,9.013227060463059,2.899480483540273,False
BTU,2023-02-14,UDS,OK,5.61876597664277,0.0688158063687716,False,-5.85123494298887,-1.2948066610217523,True
DKNG,2023-02-17,DT U,OK,22.746319678006266,0.03205802157195681,False,27.345269419974816,4.67009938929468,False
DOCN,2023-02-16,DT U,OK,-9.808835727726528,-5.174353060087333,True,18.029128158173346,0.567597315243118,False
CYH,2023-02-16,U,OK,29.885072165475624,-12.430732029509562,True,14.234315268720476,19.19695507665915,False
ROKU,2023-02-16,DT U,OK,-6.854293134630318,-7.148824120972641,True,25.319269046594563,1.1282022619935939,False
TDS,2023-02-17,DT U,OK,-22.787690429281003,-4.644155363055146,True,-2.977788625823774,6.7125581395348854,False
IQ,2023-02-22,DT U,OK,80.58803354846755,8.515303049783117,False,24.556996868871074,40.85005331007074,False
VRT,2023-02-22,DT SW,OK,23.780747470241103,1.904891798508812,False,6.835811700131655,2.4369253718498074,False
FVRR,2023-02-22,DT U,OK,7.885773045695066,-5.577671513297888,True,9.480799554772279,5.6792422775783225,False
GLBE,2023-02-22,DT SW,OK,6.042276739870367,0.5324216608002308,False,6.188209447088999,12.620620767390921,False
SPT,2023-02-22,DT SW,OK,0.9196025526824192,-0.7584589958105292,True,-2.293104022931036,1.7347430098265892,False
ENVX,2023-02-23,DT SW,OK,-37.72232624518279,-1.5724287996220165,True,-10.643213459981105,-15.701956397201556,True
VCYT,2023-02-23,DT SW,OK,7.046480119139598,1.146386876690375,False,-6.509884917188913,-2.637051255684242,True
LMND,2023-02-23,DT,OK,-18.072890664003992,-2.8054434774591352,True,3.4339308675591873,-7.064529734289337,True
ACVA,2023-02-23,U,OK,29.505797053921977,-3.864573690289552,True,16.44614097917696,9.663233149898854,False
RUN,2023-02-23,DT SW,OK,-11.694922091304816,0.6522124285777586,False,-6.8637689231316745,-8.180920655439605,True
KYMR,2023-02-23,DT SW,OK,22.251237343042106,0.688665710186509,False,0.47288857164708986,8.686135431674602,False
HIMS,2023-02-28,UT,OK,62.0922498068331,8.14728696252429,False,24.760821223561045,15.403437574600144,False
SDGR,2023-03-01,DT SW,OK,-12.194836143159172,-1.0147320129551662,True,-1.244330524727555,11.992304403591314,False
NEO,2023-02-23,U,OK,37.27541716045544,1.0484124448323584,False,18.784923657329955,6.022414248518926,False
BLNK,2023-03-01,DT,OK,-43.22103017755191,-5.351620895801568,True,-23.702735741685277,-6.829785562799473,True
BYND,2023-02-24,DT SW,OK,-17.77917424195179,-9.866310391643118,True,11.787955076112343,8.672478559784501,False
RLAY,2023-02-24,DT SW,OK,-11.044878190684459,-3.7939102021176785,True,-4.576809372604851,3.2689198204412184,False
FOUR,2023-02-28,DT U,OK,20.929542540452918,2.134047352084245,False,-4.1562525195517175,11.390434564593455,False
ALLO,2023-03-01,DT,OK,-37.599190263508305,-1.1361980355772294,True,-6.568183155788365,-12.111728953834222,True
PSNY,2023-03-02,DT,insufficient_history,,,,,,
AI,2023-03-03,UDS,OK,30.202605274091443,3.8318065318344585,False,24.315999486635008,32.99351394966328,False
FCEL,2023-03-09,DT SW,OK,-8.00880885345524,-1.3292074952724775,True,-1.0969250134867825,1.6017052375152385,False
S,2023-03-15,DT,OK,-30.47347229029128,-4.682912977966247,True,-4.172185430463582,3.6304989362432316,False
AMLX,2023-03-14,UDS,OK,5.280223733141498,9.62155797705131,False,-13.431575673078534,-2.033542292455681,True
PATH,2023-03-16,DT SW,OK,-4.945866541139798,-1.2572245533839732,True,-0.7363410764411493,6.545013220059825,False
CSIQ,2023-03-21,DT SW,OK,-1.799363722313485,3.1919440537307997,False,-11.012070197728885,7.340617658183679,False
AZUL,2023-03-06,DT,OK,-47.89481265304333,-9.217692876229467,True,-30.00168265185932,-9.526854219948877,True
GME,2023-03-22,DT,OK,-33.502590902947226,-3.0912887215471585,True,-10.224717958108265,-3.300346265837728,True
ZIM,2023-03-13,DT,OK,-39.49905090488643,-10.879124512332227,True,-2.590291880699247,7.879503839338464,False
MARA,2023-03-17,DT SW,OK,-15.125559665174215,-5.415358069114983,True,11.605183863323877,16.663538164877735,False
OCUL,2023-03-07,CPH,OK,33.810542975845735,4.540013411966748,False,29.26840568966318,31.39534883720929,False
LOVE,2023-03-28,DT SW,OK,-10.34229630189991,-3.343190939668206,True,-9.23805345878652,5.121966733454197,False
MCB,2023-04-19,DT,OK,-48.972026564367724,-6.305974174750817,True,-29.98854357985854,-19.566171308214354,True
BMEA,2023-03-29,CPH,OK,194.13666196552435,10.455810164614299,False,152.06428418996342,33.96743014855459,False
WAL,2023-04-19,DT SW,OK,-50.29280002446372,-6.026931963171133,True,-37.40686117839142,-21.680846122991827,True
RUM,2023-03-31,DT SW,insufficient_history,,,,,,
LUMN,2023-05-03,DT,OK,-61.92769516123785,-12.200278561479927,True,-12.274124615730686,-26.35153790932685,True
LMND,2023-05-04,DT,OK,-40.03525429594143,-3.6770450307809455,True,-17.726308292653982,-11.336069671376336,True
KRUS,2023-04-05,DT SW,OK,0.4871311521305044,4.152735314151346,False,7.40264341364858,9.657559657559634,False
IONQ,2023-03-31,DT SW,OK,1.495459676533173,-1.294667508085523,True,5.442318070488605,10.596391350259404,False
CUBI,2023-04-28,DT SW,OK,-37.853220302836434,-5.158666198932426,True,-16.195594539457726,-18.695426613180153,True
W,2023-05-04,DT SW,OK,-26.62035001319145,-3.6103249665448978,True,-11.762217647556472,-20.85481531079121,True
OPEN,2023-05-05,DT SW,OK,-46.69364964895942,-12.653749184111652,True,-12.595482661593005,-13.535603844111488,True
FUBO,2023-05-05,DT SW,OK,-58.12771048302676,-5.261480156551624,True,-14.660164583968315,-28.315490495958052,True
SG,2023-05-05,DT SW,OK,-38.11190584893218,-4.197430251554213,True,3.975454974563375,-11.241970021413284,True
RILY,2023-05-05,DT,OK,-32.53370163689806,-3.4205920732651274,True,-10.849688132538905,-14.732536560821085,True
FIVN,2023-05-05,DT,OK,-24.725932449185006,-3.6370849143141037,True,-14.389269717742192,-7.972780768050858,True
NSSC,2023-05-08,DT,OK,-6.729732537799515,3.5376006743661703,False,-18.00087449761312,0.5050748281300921,False
STEM,2023-05-05,DT,OK,-62.59133160653657,-3.1026461047154785,True,-34.348303028288406,-25.289325982218237,True
COIN,2023-05-05,DT,OK,-19.414947937750426,0.7671580465186567,False,-21.63418672780537,-2.4787126345405253,True
CVNA,2023-05-05,DT,OK,-55.033724706470146,-9.236228417245796,True,-13.68562386112976,-12.38735426950951,True
SHLS,2023-05-09,UDS,OK,-17.438759404319804,1.7458664264156543,False,-10.31063810433439,-7.854978563615555,True
NVAX,2023-05-09,DT,OK,-60.61462334099013,-21.2817135568498,True,0.7056151828922053,-10.019947455483125,True
UPST,2023-05-10,DT SW,OK,-28.508820332111796,-7.521464173979753,True,-7.625335177767156,-10.912595274946678,True
BFLY,2023-05-11,DT SW,OK,-37.20167274468115,-3.708172894408579,True,3.5667843210105854,-4.801485542488281,True
GH,2023-05-10,DT,OK,-38.754578567549004,-5.593037023200864,True,-4.478634112156977,-8.473760932944618,True
FVRR,2023-05-11,DT,OK,-16.245166867195447,-0.844231902439152,True,-16.568728982185053,-8.699370534647134,True
FLNC,2023-05-11,SW,OK,12.683036022249428,5.469542299268726,False,7.145151962989149,-4.637506510483158,True
LUNR,2023-05-12,DT,insufficient_history,,,,,,
CRDO,2023-06-01,UT,OK,9.893484389106465,-3.521606626861784,True,47.579563199683285,0.8383419459291774,False
SFIX,2023-06-07,DT U,OK,-12.627467739829312,-7.389633734065515,True,-3.229199537183136,-14.771734014657422,True
DBI,2023-06-08,DT,OK,-36.81286178142158,-7.415341049701995,True,-9.207676421699473,-8.853843858320154,True
GTLB,2023-06-06,DT U,OK,-19.014169088806465,-6.297247848022314,True,9.160879701010183,-10.721158478670823,True
TOP,2023-06-30,DT,OK,-4.7153502410243515,-5.319832751721809,True,-39.83339403989601,6.483098069571125,False
AEHR,2023-07-14,UDS,OK,43.63148798824044,9.620144204778791,False,15.14698402728174,16.0333974019943,False
ROKU,2023-07-28,UT,OK,16.831016501802853,1.2206812142558698,False,4.002391490685686,9.14136184917982,False
TLRY,2023-07-26,DT SW,OK,-38.75709715931356,-4.834303258427941,True,-7.529722589167765,-14.543744120413937,True
APLD,2023-07-24,UDS,OK,102.82030567542178,19.83141292028714,False,-4.329937789674576,32.48940991035365,False
SIMO,2023-07-28,DT,OK,-17.038638018059228,-1.0594819945507594,True,-17.890773305979234,0.9482136740399216,False
CVNA,2023-07-19,UT,OK,222.19024605458614,-2.2489247971259285,True,92.45834098975814,68.67149522038436,False
QS,2023-07-27,U,OK,22.760472961907574,-0.8566381337109075,True,20.834622923759394,14.344697416538876,False
ENVX,2023-07-27,UDS,OK,53.56957019414323,-0.6644826494269673,True,23.363349590440862,22.45551547506888,False
SYM,2023-07-31,UDS,OK,84.77976359317351,16.21599605946942,False,3.43254814836611,19.585821026826046,False
SOFI,2023-07-31,UT,OK,54.70096546361696,6.233006367234539,False,18.295553078161774,21.94495634572975,False
FSLY,2023-08-03,UT,OK,26.892785238782135,7.2275204923117675,False,-1.0645335899440833,10.301044168181406,False
CSTL,2023-08-03,DT SW,OK,-22.935341879753434,-4.016335845241226,True,-0.4576930373743182,-12.444587481702197,True
SABR,2023-08-03,U,OK,-23.47811660773721,-3.578212793185487,True,4.701642879437062,1.720206655698897,False
CHRS,2023-08-03,DT SW,OK,-35.6474548123545,-6.672202041169351,True,-3.850414285081305,-14.63100956992095,True
STEM,2023-08-04,DT SW,OK,-15.58352885677754,-7.954155906483518,True,12.300171753203859,20.439175749860784,False
RUN,2023-08-03,DT SW,OK,-20.229652748589267,-4.199686437120365,True,-5.097296549669639,3.21082280079501,False
NET,2023-08-04,DT SW,OK,16.139538870318006,2.0609341042358897,False,-1.282837420240046,11.167879270547875,False
TWST,2023-08-04,DT,OK,-4.293370683767616,-4.856043401741427,True,3.922613600941194,27.446432232930086,False
EVGO,2023-08-03,DT SW,OK,-23.667557811923345,-6.642968789391412,True,2.757985555717113,-12.06632000681952,True
FUBO,2023-08-04,DT U,OK,48.03883136947451,-4.930287618379525,True,41.42215173143011,29.466119096509246,False
AAOI,2023-08-04,UDS,OK,113.42919834503303,20.174559466007615,False,19.955585488832718,83.92032139270162,False
AMC,2023-08-08,DT SW,OK,-4.173685195582999,-4.05645639174701,True,11.571148398343878,-5.428241694831437,True
NVAX,2023-08-08,DT,OK,-29.986756138378567,-9.466322204334155,True,-4.538241827991129,2.963088827312177,False
RKLB,2023-08-09,DT SW,OK,38.87078865471531,6.247473041156892,False,8.834199431316803,23.003015075376897,False
CLOV,2023-08-09,DT U,OK,24.247218333657973,-5.149643772813828,True,32.16655768722438,10.320006139206495,False
TRUP,2023-08-04,DT SW,OK,-30.82269886108233,-6.742637771171056,True,18.30536865231409,0.4580742185912534,False
GENI,2023-08-07,UDS,OK,46.22483055703759,7.661869355713691,False,11.880499531311429,23.68539157753007,False
SOUN,2023-08-09,DT,OK,-19.54554146861327,-2.4664836224304265,True,-38.206433983356106,1.4554848465754944,False
BLNK,2023-08-09,DT,OK,-35.111297774044516,-9.657897108274883,True,-2.2275661308695183,-4.997520027655455,True
AZUL,2023-08-10,DT SW,OK,24.841159150782577,2.084401161797378,False,-13.881572195806113,11.621069512590942,False
FLNC,2023-08-10,DT SW,OK,33.45665485169547,7.244748569843851,False,3.5136426055286885,12.93903456646519,False
ACHR,2023-08-11,UT,OK,93.94221652999786,9.549927113702616,False,30.366726296958866,32.7712131108604,False
NVTS,2023-08-15,UTU,OK,30.712008501594035,8.312984567825122,False,-10.998552821997109,9.389841241123499,False
CAVA,2023-08-16,DT,insufficient_history,,,,,,
IONQ,2023-08-11,UT,OK,93.8988146073173,17.517884814567996,False,7.028103362447369,32.18807952302143,False
PGY,2023-08-11,UDS,OK,92.34340041482893,6.245703866939967,False,35.40445486518169,45.91497929307358,False
AFRM,2023-08-25,DT SW,OK,2.85610014504869,-2.215825399513127,True,-13.551343365801138,1.2036896254624674,False
NSSC,2023-08-29,DT U,OK,-29.573763599096015,1.7726736411547206,False,-34.093276241175786,-5.170048616674528,True
RGTI,2023-08-11,UT,OK,53.26873616843113,2.6132420888291152,False,2.5685927463991565,64.94799629443936,False
VFS,2023-10-05,DT,insufficient_history,,,,,,
APLD,2023-10-09,DT,OK,2.7812568338601684,7.787664664884519,False,-17.613500549774507,-16.479669927463913,True
TLRY,2023-10-04,DT,OK,-9.381447469557836,-4.6472828969574165,True,-12.407617408986049,18.16375566029016,False
NXT,2023-10-26,UDS,insufficient_history,,,,,,
MBLY,2023-10-26,UDS,OK,-13.837777288668185,1.073329661967204,False,-8.714094479299384,-1.2442096600788322,True
VRT,2023-10-25,UDS,OK,67.40762663338245,12.266336013868173,False,3.2670815341630632,10.320027087298156,False
JKS,2023-10-30,DT,OK,-39.520579705405176,-3.9367401780655342,True,-13.50972138705151,-11.59427994258676,True
COCO,2023-10-31,UDS,OK,1.7036559135105378,5.574003604356914,False,-12.974506781062157,-0.9267526028023942,True
SOFI,2023-10-30,DT,OK,-5.578042428032459,4.437538576370459,False,-15.312738837799856,-7.238256414947641,True
WOLF,2023-10-31,DT,OK,-50.03456303224591,-6.851050433395589,True,-28.310962836527274,-20.707474623192855,True
RGEN,2023-10-31,DT,OK,-30.83178908451477,-1.3788385402624281,True,-26.899948265882635,-6.462731090952323,True
TGTX,2023-11-01,DT,OK,-55.49561505146359,-1.724440345482181,True,-12.032137289042133,-20.60768688675665,True
HRMY,2023-10-31,DT,OK,-45.89939510802622,-7.250840275430859,True,-37.00419972001866,-9.665777408215837,True
ACLS,2023-11-02,DT,OK,-14.625819194559897,4.539486268054049,False,-21.808498894893447,-6.219888759869829,True
ELF,2023-11-02,DT,OK,-3.6258554683458066,5.176433503790379,False,-16.973602629022878,-7.240565807181076,True
ROKU,2023-11-02,DT,OK,-10.242165734758824,3.102661184376232,False,-16.22581143089682,-9.672471924354198,True
JOBY,2023-11-02,DT,OK,-9.871280719011954,4.187981779957983,False,-17.345176412533903,-10.492753623188422,True
FSLY,2023-11-02,DT,OK,-11.889642550191981,4.228991989276065,False,-23.431555870784713,-7.720227293011628,True
SABR,2023-11-02,DT,OK,-20.88741714369671,-5.484134571732236,True,-19.469881735769167,-9.001067816838004,True
SDGR,2023-11-02,DT,OK,-32.48836766683326,1.3139670234488587,False,-24.802310911334637,-19.043938104340796,True
MOD,2023-11-02,UTU,OK,28.270084292215092,7.71192815835251,False,-8.480970982639391,1.6650006106359028,False
SITM,2023-11-02,DT,OK,-18.07411942380067,0.5876686262718644,False,-15.23374459204433,-6.810332580548762,True
PRCT,2023-11-02,DT,OK,-17.41749055584323,-3.2275773444463085,True,-11.061324104802361,-6.108790669196584,True
LNTH,2023-11-02,DT SW,OK,-13.275597985353683,2.315242612440027,False,-1.1806290707480183,-3.400641303405838,True
PLTR,2023-11-02,UDS,OK,19.23170668360843,8.654822996170775,False,-4.859074097691629,-0.20872044187643102,True
LMND,2023-11-02,DT,OK,-27.70173680145911,-1.9488114763342668,True,-10.947037774647427,-15.130819545979236,True
INMD,2023-11-02,DT,OK,-45.167627001558095,-3.670327001474538,True,-36.411723232275975,-20.351469245775643,True
TRUP,2023-11-03,DT,OK,-33.87450033612108,-7.061094215326868,True,-14.083925015966026,-8.270127399729155,True
PRTA,2023-11-03,DT,OK,-38.9495338266034,-2.348598727689599,True,-27.20488410251284,-14.018390409487402,True
CLDX,2023-11-03,DT,OK,-29.88624400813564,-5.415542859352507,True,-9.422886848399315,-9.422731279941509,True
FUBO,2023-11-03,DT SW,OK,31.301514280237708,2.674112524293326,False,9.328864416247695,-1.9790362953692076,True
SPT,2023-11-03,DT SW,OK,-18.18020631772971,-1.81883113421486,True,-12.304193412823338,-1.644034347634027,True
ATEC,2023-11-07,DT,OK,-30.17045925961044,-0.9102257359825172,True,-17.82765326617144,-12.52196223889338,True
MQ,2023-11-08,DT SW,OK,2.670389667712536,-1.704331094846434,True,-7.945903162531431,-1.065640746288965,True
ENVX,2023-11-08,DT,OK,-20.926330389118785,0.4845981613452066,False,-12.231311244618759,-17.044590235549727,True
ODD,2023-11-08,DT SW,insufficient_history,,,,,,
RIVN,2023-11-08,DT SW,OK,-4.397338272621254,0.10850754058733258,False,-14.90401055151187,-8.54301440365991,True
VSAT,2023-11-09,DT SW,OK,-43.751733978042886,-4.659015506371677,True,-12.95473057182952,-15.717428703765002,True
TPST,2023-11-09,DT,OK,62.61522182273212,20.077288517718106,False,27.927126901895317,212.31121463019323,False
SPCE,2023-11-09,DT,OK,-56.66305525460456,-6.819564345158746,True,-13.96426207809398,-24.386989157631355,True
MARA,2023-11-09,DT SW,OK,-16.391434766983892,3.137890691974854,False,-7.294964652816938,-17.201134772147807,True
AFRM,2023-11-09,UT,OK,39.90060370710884,5.381225164553349,False,6.8604822472130955,7.083508624316348,False
BE,2023-11-09,DT,OK,-39.64793626629521,-5.8327737972807885,True,-20.41324805992415,-11.597923681257027,True
NKTX,2023-11-10,DT SW,OK,-37.30743059856114,-9.284664040392821,True,13.604876697146008,4.645093945720258,False
NVTS,2023-11-10,U,OK,-23.489368854525583,2.095624448723088,False,-14.232311356305205,-15.428644273057534,True
INDI,2023-11-10,DT,OK,-39.981897373904275,-1.729701010957252,True,-15.249875619756725,-12.875356859931554,True
VRDN,2023-11-14,U,OK,-38.771066593577096,-8.372290735339948,True,-4.086109968462903,-14.354162507486535,True
MNDY,2023-11-13,SW,OK,-8.093639934926976,1.3194968367463922,False,-6.434716646500571,-7.444311359481448,True
EH,2023-11-22,UDS,OK,7.446743522389099,1.2023782607466726,False,-4.64624935718313,-10.564929487712282,True
SYM,2023-11-21,UDS,OK,11.382206422760799,6.845026737197246,False,4.44187118461139,-3.636555685859222,True
TWST,2023-11-17,DT SW,OK,2.738157770684313,-5.142324202780024,True,2.227892615147109,-8.191428627674869,True
FLNC,2023-11-29,UDS,OK,-8.579933363024928,-1.844588417839621,True,1.958180546962618,-12.10891391132507,True
TLRY,2024-01-09,DT U,OK,8.245634324043017,-2.249604340945055,True,21.41967621419676,1.3995580343049374,False
LESL,2024-02-02,DT SW,OK,-5.167207014572051,-5.249828974372461,True,7.732105113725973,13.06534455699817,False
SMCI,2024-01-30,UT,OK,91.78121148098816,11.18732911043483,False,56.21986195593938,15.938862155566124,False
ULCC,2024-02-06,U,OK,-21.406143292624748,-6.214509347884444,True,5.2093973442288055,11.607651793246543,False
TWST,2024-02-02,DT U,OK,51.686693551605266,9.786890478604548,False,4.5389255058005284,27.005017783792205,False
ENPH,2024-02-07,DT SW,OK,-24.952002994154487,-6.821434789588765,True,-10.935342833799744,8.53711786193112,False
VKTX,2024-02-08,CPH,OK,47.025260957826355,3.3958772553536853,False,25.35974354509982,33.21736045734245,False
CLSK,2024-02-09,U,OK,81.73085660137336,8.908282950138325,False,13.641283172431695,19.203725922772264,False
LUMN,2024-02-07,DT SW,OK,-20.302284579289044,-5.697980320673535,True,-11.660777385159015,3.452337594993815,False
REPL,2024-02-08,DT SW,OK,-53.00555446478899,-5.573795982321728,True,-11.333110271975544,-16.00184690743379,True
PGY,2024-02-21,DT SW,OK,-12.504665015696991,1.794462392646201,False,3.4537641254177798,-4.83186913056649,True
TNDM,2024-02-22,DT SW,OK,-9.433841019240784,-6.100700975331508,True,-11.925071866016735,7.517290902906337,False
SPWR,2024-02-15,DT SW,OK,-38.826077446329386,-12.806250703485556,True,5.225500838843389,-7.879724539194077,True
COIN,2024-02-16,U,OK,73.99683608698791,7.993487342595884,False,14.851130972023086,7.480306746820609,False
DOCN,2024-02-22,DT U,OK,6.58999719030553,0.7686430775683872,False,0.211324298940041,9.273513672018163,False
NVCR,2024-02-22,DT SW,OK,-43.673602590581574,-15.108191712929575,True,10.187784816377189,8.039844827717646,False
W,2024-02-22,UDS,OK,-13.986306224972168,3.070473961083131,False,-12.826854618496863,0.9733264523206886,False
MRVI,2024-02-23,DT SW,OK,-43.81404758763249,-8.349498909138564,True,-15.52601996958276,2.6610549181997234,False
ARQT,2024-02-27,DT U,OK,53.65464967849864,-9.604523823175281,True,93.7380038387716,73.16760724301494,False
CVNA,2024-02-23,CPH,OK,41.10691251559891,12.19197240362715,False,8.018202953033416,14.085917844294471,False
BEAM,2024-02-27,DT U,OK,29.82962581506168,-0.5770759681481552,True,27.757674382088204,2.757629318880217,False
FATE,2024-02-27,UT,OK,84.58759943162957,1.2436473150662763,False,40.20011296699752,48.82017412188529,False
CAN,2024-02-27,DT SW,OK,-5.213270142180093,-4.512824046954512,True,0.25955519364853075,2.8743455497382,False
DNLI,2024-02-27,DT,OK,-26.783910666834277,-3.439254761859911,True,-9.877702601754413,-3.2722242867170626,True
RNA,2024-02-29,U,OK,66.28663740850014,-0.4172374971176174,True,32.863175307997025,28.14204906784481,False
BYND,2024-02-28,DT SW,OK,-25.030344267238913,-6.252935225273415,True,-2.614641474248569,-4.985788288565418,True
ACMR,2024-02-28,UT,OK,37.94915380317712,5.792733464940714,False,14.644989871885938,3.112946014420026,False
KROS,2024-02-29,UT,OK,68.87016137184987,3.7363040359263744,False,31.828164398842638,26.582172975093155,False
ESTA,2024-02-29,U,OK,-17.435254781257637,-6.620623432935513,True,15.197297086820294,20.020850559010704,False
AI,2024-02-29,DT SW,OK,-2.31656801813509,2.7046297015918874,False,7.725465153406286,-2.274290658175593,True
NVTS,2024-03-01,DT SW,OK,-20.045056043337127,-0.057263892187742194,True,-7.951547133605185,-6.993865030674851,True
SANA,2024-03-01,UT,OK,91.18984256354348,3.9125573848345585,False,64.31271786982633,30.31970482223216,False
APGE,2024-03-05,UT,insufficient_history,,,,,,
SYRE,2024-03-01,UT,insufficient_history,,,,,,
FUBO,2024-03-01,DT,OK,-18.19636823489893,3.088016621514278,False,-20.335591133004925,-14.851225586577554,True
PCT,2024-03-06,DT U,OK,-12.965924467954226,-1.7313220833286125,True,32.9512355538852,11.696489478931626,False
LXRX,2024-03-11,UDS,OK,22.66990771491968,-1.385307931375701,True,6.47171385113583,37.015126050420164,False
GCT,2024-03-15,UT,OK,137.56944526957412,24.552431289640598,False,23.77691148482768,37.859295600183394,False
CIFR,2024-03-05,SW,OK,-7.899170450716431,3.388326241487727,False,-15.36919084689784,6.604633617302169,False
JANX,2024-03-11,DT,OK,232.51895007204166,11.506946918418226,False,143.66358389286393,67.24092044384393,False
LU,2024-03-21,DT U,OK,-20.047601333141007,-7.182088797615038,True,29.51575710991545,-3.152998907214477,True
ALT,2024-03-27,UDS,OK,56.79521457379801,11.926028495057217,False,-13.52421322029832,0.5943461689310814,False
ANNX,2024-03-27,UT,OK,97.38776798330238,4.234544734107359,False,31.9904076738609,15.124676988316367,False
BB,2024-04-04,DT,OK,-28.21469171914317,-5.947861604997595,True,0.8324960528204528,-8.515527542511991,True
APLD,2024-04-12,DT,OK,-46.55827454598469,-8.122815856184351,True,-28.01369381199148,-17.89495976281237,True
KRUS,2024-04-05,CPH,OK,23.80176934603815,3.032860078437727,False,3.03642439299292,9.011934144806123,False
SNAP,2024-04-26,DT SW,OK,-4.470607952402883,-0.11132688251246359,True,1.7838967161300623,-12.614496372005924,True
VRT,2024-04-24,UDS,OK,60.194410495900556,13.443744333115282,False,6.2051609510573424,16.197477288740103,False
CXAI,2024-04-17,UDS,OK,29.70104075963014,-19.268235530412092,True,45.39099393894321,65.30210830413672,False
ENVX,2024-05-02,DT,OK,-43.40086733403956,-8.662070647917563,True,-17.88648404290898,-15.917009623643041,True
ROOT,2024-05-01,UDS,OK,243.72486218927816,37.77762668071871,False,35.539325864561874,80.02396241684097,False
ASPN,2024-05-02,UDS,OK,33.28604393535364,7.582259698047422,False,-7.205306734626693,7.926460137393754,False
CAR,2024-05-02,DT SW,OK,-43.86833377221681,-6.623679147485184,True,-14.42315334648372,-14.287439520030976,True
CVNA,2024-05-02,UDS,OK,69.48888659677448,10.63398711808279,False,10.649208087594442,18.035505940151573,False
PTON,2024-05-02,DT,OK,-40.451697912573096,-8.160449060353104,True,-18.820118492373627,-13.803594323836831,True
BMEA,2024-05-03,DT SW,OK,-19.203138412880083,-7.95067569989606,True,-16.689362355882388,-14.089019276110937,True
OPEN,2024-05-03,DT,OK,-34.731920791895,-5.042185154068946,True,-23.644569649989343,-13.85805259245867,True
W,2024-05-02,DT SW,OK,-14.243431213150814,-1.0373654796545062,True,-14.679859516412264,3.115902664605197,False
SABR,2024-05-02,DT U,OK,-23.652566524283092,-1.757460153244339,True,16.695505211057892,-18.28823200605004,True
TWST,2024-05-03,U,OK,15.253022871478095,3.985327166924546,False,-6.008303921165603,-6.045123236425242,True
XPO,2024-05-03,UDS,OK,19.611931103439815,7.156545310018725,False,-9.976923941575922,5.0566305106644505,False
FUBO,2024-05-03,DT,OK,-35.88550391925709,-3.448620152562021,True,-1.898734177215189,-18.066791122173818,True
OSCR,2024-05-07,UT,OK,87.4209611128675,9.121291998857206,False,23.31634510374956,3.237410071942426,False
JMIA,2024-05-07,U,OK,46.1687487474113,1.9117386745823195,False,1.247547477140598,8.20781925973404,False
AGL,2024-05-08,DT SW,OK,-57.66728012274789,-9.32882698873928,True,-7.093018917204574,-9.489716659349579,True
ARCT,2024-05-09,DT,OK,-8.077119276778754,-1.0886599591668933,True,-15.051574714653205,-10.801448064605957,True
RDDT,2024-05-08,U,insufficient_history,,,,,,
BCRX,2024-05-06,DT,OK,-25.12325217479092,-4.1999468055096685,True,-9.897141005912358,-7.620365867345058,True
TARS,2024-05-09,UDS,OK,60.828298029691894,7.2032710037702286,False,8.721597028567452,4.561862730178046,False
AMRC,2024-05-08,DT SW,OK,-27.58118217858859,-9.1225858571511,True,5.517863073492424,-1.980207228826003,True
OUST,2024-05-10,CPH,OK,74.5024152145874,4.897201220321001,False,41.59074119674955,20.2784085299635,False
PGY,2024-05-09,DT SW,OK,-38.05364554295979,-5.579137351894281,True,-10.150433845048001,-14.35669686043446,True
NTLA,2024-05-09,DT SW,OK,-22.76034381721739,-6.345052736528078,True,-10.670591982103062,-6.643993067389886,True
SYRE,2024-05-10,UDS,insufficient_history,,,,,,
NVAX,2024-05-10,DT SW,OK,-23.321697215050897,-6.0916281392464295,True,-4.1060625563135495,-0.09858551221605394,True
GRPN,2024-05-10,U,OK,-16.298813236744834,3.4796004223446753,False,-20.18001307527405,-15.320093984357408,True
SG,2024-05-10,UDS,OK,65.55698048240603,5.5842440700098805,False,6.651698007297213,23.467733822197868,False
SOUN,2024-05-10,DT SW,OK,57.792892675918296,2.006048643291014,False,-12.693452927985883,9.165696857819338,False
ARRY,2024-05-10,DT SW,OK,-25.36756919607569,-4.504817586862542,True,-3.956146883373124,-5.147064178093652,True
BE,2024-05-10,DT SW,OK,-5.587165001306815,-4.93746464229472,True,11.769074049391627,0.44754709763794587,False
ARQT,2024-05-15,UDS,OK,27.593458677296855,-2.13867194999271,True,-16.2641233481991,0.14646876192638825,False
CABA,2024-05-15,DT,OK,-34.765434393661266,-0.12604048669903056,True,-29.585854469072327,-21.612043881723796,True
WOOF,2024-05-22,U,OK,-24.65247877967769,-16.755843424387507,True,28.96094325718497,-13.802177858439201,True
CGC,2024-05-30,UDS,OK,32.394188082493436,9.334208446492088,False,-3.813434359474599,42.30235335894375,False
AEHR,2024-07-17,DT U,OK,-12.039352465470632,-15.593263306402704,True,38.58941650892931,3.4779350399400277,False
HUT,2024-05-15,DT SW,OK,-22.879113753307212,-9.130144364953907,True,-7.701421800947883,-1.162858782335785,True
XPEV,2024-05-21,DT SW,OK,-35.499702036667024,-6.237948463246457,True,0.6833823779760939,-4.750984479962939,True
ENPH,2024-07-24,DT SW,OK,-7.813565299688207,-1.3233975930844744,True,-9.900589853818841,-1.9551270304110857,True
VKTX,2024-07-25,DT SW,OK,18.156722317053074,10.348696155975045,False,-11.581103859315556,-11.833349570940566,True
TLRY,2024-07-30,DT SW,OK,-3.971033885631081,-3.0647150832305403,True,1.9669025463865841,-2.757910706545297,True
RGEN,2024-07-30,DT U,OK,-15.76960790447296,-1.9099663825800084,True,0.6933980884306967,-10.052367291674468,True
CVNA,2024-08-01,UT,OK,78.31247578367216,13.564930322552238,False,11.684684201349294,10.059822341301029,False
EVGO,2024-08-01,UDS,OK,47.32541075590597,0.6312436658462595,False,42.36458680903124,30.626180444573613,False
SDGR,2024-08-01,DT SW,OK,-14.652283712204262,-2.3712532525026697,True,4.461656758125332,-3.115261967275651,True
POWL,2024-07-31,U,OK,5.707526240118521,4.782420257002995,False,-15.193980211655056,-3.7995761885001533,True
TMDX,2024-08-01,UDS,OK,48.532955162123145,10.674222383870013,False,-0.5930457058166305,9.023819989837257,False
COMP,2024-08-01,CPH,OK,30.911910299994027,4.374620663896556,False,11.864234023035358,6.525515743756749,False
WGS,2024-07-31,UT,OK,157.21908014086011,31.530929629338523,False,9.526198317665923,26.903595449638807,False
CDNA,2024-08-01,UT,OK,81.09631669660023,10.292534390463848,False,27.021445591739468,20.14917966453662,False
DFH,2024-08-01,DT U,OK,2.6565430937851353,2.3302157243363375,False,13.8036013158654,-4.920124289212491,True
ALGM,2024-08-01,DT,OK,-15.803556809396092,-0.990192568267545,True,-16.93043442203762,-0.24267493967597975,True
IESC,2024-08-02,UDS,OK,32.730377768074725,7.992140275759385,False,0.7793641325253509,-1.7141949146738056,True
EVER,2024-08-06,UDS,OK,45.104611886042,11.4879201122156,False,5.86405570676185,3.1755727974763115,False
SABR,2024-08-01,DT SW,OK,4.182486407678532,-3.0178952794756686,True,14.554805958185813,5.0817716010388425,False
BHC,2024-08-01,DT,OK,-22.29081021173499,-1.3940071670012988,True,-9.765660072426884,-4.773711810305514,True
TNDM,2024-08-02,DT,OK,11.075183166794167,7.464374039111865,False,-21.22478566698286,0.7487952105958096,False
LCID,2024-08-06,DT SW,OK,-9.938307740802465,-5.1921530678316845,True,-0.4810084591142849,10.514352751402312,False
TVTX,2024-08-02,DT SW,OK,20.19043159291347,1.1499394768696325,False,11.79673321234118,20.162251751911842,False
RXST,2024-08-06,DT,OK,-12.83256231761073,4.56638839530179,False,-23.90527531623722,-8.464510442927686,True
FUBO,2024-08-06,DT SW,OK,-34.9262331727187,-5.20789188680133,True,1.6607170572714436,0.8452026921271116,False
ARCT,2024-08-06,DT,OK,-32.33777434357128,-0.7052898435716215,True,-28.24094218663882,-6.904269216877035,True
PLTR,2024-08-06,CPH,OK,11.591581297640086,5.544242714625502,False,-4.520701053482668,9.438463473666857,False
ICHR,2024-08-07,DT,OK,-20.628634789889333,1.568513094405266,False,-24.369838497531106,-3.274953203781261,True
STRL,2024-08-06,UDS,OK,6.493884077835244,4.514574696677021,False,-12.274399110426836,-0.8943330648920833,True
DAVE,2024-08-06,UDS,OK,18.221382877036028,13.43375955168391,False,-16.555926357466998,-10.735650886132698,True
CELH,2024-08-06,DT,OK,-36.05439338560872,-0.9055090990798043,True,-31.128100068288955,-18.062229525110563,True
TGTX,2024-08-06,SW,OK,10.332713072439104,8.53295574531594,False,-6.587710394763269,9.570962984108867,False
AAOI,2024-08-07,DT,OK,-45.30476276222202,0.09593992020651143,False,-23.183916039704133,-7.444287316526044,True
UPST,2024-08-07,UDS,OK,-14.092423523992126,-0.2699125565869709,True,-4.128460633226094,3.3150753143283973,False
INSP,2024-08-07,U,OK,-17.166474763271424,-2.0585066989833756,True,0.21063251102582115,-12.884771150388264,True
OCUL,2024-08-07,U,OK,34.62727951370375,9.521362330351103,False,16.835231227140103,15.382381082558805,False
VCYT,2024-08-07,SW,OK,-6.048504289604839,0.5322096113722807,False,-1.6035642778549408,3.486961229023189,False
RUN,2024-08-07,DT SW,OK,23.49030481286427,3.901174145457076,False,12.278456018029903,16.569437499503927,False
SHLS,2024-08-07,DT,OK,-51.118280429981375,-8.843699997974607,True,-17.78774289985052,-7.009716025186597,True
KYMR,2024-08-07,UDS,OK,30.084977650477484,9.950387053498599,False,12.953983932282153,8.138602182247133,False
RVLV,2024-08-07,U,OK,1.4018502807740418,2.2673147238231994,False,1.7324038261111285,-6.8738676559399465,True
ACMR,2024-08-07,DT,OK,-31.062144343335586,0.8637067327749826,False,-30.47703099000707,-8.141110899993665,True
LUMN,2024-08-07,UT,OK,241.3754563336413,4.308616592233228,False,236.32664043318866,23.102720158986468,False
STAA,2024-08-08,DT,OK,-4.133659041534388,0.3243834630580533,False,-13.329184579032571,-1.8451298541729444,True
LESL,2024-08-08,DT,OK,-49.93901084201313,-3.8024323003908456,True,-31.03620599185427,-14.847124406902267,True
DUOL,2024-08-08,SW,OK,-19.45017507983553,0.5401755401159614,False,-14.397184335639391,-5.772723320083051,True
AOSL,2024-08-08,UTU,OK,24.348212146149084,4.8240395830615235,False,-7.704101610972924,21.15880631322915,False
FLNC,2024-08-08,DT SW,OK,-27.079985458147384,-2.75298457754779,True,-26.148854880365423,-6.248311605150725,True
BYND,2024-08-08,DT SW,OK,-28.492230012111296,-3.3398957271890795,True,-21.48401210704548,-6.897128986356405,True
VSAT,2024-08-08,U,OK,-6.499273882937295,-0.3050355787414083,True,13.53181702018913,0.5763929496282572,False
IONQ,2024-08-08,DT,OK,-31.468538516193078,-6.225664385891971,True,-11.571172202137902,-4.505377145269851,True
FWRD,2024-08-08,DT SW,OK,-41.54139745938914,-10.792193547003903,True,5.977608108935573,15.524080553273212,False
ALT,2024-08-08,DT,OK,-26.346272954016637,5.767562418778582,False,-17.901870344662886,-4.9879449723443265,True
PCT,2024-08-08,UDS,OK,24.907240934513354,2.864798127020407,False,3.706644172083551,11.447215616877715,False
KVYO,2024-08-08,DT SW,OK,-10.946998416106723,-3.0357052664659823,True,-3.3921575193383124,2.2495377662124394,False
TGLS,2024-08-08,UDS,OK,2.2492691110542973,4.325133507683265,False,-4.623744680168951,-1.4143601008225315,True
NVMI,2024-08-08,DT U,OK,7.472552436001467,6.176363574451771,False,-17.575435147590802,2.6853946615766455,False
SPCE,2024-08-08,DT,OK,-81.05528190962758,-8.792010827796592,True,-48.82779728428053,-33.11598400793887,True
ACVA,2024-08-08,SW,OK,-9.455849805388084,1.603100433769189,False,-16.00303589836537,-1.6401296950383837,True
ASPN,2024-08-08,DT,OK,4.637121291391733,9.090600579384667,False,-27.42251863475872,-3.6353188464970043,True
TXG,2024-08-09,DT SW,OK,-44.13583421915897,-5.68965029367895,True,-0.6151187026587346,-11.944814990554809,True
BOOT,2024-08-08,UDS,OK,20.92416581138339,4.843487784579481,False,-7.936699916609912,5.3684286425748295,False
TARS,2024-08-09,DT,OK,-13.693916810220752,3.748718838502074,False,-16.07869621625464,-13.284098719920612,True
ONTO,2024-08-09,DT U,OK,0.08907877349928484,3.7087252533950066,False,-15.524474195556015,-4.252976983814349,True
ADMA,2024-08-09,UT,OK,74.99596245984893,15.493500679775796,False,5.299529218675758,18.129961835955854,False
FDMT,2024-08-09,DT,OK,-32.12044128625542,3.152295592775589,False,-30.11538315557749,-12.448804964568449,True
DNA,2024-08-09,DT,OK,-72.28902987849544,-11.779971815384338,True,-25.210655780603975,-34.327116744918214,True
IOVA,2024-08-09,UDS,OK,-15.925232754216312,4.9980960428265275,False,-4.100489159973408,-12.73162299470878,True
RKLB,2024-08-09,UDS,OK,5.3858347740114665,1.7861158585949388,False,-2.0473540464505113,9.04429217609386,False
PGY,2024-08-09,DT SW,OK,10.101041402731026,-2.0686392645155594,True,14.943403694935654,9.447716801772899,False
DIOD,2024-08-09,DT,OK,-15.850174717857568,-0.27568223334683006,True,-19.24835759371377,1.7195113628608372,False
EVH,2024-08-09,DT SW,OK,-24.261531789652445,-2.074167525498427,True,-2.07027290814219,-6.205658151858162,True
BE,2024-08-09,DT,OK,-14.038478790992803,1.0911909110022044,False,-22.82685098406749,1.156917060453,False
FIGS,2024-08-09,DT SW,OK,-1.6447000765176911,0.0774373402854911,False,2.556746871302029,5.877216295227594,False
ROAD,2024-08-09,UT,OK,16.731322738080333,4.429995964462186,False,1.8632411730172382,3.0181723929383786,False
PBI,2024-08-09,UDS,OK,23.086257896048433,7.075898554423765,False,-2.7963172125817226,10.398639712828285,False
SERV,2024-08-14,UDS,insufficient_history,,,,,,
SG,2024-08-09,UDS,OK,36.81887005855846,8.128541760009945,False,-7.0223783852709225,-3.264646021640949,True
GRAL,2024-08-14,SW,insufficient_history,,,,,,
LITE,2024-08-15,U,OK,-4.813672712068162,1.5508895588297822,False,-8.857972174957451,3.0752342947222955,False
ANVS,2024-08-15,DT SW,OK,-18.4445612191277,1.0634766791911776,False,-10.958118187033827,12.643470168545123,False
ZIM,2024-08-19,UDS,OK,39.02261123267685,7.460721186065378,False,-0.8231780291598767,-2.2342730981716574,True
BTBT,2024-08-20,SW,OK,6.776180698151979,4.13819392147563,False,-8.290648099868092,10.189941868325004,False
PTON,2024-08-22,DT SW,OK,-22.98082543466551,-3.7198472777030034,True,-2.60869565217392,-4.500913469523338,True
IREN,2024-08-29,UDS,OK,6.20520362557655,7.240464943148472,False,-28.523263654753872,-5.947052747929793,True
VKTX,2024-10-24,DT SW,OK,4.144166982470621,8.458946513941967,False,-3.841407587277579,5.9557230684095686,False
WGS,2024-10-29,UT,OK,133.61180477203996,27.922485517009775,False,28.142415002217234,26.607108232549926,False
JKS,2024-10-30,DT SW,OK,2.1650879566982306,-3.9680976562579073,True,13.279381839664639,7.96371478035498,False
DQ,2024-10-30,DT SW,OK,13.590775480338625,-1.264539337487025,True,23.02428786918218,12.455594753727572,False
ENVX,2024-10-30,UDS,OK,1.376279478663056,-1.2934024051636794,True,5.282281204758998,-2.819207996724671,True
ATEC,2024-10-31,DT,OK,-46.501283921589156,-8.141413390637886,True,-1.4830137082354922,-13.047587110934932,True
PTON,2024-10-31,U,OK,59.024331918455196,-1.4795443568811795,True,34.061769212160286,22.14123904264751,False
TDOC,2024-10-31,DT SW,OK,-25.88750961956704,-9.296246979336198,True,5.340752366005597,5.743022378677387,False
DJT,2024-11-06,UDS,insufficient_history,,,,,,
ARQT,2024-11-07,UDS,OK,4.474504597797502,6.19388478777072,False,-0.19733239660711943,-1.1993957087152674,True
ASPN,2024-11-07,DT,OK,-22.534402352454684,2.8772251581126618,False,-28.503579061641272,-7.291183431487425,True
LTBR,2024-11-01,UDS,OK,207.93844399211147,9.115814399668132,False,145.6158083590236,49.14449385693824,False
HIMS,2024-11-05,CPH,OK,26.549098733899456,8.086721331457735,False,14.4962386110437,8.971800851022916,False
MBLY,2024-10-31,DT SW,OK,-46.358812897207166,-9.785566921939493,True,-2.95206988701181,-11.683884368810805,True
EBS,2024-11-07,UDS,OK,52.69962986937542,13.05131019730359,False,10.422967977339281,-0.37308078633950803,True
LB,2024-11-07,UT,insufficient_history,,,,,,
CDE,2024-11-07,UDS,OK,13.97384965480002,7.6926272066458745,False,-9.691024112954983,4.72395583293328,False
LCID,2024-11-08,DT,OK,-27.433194410394712,-2.8416263725793756,True,-30.516431924882625,-8.99510083171926,True
UPST,2024-11-08,CPH,OK,77.06784648054912,5.178166288535935,False,26.58661153177333,16.78024054387539,False
SEZL,2024-11-08,UT,OK,153.8902083131299,23.40273981362313,False,42.477787185661484,28.64278028151743,False
ENSC,2024-11-13,UDS,OK,16.194951220856524,-11.9972715904354,True,89.78118617461219,5.514031452776291,False
HUT,2024-11-13,UT,OK,109.6660808435852,6.6664167160709775,False,75.91978175919778,19.5778671180703,False
INOD,2024-11-08,CPH,OK,85.04897069361054,9.732244904769427,False,41.54289901257253,5.760939758295169,False
GCT,2024-11-08,DT SW,OK,-16.761963502112852,1.3866081377202022,False,7.246572567029119,2.4427030243209247,False
EVGO,2024-11-12,DT,OK,54.52965037666604,15.99628225023444,False,-10.63893163878269,34.02754674296362,False
AAOI,2024-11-08,CPH,OK,39.906325290022274,-1.2617907009498053,True,17.416316276262876,30.71725616291532,False
CBRL,2024-11-14,DT SW,OK,-13.278271005882003,-4.916777169003006,True,1.2199157506864289,7.784182925888805,False
RKLB,2024-11-13,UT,OK,149.08568054676516,12.79868141766769,False,52.093621612648874,32.03654744455555,False
BTCS,2024-11-14,UT,OK,187.92407090112982,-1.72855598231344,True,220.59758775301836,10.042521366436707,False
TARS,2024-11-14,UT,OK,42.49274207756595,6.5436700343020515,False,25.126794972865206,22.205306941110713,False
LUNR,2024-11-14,UT,OK,107.45771681845243,12.049752669733804,False,51.33187491957278,27.09757613424486,False
LX,2024-11-26,UDS,OK,63.373175566100045,7.921177156932657,False,12.378119319120806,27.56134581330636,False
NN,2024-11-14,UT,OK,79.64369342664381,11.306864263068682,False,46.201037207948346,24.780034979147025,False
SMTC,2024-11-26,UT,OK,50.085588666066585,8.48466937119059,False,16.620620725474545,7.971612088424762,False
ARWR,2024-11-27,DT SW,OK,-13.907426967015901,-4.992379122389645,True,6.0731274691606885,-5.290336128438011,True
TWST,2024-11-18,UDS,OK,-13.52889538965324,2.0066997589808455,False,-15.965429421439392,-0.2186622055333931,True
CRDO,2024-12-03,UT,OK,67.61858006373362,8.933068358380837,False,21.668435695177312,18.0306740172147,False
SYM,2024-11-19,DT U,OK,-12.086584358114838,-3.6595218101042604,True,13.198182013490435,15.763677762674355,False
IREN,2024-11-27,U,OK,16.759793594088745,7.8108643698441504,False,2.548699905603713,13.196366992083153,False
CHPT,2024-12-05,DT,OK,-24.275339829929866,-5.282342220523817,True,-3.2513877874702946,-9.579807830202181,True
CLS,2025-01-30,UTU,OK,55.07416909396039,9.80322218795644,False,4.6860252646580225,15.932685665148139,False
LUMN,2025-02-05,DT,OK,12.56375681538373,9.557453914830738,False,-16.45393362729173,-13.871676993803705,True
WOOF,2024-12-06,UDS,OK,49.49849357385303,5.846782332092704,False,6.493958097887509,4.468259013713571,False
AMSC,2025-02-06,UDS,OK,7.864218729362027,6.49101486457595,False,-9.741035997481806,-2.594789750373794,True
MOD,2025-02-05,DT SW,OK,-13.422424479719385,2.12966195941644,False,-21.080376083933118,-1.8491084711750871,True
RR,2025-01-15,U,OK,117.96875753197331,7.651608955568734,False,92.60200869079523,99.768257491676,False
NXT,2025-01-29,DT SW,OK,-6.120139919377521,-3.3626145272504293,True,2.328080044216474,5.169861443475932,False
IESC,2025-02-04,UDS,OK,15.168103845605918,6.835069483787937,False,-11.055830274348,-0.036835823019854,True
COHR,2025-02-06,UDS,OK,10.081565430723138,4.593047141908779,False,-8.74267459926793,-2.2116618861226733,True
PTON,2025-02-06,UDS,OK,35.65570653268133,8.68637062107329,False,-16.200499701505734,2.9735206393296965,False
CLSK,2025-02-07,DT SW,OK,-22.253597081888376,-4.877223356239302,True,-10.75650626338005,-7.436970777360397,True
ULCC,2025-02-07,CPH,OK,44.80561323118779,1.9261205296261297,False,12.160157495598177,12.397737366182016,False
UPST,2025-02-12,UDS,OK,50.717469092455424,10.100133313948213,False,-1.5412148123887803,0.19014331063234025,False
BYRN,2025-02-07,UDS,OK,68.33471061732932,9.971037224151003,False,4.890970603828704,21.24072232884,False
LEU,2025-02-07,UDS,OK,39.548331466946166,6.877748861714883,False,5.671188358473445,-3.1586873910182556,True
AUR,2025-02-13,UT,OK,31.77855074240359,8.749000177746158,False,-7.384805364501812,7.116709732988791,False
PGY,2025-02-13,U,OK,2.159617898746613,-0.11369444131633655,True,20.26544155181216,-3.4385535992429106,True
ORIC,2025-02-19,DT SW,OK,-16.335829047987016,0.9625213863751592,False,-16.737378022910487,3.495213840344258,False
WGS,2025-02-18,UDS,OK,54.390889016508794,14.391988091782082,False,0.174107453294714,-1.4752095761939477,True
HIMX,2025-02-13,UDS,OK,35.14312751360305,7.240034249833482,False,9.323605047545014,25.78800872639735,False
SEDG,2025-02-19,DT SW,OK,-30.615038462957123,-16.483204293567166,True,19.383409020393216,2.109704641350185,False
W,2025-02-20,DT SW,OK,-7.370845508445678,-1.8522170580969277,True,-2.1223375712481007,4.202934921871937,False
BORR,2025-02-20,DT,OK,-41.88257549902,-4.342107717851595,True,-16.83411475775842,-6.135065751558666,True
MP,2025-02-21,UDS,OK,37.23934589288462,4.1335408992123845,False,13.598494501401625,6.620267318765594,False
DOCN,2025-02-25,DT SW,OK,-1.1804115488913802,2.386542269767089,False,-4.167934286583508,4.565821044401908,False
PTLO,2025-02-25,DT SW,OK,19.42636620858691,1.8758811755133609,False,14.838447607602845,12.74305886842859,False
STRL,2025-02-26,DT,OK,-18.832217252984417,2.3458998028529354,False,-27.442313384871763,-12.345511735348246,True
SEI,2025-02-21,UDS,insufficient_history,,,,,,
INOD,2025-02-21,UT,OK,120.20533259339605,17.49847951164165,False,33.601057838287886,1.3978895096213417,False
SMCI,2025-02-26,DT SW,OK,-13.880870901913022,-7.570207239406901,True,26.850247628173364,9.71931883473307,False
AXON,2025-02-26,DT,OK,11.087190527448865,7.816083513581984,False,-19.476438771936643,-0.053248671294969796,True
RCUS,2025-02-26,DT,OK,-34.10320185077336,-2.1220242688023028,True,-26.26515740660733,-9.508171084525774,True
JACK,2025-02-26,DT,OK,-28.644578012546575,-3.781111329632836,True,-15.540750654901236,-7.374225466678652,True
SMCI,2025-02-26,DT SW,OK,-13.880870901913022,-7.570207239406901,True,26.850247628173364,9.71931883473307,False
INVZ,2025-02-26,DT,OK,-15.46192718096162,0.8771934426917705,False,-42.936144935310786,19.95859296956466,False
ESTA,2025-02-27,DT SW,OK,-16.558971588167836,-3.9664052469857713,True,-4.338206619923424,-9.454642409335289,True
ARQT,2025-02-26,UDS,OK,15.025161754133709,3.418057542908537,False,-9.739279689858261,4.746626988739844,False
ACMR,2025-02-26,U,OK,16.567261825365055,-2.434595725482991,True,22.677732975389596,12.176656908384142,False
CERT,2025-02-27,DT,OK,-3.909848266402749,-2.543742227032353,True,-0.28789545189880084,10.48211286229941,False
PZZA,2025-02-27,DT SW,OK,-0.8971550796637806,-3.6148610264726044,True,11.402895897077613,-4.510046609643103,True
CDNA,2025-02-27,DT SW,OK,-6.435652894009558,6.880470341227252,False,-6.761760832869335,-1.0584855917419644,True
CORZ,2025-02-27,DT,OK,-13.71237026176929,8.095283530405627,False,-25.720555094294873,-12.646834082343627,True
ROOT,2025-02-27,UTU,OK,50.161879252111376,8.051458456698324,False,8.802042228992413,6.881455930030911,False
MARA,2025-02-27,DT,OK,-34.403513231917835,-0.620348044182295,True,-31.824902254980348,-14.254993473504307,True
ANAB,2025-02-28,DT SW,OK,-36.686931352612305,-2.089613450333283,True,2.7395114861520797,-10.608164865318914,True
JOBY,2025-02-27,DT,OK,7.343410796824568,4.44265957179788,False,-17.477521862298307,0.9524520043767915,False
ADTN,2025-02-27,UDS,OK,51.37572138877595,9.755639244916647,False,6.689995676088745,11.829927918405003,False
ONON,2025-03-04,DT,OK,-0.7655672072195308,4.418821705292064,False,-13.775394362694747,-2.9926616858893973,True
HUT,2025-03-03,DT,OK,-11.836476089006299,6.936709912576022,False,-33.21561169971928,-11.486762690263763,True
CBRL,2025-03-06,DT,OK,-15.020841407566188,-1.8208390085714732,True,-25.746816733412825,-2.3777524697788266,True
HSAI,2025-03-11,UT,OK,103.00642240805433,19.08479362179221,False,-0.09859102197705694,23.326612592923233,False
OPFI,2025-03-05,DT,OK,48.8900920411478,18.365077420388467,False,-15.387678274089645,23.025539400147,False
UEC,2025-03-12,DT,OK,-22.485963985079316,-2.0489466418582403,True,-23.335656495257705,-11.705372431506877,True
EOSE,2025-03-05,UTU,OK,35.62400207497838,16.138768111886325,False,-22.73752328659674,16.09826063200075,False
GAP,2025-03-07,SW,insufficient_history,,,,,,
GIII,2025-03-13,DT SW,OK,-13.461456367874192,-0.2682175031079148,True,-14.91733483755725,-6.972356707793215,True
BTBT,2025-03-14,DT,OK,-32.82880963477515,0.8956761235137334,False,-24.854343220338993,-16.584746230739476,True
ALLO,2025-03-14,DT,OK,-21.25574176882936,-3.1494315487899716,True,-3.0719524078158034,-1.3607851072440336,True
EH,2025-03-12,UDS,OK,42.06635353006411,3.8115196315925193,False,16.524708947748113,22.165929007139894,False
TTAN,2025-03-14,DT,insufficient_history,,,,,,
SMTC,2025-03-14,DT,OK,-27.559060349548027,-0.743314646969484,True,-37.539741795288464,-18.16823785125077,True
KC,2025-03-19,UDS,OK,170.4642296479031,27.64130284394788,False,21.085958312694952,28.27936769617816,False
TRVI,2025-03-19,UDS,OK,93.37627308502954,7.515311903271549,False,46.976452400690064,14.96535558818226,False
RBRK,2025-03-14,UTU,OK,18.778013175592932,7.0435298609417885,False,-18.750091861781094,-0.06727102880610403,True
HROW,2025-03-28,DT SW,OK,-20.504583394243213,2.65437557280519,False,-4.378943467953045,-11.136349084877839,True
FIVE,2025-03-20,DT,OK,-18.505038046794642,-5.761113462037681,True,-15.309307573201025,-10.205416194659445,True
SIG,2025-03-19,DT,OK,-40.839636218881104,-5.669587923673747,True,-14.571335587848267,-19.2523129568429,True
KULR,2025-03-28,DT SW,OK,46.18441163527789,11.756530768787488,False,-20.25344111863665,-24.2155807599967,True
SPRY,2025-03-20,UDS,OK,-4.809179173228917,1.6858215264204057,False,-2.427176334611947,-2.3209391745408703,True
LEVI,2025-04-08,DT,OK,-25.356835793332433,-3.9628617777388464,True,-21.072017399235264,-4.027606329255995,True
PLAY,2025-04-08,DT,OK,-47.73465734563725,-8.802710904338928,True,-25.946593726272262,-14.660889591506155,True
LBRT,2025-04-17,DT,OK,-38.645531671627445,-4.297001423001268,True,-24.69562009170927,-16.82703899349014,True
FNB,2025-04-17,DT U,OK,-16.31026105997877,-0.23859179640167705,True,-11.613789116137884,-6.797699074510655,True
EFX,2025-04-22,DT,OK,-18.635891741783006,-0.37991821084911725,True,-9.606431719245446,-5.669578001650799,True
RF,2025-04-17,DT U,OK,-16.88273398139074,0.7113257557563202,False,-12.904808635917576,-6.38413705691706,True
IVZ,2025-04-22,DT,OK,-26.059555882597273,-0.6365220365167401,True,-20.382369103758514,-9.067772974480537,True
MMM,2025-04-22,UDS,OK,-5.639444493295642,2.9298544200662358,False,-13.133876754683293,-1.834486396559054,True
PEGA,2025-04-23,U,OK,-13.167017105188371,1.3379011415894482,False,-8.581578576499771,-15.946502287554676,True
CALX,2025-04-22,SW,OK,-8.024801492626077,-0.3096790561269325,True,-6.61948493273794,-4.633984337336483,True
MANH,2025-04-23,DT SW,OK,-33.35374824065192,-2.808934767787463,True,-5.322702244712662,-16.535523575560042,True
DHR,2025-04-22,DT,OK,-22.81651290964345,-2.4923304848451844,True,-8.767963033662518,-7.010884272615958,True
TSLA,2025-04-23,U,OK,-18.279210237265698,2.287156166970372,False,-13.467090804101156,-17.414318224543514,True
BDN,2025-04-23,DT U,OK,-23.492216463924322,-0.9612762476138625,True,-12.709810609460536,-9.804080310880824,True
VRT,2025-04-23,U,OK,-28.420970801795754,-1.7867691574317446,True,-16.17823154975735,-19.95945743965325,True
EWBC,2025-04-23,DT U,OK,-12.320948939488607,0.9763338245739606,False,-9.513996143406779,-8.645732235475823,True
TXN,2025-04-24,U,OK,-21.12915677271291,-1.8001577272814706,True,-13.854993296372808,-5.725211212574743,True
BA,2025-04-23,DT SW,OK,-2.029222442855394,-1.2878866769215236,True,-2.7464610052324923,-3.3410494094945897,True
PI,2025-04-24,U,OK,-49.00751737173352,-4.832878953236697,True,-12.307251178794443,-19.56486921090902,True
GEV,2025-04-23,UDS,OK,13.620920717288886,5.148445200033702,False,0.7537606147255405,-7.839770270485746,True
ESI,2025-04-24,DT U,OK,-25.192467870126045,-2.4004254591730168,True,-18.25033601578848,-8.659740945928096,True
MTDR,2025-04-24,DT U,OK,-24.843439167168135,-2.7119496765264817,True,-15.391181125852505,-12.362741110852904,True
OII,2025-04-24,DT,OK,-30.330034734128596,-1.4277846373474623,True,-16.3720885187158,-11.99307911289912,True
NOW,2025-04-24,DT U,OK,-11.946375158281452,0.4699813425859567,False,-4.819905019002069,-11.482172758086751,True
HAS,2025-04-24,U,OK,-16.32726061501608,-0.577856491866402,True,-11.912611425781916,-1.697333044089877,True
NVCR,2025-04-24,DT,OK,-12.775750971578493,-1.1255927045770941,True,-6.274393974556414,-14.855664732616003,True
PTEN,2025-04-24,DT SW,OK,-29.409858009370016,-4.03733774182119,True,-22.275683392375612,-9.677881515795505,True
STM,2025-04-24,DT,OK,-20.049042460639388,-7.242404328417662,True,-6.717376779565187,-5.308751125422817,True
SES,2025-04-25,DT U,OK,6.327131223269844,-7.002719834306326,True,32.98865563453146,-21.93754659631818,True
SEI,2025-04-29,UTU,insufficient_history,,,,,,
RVTY,2025-04-28,DT SW,OK,-18.275012513569898,-0.8087916055899647,True,-10.97174776367148,-8.35459117450581,True
MBLY,2025-04-24,DT SW,OK,-17.754703402899153,-8.288416730833248,True,-11.685009868531093,-6.947859922179022,True
NE,2025-04-29,U,OK,-35.32620997731798,-6.820317757304362,True,-9.54981651534208,-16.760361393948088,True
NOV,2025-04-29,DT SW,OK,-22.136413949286883,-3.453782209351952,True,-12.312122992277153,-6.8718893025365935,True
CHTR,2025-04-25,UDS,OK,-4.793494113262198,1.7064789008550463,False,-5.934067167109902,-0.506115869107604,True
LEG,2025-04-29,DT U,OK,-33.691478397285636,-3.60135402470656,True,-10.67698734488266,-13.758026575116034,True
SOFI,2025-04-29,UDS,OK,13.407907624104332,4.157102779903088,False,5.747200102542727,-13.448711014963056,True
ZBRA,2025-04-29,DT U,OK,-29.51577811408318,-1.9384052854269918,True,-11.173808804623963,-17.895077351624167,True
CLVT,2025-04-29,DT U,OK,-34.00492665171514,-3.63592882259679,True,-10.047607116011026,-14.842316391413801,True
PII,2025-04-29,DT,OK,-46.659078153778054,-6.196334667026548,True,-16.87116262109608,-12.07649515623107,True
QRVO,2025-04-30,U,OK,-26.83245859289418,-6.12022037661375,True,-7.848403637230151,-11.598605046693466,True
KNSA,2025-04-29,UDS,OK,-4.771514840363644,0.7696579558697847,False,1.4151834637040395,2.081123305109256,False
NOG,2025-04-30,DT SW,OK,-31.033618325671174,-3.713572313617375,True,-11.362497315099862,-15.712164918590755,True
XPO,2025-04-30,U,OK,-20.65469849925565,-0.5494819222512715,True,-10.162193064148784,-13.387757318647042,True
XPRO,2025-04-30,DT,OK,-44.92886645250115,-8.808519941284876,True,-19.85805705627879,-16.89282104809716,True
EVR,2025-04-30,U,OK,-20.8316259751833,-0.8357025082910474,True,-3.305400417681792,-15.801743021001846,True
ODD,2025-04-30,SW,OK,12.13719139520153,0.5631856628423026,False,7.940608617384548,-2.270285514759207,True
W,2025-05-01,DT,OK,-30.739271017048786,-5.34912963480203,True,-8.027469779583074,-19.36162887916194,True
SMMT,2025-05-02,UDS,OK,30.835941964421853,9.055694203858323,False,16.058617364100392,4.024136007281931,False
ADPT,2025-05-02,UT,OK,20.29681932594556,7.215988994861022,False,-5.2291368898159885,-1.6974253816359086,True
TNDM,2025-05-01,DT,OK,-49.06830514583921,-7.022326456538341,True,-16.477481139276883,-26.550064441904,True
SEDG,2025-05-06,DT SW,OK,-25.37485848947625,-8.334899629118798,True,-13.705583756345163,-5.412918225007601,True
TWST,2025-05-05,DT SW,OK,-12.346539430654591,-2.616383093738428,True,-0.5635744404800302,-10.860932537620915,True
ARRY,2025-05-06,DT SW,OK,-24.45689024413602,-8.62366502263029,True,-5.6134170623372786,-15.866112560806666,True
UFPT,2025-05-06,DT SW,OK,-28.021815857695962,-2.751423923618712,True,-6.376872213583273,-10.368389262401113,True
CRMD,2025-05-06,U,OK,3.8530875591936686,4.425015237449004,False,2.758432336474126,-10.77944625506383,True
SHLS,2025-05-06,DT SW,OK,-21.886361275579112,-5.743322628651981,True,11.678745396221935,-10.02191458656262,True
AGL,2025-05-07,DT SW,OK,23.318540638436126,-4.836269389151282,True,6.535448117714515,11.441196826917954,False
OPEN,2025-05-07,DT,OK,-57.50694911040741,-6.605556470155117,True,-33.664911025349284,-17.502165291148984,True
ANGI,2025-05-07,DT,OK,-43.381982888777046,-3.6110679913070376,True,-20.88607594936709,-14.304310095458483,True
ALGT,2025-05-07,DT U,OK,-23.426245456775007,-0.5592633873962249,True,-7.33360464963625,-25.214977678227058,True
PTCT,2025-05-07,DT,OK,-15.902140672782872,3.141594033907369,False,-27.54725744647626,-2.13673874029201,True
APP,2025-05-08,UDS,OK,25.42736431522046,8.22135517106457,False,8.35759649382155,-16.444731129412805,True
BLMN,2025-05-07,DT,OK,-40.00707356698799,-7.477351831015033,True,-2.583442870655872,-17.614136650237345,True
PRCH,2025-05-07,UT,OK,68.85953230703667,11.513387487191684,False,3.1582030296620545,7.351965065502175,False
EOSE,2025-05-07,UDS,OK,39.15252248459038,9.36830494036709,False,15.071120345213384,-4.354377306575252,True
PCT,2025-05-08,DT SW,OK,-27.074648435328776,0.8054462172043308,False,-9.725184746858972,-13.622261580705342,True
CORZ,2025-05-08,U,OK,-24.0852377774034,-1.961206536100779,True,8.987154210700332,-17.259232990526353,True
AOSL,2025-05-08,DT,OK,-40.63859379161365,-5.682613467712283,True,-13.794585302965178,-23.36798843439516,True
IONQ,2025-05-08,U,OK,26.538579285278495,9.297518699927853,False,18.142159804096437,-14.407467814137453,True
QDEL,2025-05-08,DT,OK,-34.79968875363993,-1.3898474973169317,True,-20.02054404593945,-15.908771601180172,True
RUN,2025-05-08,DT,OK,-38.4158968653775,-5.620376815355732,True,9.329230405065548,-9.596223033610196,True
GRPN,2025-05-08,CPH,OK,33.65132588727007,2.3182208047934916,False,4.108547569267751,19.157345646091017,False
SEZL,2025-05-08,UDS,OK,36.57512361925785,8.993441460815777,False,26.381293632692415,0.1821765911864892,False
TPC,2025-05-08,UDS,OK,-4.040414295257455,-0.3429827152899634,True,0.9906744963287917,-3.0616641532572486,True
NVAX,2025-05-08,DT,OK,-37.86290154141777,-6.8795417690806,True,-14.920998069636083,-9.734501852162591,True
NTLA,2025-05-08,DT,OK,-50.35438051085954,-9.981992199173927,True,-13.147078096145826,-11.139460283515257,True
QBTS,2025-05-08,UDS,OK,67.2305743120246,16.64585757521706,False,-3.3769002075503596,5.460246095598675,False
CDE,2025-05-08,UDS,OK,-7.735411567692896,-0.5540432345876756,True,-0.0034902795714053525,-5.179375165475242,True
KYMR,2025-05-09,U,OK,-23.868716215505714,-1.6723260330244183,True,2.5868420789421975,-9.07820509322833,True
DJT,2025-05-12,DT SW,OK,-7.159862026649099,-3.624134655394462,True,15.07059574113967,-9.218268657718653,True
ROOT,2025-05-08,UDS,OK,63.66656139981524,9.671611789919531,False,2.447074258571047,8.610682822448346,False
AMN,2025-05-09,DT U,OK,-39.22826169811123,-8.876821956913162,True,-8.601280391310606,-10.260465416518748,True
SOC,2025-05-12,UTU,OK,4.627492010781187,1.9636446283291642,False,3.297433732450661,-11.175560094466075,True
APGE,2025-05-12,DT SW,OK,-16.4146385336586,-1.6129316818265238,True,2.8559134564992927,-0.746293173306456,True
FTRE,2025-05-12,DT,OK,-63.41180460118867,-10.136970189470084,True,-18.852588800337777,-33.646185364828675,True
RDW,2025-05-12,UDS,OK,-0.35154494753255605,3.1968576961894035,False,7.144887171033942,-28.332247026234313,True
IBRX,2025-05-12,DT,OK,-42.15776678682204,-9.803032021473667,True,-23.71194810938305,-11.175854393086304,True
OKLO,2025-05-14,U,OK,48.17213503417488,8.413054653510056,False,27.637021510603898,-23.404268307572107,True
NUTX,2025-05-14,UDS,OK,177.99016356761982,36.9447891396464,False,39.435746395907586,45.497838008519096,False
LUNR,2025-05-13,DT U,OK,-11.173653170516207,4.366398879734978,False,13.167988945274335,-32.85394336906094,True
CAPR,2025-05-14,DT,OK,-41.357925516532255,4.934228549993502,False,-34.43565263469881,-13.163415718419246,True
IXHL,2025-05-15,DT,OK,-55.13410096750106,-12.484297623111008,True,20.357634112792322,-47.79558416705413,True
ARWR,2025-05-13,DT U,OK,-27.8095868041919,-6.773422746367608,True,1.5261627906976827,-16.100630464739083,True
QUBT,2025-05-16,UDS,OK,62.06891138540242,13.60594372566053,False,28.665719776088228,-0.022274815536693637,True
GPUS,2025-05-21,DT,insufficient_history,,,,,,
PONY,2025-05-20,U,insufficient_history,,,,,,
GRRR,2025-06-20,DT SW,OK,31.382272822518665,12.991630395750885,False,3.838892385147896,-12.276266852626684,True
SEI,2025-07-24,U,insufficient_history,,,,,,
EVLV,2025-05-21,SW,OK,53.26094474030014,3.4507430223157165,False,53.021765550767874,8.95958106359287,False
CRDO,2025-06-03,U,OK,25.33346403489731,6.469425529241102,False,30.707636330255305,7.277801775750481,False
PLAY,2025-06-11,DT U,OK,-5.927956887586272,-3.873939453256414,True,27.993904580964667,6.473126096369941,False
KSS,2025-05-29,DT SW,OK,-42.11370725972723,-8.70362335624505,True,7.296137339055786,-14.996059002364593,True
APPS,2025-06-17,U,OK,58.54311730048203,5.905504939435202,False,24.161073825503323,19.75640668954217,False
NRIX,2025-07-10,DT SW,OK,-22.616933270315254,-6.789344789372176,True,17.75953110620694,6.018812340743973,False
AUR,2025-07-31,UDS,OK,-11.117251542783467,0.6808188372757984,False,0.4754798181376252,-7.998595057155622,True
MBLY,2025-07-24,DT SW,OK,1.2427388990638333,3.230669860497115,False,-2.9372045914922484,8.718620960870439,False
CABO,2025-08-01,DT SW,OK,-52.06407637385975,-7.165497374634677,True,-6.823615750434642,-17.079761416048868,True
TMDX,2025-07-31,DT,OK,17.500896667125797,-3.7252312103817298,True,-13.487305045208299,4.779932548503374,False
WRD,2025-07-31,DT,insufficient_history,,,,,,
SQNS,2025-07-31,DT,OK,-44.79251288328053,-0.03336894390716383,True,-35.77649077036813,17.220284692349132,False
RKT,2025-08-01,UDS,OK,9.21446185812471,-3.195708037765821,True,6.645679297597051,6.189044961050083,False
APLD,2025-07-31,U,OK,23.681338668606777,4.124108444022134,False,-0.8148411850797177,26.074055604039394,False
ZEPP,2025-08-04,UT,OK,254.0937596694834,25.201681658086493,False,121.15613623217989,128.36829836829838,False
AMRC,2025-08-05,U,OK,-12.534763503427904,-8.720927453089523,True,2.857846760285776,13.972033469983703,False
TDUP,2025-08-05,UT,OK,157.96410887790944,22.23323228828913,False,26.288323548597493,11.115943289553808,False
SNDX,2025-08-05,DT,OK,-22.115633523292143,-6.244416149024634,True,4.628658979114575,-6.66641579016688,True
LMND,2025-08-05,UDS,OK,6.171277226117566,6.890501903974666,False,-6.0522654099676165,9.95170161087695,False
EVGO,2025-08-05,DT SW,OK,-14.611579443886757,-3.998838896952106,True,-6.697679336046947,2.2319498486813805,False
PRCH,2025-08-06,UT,OK,92.19605165634002,20.19493656442959,False,12.339408425455623,17.26343607043117,False
QDEL,2025-08-06,DT,OK,-33.40308010754502,-4.616383345717723,True,-16.657867877380074,-5.945870794327557,True
NVAX,2025-08-06,DT SW,OK,-13.373385807007987,-7.039375873116538,True,-3.0957523398128073,2.7883846905248255,False
SHLS,2025-08-05,DT SW,OK,15.914550723388654,0.09704864293649251,False,2.23860742655162,9.858037578288092,False
AXGN,2025-08-05,U,OK,-15.034493964402495,-1.1209554061245908,True,11.180014174344466,-5.577675912604175,True
LEU,2025-08-06,UT,OK,100.97573814872956,18.20459157964094,False,16.633662286085293,42.5484197576562,False
U,2025-08-06,U,OK,44.603671331278335,5.035621906577492,False,21.809411697148917,19.12135644233155,False
HNGE,2025-08-06,UDS,insufficient_history,,,,,,
FTRE,2025-08-06,DT SW,OK,-44.365879152682176,-10.919955956039118,True,23.89748238804841,2.149209962765042,False
GERN,2025-08-06,DT,OK,-49.42417313791396,-11.716061096537732,True,-14.16922966883629,-2.2717740808052556,True
ALAB,2025-08-06,U,OK,46.070948515486855,6.878162291135093,False,33.97609701949145,16.289332177727324,False
RUN,2025-08-07,DT SW,OK,-1.8424826168123132,-6.942608608079359,True,0.45409236903311,5.421088888110548,False
CRNC,2025-08-07,DT SW,OK,-5.2260959613393165,7.21814618085781,False,-7.589905974344879,-0.920926261871724,True
NAGE,2025-08-07,DT,insufficient_history,,,,,,
SRPT,2025-08-07,DT SW,OK,-79.38788613645194,-11.948177266386505,True,-30.10960670535138,-33.370755303275466,True
ASPN,2025-08-07,DT U,OK,-14.47225018942735,-15.717784970693726,True,23.56416639174641,11.701842546063613,False
HTZ,2025-08-07,DT,OK,10.806079414339154,8.286031257068394,False,-18.121949785382473,2.707028006341061,False
IDR,2025-08-07,U,OK,39.35498754600406,2.325195395345925,False,23.888020098956563,12.885441838255506,False
JMIA,2025-08-07,DT SW,OK,28.676987048015068,-1.45629723967996,True,14.96561072342988,21.324156413692318,False
PGY,2025-08-07,UT,OK,122.69089566335043,14.989935941142619,False,35.6131565518971,37.69888528963414,False
NBIS,2025-08-07,CPH,insufficient_history,,,,,,
SEDG,2025-08-07,DT SW,OK,51.83091958083126,3.9666909965616837,False,13.252123202852628,21.50876144537166,False
GRPN,2025-08-07,UTU,OK,63.251618809865384,13.45547327339569,False,-7.825653139547817,13.554659904921529,False
TXG,2025-08-08,DT U,OK,4.753175330627202,-5.095435040096308,True,8.988113483873184,17.60394136024992,False
AMPX,2025-08-08,UT,OK,142.60708337261553,25.74975242066595,False,44.29367126462562,62.383149204807566,False
PACB,2025-08-08,DT SW,OK,-17.350221875297223,-1.9409138858157537,True,-5.293492460309701,13.535013909986148,False
SOUN,2025-08-08,UDS,OK,-2.2633510359446607,6.2536933166710496,False,0.10645649291223247,5.277335378202475,False
RKLB,2025-08-08,UDS,OK,72.2617981895172,16.658200632509377,False,19.31750709805573,31.582797684576857,False
ARRY,2025-08-08,DT SW,OK,-8.058282232735358,0.21061765401910737,False,-16.452074391988535,1.535377598303378,False
REAL,2025-08-08,UDS,OK,-11.422623401467725,4.062599327500549,False,1.5593320308179948,-1.1154449021251733,True
PCT,2025-08-08,CPH,OK,17.344684570836755,5.330817962549639,False,-7.120510197942376,25.878521660103004,False
OUST,2025-08-08,UT,OK,85.1514173902066,18.133678624013495,False,5.6154500315474865,41.33908896456795,False
MP,2025-08-08,UT,OK,163.78398441124617,19.480790167474904,False,66.98385846197219,57.545807884508626,False
TEM,2025-08-08,SW,OK,7.648909514164215,1.5655602797012724,False,-5.132135076076794,-0.6374077467828587,True
AAOI,2025-08-08,UDS,OK,-5.4917823771588825,4.405082923951653,False,-2.70364480076688,18.922518097073905,False
ABCL,2025-08-08,DT SW,OK,44.05966244510697,7.052640193502047,False,14.693789223111864,34.2240941108126,False
STEM,2025-08-08,UDS,OK,25.06692838637543,4.420090021388212,False,18.17660615771308,10.386175795067821,False
GPRE,2025-08-11,DT SW,OK,1.2374222763371412,-6.30223555350462,True,13.23468653884412,28.955936618189714,False
PSIX,2025-08-08,UDS,OK,121.38788821134713,19.880723549099066,False,28.28793546878654,46.159136441108785,False
FWRD,2025-08-12,DT U,OK,8.423813011616566,-2.6369025955191194,True,12.523729627966706,22.903778571636035,False
RUM,2025-08-11,DT,OK,-11.777877295118678,4.089219330855021,False,-11.976944214829865,-0.7428596771332452,True
ASTS,2025-08-12,CPH,OK,53.29200591536225,10.429576763852587,False,0.052946136566167645,32.729007909539185,False
HNRG,2025-08-12,U,OK,46.24356410920563,5.881250357614287,False,18.736383442265804,0.252390428578364,False
CRCL,2025-08-12,DT,insufficient_history,,,,,,
ONDS,2025-08-12,UT,OK,145.2915465238684,13.372282516162581,False,69.81879393999407,46.66074156689846,False
VG,2025-08-12,DT,insufficient_history,,,,,,
CAI,2025-08-13,UDS,insufficient_history,,,,,,
LQDA,2025-08-12,UT,OK,51.01570527717971,5.516428837184817,False,34.1942017976959,5.105584607400893,False
SRFM,2025-08-13,UDS,OK,19.755344689607867,9.153303799837786,False,3.324127046754799,28.05355563976257,False
VOR,2025-08-13,UDS,OK,61.08145821415978,16.315380769156974,False,14.889705882352944,107.4291013813638,False
DFDV,2025-08-13,DT U,insufficient_history,,,,,,
BZAI,2025-08-15,DT,insufficient_history,,,,,,
AIRO,2025-08-14,DT,insufficient_history,,,,,,
HSAI,2025-08-15,UT,OK,47.138852828021996,11.573213657162974,False,10.843877444316675,4.826108619830571,False
UI,2025-08-22,CPH,OK,6.43830907061127,5.453572272757667,False,-7.1272141017684305,2.6744383635490143,False
KULR,2025-08-15,DT,OK,-51.50969548456812,3.2087128663226494,False,-21.0440523248706,-21.264076568606104,True
WKHS,2025-08-15,DT,OK,-65.86804315513494,-13.479161841247079,True,6.702869282353885,27.48579359870391,False
BMA,2025-08-28,DT,OK,-31.621591051155818,-0.8110983958722229,True,-16.610037578482117,-8.089597335141207,True
CRDO,2025-09-04,UT,OK,75.56400128890456,12.257958531209013,False,16.577297279115587,21.067128487980114,False
IREN,2025-08-29,UT,OK,101.97991158995623,9.566209223306776,False,34.086015247628445,30.272934040940136,False
KSS,2025-08-27,DT SW,OK,16.712014893312286,-5.645096590309285,True,19.499276039662018,18.505245324819185,False
PL,2025-09-08,CPH,OK,35.30594061457491,9.73022748200949,False,-0.5270694330195225,11.745480543356157,False
WOOF,2025-08-29,DT SW,OK,-3.890500632299332,-3.8054211867074916,True,2.533172496984326,0.3855836334087481,False
MDB,2025-08-27,DT SW,OK,-6.521207722968869,-2.3707883013207476,True,-0.9505219344639437,4.023718132064924,False
NEOG,2025-10-09,DT SW,OK,-20.202373362400504,-9.5736536226269,True,6.285839512034785,3.796796512178946,False
TLRY,2025-10-09,UT,OK,107.71529478966713,1.2069449138119026,False,46.47647434532678,35.47516971170934,False
LPTH,2025-09-26,UT,OK,108.02662740830829,16.34535722597159,False,43.01430143014302,34.60285494284192,False
RZLV,2025-10-01,DT,OK,77.28413520585255,14.880173400948781,False,15.970378650272465,46.2950976050148,False
BYRN,2025-10-09,DT U,OK,-6.120587693356072,0.03253897726698263,False,9.287522049236907,-7.405796458213121,True
CLF,2025-10-20,DT U,OK,38.304831324175325,2.3040152963671012,False,14.604305404986828,10.311117860329166,False
APLD,2025-10-10,UT,OK,175.77635657911145,15.155071748806016,False,58.817086527929916,40.10514000942005,False
VKTX,2025-10-23,DT U,OK,7.017715655428169,-4.404265069910962,True,8.004056167609107,-3.7447929246640976,True
GLXY,2025-10-21,UDS,insufficient_history,,,,,,
DQ,2025-10-27,UT,OK,31.47825911268589,4.363422631284886,False,-1.1926723908867953,8.392719013841088,False
QS,2025-10-23,CPH,OK,91.25683060109291,15.778402837226357,False,17.24483276639097,17.817109144542776,False
CLS,2025-10-28,UT,OK,98.8110333470564,12.318006911649725,False,25.531017582327987,13.440586258112841,False
GKOS,2025-10-30,DT,OK,-24.198138926158318,-6.237245256629942,True,-9.803132378440715,-3.7660983590314334,True
BE,2025-10-29,UT,OK,203.29560880007062,25.739207718799783,False,45.692127634946544,48.15739329268296,False
BBNX,2025-10-29,U,insufficient_history,,,,,,
NBR,2025-10-29,U,OK,23.26595996273535,-4.160363654578236,True,17.60511408967609,9.501318641717148,False
PUMP,2025-10-29,U,OK,14.916292139253361,-5.451906976744181,True,39.392782127172055,3.3795254451419066,False
PRM,2025-10-30,UDS,OK,43.46073821104326,6.587583656974139,False,-2.0130037100980824,9.65851300591134,False
MSTR,2025-10-31,DT,OK,-26.663580374059816,-1.199062472627066,True,-20.702658487217175,-9.324515626818265,True
CIFR,2025-11-03,UDS,OK,181.71779882479115,24.908725554014666,False,36.13933660359727,63.280095351609056,False
VITL,2025-11-04,DT,OK,-14.972153908856644,-0.11955116849392544,True,-25.814587185149986,-3.9876580919622873,True
AXTI,2025-10-31,UT,OK,196.8129105506447,14.629668363196924,False,67.0927684441198,40.8526782843547,False
WDC,2025-10-31,UDS,OK,99.95418410246258,9.821062006905091,False,27.16740655087524,22.59287809513706,False
DAVE,2025-11-04,UDS,OK,42.787056336394905,8.649960780969135,False,10.310805322630756,3.1963020030816525,False
BFLY,2025-10-31,DT SW,OK,-15.864145340564628,-4.644577720971377,True,4.658321362610285,18.40602599927108,False
LQDA,2025-11-03,UDS,OK,35.206389556471976,6.857524980464902,False,-0.9494378595970465,1.5488223829815073,False
APPS,2025-11-05,UDS,OK,30.24227923988669,11.38918670546789,False,3.943533377813657,15.588659103362934,False
HTZ,2025-11-04,DT,OK,-12.708895652673291,2.962393566698207,False,-15.62766865926558,-2.787693635956112,True
IBRX,2025-11-05,DT,OK,-23.754364421147166,-0.776540122755176,True,-16.53290529695024,-0.05213973448841003,True
RIGL,2025-11-05,UDS,OK,17.157868990008772,5.262305963331149,False,-12.688206447166827,-3.8405557001869983,True
OUST,2025-11-05,UDS,OK,46.039316654180176,11.810120179155259,False,-10.105353408072338,6.421967615393931,False
LITE,2025-11-05,UT,OK,85.05041950967436,9.586101444832407,False,15.365699344836049,17.385515186155764,False
LMND,2025-11-05,CPH,OK,42.63344226579522,4.341604687537659,False,8.934242047206077,2.8936879234770174,False
SLDP,2025-11-05,UT,OK,109.5478040491055,19.337488384480217,False,14.447026211732105,19.532220733341422,False
GPRE,2025-11-05,UDS,OK,41.77723852746931,1.3000369084348318,False,-1.1785591005473717,9.5783080447845,False
BWIN,2025-11-05,DT,OK,-37.772212764403854,-3.6270449611271682,True,-17.732697409348663,-11.765244027470633,True
ESTA,2025-11-05,DT SW,OK,28.1331339574852,1.3371691493675009,False,15.3389072689194,7.814277802950231,False
FTRE,2025-11-05,U,OK,12.849746960618935,-8.918235161662057,True,-2.330967124804917,13.919476944253262,False
FWRD,2025-11-06,DT,OK,-25.375810203982617,-4.878567487585905,True,-28.050531384854416,-13.525462238369744,True
HL,2025-11-06,UT,OK,65.72128444258938,12.155722168077432,False,3.2871057434795015,25.4638844301766,False
SITM,2025-11-06,UT,OK,32.27939263912367,2.558840833483944,False,0.057617297092638076,10.817563183572343,False
ARRY,2025-11-06,DT SW,OK,19.193438630421532,3.590283935547789,False,-3.0574198359433202,8.906795254108225,False
EOSE,2025-11-06,UDS,OK,119.03351094799058,17.756255044390645,False,25.415660921965454,44.912186292255754,False
SES,2025-11-06,DT,OK,89.94339175867138,13.042774956069625,False,10.901133877063863,45.12124711316397,False
IOVA,2025-11-06,DT SW,OK,-38.813626644806334,-13.925846178466738,True,-17.366691015339654,-6.751809280544929,True
AQST,2025-11-06,UTU,OK,56.1138069652777,9.741803307944341,False,3.600103600103588,24.446688727491516,False
DNUT,2025-11-06,DT SW,OK,-14.278243272433745,-11.56877727062514,True,7.809774371586253,1.5743457170244168,False
MRNA,2025-11-06,DT SW,OK,-18.3884843241633,-4.326576130589355,True,-8.753611513466208,-1.215476377214686,True
AMPX,2025-11-07,UDS,OK,95.47932363459601,20.059193797157036,False,1.95396678799733,23.31896647982312,False
GRND,2025-11-07,DT,OK,-26.101141924959215,-2.135823131387582,True,-6.217652335932655,-8.183695968978489,True
OSCR,2025-11-06,SW,OK,6.274435163545955,3.2779172400013934,False,-11.153079643986263,9.62299544757852,False
LASR,2025-11-07,UT,OK,62.70131146869473,12.805990977184202,False,-2.0542630561437236,9.00189943733649,False
AFRM,2025-11-07,UDS,OK,2.6705871182345797,1.78362920538353,False,-15.908105765062864,-1.6304627273536543,True
INOD,2025-11-07,DT,OK,22.5264593776501,7.689732723207299,False,-12.683039433142318,23.960536465201933,False
PCT,2025-11-07,DT,OK,-12.625839021518514,2.302549733167436,False,-27.3653500219189,-1.2339596443687761,True
AMN,2025-11-07,DT SW,OK,-13.815880230728405,-2.420944558521554,True,-6.209606009099133,2.6903017444108945,False
WLDN,2025-11-07,UDS,OK,28.37092226235123,9.300903001489559,False,-12.53766921658288,-4.345744372941452,True
VSAT,2025-11-10,UT,OK,98.3493962556774,18.382809772122588,False,7.161025825178813,14.841760515219104,False
VG,2025-11-10,DT,insufficient_history,,,,,,
CGC,2025-11-07,DT,OK,-20.62298576274938,-8.705951260634382,True,-21.105964099594665,-0.11567379988433046,True
TXG,2025-11-07,DT SW,OK,13.253982946563703,-2.01039343527577,True,1.659394110011081,-1.6277674354201022,True
TNDM,2025-11-07,DT SW,OK,-29.328715577239393,-10.322420375503382,True,-1.9290475419725839,7.842079372887523,False
RUM,2025-11-10,DT,OK,-31.113931008672157,-6.353978423963658,True,-19.175563301040157,-4.963484611371927,True
EU,2025-11-10,DT SW,OK,10.426753390707866,-1.4662242921320456,True,-10.164358389764171,7.8976354824497275,False
SPRY,2025-11-10,DT,OK,-33.03216726067514,-1.5995755810165324,True,-11.241713385953133,-19.112016095012507,True
CRSP,2025-11-10,DT,OK,11.196119836413398,5.132770483971627,False,-12.405047198296405,6.259097525473067,False
EVGO,2025-11-10,DT,OK,-4.018186027910497,0.4305363736294643,False,-20.024320089797254,2.850064938188468,False
BKKT,2025-11-10,DT,OK,51.20046523220072,2.103655950462291,False,-1.510231946317675,53.42973200827734,False
BBAI,2025-11-11,DT SW,OK,7.171681150171749,5.677704719685028,False,-13.06598459243018,5.72385152754078,False
RKLB,2025-11-11,UTU,OK,43.645950097563,10.654184426703317,False,-6.817912505790213,14.257405025509096,False
PGY,2025-11-10,DT,OK,14.418082268707021,9.311476835445776,False,-24.412457568956235,-5.539721290985778,True
USAS,2025-11-10,UDS,OK,75.50227374700287,16.159973544925023,False,7.334032338171204,22.858651870202774,False
UPXI,2025-11-12,DT,OK,-47.37190284263044,0.99155255505885,False,-42.34603157497712,-15.30727106784301,True
INVZ,2025-11-12,DT,OK,21.717501993974597,1.0427130400241458,False,-16.74423415037749,5.66635702967051,False
REAL,2025-11-11,UDS,OK,54.05811192919649,2.7297273449219173,False,6.345637552058125,19.658769709284527,False
FLY,2025-11-13,DT,insufficient_history,,,,,,
LGN,2025-11-14,UDS,insufficient_history,,,,,,
ORKA,2025-11-13,UDS,OK,95.81624409913286,8.970526141178969,False,27.691446929088382,30.149688467117276,False
TRVI,2025-11-14,UT,OK,61.51821484318572,10.927105726011321,False,16.751734466212298,17.04167411911999,False
KOPN,2025-11-12,DT,OK,48.31627916831647,11.942192435919651,False,-5.673089880070103,25.058982136838615,False
CSIQ,2025-11-13,UT,OK,140.0507767278954,8.03386131531527,False,78.87558530530157,29.177221356196405,False
ONDS,2025-11-13,UTU,OK,75.30446822773543,15.863958126670585,False,-25.22933289909354,14.474787957871204,False
OMER,2025-11-14,DT,OK,10.75007605250049,-3.535080742911334,True,9.969005550983256,27.422629805654086,False
QMCO,2025-11-14,DT,OK,-36.87764319257257,-20.166446840233977,True,-27.93217628425272,7.139169879293106,False
DFLI,2025-11-17,DT,OK,3.586869536537285,-18.482450230538895,True,-9.304793201944861,51.37014384223097,False
GRRR,2025-11-18,DT,OK,-36.02019774423035,-0.21436864324251292,True,-27.388637645136438,-4.4844527978369015,True
QUBT,2025-11-17,DT,OK,-19.721296576794924,1.723968575275081,False,-38.896094538117886,-2.8281911675741234,True
NUTX,2025-11-19,DT SW,OK,-2.5261162700321416,8.648982485208645,False,-8.033274896143405,11.79827511688718,False
PACS,2025-11-20,U,OK,43.755231733775176,-0.9940845415836841,True,33.37031460496074,4.8995810334508505,False
CAN,2025-11-18,DT,OK,-11.905829086980857,-6.876441407910505,True,-28.815465987478884,25.022327390491483,False
POWL,2025-11-19,UTU,OK,37.31793031372461,4.972446497866789,False,-2.5023345971475153,13.782442552376818,False
VNET,2025-11-20,DT SW,OK,-0.38194901758881183,4.063794660935138,False,-14.4349829281336,7.156553745784744,False
NUTX,2025-11-20,U,OK,9.895007608605688,8.522023927531762,False,3.4542220369757404,11.976164145646084,False
PACS,2025-11-20,U,OK,43.755231733775176,-0.9940845415836841,True,33.37031460496074,4.8995810334508505,False
WRD,2025-11-24,DT,OK,-35.14054009012762,-4.4099095414210865,True,-27.633099816067453,-2.6001233492251585,True
PACS,2025-11-20,U,OK,43.755231733775176,-0.9940845415836841,True,33.37031460496074,4.8995810334508505,False
ODD,2025-11-20,DT,OK,-34.394276977617075,-0.4916441574983055,True,-27.656989783204576,-12.86416578173294,True
SYM,2025-11-25,DT,OK,33.74925992960438,9.821835305584091,False,-13.431130452699303,13.341530513857048,False
CRNC,2025-11-20,DT,OK,-21.562024927826172,-4.0349943450202925,True,-27.931207061285768,-2.774460103865306,True
PONY,2025-11-25,DT,OK,-14.200381975265309,1.0839482997649252,False,-31.898458925412864,0.6884269118279995,False
KSS,2025-11-25,UDS,OK,35.242025621184794,2.9656515580736453,False,-3.5158741842092334,3.404708747716678,False
FLNC,2025-11-25,CPH,OK,83.24151928095101,5.913205832135726,False,-0.6433031699816905,40.587730853217565,False
AMTM,2025-11-25,U,OK,14.454828238807703,0.3551782682512883,False,9.824938096310065,-2.9500978884659856,True
TIGR,2025-12-04,DT,OK,-7.560109945827653,2.071223503647257,False,-11.700229416263053,-8.871709578807508,True
MRVL,2025-12-03,UDS,OK,25.444936877455547,-3.44520822799933,True,7.402679690498992,8.940854898947626,False
DELL,2025-11-26,UTU,OK,5.077201535101805,2.7713409980086423,False,-12.319671115208564,3.666408245231856,False
CRDO,2025-12-02,UDS,OK,74.43582045128248,9.262763398226937,False,12.207269703971612,3.6326930825875348,False
RH,2025-12-12,DT SW,OK,-23.211733964295036,-10.467142613702618,True,-9.39692903399667,-13.831078755089887,True
FCEL,2025-12-18,SW,OK,31.308304419189305,0.6954178574267722,False,-0.8807809088855922,-3.725267557316436,True
MU,2025-12-18,UT,OK,61.362912717919,11.005915279848931,False,0.294675647766085,13.779374960151959,False
APLD,2026-01-08,UDS,OK,73.58801913813787,13.060632366586034,False,6.06957676229436,-5.081010752614934,True
TLRY,2026-01-09,DT,OK,4.072387874255945,4.070655784378863,False,-12.250519480769107,-18.72482760129107,True
TWST,2026-02-02,U,OK,26.505175176709137,-0.05802870188870157,True,18.630849220104007,10.780455025439162,False
SNDK,2026-01-30,UT,OK,306.95245021331414,37.50380019237014,False,80.92337007937411,36.78129273239543,False
APPS,2026-02-04,DT SW,OK,-2.79800086576677,4.730944591844621,False,-1.8575543856163668,-5.509667730429868,True
STX,2026-01-28,UT,OK,90.98257700102485,13.647556046107923,False,27.753367546603357,9.96937088438974,False
LITE,2026-02-04,UT,OK,140.22432347190673,20.36726753703404,False,24.431179919879042,19.74696618316456,False
ENPH,2026-02-04,DT SW,OK,-0.05335134946742315,-5.270576403421434,True,11.572671878179897,7.431724208888202,False
SMCI,2026-02-04,DT SW,OK,-28.95021366421252,-1.1084009235687753,True,-5.658577533577525,-14.06250426960397,True
SIMO,2026-02-04,UT,OK,46.40191044645472,8.979118513910711,False,21.13237952398055,9.158198951591823,False
SITM,2026-02-05,UT,OK,32.62521874480382,8.597494603257005,False,-0.43567262003889606,8.535575664708684,False
FORM,2026-02-05,UT,OK,68.83957880929998,12.048356783932856,False,12.96857809858587,16.548929140405665,False
ADPT,2026-02-06,UDS,OK,21.808039552483006,8.125219908518066,False,-4.827394917193473,5.102883657653723,False
AMSC,2026-02-05,DT SW,OK,-30.793592704877646,3.27624836427034,False,-11.358674714267359,-15.467577088207051,True
RBLX,2026-02-06,DT,OK,-41.24386077404447,1.5921712007805233,False,-26.357230049459936,-13.75392178246061,True
RDDT,2026-02-06,DT,OK,-19.15531892972452,6.041941221674696,False,-31.782154518726593,2.4454814391215995,False
VSAT,2026-02-06,UT,OK,40.98522084013108,14.417817588804649,False,-2.5294442303887443,7.148316549973499,False
ABAT,2026-02-06,DT,OK,10.045124735993017,12.33961021234482,False,-15.351781689127609,3.3788641265276587,False
CLSK,2026-02-06,DT,OK,-31.73511738834168,3.9958598356818475,False,-33.65975037123249,-7.004605543073383,True
BILL,2026-02-06,DT,OK,-25.33659218461616,0.5299152850792854,False,-29.518203188274093,-1.741834302528733,True
BE,2026-02-06,CPH,OK,95.42161211385098,22.19141707651979,False,16.608419366899916,9.505122644331454,False
MSTR,2026-02-06,DT,OK,-64.73635655600869,-4.611498170202588,True,-34.75193048662534,-15.90730295878503,True
SHOP,2026-02-11,DT U,OK,-7.701425281786656,3.6224304755604786,False,-16.67987233501972,-4.8703487061034,True
ICHR,2026-02-10,U,OK,71.31621175708358,5.68008110231204,False,46.00008560544448,30.22345839348526,False
OSCR,2026-02-10,SW,OK,-22.931054949670827,1.5127873168109263,False,-19.193208655134995,-1.833379282688774,True
HNGE,2026-02-11,SW,insufficient_history,,,,,,
AEIS,2026-02-11,UT,OK,60.488736053428774,10.947230656776409,False,18.893823861254198,10.265703093213595,False
TSEM,2026-02-11,UT,OK,82.84311198789169,14.986468096111928,False,10.060232128207257,14.17674370671902,False
VRT,2026-02-11,UT,OK,35.98893940276455,8.368569343545285,False,13.313450593814235,2.0520924692887244,False
DDOG,2026-02-10,DT,OK,-17.363323949940334,2.1751362167900634,False,-16.210888983286253,-12.518757305223005,True
ULCC,2026-02-11,DT SW,OK,35.02721500705155,3.902286877817396,False,15.687720796614757,12.755526373385884,False
PRCH,2026-02-12,DT,OK,-37.180184859100294,1.7195764411713554,False,-13.387803542085075,-12.340825655953347,True
FSLY,2026-02-12,SW,OK,10.710431574472379,4.317878740890069,False,-5.9795396936003335,-6.036135203355419,True
LPTH,2026-02-12,CPH,OK,64.30159822099925,18.191960065045578,False,-0.31448982761299593,20.119391847775404,False
ROKU,2026-02-13,SW,OK,-10.33843376066642,3.948754027649315,False,-19.80504881032391,-0.9664842936725426,True
RIVN,2026-02-13,DT,OK,-5.673248764909111,2.3452058950794497,False,-20.3150968740751,-0.5783356157406883,True
NET,2026-02-11,DT,OK,-7.006976285177224,3.771376486200273,False,-5.929897441740617,-7.211606078506117,True
VKTX,2026-02-12,DT SW,OK,-8.762695926518028,2.308243715880054,False,-14.591024129905406,-6.8978386809269265,True
TXG,2026-02-13,UTU,OK,25.24901378025275,9.632327858310742,False,-6.224226390034371,9.272112267231591,False
HUBS,2026-02-12,DT,OK,-55.42399746849702,-5.32797506445416,True,-39.12967620930809,-11.771346179995202,True
ETOR,2026-02-17,DT,insufficient_history,,,,,,
SPSC,2026-02-13,DT,OK,-41.582474381433954,-4.056893279980667,True,-25.86766318845758,1.589018535060327,False
PCOR,2026-02-13,DT,OK,-31.17648961286775,-0.43193854965682954,True,-29.500940870901914,-8.717040270747578,True
BROS,2026-02-13,DT,OK,-17.504620276948778,-0.22084619645673653,True,-15.333302234454461,1.5510905682595277,False
COIN,2026-02-13,DT,OK,-51.321645444999476,0.5277648388230194,False,-38.319046469903164,-13.267473596322333,True
DFIN,2026-02-17,DT,OK,-26.13613834746603,1.3528758299389487,False,-19.229959243338325,2.327812051043665,False
GLBE,2026-02-18,DT,OK,-16.014209717042817,0.3513120640080247,False,-21.1436036045604,-2.7180187882435147,True
CZR,2026-02-18,DT SW,OK,-24.28094367121546,-1.8591555371247903,True,-17.201905011578646,0.2417680603369332,False
AAP,2026-02-13,DT U,OK,13.986888179489231,3.2883754179730884,False,25.35580637243291,0.11424679031188933,False
GSHD,2026-02-18,DT,OK,-38.81513693934898,-5.155274590946057,True,-26.39126755894661,-5.276262533757292,True
HL,2026-02-18,DT SW,OK,72.07994750103295,18.777876681021,False,-4.2207792207792245,22.654867256637168,False
SEDG,2026-02-18,UDS,OK,25.092964826236862,7.722744429120998,False,14.853996535511005,-2.7653290182089285,True
FUN,2026-02-19,DT SW,OK,-31.52101865651162,-6.180658705167041,True,0.6965569475657629,6.61909741987583,False
WING,2026-02-18,DT SW,OK,-12.441547351698468,1.2264921242774784,False,-2.8252390387965898,2.7060302782375922,False
RSI,2026-02-18,UDS,OK,-2.4918119600066735,3.439057355331543,False,-8.299590758504216,-0.47303485803565914,True
TROX,2026-02-19,UT,OK,61.591309515121814,3.7510951510497215,False,36.85325799046444,33.41657635584034,False
DASH,2026-02-19,DT,OK,-24.55441063844601,0.4806331196336,False,-17.902532340852694,-2.015887133704408,True
FIG,2026-02-19,DT U,OK,-40.18572197329553,0.7908643190322584,False,-24.118850144923897,-14.630632367669815,True
APPN,2026-02-19,DT,OK,-24.32605844443817,-0.5363553178010738,True,-24.711330850830805,-15.697198963790704,True
LMND,2026-02-19,DT,OK,15.322162540561468,9.764157710924914,False,-16.540751933161502,2.701426868739043,False
WK,2026-02-20,DT,OK,-24.39277227564869,0.2334512418762147,False,-26.642618583704913,-8.953962257346127,True
INDI,2026-02-20,DT,OK,-13.023633228522158,5.618233313023513,False,-14.121181772658975,1.5071034640506076,False
TNDM,2026-02-20,DT SW,OK,5.385200833635628,1.1511702364935372,False,-11.17591198165967,0.05758654778245109,False
AXTI,2026-02-20,UT,OK,202.71630993776574,33.9541022693405,False,24.518868713915154,29.20611109984932,False
AMN,2026-02-20,DT SW,OK,-9.905917377261153,0.09080211141003769,False,-2.2834458657075785,7.164153779027482,False
IBRX,2026-02-23,DT,OK,191.7602870652939,15.495821753991844,False,100.05058750488631,68.56201550387595,False
VIR,2026-02-24,UDS,OK,30.29715818916763,3.1292246341099395,False,9.852741143769572,9.880755109334904,False
OPEN,2026-02-20,DT,OK,-0.009762487705489153,10.005879417650231,False,-21.68948618198352,-13.651796532402505,True
ETSY,2026-02-19,DT,OK,-24.251315391814575,1.6499173861420857,False,-21.035271509597685,-1.392905374352127,True
SGHC,2026-02-24,DT U,OK,-11.789128826895245,1.474359859839125,False,-6.2915758826138095,-8.21845081140392,True
RNG,2026-02-20,U,OK,4.045526555682422,1.3456060160302874,False,3.645032514705693,-0.4598524259848191,True
CLVT,2026-02-24,DT,OK,-54.947103071910334,-3.843476018566272,True,-41.344878150967126,-16.202457577530705,True
CCC,2026-02-25,DT,insufficient_history,,,,,,
BEAM,2026-02-24,SW,OK,24.294181909120027,4.453289155605056,False,-0.7027566989712741,5.755865029264906,False
CAVA,2026-02-25,DT U,OK,-1.7683863718849002,-3.431903734883368,True,6.343266024424432,11.099532640251475,False
FWRD,2026-02-24,UTU,OK,1.6180299648577812,5.6107141227276225,False,-6.6469719350073735,8.779484542708381,False
IOVA,2026-02-24,DT SW,OK,25.071678189273715,-2.647960312193909,True,12.233009708737864,5.046301962224131,False
ECG,2026-02-25,UT,OK,30.385632932100236,7.748654396424759,False,12.311718096617597,3.5784453811530836,False
CRCL,2026-02-25,DT,insufficient_history,,,,,,
RXRX,2026-02-25,DT,OK,-27.57897328320622,-2.93334262656636,True,-16.627302786962684,-5.169324493818317,True
AXON,2026-02-25,DT SW,OK,-34.22811789205955,-1.9247910146827696,True,-18.108176931196862,-6.080414028237813,True
CBZ,2026-02-26,DT,OK,-52.560853139495954,-6.474009873816488,True,-37.40908486024881,-13.920905650837767,True
TARS,2026-02-24,UTU,OK,16.628923017620444,2.861325772317058,False,-4.481242141904184,-6.825762226314702,True
JOBY,2026-02-26,DT,OK,-27.210463310589684,3.1426081239153136,False,-23.463025314877186,-11.191095852483512,True
BLMN,2026-02-25,DT SW,OK,-21.951349231147653,-1.8008519527998534,True,-13.578611074304714,-1.205783104491509,True
ACHC,2026-02-25,DT SW,OK,-13.781740258077303,-4.233599984611647,True,19.479218131336708,-1.7589554279464181,True
SDGR,2026-02-26,DT,OK,-38.42541256278129,-6.08364320238175,True,-24.89529895489898,-10.768199734202655,True
IONQ,2026-02-26,DT,OK,-29.247493699361872,1.6578838614079716,False,-22.143724677588338,-11.084823029458645,True
CHYM,2026-02-26,DT,insufficient_history,,,,,,
SNOW,2026-02-26,DT,OK,-22.543250995388565,1.0251777476518509,False,-16.125879089613093,-11.59185047161464,True
LB,2026-02-26,DT U,OK,9.462568382756164,-1.7322834645669305,True,16.521200558134264,0.5475902450197578,False
RXT,2026-02-26,DT,OK,12.301834055323212,-4.6774833667762135,True,50.94018967032427,-11.526903163646661,True
PENN,2026-02-26,DT,OK,-23.120781298854187,-1.3594499307575392,True,-9.022316375983063,-3.6973897490358065,True
BFLY,2026-02-26,U,OK,23.11358220810167,4.249901670565337,False,-17.311283008802334,7.022552098201507,False
VECO,2026-02-26,UDS,OK,7.2483046967295905,4.712786663365209,False,-8.441052895720592,1.458367333616195,False
SEZL,2026-02-26,DT SW,OK,-32.23730254253496,1.7403395740227756,False,-7.791351058441021,2.3940268442208756,False
MNKD,2026-02-26,DT,OK,-29.017603634298684,1.7961104917626702,False,-38.45396356474644,1.6044309451492378,False
PHAT,2026-02-26,DT U,OK,6.442262416463995,8.266354866997938,False,-14.616989278610582,-5.65947681222908,True
IBP,2026-02-26,UDS,OK,22.941806018973132,6.665137603677795,False,1.5897509000661447,8.098659437542155,False
MARA,2026-02-27,DT,OK,-41.69719801563482,-3.6062924307598054,True,-10.200958564915686,-12.730695750561093,True
QBTS,2026-02-26,UDS,OK,-11.605142646357603,6.139481807395453,False,-19.597702090050596,-6.379620762306049,True
RLAY,2026-02-27,UT,OK,63.14390414405109,11.378525413726258,False,10.000960707080386,6.797311855537913,False
CAI,2026-02-27,DT,insufficient_history,,,,,,
BWIN,2026-02-27,DT,OK,-38.54728643395621,-7.189044003050715,True,-16.991398351500354,-12.250043333701012,True
REAL,2026-02-27,DT U,OK,21.994747038131955,6.969598028321844,False,-14.851212975053263,-4.069039174061507,True
AAOI,2026-02-27,UT,OK,85.28024542989485,13.378589209994773,False,33.362809436989885,26.525763313795416,False
NIQ,2026-02-27,DT U,insufficient_history,,,,,,
VG,2026-03-02,U,OK,-14.191974425843345,0.6923762817654833,False,15.165200855716643,14.243041412084189,False
XERS,2026-03-02,DT,OK,-10.27116581507357,3.745645924280905,False,-15.11082753072378,-0.33730542729960566,True
KOS,2026-03-02,U,OK,43.89328923076068,0.38436371222194676,False,71.72480988663214,22.25582120376062,False
ASTH,2026-03-02,SW,OK,-21.477292917120504,-4.189883922202798,True,-13.271618105029647,-3.480960537584843,True
GLDG,2026-03-02,DT SW,OK,45.460051438417025,6.869302928954757,False,12.278397898883764,4.889807162534443,False
OUST,2026-03-03,UDS,OK,-17.089578057603305,4.742677882584512,False,-8.965033581787607,-6.443418208124085,True
TREE,2026-03-03,DT U,OK,-27.827485890359537,-0.7274856987455669,True,-26.27639125474689,-9.094589843125721,True
PDYN,2026-03-05,DT SW,OK,-0.35873537399000455,1.1263002291929558,False,16.744968024763107,12.100822574110959,False
PLUG,2026-03-03,UDS,OK,-7.966678853030906,5.730541491092334,False,-14.630695217432322,-3.359314462828733,True
BW,2026-03-04,UDS,OK,97.0365460223247,27.33679688945918,False,-1.839598633025541,18.987743330930094,False
ANAB,2026-03-04,UT,OK,57.70561171373876,10.774599216951962,False,6.074113338473408,9.071079896720956,False
CBRL,2026-03-05,DT SW,OK,-30.40691612521983,-3.0041009604547586,True,0.12261914493583159,6.592288200870633,False
DNTH,2026-03-09,UT,OK,92.11191992586608,10.555504883022437,False,34.946062969310155,8.958798457479155,False
AMPX,2026-03-05,UTU,OK,40.07165418484995,10.606752669588282,False,18.943816817044514,0.677467987252145,False
IOT,2026-03-06,DT U,OK,-19.85922533293778,-3.739196428105729,True,-3.55018781302171,-14.086258866241597,True
BBW,2026-03-12,DT,OK,-21.992010862643863,1.8232060848418552,False,-23.392367068406084,-3.826619638615858,True
UMAC,2026-03-09,SW,OK,44.9939622574987,7.483373439187546,False,14.686894320732868,11.851586138057947,False
TSSI,2026-03-11,DT SW,OK,-27.905709802539935,0.11022009728762772,False,19.900173611111093,2.8915931673551443,False
SERV,2026-03-11,DT SW,OK,-15.68649676086179,1.745195666396815,False,-14.021516848937477,-5.333860799447843,True
EQPT,2026-03-19,DT,insufficient_history,,,,,,
CTMX,2026-03-16,UDS,OK,34.31679246907555,11.512462380986154,False,-8.98129059862307,9.348815448088143,False
TRVI,2026-03-18,UDS,OK,16.53731094581119,5.676402936288705,False,-0.08393306784291177,-4.08680609081411,True
SLS,2026-03-20,CPH,OK,105.79999802115383,15.783986894410651,False,17.46899496238734,26.91590928639007,False
FLY,2026-03-20,DT SW,insufficient_history,,,,,,
YSS,2026-03-20,DT,insufficient_history,,,,,,
PL,2026-03-20,UDS,OK,91.29589487240435,17.953750355702102,False,8.579207242909748,12.370340870005991,False
UAMY,2026-03-20,DT SW,OK,41.859433029422966,11.597980693202658,False,3.1733448096219474,20.559803386127818,False
PGEN,2026-03-26,UDS,OK,-9.628236803171763,6.384908820245627,False,-24.166442427652346,-7.37316747105341,True
NAVN,2026-03-26,DT,insufficient_history,,,,,,
BRZE,2026-03-25,DT SW,OK,-32.71763623091816,-5.889411673758815,True,-11.347256045064324,-22.53708989607588,True
LGN,2026-03-27,UT,insufficient_history,,,,,,
RZLV,2026-03-30,DT SW,OK,-30.814378451139458,1.5014507657839848,False,-11.827639636980724,-5.580326041521566,True
AGX,2026-03-27,UT,OK,34.20172755530413,8.949354306329727,False,-0.5967341242689495,14.70311859104758,False
SGML,2026-03-30,UDS,OK,19.22367832402969,7.013542235246395,False,-15.621344734400843,-6.900332699976708,True
PLAY,2026-04-01,DT,OK,-46.80746561886051,-4.906582159942352,True,-30.61028351753964,-10.22691323229128,True
ANNX,2026-03-31,UDS,OK,28.73587084885212,9.185328978597118,False,-12.108163663104909,0.8921228590839103,False
NCNO,2026-04-01,DT,OK,-39.32305511252879,-4.292992679931896,True,-14.173417823052848,-18.556263269639082,True
AEHR,2026-04-08,UT,OK,94.93253006907013,12.277473314219822,False,44.20469318119857,18.919610680353816,False
LAES,2026-04-01,DT,OK,-35.668422280333445,-0.4235967212513625,True,-31.332721792687725,-8.474860871233892,True
MXL,2026-04-24,UT,OK,98.49319037960014,5.480331326221832,False,75.6500333350428,8.618634343074238,False
GSHD,2026-04-23,DT SW,OK,-34.15644993766676,-8.050146592411334,True,-0.4905610122978743,-17.087912187369326,True
BBNX,2026-04-22,DT,OK,-36.227025552068916,-3.0840138774328008,True,5.022596548890723,-14.573386076643546,True
AXGN,2026-04-28,UT,OK,56.25976251610352,10.763973183439468,False,18.68890790536224,1.676450043504385,False
CVLT,2026-04-28,DT SW,OK,-33.78560984775222,-6.305991639377117,True,3.779299075952225,-5.4286938586110445,True
SEI,2026-04-28,UT,OK,51.568963019791106,7.685046211724678,False,21.845608175714347,6.400928053803656,False
FICO,2026-04-29,DT SW,OK,-31.705437882699606,-4.818421850811516,True,-13.138033592930698,-12.427504692002023,True
NEO,2026-04-29,DT SW,OK,-3.86869871043376,0.9445735433341929,False,5.241051010407416,-15.585234211874088,True
PRCH,2026-04-29,DT SW,OK,-24.7692280744776,-3.495664226913897,True,12.32575777388394,-1.1274015462984566,True
CLVT,2026-04-29,DT SW,OK,-24.4180794362974,-5.211930926216635,True,3.864934205081516,0.3571428571428559,False
COCO,2026-04-29,DT SW,OK,10.59528775820695,2.8668995750578574,False,-1.1782810418485057,-4.733980285110995,True
CWH,2026-04-30,DT SW,OK,-44.372200549053616,-8.241663137348754,True,-7.91187179419034,-25.053281545662777,True
BE,2026-04-29,UT,OK,104.94708604301017,17.621332083850284,False,35.14772099043451,10.220113577289824,False
FTAI,2026-04-30,DT,OK,6.399191683678218,6.718495977600569,False,-16.865261335500215,-4.786120340157152,True
FMC,2026-04-30,DT SW,OK,-35.93135689951501,-10.217936309433828,True,-4.712968142260598,2.830504166833858,False
PRCT,2026-04-30,DT,OK,-35.461671263276095,-9.238342629460572,True,-14.15850823224255,-7.360385638200451,True
CCC,2026-04-30,DT,insufficient_history,,,,,,
TTMI,2026-04-30,UT,OK,83.61830894882193,11.984267923836978,False,27.448399618859764,9.742323200677049,False
FORM,2026-04-30,UT,OK,111.91794102010823,17.245463095196612,False,24.78891861880499,20.765865841155893,False
VISN,2026-04-30,DT U,insufficient_history,,,,,,
VIAV,2026-04-30,UT,OK,122.25747794144564,18.565710994903807,False,28.079261174233384,25.815539581585824,False
BAND,2026-04-30,UT,OK,55.07924581502315,3.6309180893434823,False,37.52344149570948,18.961344492367594,False
TEAM,2026-05-01,DT SW,OK,-49.17386221959573,-9.072640348427342,True,-3.6746593714627407,-18.633117365420006,True
RIOT,2026-05-01,UDS,OK,9.612034434963924,3.801428175446464,False,10.495821155719632,3.4408687696408036,False
VOYG,2026-05-05,DT SW,OK,-12.739309968262635,-4.468804759770151,True,-7.276459026856097,-0.4260758414997956,True
BWIN,2026-05-05,DT SW,OK,-15.746199327158427,-6.409162406782776,True,-0.2143778500445226,7.412502805179089,False
FLY,2026-05-05,DT SW,insufficient_history,,,,,,
EVER,2026-05-05,DT SW,OK,-32.27543640276414,-3.878256433220495,True,-7.627525859234707,-6.609667095738036,True
TDUP,2026-05-05,DT SW,OK,-38.13878429263045,-4.6029398856185955,True,11.354601977372347,-7.266239750466685,True
FTRE,2026-05-05,U,OK,9.44511327569224,4.892088690632379,False,23.053741838272224,-13.221987831029136,True
SHLS,2026-05-05,UDS,OK,5.553357413623661,2.5356130948875677,False,21.809317602698354,-13.475728650260631,True
COMP,2026-05-06,DT SW,OK,-20.98991152176042,1.2450830238989852,False,-9.65654554504729,-17.10336290488963,True
DOCN,2026-05-05,UT,OK,108.75500975571386,13.54243249042344,False,37.53570796572036,17.21842922504324,False
ALIT,2026-05-06,DT U,OK,-61.71453045527877,-18.01774497789842,True,21.574783828323007,-28.31603333273366,True
ALAB,2026-05-06,CPH,OK,31.58400445100329,5.703557154225014,False,49.894853301939875,9.534615170889271,False
SMCI,2026-05-06,DT SW,OK,-25.82696734774107,-5.411554574050581,True,0.8435638398098355,-5.648662878554777,True
AMC,2026-05-06,DT SW,OK,-23.764791847915067,-6.690674952873343,True,23.658230427390837,8.14128151172162,False
VSEC,2026-05-06,UDS,OK,-1.7758459813377758,3.7785338349968,False,-9.995231669828652,-2.412292643324232,True
OSS,2026-05-06,UDS,OK,34.41331751190908,7.315677770600715,False,7.6429822725119445,-0.20670470912911298,True
HUT,2026-05-06,UT,OK,76.21801041745897,13.275164007993357,False,34.6348087252587,13.915929119248393,False
URGN,2026-05-06,CPH,OK,15.968265670984438,4.526986040584924,False,16.233696553473354,3.9803215499315314,False
LIFE,2026-05-07,U,insufficient_history,,,,,,
AGL,2026-05-07,DT SW,OK,25.322799018342245,-12.00590188049434,True,50.36863261730511,34.46261851867985,False
ARRY,2026-05-07,DT SW,OK,-3.5784492497086595,0.8033929003738782,False,9.341797347822588,-16.261417003592626,True
BOBS,2026-05-07,DT,insufficient_history,,,,,,
JMIA,2026-05-07,DT SW,OK,-23.043594875074792,3.2557000047932716,False,2.42187929046076,-16.439896289837776,True
ROOT,2026-05-07,DT SW,OK,-26.176004184030297,-8.827872517904932,True,12.11881131656607,-6.475693055539688,True
PCT,2026-05-07,DT SW,OK,-24.970091424238994,-7.078484116527594,True,20.617332805698464,-13.501560874089492,True
GCT,2026-05-07,UDS,OK,26.477124339185853,7.7474126448157765,False,1.7965426735451206,8.111281528176306,False
FLNC,2026-05-07,DT,OK,-14.709337157575442,3.6706954058028263,False,-6.197469545306767,-19.863074449803186,True
EXK,2026-05-07,DT SW,OK,5.049957968733243,5.071312554092033,False,-7.4773413897280765,-9.282365668950609,True
ACVA,2026-05-07,DT SW,OK,-36.14210217263651,-11.85822959516506,True,7.659943076351916,-14.535006698159759,True
SEZL,2026-05-07,DT SW,OK,10.254558318470597,-9.09922899244724,True,18.67119167839306,8.088682644016853,False
RUN,2026-05-07,DT SW,OK,-21.71339658907161,2.0673806016859197,False,-0.8914363403216718,-17.89664620224263,True
HNRG,2026-05-07,UDS,OK,0.0016172768292799233,0.1711847931742172,False,10.115160869049067,-6.756113491193716,True
VERX,2026-05-07,DT SW,OK,-36.6677005272689,-10.272629848451697,True,-1.5521478117515364,-7.75697582669822,True
TPB,2026-05-07,DT U,OK,-17.762608603249607,0.48569211635050014,False,-7.338989235540949,-18.228813116808517,True
WRBY,2026-05-07,SW,OK,-7.58045807034875,0.1969306560291928,False,-5.299448045807031,-2.071984845295727,True
HIMX,2026-05-07,CPH,OK,43.03446515782512,2.1035924526513927,False,30.43616244750289,15.658685199006506,False
AAON,2026-05-07,DT SW,OK,9.70400564702205,2.12310196154859,False,9.550874846762492,-1.6226290976866453,True
GENI,2026-05-07,DT,OK,-52.73543660640434,-6.005119117936609,True,-8.762907974951272,-17.823671744538714,True
NAMS,2026-05-07,UDS,OK,-2.5867630845010314,3.826474622211329,False,-1.8580155621074956,-2.522697174468058,True
XMTR,2026-05-07,U,OK,9.345555219505375,2.759772763269175,False,28.598301316764484,-9.947414998531878,True
RXT,2026-05-07,U,OK,77.18988550176933,1.4084334235586748,False,42.34866518339775,25.09362355720881,False
FOUR,2026-05-07,DT,OK,-36.60002868375568,-7.543945746363434,True,-6.422538899679198,-9.61932938856016,True
POWI,2026-05-08,UT,OK,57.609634747406034,2.288635880320733,False,28.355872598353148,16.670766844433693,False
AAOI,2026-05-08,UT,OK,190.46587924694586,31.491681232287895,False,27.615283054018814,56.06646322501374,False
LASR,2026-05-08,UT,OK,55.92020955826926,13.468034392271555,False,0.32283977749820725,12.04609756843138,False
MP,2026-05-08,DT SW,OK,9.488241852921785,3.401703676833656,False,17.4697362071192,2.84545883504308,False
INOD,2026-05-08,DT SW,OK,-15.529660860102013,-1.1006802316402609,True,6.56629572380556,-4.242351068301531,True
TNDM,2026-05-08,DT SW,OK,2.087205245303614,1.7302842619899783,False,-12.940189391618329,-1.5750552081206903,True
IREN,2026-05-08,UDS,OK,33.20500977363934,8.203783836203193,False,32.4535713536825,2.1666012068411344,False
RKLB,2026-05-08,UDS,OK,25.27275879454065,6.794887128566218,False,7.197424424315169,3.665573028623159,False
WULF,2026-05-08,UT,OK,78.21271638989408,13.709770969504099,False,35.29650324441238,14.866910803711253,False
QUBT,2026-05-12,DT SW,OK,-18.214373944288575,-6.927789108079841,True,25.792380787623404,3.5812566396600687,False
PLUG,2026-05-12,U,OK,51.74866627148786,7.232424561119655,False,32.900400211432455,21.76351599852888,False
AMBQ,2026-05-12,SW,insufficient_history,,,,,,
BW,2026-05-11,UDS,OK,95.06860136081143,25.145594603710887,False,-1.7580843502114862,21.317092363684065,False
KOPN,2026-05-12,UT,OK,87.382767948875,8.536148707403669,False,70.8490890340323,27.119384722950524,False
VPG,2026-05-12,UT,OK,67.76072182451121,8.221997475690568,False,33.12970751443238,7.9471942067262935,False
TE,2026-05-12,UDS,OK,27.695560253699767,8.751882465195958,False,3.7016688414257093,-11.724765080327371,True
NXT,2026-05-13,UDS,OK,32.325979779045056,6.315950708551954,False,7.98979794873651,0.5445782506463104,False
VELO,2026-05-13,UDS,insufficient_history,,,,,,
AIP,2026-05-13,UT,OK,113.003876828193,13.074000906072891,False,55.780149679601124,29.46876127218676,False
VG,2026-05-12,DT SW,OK,6.073192328406973,-3.126478455994519,True,-12.936628055085198,9.090760478650362,False
TSEM,2026-05-13,UT,OK,91.20647623945877,16.96720464737553,False,21.130308193066917,22.07811861762321,False
EOSE,2026-05-13,DT SW,OK,-23.056463257086413,1.6948825077885532,False,31.782315138696827,-20.407898996438977,True
NBIS,2026-05-13,UT,OK,73.25103965374942,12.154165393092908,False,34.41761995783832,25.92045541528576,False
SLS,2026-05-13,UDS,OK,69.2757946963494,10.714285714285698,False,5.095733757474474,7.25560906087368,False
CMPS,2026-05-13,UT,OK,50.37051004810411,8.868903584251298,False,31.551237592485993,11.600833555301392,False
ARX,2026-05-14,DT SW,insufficient_history,,,,,,
FPS,2026-05-14,UT,insufficient_history,,,,,,
FRMI,2026-05-14,DT SW,insufficient_history,,,,,,
TRT,2026-05-14,UDS,OK,105.82318638439378,19.995570940494467,False,30.889414288151727,44.08077260755046,False
GO,2026-05-14,DT SW,OK,-33.53213579539233,-4.564537245910916,True,8.106598133973986,-10.177146585035391,True
STUB,2026-05-14,DT SW,insufficient_history,,,,,,
SHAZ,2026-05-18,UT,insufficient_history,,,,,,
IMVT,2026-05-20,UT,OK,14.997583257331693,4.889146839575198,False,-0.32718766468383675,1.9224229871555254,False
ONDS,2026-05-14,UDS,OK,4.456188233352276,10.223806166771187,False,-10.438105250389196,-0.5048879591261657,True
GLOB,2026-05-15,DT,OK,-41.615943233154205,-7.482519865500237,True,-23.316472557737654,-7.724250767192786,True
FIG,2026-05-15,DT U,OK,-50.26082960463627,-0.9253068733395042,True,-5.658618439451857,-11.188568022254586,True
ELF,2026-05-21,DT,OK,-45.15674714200368,-5.748921631324033,True,-21.063280107075034,-13.735651473451039,True
FLO,2026-05-22,DT,OK,-36.98055027396829,-6.485498108448928,True,-15.631619487771998,-7.043766222142667,True
AAP,2026-05-21,DT SW,OK,-3.141200432877922,-0.8907361195416685,True,-5.0583657587548565,0.3712079508428445,False
APPS,2026-05-27,U,OK,2.6757601955322174,-2.523954681176477,True,35.21871134600245,0.25930101465614364,False
CAVA,2026-05-20,DT SW,OK,13.287005348213988,-0.3314931500810414,True,-8.486441654835053,6.2295914303918565,False
PHR,2026-05-28,DT SW,OK,-47.20636067943622,-9.225831172512244,True,-4.6315833455198625,-9.916064438422156,True
NCNO,2026-05-28,DT SW,OK,-32.343276585272974,-5.4135864167429215,True,-8.237483085250364,1.0561273701818141,False
KSS,2026-05-28,DT SW,OK,-21.94833378103881,1.166106870229,False,-3.6325964791986354,-8.157873121047022,True
PONY,2026-05-26,DT U,OK,-38.269575793645984,-2.873807551348595,True,-10.382381899652382,-14.262826034524345,True
ASAN,2026-05-29,DT SW,OK,-38.249856287203066,-6.8642435860901685,True,5.123591249171322,-4.45496772636782,True
PD,2026-05-29,DT SW,OK,-35.26184582051696,-6.781819435375603,True,11.26398277202847,-0.4822002619359278,True
MEI,2026-06-25,UT,OK,63.70275881043494,6.609603423794574,False,27.13922181860564,32.31975324508416,False
TTAN,2026-06-05,DT U,OK,-12.829221268121982,-5.132288097478444,True,18.094160749777966,-5.068346663811029,True
ATEX,2026-06-11,UT,OK,102.82397474562859,14.658951901183514,False,25.040052193315997,23.055326608219783,False
NAVN,2026-06-11,U,insufficient_history,,,,,,
PENG,2026-07-08,UDS,OK,114.16837712213166,15.856946997109556,False,16.445325846368664,45.421356203149685,False
BB,2026-06-25,UDS,OK,80.51410920894193,12.876728519087566,False,20.657316424512185,47.906918968158664,False
AVAV,2026-06-30,DT,OK,-45.568055105491254,-2.6703970063776006,True,-21.506798414776153,-4.511463882837596,True
MU,2026-06-25,UT,OK,152.38584794457336,27.249646068713208,False,35.526081768303165,46.41416823396312,False
AEHR,2026-07-15,UTU,OK,44.937308223748104,14.22950028164478,False,-23.834324583606126,5.402109070071548,False
MAN,2026-07-16,DT U,OK,25.659778243661478,-0.9304885343968117,True,19.84618408767016,8.402253386072168,False
NP,2026-07-22,DT SW,insufficient_history,,,,,,
AMC,2026-07-20,UDS,OK,6.707706964135474,-4.338330876524365,True,3.9322832958320175,10.659236423998086,False
PKE,2026-07-21,UDS,OK,21.980141812185682,6.131901585149779,False,-4.340694745474805,1.6820938017464426,False
BE,2026-07-29,UTU,OK,-5.87422892353382,9.720971735052352,False,-37.064831070146845,-3.59932246336494,True
NEO,2026-07-29,UDS,OK,24.70771628994546,5.89955674479683,False,10.030874334888008,23.058890101451034,False
ENPH,2026-07-29,DT,OK,-9.229216845827748,1.1842972040394972,False,-28.512380427508567,5.255743322332518,False
NVEC,2026-07-23,UDS,OK,13.536451547094618,3.567769475968574,False,-10.872743799239505,4.529899096728696,False
NVCR,2026-07-23,DT SW,OK,13.647561175890942,2.447094892694235,False,-6.762000574877858,6.008493782018354,False
TER,2026-07-29,UDS,OK,12.029345294776196,8.734603399527629,False,-15.396291790313688,-0.726889543487863,True
STX,2026-07-29,UDS,OK,46.74851304953247,14.095355839321023,False,-15.684566179999749,8.201245874765739,False
PLPC,2026-07-30,UDS,OK,0.8230838666440476,5.017641246447013,False,-20.802484172229384,-0.8851654902299666,True
FORM,2026-07-30,UDS,OK,-10.477150351990005,8.702796009141323,False,-32.77214793188759,-8.705648212910654,True
CLB,2026-07-30,DT,OK,-35.704095525343796,-0.66714119321859,True,-19.33638443935928,-10.759087461345452,True
LRCX,2026-07-30,DT,OK,5.3804145269208625,8.701099354531783,False,-25.1486793124416,6.466329058279774,False
ARM,2026-07-30,DT,OK,18.924811613585035,7.793330446154623,False,-30.54363066963982,10.628140806533825,False
ARXS,2026-07-30,SW,insufficient_history,,,,,,
MOD,2026-07-30,DT,OK,-13.060420663727335,4.28093017050446,False,-31.16534853438331,-4.385744408397674,True
MYRG,2026-07-30,DT,OK,4.038796010823176,7.344760504478498,False,-25.96897068687536,-0.07019810290547213,True
PI,2026-07-30,DT SW,OK,-4.064302399236064,-3.27950533148178,True,1.2682889948340659,0.7176998459456962,False
PRCH,2026-07-30,DT U,OK,21.85323389215594,-3.4456335239509306,True,2.344144606645737,15.44689800210306,False
SIMO,2026-07-30,DT,OK,28.474645435590197,13.219345559712647,False,-26.82023667552794,11.469356822791866,False
BBNX,2026-07-30,DT U,OK,-14.04015520370131,-3.090645008950832,True,3.730751347063821,20.09657392504025,False
AXTI,2026-07-31,UDS,OK,1.018089748783657,11.38987056992502,False,-40.25641123546024,-18.855537034397706,True
PGY,2026-07-30,DT U,OK,-10.356856122477232,-9.032985962455731,True,2.0305272312481915,9.182360510001164,False
NWL,2026-07-31,UDS,OK,21.43549034894985,-0.2333474756045839,True,7.750036685323769,9.692328918322302,False
CDNA,2026-07-31,UT,OK,83.11211291433021,10.021587194153891,False,36.68357572844094,22.318176632175767,False
COHU,2026-07-31,UTU,OK,27.122441900323135,9.344516289275596,False,-16.818881845206114,3.742318067311179,False
NXT,2026-07-31,DT,OK,-11.073321606452646,2.8639511121841155,False,-18.1571248065839,-6.136007242895458,True
PWP,2026-07-31,DT SW,OK,-19.28323949761802,-2.9565623969813104,True,-7.49243063483399,-9.48372205343051,True
IESC,2026-07-31,DT U,OK,10.275724040181133,4.6966065592199735,False,-14.87284098972349,-1.3265014886363447,True
AMRC,2026-08-04,DT,OK,-24.45694078859909,-4.019904941146435,True,-15.844736686215255,-9.273031420682443,True
AEIS,2026-08-04,UDS,OK,3.143253949023661,4.380251629602339,False,-7.133848768986118,-7.075290131764012,True
VOYG,2026-08-04,DT SW,OK,-5.867249633265381,-1.383344518737628,True,-19.895443678003144,-3.195371113756529,True
WGS,2026-08-04,DT SW,OK,-25.236692632575153,-5.863413121454619,True,12.267164749499958,10.021405403044081,False
W,2026-08-04,DT U,OK,2.2048835418209123,0.5040539973235836,False,7.040896310199241,12.246946133562965,False
ENTG,2026-08-04,UTU,OK,4.882612314240697,3.325108921877895,False,-12.625417768444791,-3.089231077216914,True
LIFE,2026-08-04,U,insufficient_history,,,,,,
IPGP,2026-08-04,DT,OK,-14.47817342247415,1.4610321359901812,False,-18.564341641264715,-4.889370508869018,True
TPB,2026-08-04,DT SW,OK,-16.107566331823687,-1.4860713885654242,True,-3.0593794450203715,-2.159709019544942,True
BLZE,2026-08-04,UTU,OK,129.19897970434948,7.057471807099969,False,34.02221381658126,38.61957195290528,False
UCTT,2026-08-04,DT,OK,45.94346879654332,12.08583971279138,False,-10.25915850726472,5.567915243000687,False
QLYS,2026-08-05,CPH,OK,35.186857681964234,1.4305046333366045,False,23.829154823347775,21.434833471667346,False
APPS,2026-08-05,UTU,OK,65.30721328715391,5.315740817017689,False,1.5407284025753532,28.055183352019487,False
AMPX,2026-08-05,DT U,OK,-21.48260596398076,-1.2962013700447028,True,-23.080207206694357,-19.005025589008262,True
PGEN,2026-08-05,UT,OK,51.448384627873025,5.064116231610338,False,29.748847560006375,11.700994318181834,False
RARE,2026-08-05,DT,OK,-4.203307231425468,-0.48800351621077764,True,-6.0754380538219355,6.145175868915276,False
ECG,2026-08-05,UTU,OK,16.433887255124112,4.279826363623385,False,-5.1308491959532905,-5.513532017985634,True
KTOS,2026-08-05,DT,OK,-30.58181061427806,-5.46683003941566,True,-1.3960809361954651,-7.0092541033595746,True
METC,2026-08-05,DT,OK,-44.33649856943646,-13.492918805718912,True,-26.46946652224984,-9.584204028993316,True
INTA,2026-08-05,UT,OK,6.517278187841491,-3.577499165782816,True,26.60476756940473,11.887229482126838,False
MTRN,2026-08-05,UTU,OK,32.921866700614125,7.181942480095382,False,-7.075365929107225,7.290659684631895,False
LEU,2026-08-06,DT SW,OK,-17.22997675001825,-7.248282961693664,True,9.73554219756494,-6.237291481591145,True
ALNT,2026-08-06,UTU,OK,36.957731833089255,6.593409173990228,False,4.7173921831976,9.735965870021168,False
NNBR,2026-08-06,UDS,OK,91.3805159913143,7.504319269878512,False,21.3214707895228,14.300952922770582,False
CLOV,2026-08-06,UDS,OK,37.942523948354825,5.648986632169062,False,-9.14477582460993,13.684446883888057,False
AEVA,2026-08-06,DT SW,OK,18.602295235647205,0.551736929885771,False,-10.034316334208048,-0.44349442548974327,True
SOUN,2026-08-06,DT,OK,-30.96191631682361,-11.06538299025307,True,-6.715605913331113,-11.456941732607117,True
ZVRA,2026-08-06,UTU,OK,4.293567077700189,1.6613804561244505,False,-13.67295741855088,3.2976525185461236,False
FWRD,2026-08-06,DT U,OK,-21.502306283635964,-4.924574928049852,True,17.34693877551021,1.3592262984431835,False
DIOD,2026-08-06,UTU,OK,14.111821986091,4.956972474207788,False,-14.20116563716084,-5.817675082563422,True
XNCR,2026-08-06,UDS,OK,42.780550467958925,4.8050760368446355,False,29.935621614895425,19.630041681030463,False
VECO,2026-08-06,DT U,OK,26.709704740787622,5.761738086366597,False,-13.315186701344972,-1.8726068409014807,True
ARRY,2026-08-06,DT,OK,-31.62020113845092,-3.3189938109527306,True,-19.917077257301898,-12.141966067864251,True
RDW,2026-08-06,DT U,OK,6.736231075974897,-0.12778059524874985,True,-18.40338565056554,-6.673202057227279,True
WTI,2026-08-06,UDS,OK,15.244140278713525,5.420358117453561,False,-8.129805517865218,-8.023503717955393,True
HTZ,2026-08-06,DT,OK,-67.46746746746746,-8.513429077016276,True,-51.89490887785624,-32.654247918094406,True
SITM,2026-08-06,DT U,OK,17.525511520635618,6.114397969190333,False,-15.118242451256137,-7.365371340680937,True
RCUS,2026-08-06,UDS,OK,18.10050054147161,6.4386135288938995,False,2.2721398876113907,5.532090645553445,False
IOVA,2026-08-06,DT SW,OK,30.329351881742618,7.996724448264114,False,0.41879728822968865,10.557147242402575,False
EVH,2026-08-06,DT,OK,-24.248945510889207,-8.149411525515616,True,-34.646070276693266,6.9535221496006105,False
PRAX,2026-08-06,UDS,OK,10.94456316729473,9.78359447820434,False,4.47423178401789,-2.5247469479030227,True
TROX,2026-08-06,DT,OK,-9.959135299866873,3.2983019587891294,False,-13.75497567448033,-14.644888508582065,True
RGNX,2026-08-06,SW,OK,-0.39557187170949915,0.42344423539499854,False,8.301014935225659,12.02495811427584,False
NUTX,2026-08-07,CPH,OK,13.332261651094335,4.446206547426712,False,-1.746675470426673,9.04882027253937,False
ACMR,2026-08-07,DT U,OK,34.031605528252214,8.250245474677742,False,-13.796302562098727,11.107715554197295,False
CLSK,2026-08-07,DT SW,OK,-1.8058104004974984,-2.4563439745482474,True,-15.749269827005175,-0.06075574868251721,True
CRSR,2026-08-07,U,OK,49.80110056510736,2.904704480734588,False,9.284551840636123,14.20941804792546,False
FROG,2026-08-07,UDS,OK,35.03882732178276,6.226074984625818,False,-1.4826248046914459,11.800135821267709,False
INDI,2026-08-07,DT SW,OK,-12.20997939621965,-2.0777202721838472,True,-15.220722724801018,-6.645438183580232,True
OMDA,2026-08-07,CPH,OK,15.261025817231033,-1.092036172695443,True,-2.9145508928482777,13.127986060367602,False
PSIX,2026-08-07,DT SW,OK,-44.92896595460976,-9.830406390786784,True,-7.4364782130923235,-21.169960753809704,True
VSTM,2026-08-07,DT U,OK,-7.2952082916671435,-4.622928378272251,True,22.823059977555182,8.120618371382315,False
MP,2026-08-07,DT SW,OK,-18.653300159730037,-5.036286606854567,True,-11.029428295227161,-12.181398195494674,True
TEAM,2026-08-07,DT U,OK,1.9218235467443945,-5.164894675208275,True,19.101286363081083,5.371009761226442,False
INOD,2026-08-07,DT U,OK,6.044779140855905,-2.7493134099164207,True,-18.24871467702748,-5.193397108571807,True
AAOI,2026-08-07,DT U,OK,35.196318724613974,9.351105234485013,False,-10.700935116918375,-16.325546087669963,True
GRPN,2026-08-07,UDS,OK,45.56125003255593,2.8587161971097563,False,10.13987545216468,21.564097103918243,False
CAMT,2026-08-10,UDS,OK,4.580522542454468,2.2497645453173787,False,-2.4168706060895606,-7.587730577022322,True
ONTO,2026-08-07,UDS,OK,19.973219227059012,6.9391394653440575,False,-8.516821737519887,0.08914526862164873,False
PLUG,2026-08-11,DT,OK,-16.06416516662854,-4.351837759683463,True,-18.01686288223181,-17.927867597818782,True
RPD,2026-08-11,DT U,OK,13.46339437325157,-7.266094955422386,True,25.38744829522748,20.817077467085966,False
ACVA,2026-08-11,DT SW,OK,8.317791868705715,-2.497745192167833,True,3.9370078740157632,11.849479583666911,False
RIOT,2026-08-11,UDS,OK,4.704271151679507,0.3368320726950813,False,-18.387951705860107,-4.104725981806057,True
RXT,2026-08-11,DT U,OK,86.1976375731874,12.97496199236714,False,-10.467537384062064,0.7110585813142167,False
KOPN,2026-08-11,UDS,OK,27.780981576471287,1.9880977255666732,False,-3.1627372052904,-9.896373056994822,True
APEI,2026-08-11,UDS,OK,0.8389592883182528,2.757654091739248,False,-9.830887725280068,-2.9375371670661954,True
IMSR,2026-08-11,DT U,insufficient_history,,,,,,
QMCO,2026-08-11,DT SW,OK,41.399591885728015,-0.1133032390338573,True,-0.7147191693075428,8.781516457320993,False
BW,2026-08-11,DT,OK,-20.935243471370192,6.194096178211472,False,-31.14464277406447,-20.55221526785275,True
CCCC,2026-08-11,UDS,OK,24.99568385069577,4.898853613923215,False,-7.6860304993114585,3.8093977498345533,False
EROC,2026-08-12,DT,insufficient_history,,,,,,
QNT,2026-08-12,DT U,insufficient_history,,,,,,
VELO,2026-08-12,DT U,OK,4.543319804048096,5.1876723249840495,False,-14.35399514526664,-15.051603371491119,True
ALM,2026-08-12,DT U,OK,-5.244864310859587,4.290595303600364,False,-14.402751478146614,-13.846717272606202,True
CRWV,2026-08-12,DT SW,OK,-3.2025830506458353,-5.515750408522068,True,-1.1541500592068044,-12.871103974430042,True
SLS,2026-08-12,UTU,OK,92.7319978720992,20.269767100370785,False,1.411501257319081,21.138880241917548,False
LITE,2026-08-12,UDS,OK,31.37361303371482,10.810664572352957,False,0.5202223770590653,-7.649744186472729,True
FRVO,2026-08-12,DT U,insufficient_history,,,,,,
NBIS,2026-08-12,UTU,OK,33.96387800572478,5.485965316752339,False,-12.933574846576024,-0.9171903545004967,True
NRGV,2026-08-12,DT U,OK,-11.834603686692668,-0.9404503427581812,True,-7.883902840675172,-16.661663164214936,True
SMCI,2026-08-12,DT U,OK,-1.1571031211365046,-7.001113400292491,True,0.7357535416905758,-6.230158967399458,True
WYFI,2026-08-12,DT U,OK,9.385496937364168,-2.727912726122539,True,-19.176953084590565,-0.21444435934749873,True
HYLN,2026-08-12,DT SW,OK,33.43999455346962,5.765976597659761,False,-21.977628279129014,-2.1729818139335833,True
PESI,2026-08-13,UT,OK,47.67299134710754,4.498848383766174,False,38.91172706669621,23.967916334308235,False
JACK,2026-08-13,DT SW,OK,18.571394729984746,-1.547520204988495,True,27.147347314799752,12.528584931548604,False
XE,2026-08-13,DT U,insufficient_history,,,,,,
MWH,2026-08-13,DT U,insufficient_history,,,,,,
CAPR,2026-08-14,DT SW,OK,-81.83826130471171,1.1925172733294964,False,-77.92864819523449,-30.134387235959647,True
ETON,2026-08-14,UTU,OK,64.55129523648195,11.04383362257182,False,6.808519550147651,16.037861942429423,False
HIVE,2026-08-17,DT,OK,-11.386358769950434,-8.541343416236058,True,-19.854606125610786,-8.400196495824463,True
JLHL,2026-08-18,DT,OK,-18.481743116842942,3.5839413469727965,False,-44.79164366318486,-30.53866803016746,True
