ticker,reaction_date,Chart Pattern,gap_pct,adr14,pre_gap_market_cap,avg_share_volume_30d,dollar_volume_proxy_30d,% from ATH,Prior ATH Price,Gap Day Open,IPO Date,Trading Turnover %,Relative Volume Multiple (Whole Day vs 30D Avg),eps_surprise_percent,revenue_surprise_percent,TTM EPS Growth %,TTM Revenue Growth %,4-Week Price Change %,1M High %,3M High %,6M High %,3M Close Performance %,SPY Trend Color
GRPN,2012-05-15,DT,26.88538559863656,6.187838578124046,9544144971.199999,166609.695,39103295.4165,-0.5218368657675015,622.8,297.8,2011-11-04,0.4097097805460461,7.407788904481218,N/A,N/A,N/A,N/A,-6.717011128775841,0.002686366689053088,0.002686366689053088,0.002686366689053088,-0.6427132303559435,04 | Downtrend
CIEN,2012-05-31,DT SW,5.303030303030298,5.705928330928344,1681648713.36,5357795.5,63650610.54000001,-0.5721614227086183,29.24,12.51,1997-02-07,3.785012293847244,3.933993374700472,100,N/A,N/A,N/A,-16.92307692307692,0.3149480415667465,0.4700239808153477,0.4700239808153477,0.0927258193445244,04 | Downtrend
PHM,2012-07-26,UT,6.387225548902209,5.417735956658076,1908673257.06,12754651.53333333,127801608.364,-0.0714285714285714,11.48,10.66,1972-06-01,6.6958348104514,2.299730253181933,160,-3.6,N/A,N/A,1.417004048582982,0.3048780487804879,0.7166979362101313,1.032833020637899,0.6210131332082554,01 | Green
FSLR,2012-08-02,DT SW,14.86486486486487,5.282335907335895,1590552862.4,4372321.666666667,64710360.66666667,-0.9031057458292724,175.449,17.0,2006-11-17,4.068419365139779,6.450339922382959,82.42,17.05,N/A,N/A,-4.082955281918332,0.5476470588235294,0.5476470588235294,1.094117647058824,0.3258823529411765,01 | Green
BBY,2013-03-01,DT U,5.911029859841554,5.097066248802997,3458688537.66,8520137.533333333,139815456.922,-0.4768211920529801,33.22,17.38,1985-04-18,4.042441387815543,3.838771248942985,6.49,2.2,N/A,N/A,0.9225092250922495,0.3498273878020715,0.6260069044879173,1.108745684695052,0.585155350978136,04 | Downtrend
CLF,2013-04-25,DT,8.177826564215152,5.390465736239594,10395239656.34,14525461.46666667,264653907.9226666,-0.8067647058823529,102.0,19.71,1972-06-01,2.545914444225974,2.252814623142529,N/A,-4.2,-155.0522648083624,-13.56431126090988,-1.300108342361872,0.2049720953830543,0.2049720953830543,0.3165905631659056,-0.06747843734145109,04 | Downtrend
TSLA,2013-05-09,UT,25.69438842730767,5.538014189300806,14688761713.0254,57169097.0,212617588.6527,0.0,0.0,4.6747,2010-06-29,1.447484769694094,7.50535818328563,100,14.22,N/A,102.3364440222873,27.98004129387475,0.638607825101076,1.26581384901705,1.773803666545447,1.181958200526237,01 | Green
FSLR,2013-11-01,U,10.60310897308472,5.057306427520705,5406375155.127999,5639428.066666666,283697068.3217333,-0.05694915254237287,59.0,55.64,2006-11-17,5.247454351232801,5.035552305002655,128,28.46,458.6956521739132,18.00039186910035,14.40982488060041,0.186017253774263,0.186017253774263,0.3450754852624012,-0.09094176851186198,01 | Green
FANG,2013-11-05,UT,10.10158013544018,5.740460066645172,14885852142.72,653068.7666666667,34717135.636,0.0,0.0,58.53,2012-10-12,0.233222359749009,2.648926251411094,-2.94,3.98,N/A,N/A,19.29982046678633,0.002989919699299515,0.002989919699299515,0.3107807961729028,-0.09516487271484708,01 | Green
GOGO,2013-11-11,UDS,16.64000000000001,5.654819047619053,2540772412.5,785882.8333333334,14735303.125,0.0,0.0,21.87,2013-06-21,0.5799536807195241,7.640586796547492,29.03,11.14,N/A,N/A,12.41007194244606,0.6355738454503888,0.6355738454503888,0.6355738454503888,-0.03566529492455428,01 | Green
VIPS,2014-03-04,UT,23.15278647463994,5.905212899185963,6135936419.04,10466538.66666667,133720498.0053333,0.0,0.0,15.734,2012-03-23,2.179300580599149,7.007115946895657,25,16.37,N/A,N/A,29.50836289913836,0.1567306470064826,0.1567306470064826,0.4585610779204272,0.05224354900216088,01 | Green
FCEL,2014-03-10,UT,12.88951841359773,5.928773775799261,1219269507321.6,3638.936705300001,55492329.18114289,0.0,0.0,17215.2,1992-06-25,0.004551276715108236,8.741082021754394,0,2.21,13.04347826086956,55.59977778330556,148.5915492957747,0.1894604767879546,0.1894604767879546,0.1894604767879546,-0.4529485570890841,01 | Green
PLUG,2014-03-13,UTU,11.47058823529412,18.61344537815127,9500927890.4,49202599.33333334,334577675.4666667,-0.3532423208191127,11.72,7.58,1999-10-29,3.521526311179914,2.66953554852163,0,7.79,N/A,88.92025443831339,81.81818181818181,0.1187335092348285,0.1187335092348285,0.1187335092348285,-0.4525065963060686,01 | Green
ILMN,2014-04-23,UTU,6.440059467495618,5.754870349274994,22344980000.0,2296184.5,339789382.31,-0.1406983087834153,183.3,157.51,2000-07-28,1.520651986754967,2.75841945627627,17.78,7.539999999999999,-20.35398230088495,23.74037453548753,0.06085604165257941,0.02088756269443226,0.1712907117008444,0.2117198908005842,0.1468478191860834,04 | Downtrend
ANGI,2014-04-24,DT SW,13.41653666146647,5.0674169823936,5199311378.2,105435.16,13516787.512,-0.4865819209039548,283.2,145.4,2011-11-17,0.2599726488525776,4.977927666634166,0,0.48,N/A,57.66596704728529,4.227642276422761,0.007565337001375516,0.007565337001375516,0.007565337001375516,-0.4353507565337001,04 | Downtrend
GOGO,2014-05-12,DT,8.382229673093033,9.424440186803984,1616608793.66,3907512.966666667,46616629.69233333,-0.6385239027117697,35.77,12.93,2013-06-21,2.883606094136934,2.470009205940873,20,1.79,N/A,N/A,-34.41451346893898,0.5034802784222738,0.5328692962103636,0.5328692962103636,0.1221964423820572,01 | Green
FTK,2014-10-23,DT U,6.397774687065372,5.390025829525161,4687647921.179999,140994.5833333667,18247518.97500431,-0.3028554070473877,197.52,137.7,1996-10-16,0.3892681208534738,3.857935440781387,8.33,1.35,12.00000000000001,28.67806302469887,-19.63487332339792,0.0980392156862746,0.0980392156862746,0.0980392156862746,-0.2915032679738562,04 | Downtrend
MTZ,2014-10-31,DT,5.364563656970156,5.441470127907587,2125671973.56,1050500.7,27806753.529,-0.3774553571428571,44.8,27.89,1972-06-01,1.308139443661678,1.899283836745659,1.82,0,22.38805970149256,17.64846675437709,-11.38265818547037,0.05449982072427395,0.05449982072427395,0.05449982072427395,-0.3359627106489782,01 | Green
FANG,2014-11-05,DT SW,5.42111879321181,6.659389871599187,17820459562.88,1629589.866666667,103707099.1146667,-0.281152898317797,93.33,67.09,2012-10-12,0.5819552450302037,0.8606496816704146,0,3.58,N/A,N/A,-12.96498905908097,0.0640930093903711,0.08525860784021466,0.2791026978685347,0.02936354151140264,01 | Green
NOG,2014-11-07,DT SW,6.069094304388423,7.07276243830867,11411411608.8,156573.4566666667,16769017.209,-0.3653631284916201,179.0,113.6,2007-01-10,0.1469495430001705,2.397393581206623,8.33,9.48,-53.06122448979592,8.379912558561564,-6.134969325153373,0.08714788732394374,0.08714788732394374,0.08714788732394374,-0.2746478873239436,01 | Green
CMCM,2014-11-10,U,5.44554455445545,6.02188826025458,3134901327.0,178386.5066666667,18017037.17333333,-0.3077673058173546,153.85,106.5,2014-05-08,0.5747242191694454,1.731463919393604,16.67,8.83,N/A,N/A,19.88130563798221,0.01737089201877939,0.01737089201877939,0.1995258215962441,0.00798122065727691,01 | Green
GBX,2015-01-07,U,10.62664773879536,5.362299736361785,1525635916.66,930341.3333333334,45875131.14666667,-0.3034984678243104,78.32,54.55,1994-07-21,3.006951438787496,2.148154584123963,36.49,-8.42,939.0243902439024,25.48049496190542,3.051201671891324,0.0799266727772685,0.1739688359303393,0.2190650779101742,0.144454628780935,03 | Yellow
CLF,2015-02-03,DT,5.738880918220945,10.86288173806108,3976664127.59,9820901.466666667,68451683.22266667,-0.8086708203530634,38.52,7.37,1972-06-01,1.721334289907728,2.794051349882192,614.29,6.2,-1089.175257731959,-15.08325511871241,6.901840490797539,0.005427408412483015,0.005427408412483015,0.005427408412483015,-0.2265943012211669,02 | Light Green
PAYC,2015-02-11,UT,7.66561514195585,6.633618747183428,1428770322.3,518893.7333333333,16448931.34666667,0.0,0.0,34.13,2014-04-15,1.15126490870748,3.666748850053563,50,N/A,N/A,N/A,34.26514188903007,0.02903603867565185,0.1253677116905947,0.1646645180193378,0.1218869030178726,01 | Green
ENPH,2015-02-18,SW,9.195402298850563,5.697608784893263,1839453500.16,818507.4,11393623.008,-0.1541457985531441,17.97,15.2,2012-03-30,0.6194026109933715,3.223352653867271,133.33,4.760000000000001,N/A,36.54371770773744,31.32075471698112,0.00328947368421062,0.00328947368421062,0.00328947368421062,-0.2953947368421052,01 | Green
FRO,2015-02-26,DT SW,16.46090534979423,7.025279247501492,540973620.27,4304337.2,10459539.396,-0.4536679536679536,5.18,2.83,2001-08-06,1.93346570037549,1.311950885260569,-225,63.3,N/A,N/A,-18.72909698996655,0.01007067137809181,0.1024734982332156,0.2014134275618373,0.007067137809187329,01 | Green
W,2015-03-04,DT SW,20.79207920792079,5.692164073550209,3458443767.5,605708.1,15294129.525,-0.2264773015470454,39.43,30.5,2014-10-02,0.4422257683852885,8.906534352107888,35.70999999999999,10.8,N/A,N/A,18.43339587242026,0.118032786885246,0.1586885245901641,0.8636065573770493,0.00459016393442635,01 | Green
CMCM,2015-03-23,DT SW,6.78836280661721,5.671909379838664,2720535656.55,123550.1666666667,10829172.10833333,-0.3916152096197595,153.85,93.6,2014-05-08,0.3980529379301045,2.526198130044341,N/A,N/A,N/A,N/A,-10.28659160696008,0.3648450854700855,0.9567307692307694,0.9567307692307694,0.7670940170940173,04 | Downtrend
SEDG,2015-05-08,UT,20.76544145509662,5.485546473231225,1623664489.72,526275.6666666666,13888414.84333333,0.0,0.0,31.87,2015-03-26,0.8553746744642041,3.061963723701204,81.82000000000001,11.07,N/A,N/A,9.365934521342734,0.2996548478192658,0.3492312519610918,0.3492312519610918,-0.1029181048007531,04 | Downtrend
FRPT,2015-05-08,UTU,5.307656176608755,5.273770381802311,1023156395.46,534935.6333333333,11388779.63366667,-0.1350308641975309,25.92,22.42,2014-11-07,1.113102521198276,1.771912246887772,-60,2.36,N/A,N/A,-11.6230801162308,0.0,0.0,0.0,-0.2716324710080287,04 | Downtrend
W,2015-05-11,UTU,6.952566601689414,5.248955722639938,4215877194.6,716922.0666666667,22066861.212,-0.1651027136697946,39.43,32.92,2014-10-02,0.523422770479767,5.926432171009568,N/A,N/A,N/A,N/A,-9.868228404099554,0.05376670716889409,0.2305589307411906,0.7266099635479952,0.1594775212636694,04 | Downtrend
GEVO,2015-05-13,DT SW,17.73504273504274,14.3240231990232,462827858688.0,8068.907377766667,15104994.6111792,-0.8416666666666667,13920.0,2204.0,2011-02-09,0.00326363124596649,4.931612563758779,-15.83,-3.3,N/A,243.7013618677043,60.00000000000001,0.03085299455535395,0.03085299455535395,0.03085299455535395,-0.5952813067150635,04 | Downtrend
SHAK,2015-05-14,UT,10.21064950263313,6.928414695310539,2762301065.64,766816.7333333333,52419591.89066666,-0.0523270440251572,79.5,75.34,2015-01-30,1.89767844434877,4.198522097978909,233.33,11.5,N/A,N/A,10.99204416301347,0.2841651181311386,0.2841651181311386,0.2841651181311386,-0.2655959649588533,01 | Green
ASPS,2015-07-23,DT SW,15.8371040723982,5.347423584818549,1413364694.56,102579.7833333333,12695273.98533333,-0.7904093567251462,684.0,143.36,2009-08-06,0.8982305865002203,4.758588721266877,65.67,3.114,20.00000000000001,54.18565877986546,-2.765556253928347,0.1503906249999998,0.1503906249999998,0.1503906249999998,-0.2045200892857143,01 | Green
FTK,2015-07-23,DT SW,18.06098514464425,5.41684351613987,2779555721.46,185164.6333333,14209533.96199744,-0.5413122721749697,197.52,90.6,1996-10-16,0.5112160138503604,9.149912357276857,128.57,25.46,-71.01449275362319,5.013519603424966,3.145161290322562,0.2450331125827816,0.4384105960264901,0.4384105960264901,0.1920529801324504,01 | Green
NHTC,2015-07-29,DT,19.78155339805825,13.33125288950533,212044402.56,668232.4666666667,16518706.576,-0.3383240223463687,44.75,29.61,1995-06-22,7.790211095681185,2.888608525156964,N/A,N/A,N/A,N/A,-40.37626628075254,0.2141168524147248,0.6345829111786558,0.872678149273894,0.6315433975008444,01 | Green
SM,2015-07-29,DT,6.873354782100027,5.996343960222315,8132230584.919999,1948894.033333333,66632686.99966667,-0.6112765957446809,94.0,36.54,1992-12-21,0.8193654410541061,2.665591310326245,508.33,9.35,122.8260869565217,12.61653823593853,-25.86730268863834,0.1047071702244116,0.155719759168035,0.155719759168035,-0.1436781609195402,01 | Green
SHOP,2015-07-30,U,13.15866510538641,5.234819337571098,4395175668.296,4675433.666666667,15971281.40533333,-0.08248279136007597,4.213,3.8655,2015-05-21,0.3633820946120538,2.487016355915932,N/A,N/A,N/A,N/A,9.803921568627437,0.06351054197387129,0.06351054197387129,0.06351054197387129,-0.1664726426076834,04 | Downtrend
RMTI,2015-08-05,DT,5.147058823529416,6.236712184873944,6029575640.0,9376.660909100001,14027484.7200136,-0.2433822401176726,2078.989,1573.0,1998-01-27,0.2326446429655139,1.488725342883264,50,9.43,81.70731707317073,4.356105972663195,-16.56441717791412,0.1104895104895105,0.1104895104895105,0.1104895104895105,-0.2160839160839162,04 | Downtrend
MNKD,2015-08-10,DT,7.286432160804024,6.900574300071829,6398658676.299999,1036460.513333333,20625564.21533333,-0.6280487804878048,57.4,21.35,2004-07-28,0.3223419978897826,2.200382330693325,12.5,-100,N/A,-100,-28.54578096947936,0.0468149882903981,0.0468149882903981,0.0468149882903981,-0.4613583138173303,04 | Downtrend
SHAK,2015-08-11,DT U,6.228765571913941,8.448491344442651,2854431645.36,722351.6,51026917.024,-0.2243847481627717,96.749,75.04,2015-01-30,1.787638429070334,3.709096788876774,200,13.2,N/A,N/A,38.75466509526617,0.01146055437100202,0.01146055437100202,0.01146055437100202,-0.4120469083155651,04 | Downtrend
NVAX,2015-08-11,UTU,10.1876675603217,5.167177326694752,36914853478.8,202533.1716666667,45326923.819,-0.06021341463414631,262.4,246.6,1995-12-05,0.1227877657567597,7.630787279347977,11.11,41.37,N/A,105.5532912166293,-8.128078817733986,0.2173560421735603,0.2173560421735603,0.2173560421735603,-0.4493106244931062,04 | Downtrend
AU,2015-08-17,DT,5.600000000000005,5.662857142857149,3161057850.0,3322065.533333333,20762909.58333333,-0.6620583717357911,19.53,6.6,1987-07-29,0.6568342171698418,1.118669081844121,N/A,-77.75,N/A,N/A,-7.270029673590505,0.353030303030303,0.5075757575757576,0.7803030303030305,-0.01818181818181808,04 | Downtrend
CMCM,2015-08-18,DT,6.714095153401511,6.054627453471415,3490293606.15,320491.3533333333,36039252.68233334,-0.3447993447993448,183.15,120.0,2014-05-08,1.032556476590712,2.26104196716446,200,-82.41000000000001,N/A,N/A,-15.3875094055681,0.03583333333333338,0.03583333333333338,0.03583333333333338,-0.24375,04 | Downtrend
GFI,2015-08-20,DT U,6.557377049180335,5.386651053864187,2727976547.0,4510176.066666666,13756037.00333333,-0.5045731707317073,6.56,3.25,1976-08-18,0.5042578910167343,2.641815934428931,N/A,N/A,N/A,N/A,8.540925266903908,0.1876923076923076,0.1876923076923076,0.4153846153846152,-0.2307692307692307,04 | Downtrend
ANF,2015-08-26,DT,14.24435437174292,5.292000992637931,767335631.6999999,2511617.5,43375634.225,-0.5663736263736263,45.5,19.73,1996-09-26,5.652759031781581,5.379029251070277,400,0.67,-193.1034482758621,-16.38911383306804,-13.25966850828729,0.1277242777496199,0.3649265078560566,0.4470349721236695,0.3542828180435884,04 | Downtrend
HLX,2015-10-20,DT,14.70019342359767,9.215252832274109,761967250.99,2230422.766666667,11531285.70366667,-0.7882142857142858,28.0,5.93,1997-07-01,1.513357127709154,4.459451879997101,12.5,-5.29,17.35537190082644,10.93606082613008,-6.846846846846844,0.3069139966273189,0.3069139966273189,0.3912310286677909,-0.4300168634064081,01 | Green
ASPS,2015-10-22,DT SW,12.37016052880076,6.725302396690506,1451279778.48,94566.375,12017494.935,-0.7912280701754386,684.0,142.8,2009-08-06,0.8280619018606143,5.262089722694774,30.94,3.88,19.51672862453531,39.1727311057639,27.28365384615383,0.0364145658263304,0.0364145658263304,0.0364145658263304,-0.212044817927171,01 | Green
PACB,2015-10-23,U,8.695652173913038,10.7895211380485,2216223311.67,3090310.666666667,22033915.05333333,-0.1173120728929384,8.78,7.75,2010-10-27,0.9942100571413096,2.068937621373989,3.7,-12.96,N/A,143.1881130046597,78.25,0.4051612903225807,0.8064516129032258,0.8064516129032258,0.6458064516129034,01 | Green
PCRX,2015-10-27,DT SW,14.63651835643083,7.863099579729771,1639519371.18,1350173.233333333,55532625.087,-0.6133661336613366,121.95,47.15,2011-02-03,3.387128329385452,2.128562416324009,113.33,2.93,N/A,144.4212568669697,-2.90368271954673,0.3897136797454932,0.702014846235419,0.702014846235419,0.3431601272534464,01 | Green
HUN,2015-10-27,DT,6.53482373172829,5.628239773983532,2039653304.08,5928244.8,68945487.024,-0.5775656324582339,29.33,12.39,2005-02-11,3.380255207396551,1.33221219204713,14.63,0.69,142.1052631578947,0.6469583969808609,24.65166130760987,0.1323648103309119,0.1323648103309119,0.2841000807102501,-0.2970137207425343,01 | Green
RRC,2015-10-29,DT,10.82206035379814,6.284351617858396,6736980417.45,4288821.3,123646718.079,-0.6651294413583482,95.41,31.95,1990-04-10,1.8353432905747,1.604082688173555,175,1.99,-166.9642857142857,-22.85049566771873,-8.621236133122034,0.1339593114241,0.1339593114241,0.3984350547730831,-0.0748043818466354,01 | Green
YELP,2015-10-29,DT SW,5.391934753058458,5.694510971583926,1197598115.47,2728800.1,60224618.207,-0.7714004914004914,101.75,23.26,2012-03-02,5.028783648625292,3.5695088108506,-22.22,1.51,129.4117647058823,85.83210468116476,5.749880210828939,0.3435081685296646,0.3959587274290626,0.3959587274290626,-0.09931212381771293,01 | Green
GBX,2015-10-30,DT,5.025266704098819,5.146145824977963,1102071615.32,636121.8333333334,22658659.70333333,-0.5223442288049029,78.32,37.41,1994-07-21,2.056006105987415,2.898175952143339,12.85,-6.239999999999999,848.4848484848485,31.56147939872391,7.192296117965702,0.1237636995455762,0.1237636995455762,0.1237636995455762,-0.3087409783480353,01 | Green
LSCC,2015-10-30,DT SW,9.438202247191008,5.932744783306592,632034710.4,2518522.266666667,11207424.08666667,-0.4700761697497279,9.19,4.87,1989-11-01,1.77322920754997,1.850867495473669,-33.33,-1.29,-250.0000000000001,18.23189283040507,19.30294906166221,0.3100410677618071,0.4517453798767967,0.4517453798767967,-0.002053388090349051,01 | Green
LGIH,2015-11-04,UT,6.570566543747902,6.262726880896512,693495953.76,536849.4333333333,16014218.59633333,-0.06141127841747851,33.87,31.79,2013-11-07,2.309201446599271,1.694013150676698,8.57,2.39,N/A,N/A,-4.96973558458108,0.134633532557408,0.134633532557408,0.134633532557408,-0.3397294746775716,01 | Green
TDW,2015-11-04,DT,11.54150197628459,7.862789384528498,629416322.15,1307795.3,16543610.545,-0.7768111357165454,63.22,14.11,2017-08-01,2.628405073527374,1.758054184779529,0,-4.399999999999999,-159.765625,7.175885572833137,-25.36873156342182,0.0,0.0,0.0,-0.5825655563430192,01 | Green
SUPN,2015-11-04,UDS,6.186726659167596,6.966495259521118,1034227057.78,804221.0333333333,14299049.97266667,-0.1897273913342031,23.3008,18.88,2012-05-01,1.382583240798207,1.517132665559481,300,1.28,N/A,1250.065019505852,22.87491361437457,0.07997881355932202,0.07997881355932202,0.07997881355932202,-0.4634533898305084,01 | Green
SEDG,2015-11-05,DT,16.47264260768338,7.672875436554159,1057012350.64,668510.0333333333,11485002.37266667,-0.5346511627906976,43.0,20.01,2015-03-26,1.086553280641681,5.617628476381381,20,4.51,N/A,N/A,-31.5810434090004,0.1364317841079459,0.5242378810594701,0.5242378810594701,0.4292853573213393,01 | Green
XPO,2015-11-05,DT SW,5.796246870668065,5.842946700125029,1131828022.569,7386947.848170001,71406670.06912014,-0.4197404778521053,17.6247,10.2269,2002-07-26,6.30896820411309,1.175173056260654,-36.36,0.9400000000000001,43.46289752650176,334.7108892163547,-5.157815213445427,0.154553188160635,0.154553188160635,0.1657100392103179,-0.1815995071820395,01 | Green
LXRX,2015-11-06,DT,31.40417457305504,7.207915424234169,4689835544.36,1022109.0,10773028.86,-0.1924198250728862,17.15,13.85,2000-04-07,0.2297101627146746,5.161763569247507,5.56,52.96999999999999,N/A,199.6326905417814,-9.059534081104403,0.04693140794223827,0.04693140794223827,0.04981949458483759,-0.3696750902527075,01 | Green
ICON,2015-11-09,DT,14.34782608695653,12.68457556935816,49981295400.0,830.3672000000001,11459067.36,-0.8239232314215577,89620.0,15780.0,2024-07-12,0.02292671141932828,13.95735284341674,-37.74,-19.12,0.7407407407407414,-12.21876144691249,-54.42536327608983,0.102661596958175,0.102661596958175,0.3054499366286438,-0.1432192648922687,01 | Green
SUNE,2015-11-10,DT,6.081081081081074,9.372393822393821,6102293080.0,143416.9033333334,212257016.9333334,-0.7653213751868461,6690.0,1570.0,2022-03-29,3.478315678232442,4.05143896218091,-31.88,8.81,-1.250000000000018,-24.98189426249296,-16.94725028058361,0.02420382165605095,0.02420382165605095,0.02420382165605095,-0.6993630573248408,01 | Green
CMCM,2015-11-17,DT SW,10.07571345369831,6.421832099176333,2664666127.95,151821.8533333334,13033906.10866667,-0.4840294840294841,183.15,94.5,2014-05-08,0.4891384317139201,2.253600469813787,-51.52,-84.13000000000001,N/A,N/A,-4.345403899721456,0.06349206349206349,0.06349206349206349,0.06349206349206349,-0.1010582010582011,04 | Downtrend
CLLS,2015-11-17,DT,5.094066570188138,8.349142030183998,3479226701.85,367300.1666666667,12690220.75833333,-0.2737999999999999,50.0,36.31,2015-03-25,0.3647425662600714,0.5498118931791028,N/A,N/A,N/A,N/A,30.08283132530121,0.03415037179840241,0.03415037179840241,0.03415037179840241,-0.3577526852106858,04 | Downtrend
VIPS,2015-11-18,DT,6.94333599361534,8.528103979021768,6017789866.2,13087537.86666667,163986849.4693333,-0.5638020833333333,30.72,13.4,2012-03-23,2.725034491323717,3.492721432075016,-85,-85.22,N/A,N/A,-30.92613009922823,0.3082089552238807,0.3082089552238807,0.3082089552238807,-0.09253731343283589,04 | Downtrend
GFI,2015-11-19,DT,21.19815668202765,6.061553653719564,1940888231.8,6006262.166666667,13033588.90166667,-0.562396006655574,6.01,2.63,1976-08-18,0.6715270198521005,1.618520259397046,N/A,N/A,N/A,N/A,-22.22222222222222,0.07794676806083656,0.7490494296577945,0.8098859315589353,0.5095057034220534,04 | Downtrend
ANF,2015-11-20,DT SW,16.52129297075424,5.264567910283654,865974027.9,2463430.9,48012268.241,-0.5008791208791208,45.5,22.71,1996-09-26,5.54430810788061,8.6101858996735,118.18,1.61,-6.382978723404261,-8.542196172285607,-5.571705426356599,0.2082782915015411,0.2421840598855129,0.4456186701893439,0.1668868339938352,04 | Downtrend
KMI,2016-01-21,DT,6.827643630308078,7.801950755322943,26743893088.89,53960925.23333333,648070712.0523334,-0.7130395884589578,44.71,12.83,2011-02-11,2.423247467742668,1.291809391676992,22.22,-6.77,N/A,-0.42322444121148,-20.67371202113607,0.3990646921278254,0.5120810600155883,0.7388932190179267,0.4154325798908807,04 | Downtrend
FCX,2016-01-26,DT,11.6751269035533,14.55765047135605,5516000000.0,60510987.36666667,238413290.2246667,-0.8880976602238047,39.32,4.4,1995-08-01,4.322213383333333,1.523547821842103,81.82000000000001,-2.69,-423.3183856502242,-15.18129770992366,-47.95244385733157,0.8113636363636361,1.886363636363636,2.195454545454545,1.609090909090909,04 | Downtrend
MUR,2016-01-28,DT,7.938257993384767,8.4518428098913,2600933607.5,4803896.3,87142678.882,-0.7138681864679235,68.43,19.58,1983-04-06,3.350438420677757,2.221318349440641,32.74,6.88,-261.3461538461539,-33.01510937382545,-20.01763668430335,0.0781409601634322,0.9141981613891725,0.9141981613891725,0.8079673135852912,04 | Downtrend
CRUS,2016-01-28,UDS,8.619456366237488,5.702125485387291,1401287005.56,2232424.2,62418580.63200001,-0.2049738219895288,38.2,30.37,1989-06-08,4.454375183979923,4.060309416104698,1.23,0.28,54.61538461538463,60.01621062417377,-10.32713277742142,0.1972341126111294,0.2670398419492919,0.6463615409944024,0.1995390187685215,04 | Downtrend
MSTR,2016-01-28,DT,12.95034763677223,5.387918493473648,5656893556.740001,1560311.666666667,22217277.82166667,-0.2898553924274203,22.6475,16.083,1998-06-11,0.3927469661364853,4.920036274804072,54.55,2.06,5830,-3.937231607220403,-21.17471213463241,0.0953180376795375,0.1962942237144811,0.2186159298638315,0.135173785985202,04 | Downtrend
CMPR,2016-01-28,UDS,15.58423142370959,5.549286929746367,1717125047.52,335859.7333333333,23684828.39466666,-0.1380987628211905,94.57,81.51,2005-09-30,1.379330435420185,4.339743218200613,52.1,1.45,N/A,N/A,-14.49530160654744,0.1033002085633665,0.2262299104404366,0.2484971169181696,0.09446693657219951,04 | Downtrend
STX,2016-01-29,DT,8.465707344421602,6.406519475665407,6063874079.09,5261838.333333333,140780484.6083333,-0.5818443804034583,69.4,29.02,2002-12-11,2.321626121719535,2.362476232166008,13.89,1.22,4.255319148936155,-1.526991182163596,-28.03926842388381,0.1595451412818745,0.290489317711923,0.290489317711923,-0.2498277050310131,04 | Downtrend
CNX,2016-01-29,DT,5.925925925925934,11.75820105820105,998619549.75,9846154.9,66461545.575,-0.8519668737060041,48.3,7.15,1999-04-30,6.65534192592548,2.198024631930176,-57.14,5.41,-3083.333333333334,-20.12213762514244,-13.23907455012854,0.3608391608391608,1.293706293706293,1.744055944055944,1.104895104895105,04 | Downtrend
FTNT,2016-01-29,DT,13.80880121396053,5.545469325818359,3868138378.616,13637415.66666667,71896455.39466667,-0.4036970781156828,10.062,6.0,2009-11-18,1.858683644621598,2.192255903226239,0,-0.25,-61.9047619047619,38.29715464899401,-16.18441971383148,0.001000000000000112,0.1446666666666667,0.2435,0.08366666666666656,04 | Downtrend
MTW,2016-01-29,DT,10.77801570306924,6.269246456612625,2020912742.76,847261.8583333333,47480554.54099999,-0.5367164179104478,134.0,62.08,1972-06-01,2.349460891426459,3.059190584949323,104.76,-0.23,-39.09090909090909,-10.85633946830266,-8.131147540983608,0.035438144329897,0.1211340206185567,0.1211340206185567,-0.6327319587628866,04 | Downtrend
NHTC,2016-02-03,DT,6.147722246793452,9.072471093700626,193945143.28,938904.2,21228623.962,-0.5671776375112714,55.45,24.0,1995-06-22,10.94568474517152,0.9173427917353016,N/A,N/A,N/A,N/A,-29.25531914893618,0.6600000000000001,0.6600000000000001,0.6600000000000001,0.5137499999999999,04 | Downtrend
ABG,2016-02-04,DT,5.818584070796451,5.715834386852108,811426648.4000001,606374.1333333333,27408110.82666667,-0.5047731461348905,96.582,47.83,2002-03-13,3.377768142161828,1.899424689619566,-3.68,-0.5499999999999999,54.21052631578947,15.3484547875668,-21.17195674921521,0.3077566380932468,0.3357725277022789,0.3357725277022789,0.1963203010662764,02 | Light Green
PTEN,2016-02-04,DT SW,5.900383141762444,7.649151614668864,4977072605.7,5474641.833333333,71444075.925,-0.6403851157949518,38.43,13.82,1993-11-02,1.435463807443326,1.222911051319613,16.67,4.64,-207.1428571428571,-15.12308421339103,-7.904022582921655,0.3248914616497829,0.4460926193921853,0.6005788712011577,0.2706222865412444,02 | Light Green
MXL,2016-02-09,UDS,8.769344141488578,5.224234129908417,1230706601.87,807008.1,10951099.917,-0.1684507042253521,17.75,14.76,2010-03-24,0.8898221477288191,3.561027454371276,6.98,0.18,-181.4814814814814,80.47534926059353,-12.45161290322581,0.2317073170731707,0.2939837398373983,0.524390243902439,0.1131436314363143,02 | Light Green
CRTO,2016-02-10,DT,24.76958525345623,7.608075488259831,1275896436.36,714008.4333333333,18592779.604,-0.4669401148482363,60.95,32.49,2026-07-29,1.457232662005332,7.759314514165635,75.61,15.49,N/A,N/A,-19.82758620689654,0.2545398584179746,0.3339489073561095,0.4713758079409047,0.3050169282856263,03 | Yellow
CSTE,2016-02-10,DT SW,6.50252525252526,6.539209054834045,1095401736.0,369216.8666666666,11696790.336,-0.5314539647271213,72.01,33.74,2012-03-22,1.067808270846122,4.004814334050828,0,0.65,N/A,N/A,-13.01482701812191,0.1710136336692352,0.1890930646117366,0.2892708950800236,0.1149970361588617,03 | Yellow
PAYC,2016-02-10,DT,21.46666666666665,8.792063492063482,1014111427.5,896820.7333333333,20178466.5,-0.4103559870550162,46.35,27.33,2014-04-15,1.989768180577967,3.581082462336769,25,6.44,N/A,N/A,-32.29009930785435,0.2283205268935238,0.503476033662642,0.9048664471276986,0.450786681302598,03 | Yellow
TSLA,2016-02-11,DT,5.797661307162261,7.751170837932186,37828764939.73199,74631572.5,714821201.405,-0.4784177475808112,19.428,10.1333,2010-06-29,1.889623418961308,2.864544492882017,-700,-2.4,N/A,65.44595342386013,-28.27617193350307,0.4032250106085875,0.7719795130905036,0.7719795130905036,0.3747446537653083,03 | Yellow
HUBS,2016-02-11,DT,6.852617079889822,11.0483077528532,1448114477.04,382764.0666666667,11115468.496,-0.4837797371485609,60.11,31.03,2014-10-09,0.767582167862891,5.238417538671778,33.33,5.53,N/A,N/A,-41.85022026431719,0.4759909764743795,0.5620367386400258,0.9326458266194004,0.4460199806638736,03 | Yellow
KGC,2016-02-11,DT U,14.00778210116733,6.398554752640355,3048638827.73,12478307.46666667,32069250.18933333,-0.4613970588235294,5.44,2.93,1981-03-17,1.051920283164927,3.03249171420748,-50,4.19,N/A,N/A,52.97619047619047,0.1467576791808873,0.9863481228668942,0.9863481228668942,0.7918088737201365,03 | Yellow
TRIP,2016-02-11,DT,12.0883164673413,5.678788277040344,6369784237.7,2240675.7,121780724.295,-0.4523552678892484,111.24,60.92,2011-12-07,1.911850068236732,4.231081276063287,36.36,3.35,-3.932584269662913,38.96008672122003,-25.48670139840965,0.09980302035456323,0.1208141825344715,0.1767892317793827,0.0779711096520026,03 | Yellow
GRPN,2016-02-12,DT,20.08928571428572,7.484056122448989,1821805260.8,457634.465,20502024.032,-0.7527573529411765,217.6,53.8,2011-11-04,1.125368582095161,3.500162078046285,100,8.36,170,9.081432898184643,-18.39708561020037,0.962825278810409,0.962825278810409,1.20817843866171,0.267657992565056,04 | Downtrend
WYNN,2016-02-12,DT SW,5.126486848718392,6.689311442452679,6146511553.79,4297912.533333333,256542399.1146666,-0.7483053226906261,249.31,62.75,2002-10-25,4.173788609515914,2.493449998548133,35.53,-0.15,-59.53360768175583,-20.34450406962673,15.90291262135921,0.4162549800796813,0.6325099601593624,0.6843027888446214,0.4887649402390439,04 | Downtrend
P,2016-02-12,DT,9.196740395809089,7.521037751538303,2855358365.88,9170516.233333332,78774734.44433333,-0.768051434223541,40.44,9.38,2015-10-07,2.758838798857934,4.330042277845304,-42.86,1.4,-433.3333333333332,26.41621108555368,-13.23232323232324,0.2260127931769722,0.2260127931769722,0.4946695095948825,0.0756929637526651,04 | Downtrend
NBR,2016-02-17,DT,5.079365079365084,9.172335600907019,4662013860.0,174397.6786666667,54935268.78,-0.781084656084656,1512.0,331.0,1972-06-01,1.178359190463668,1.919679221418383,48.84,0.8200000000000001,-3899.999999999994,-20.95817189427307,7.325383304940369,0.4561933534743203,0.6691842900302114,0.6933534743202416,0.2870090634441087,04 | Downtrend
SHOP,2016-02-17,DT,18.04878048780489,6.113240418118468,2637620058.55,5320005.666666667,10906011.61666667,-0.4255874673629243,4.213,2.42,2015-05-21,0.4134792492692111,6.563823835525989,N/A,N/A,N/A,N/A,0.9852216748768461,0.125619834710744,0.3384297520661157,0.6913223140495868,0.1074380165289257,04 | Downtrend
TK,2016-02-18,DT SW,9.865470852017921,8.908178518044007,586655265.3000001,2707440.266666667,18112775.384,-0.8918799646954987,67.98,7.35,1995-07-19,3.087464897248916,2.148240192630658,10.81,17.33,N/A,N/A,35.97560975609757,0.3877551020408163,0.6122448979591837,0.6122448979591837,0.2571428571428573,04 | Downtrend
CPA,2016-02-18,DT SW,5.368126747437096,6.32821195579816,2426384288.75,718976.1333333333,38573069.55333333,-0.642169894923408,157.98,56.53,2005-12-15,1.589734558213984,2.340618724293305,17.74,-2.71,N/A,N/A,12.94736842105262,0.2736600035379444,0.2736600035379444,0.508933309747037,-0.05271537236865387,04 | Downtrend
ANET,2016-02-19,SW,6.60356592559983,5.093000220118847,4583794860.6912,14228059.73333333,51710460.29482666,-0.3463686208350907,5.9275,3.8744,2014-06-06,1.128114626993345,4.854970902193195,25,1.81,N/A,N/A,-7.020057306590255,0.1290522403468923,0.1290522403468923,0.2856958496799504,0.1001703489572578,04 | Downtrend
CLDX,2016-02-25,DT,8.296943231441055,9.885215221459779,8092468272.599999,245977.2355555,25347954.12399427,-0.773308957952468,492.3,111.6,1986-05-15,0.3132289589545752,1.536706160955748,5.71,155.71,N/A,N/A,-28.4375,0.1760752688172043,0.1760752688172043,0.1760752688172043,-0.4327956989247311,01 | Green
NXST,2016-02-25,DT,5.798874480058736,5.697490300255148,1259135261.87,809961.5,33103126.505,-0.3002103900307492,61.79,43.24,2003-11-24,2.629036570371083,1.088234440772802,-2.27,2.82,132.9545454545454,50.50866609355702,-12.83855832800171,0.1376040703052728,0.2671137835337649,0.2950971322849214,0.1975023126734505,01 | Green
TREE,2016-02-25,DT SW,22.33342865313126,7.676978226234735,981926896.3399999,954678.2333333333,66770195.63933333,-0.3870397156139382,139.5849,85.56,2008-08-12,6.799915135048264,2.506916902927189,18.06,1.54,6549.999999999995,38.39443315129772,-1.562280084447576,0.1424731182795698,0.2484805984104721,0.3090229079008882,-0.08719027582982708,01 | Green
PANW,2016-02-26,UTU,6.814303493757956,6.721129283646113,19056085500.0,16875030.0,394566888.951,-0.2528047868362003,33.425,24.975,2012-07-20,2.070555828220859,3.056658388162866,0,5.220000000000001,N/A,80.60364095411492,0.3648585421969441,0.06506506506506504,0.1030350350350351,0.1030350350350351,-0.01114314314314324,01 | Green
PODD,2016-02-26,DT SW,11.38681169272604,5.608429639700903,2040400534.58,477386.3333333333,14044705.92666667,-0.3613330734749561,51.31,32.77,2007-05-15,0.6883308295916349,3.322895711998458,-84.61999999999999,8.959999999999999,N/A,13.99631816258781,-8.263174306205167,0.04516325907842522,0.09826060421116867,0.3790051876716507,-0.09978638999084533,01 | Green
WDAY,2016-03-01,DT U,7.841191066997499,5.324932057190119,14929546805.55,3054034.766666667,184616401.645,-0.4067164179104478,109.88,65.19,2012-10-12,1.236584097625586,3.939048805633003,75,1.19,N/A,81.11519321446737,-6.770512029611353,0.2109219205399602,0.2271820831415863,0.3489799048933886,0.1869918699186992,01 | Green
HALO,2016-03-01,DT,7.257072570725698,6.879283078545047,922738740.0000001,1853267.5,15067064.775,-0.6546534653465346,25.25,8.72,2004-03-12,1.632863574688541,2.877311019591073,137.5,24.17,N/A,79.27761701223884,-6.659012629161887,0.1394724770642199,0.4139908256880733,0.4139908256880733,0.1422018348623852,01 | Green
EXEL,2016-03-01,DT,16.20879120879122,6.535910518053376,901925358.88,4455902.266666667,16219484.25066667,-0.441952506596306,7.58,4.23,2000-04-11,1.798317797695347,3.864984007578622,13.64,21.79,N/A,-19.87044482736614,-20.0,0.03782505910165468,0.5673758865248224,1.775413711583924,0.5319148936170213,01 | Green
SUPN,2016-03-03,DT U,5.011219147344792,5.50384656480389,777706173.37,830950.5666666667,11109809.07633333,-0.397445581267596,23.3008,14.04,2012-05-01,1.428535539095914,1.86865147252843,133.33,-0.64,N/A,282.8361542661439,26.13207547169811,0.163105413105413,0.4223646723646723,0.7094017094017095,0.3910256410256412,01 | Green
SSYS,2016-03-03,DT,10.91431306845381,5.707173630581963,1829692430.0,1220880.766666667,25504199.21566667,-0.8228999464954521,130.83,23.17,1994-10-28,1.393906363577548,4.667119964185419,90.91,2.92,N/A,N/A,27.14546561168594,0.2775140267587397,0.3146309883470004,0.3146309883470004,-0.00517911091929224,01 | Green
UNFI,2016-03-08,DT,8.080529509100941,5.4497084548105,2194424016.4,1192073.066666667,43224569.39733333,-0.5329519723513287,83.91,39.19,1996-11-01,1.96974554936945,3.263414054708951,0,-1.27,N/A,24.32256650168784,4.435483870967749,0.09772901250318977,0.1525899464149019,0.3314621076805309,0.1018116866547589,01 | Green
ASPS,2016-03-10,DT SW,5.463502015226163,14.05361141321734,1020052799.92,277485.6,24785013.792,-0.814333017975402,507.36,94.2,2009-08-06,2.429777536412215,1.374527182671822,39.85,4.71,-7.822085889570563,14.69302338552762,-13.75048281189649,0.1239915074309978,0.3821656050955413,0.4717622080679404,0.1312101910828025,01 | Green
BOX,2016-03-10,DT,13.09904153354633,5.255990415335472,1734428577.68,881052.5333333333,11030777.71733333,-0.4274160938131824,24.73,14.16,2015-01-23,0.6359891585785724,11.00154035461223,10.34,3.93,N/A,38.05344746969752,31.78947368421052,0.01694915254237284,0.01694915254237284,0.0515536723163843,-0.2062146892655368,01 | Green
DDD,2016-03-14,DT U,15.41125541125541,7.226035868893013,1918998161.85,3433368.466666667,39655405.79000001,-0.8083668775158137,69.56,13.33,1988-03-10,2.066463979922233,5.019086115371207,533.33,9.46,N/A,16.90795179335485,34.14634146341464,0.4823705926481621,0.4823705926481621,0.4823705926481621,-0.05776444111027756,01 | Green
PACB,2016-04-22,UDS,6.785317018909898,5.660575242332732,2794368523.41,1300100.566666667,11687904.09433333,-0.3142857142857143,14.0,9.6,2010-10-27,0.4182663809879468,4.272874070228977,N/A,N/A,N/A,53.12077103343565,9.500609013398286,0.1197916666666667,0.1197916666666667,0.1197916666666667,-0.171875,01 | Green
KN,2016-04-26,DT SW,24.67332820906993,5.254200065883381,1111188341.26,910193.3333333334,11841615.26666667,-0.5204021289178001,33.82,16.22,2014-02-14,1.065671302241995,10.81128881043588,166.67,3.16,-164.7058823529412,-4.968018925786384,-0.5351681957186605,0.0542540073982738,0.0542540073982738,0.0542540073982738,-0.001233045622688,01 | Green
CLF,2016-04-28,DT U,12.2969837587007,10.51541266158433,2459027602.57,8322331.766666667,35869249.91433333,-0.737099402498642,18.41,4.84,1972-06-01,1.458676180651463,5.700866215166869,-169.23,11.84,89.20454545454545,-56.45695006163894,43.66666666666666,0.2045454545454546,0.7458677685950412,0.7458677685950412,0.671487603305785,01 | Green
GNW,2016-04-29,DT SW,12.23776223776225,5.119880119880134,1080653965.82,7129568.5,20390565.91,-0.8287086446104589,18.74,3.21,2004-05-25,1.886872815437053,2.923848196423108,23.53,-16.98,50.59760956175299,-10.63251437532671,4.379562043795615,0.3084112149532712,0.3084112149532712,0.6417445482866042,-0.1090342679127726,01 | Green
PTCT,2016-05-06,DT SW,11.33720930232558,9.84084302325578,574210317.76,2308384.3,15881683.984,-0.9026930894308943,78.72,7.66,2013-06-20,2.765830479318902,0.7129289520813324,6.35,37.52,N/A,48.65168897677101,8.00627943485086,0.129242819843342,0.129242819843342,0.902088772845953,0.01436031331592691,04 | Downtrend
SSYS,2016-05-09,DT,11.82336182336183,7.275505358838694,1844582220.0,1281826.3,26995261.878,-0.8199954138958955,130.83,23.55,1994-10-28,1.463489216436229,3.068184823481933,125,1.87,N/A,N/A,-22.1729490022173,0.0263227176220806,0.03184713375796178,0.06836518046709128,-0.1193205944798302,04 | Downtrend
INO,2016-05-09,DT U,8.59375,7.044802295918383,11117301135.36,153594.3361111334,16514463.01866906,-0.3147887323943662,170.4,116.76,1998-12-08,0.1485474110811184,1.199565174940359,21.43,70.74000000000001,31.25,287.9986508256951,-0.9944751381215422,0.1911613566289825,0.1937307297019526,0.1937307297019526,-0.06988694758478942,04 | Downtrend
HALO,2016-05-10,DT SW,6.378600823045266,5.79791299235745,1103200560.0,1577325.466666667,15331603.536,-0.5904950495049506,25.25,10.34,2004-03-12,1.389738556332858,1.64694354773198,20,43.34,N/A,66.46830735111685,-11.79673321234119,0.01934235976789167,0.03965183752417789,0.2379110251450678,-0.02804642166344284,04 | Downtrend
IRWD,2016-05-10,DT SW,9.295499021526421,6.192339949678498,1688752258.34,1788445.866666667,18277916.75733333,-0.3471654003506721,17.11,11.17,2010-02-03,1.082332631507481,1.748994508751882,42.86,23.26,N/A,95.66042179077921,-10.50788091068301,0.1880035810205909,0.3231871083258728,0.4986571172784242,0.179946284691137,04 | Downtrend
CSIQ,2016-05-11,DT SW,13.58344113842172,5.042043984476059,1049683739.54,1932366.533333333,29874386.60533334,-0.5729571984435797,41.12,17.56,2006-11-09,2.846036904260812,4.128341524440946,236.36,8.690000000000001,N/A,N/A,-15.97826086956521,0.1190205011389522,0.1190205011389522,0.1190205011389522,-0.2545558086560364,04 | Downtrend
CLF,2016-07-28,UT,6.496815286624202,5.991810737033656,4478739368.95,11933050.16666667,93674443.80833332,-0.5458989679521999,18.41,8.36,1972-06-01,2.091535945533139,1.638774221751435,600,2.57,91.27149557060969,-62.28098902898314,52.13178294573642,0.01076555023923453,0.01076555023923453,0.3038277511961724,-0.3504784688995215,01 | Green
GPRO,2016-07-28,DT SW,5.012964563526356,5.08599827139153,2134716012.13,6392525.7,73961522.349,-0.8766121661419721,98.47,12.15,2014-06-26,3.464700781215477,3.777066082033897,10.34,13.61,-1600.000000000003,67.29112535966446,7.030527289546717,0.3374485596707819,0.4551440329218106,0.4551440329218106,0.1193415637860082,01 | Green
TK,2016-08-04,DT SW,7.032590051457976,6.734868904680232,511240687.1,1834909.733333333,10697523.74533333,-0.9082082965578111,67.98,6.24,1995-07-19,2.092463298649951,2.403889913422081,-66.67,5.23,N/A,N/A,-11.66666666666666,0.2163461538461537,0.4166666666666665,0.8862179487179487,-0.003205128205128305,01 | Green
RIG,2016-08-04,DT SW,5.263157894736858,5.211893369788129,11671396888.25,16406937.9,171452501.055,-0.7233400402414487,39.76,11.0,1993-05-28,1.468997264822749,1.585816083328992,1800,2.14,158.5903083700441,-35.71269487750557,-12.62541806020068,0.04142727272727265,0.04142727272727265,0.5145454545454546,-0.120909090909091,01 | Green
PACB,2016-08-05,DT SW,16.12903225806452,5.303317972350217,2408938382.25,1606271.2,12448601.8,-0.3571428571428571,14.0,9.0,2010-10-27,0.5167671324317037,3.209547055316686,4.55,2.56,N/A,28.36064237384854,2.921646746347939,0.02666666666666662,0.05555555555555558,0.05555555555555558,-0.2344444444444445,01 | Green
YRD,2016-08-10,UT,11.77777777777778,9.05579365079366,2362188447.0,636805.4666666667,17193747.6,-0.01468826212295826,30.6299,30.18,2015-12-18,0.7278736640100079,3.109952887757873,41.67,13.82,N/A,N/A,41.65792235047221,0.4029158383035123,0.4029158383035123,0.4029158383035123,-0.03180914512922473,01 | Green
BANC,2016-10-19,DT,18.56127886323269,6.981096168485158,1783950175.2,1484856.366666667,16719482.68866667,-0.4254357650096837,23.235,13.35,2002-08-23,0.9372169089191199,11.13936362554124,4047.619,22.0122,64.7058823529412,60.04983517248851,-38.46994535519126,0.1235955056179776,0.3370786516853934,0.6441947565543071,0.1985018726591761,04 | Downtrend
EXEL,2016-11-04,UTU,6.862745098039236,5.122549019607817,2527373258.4,7024267.8,71647531.55999999,-0.300385109114249,15.58,10.9,2000-04-11,2.834861503811185,1.61829849368784,6923.076899999999,4510.9659,N/A,317.3955330160825,-21.23552123552124,0.6275229357798162,0.9036697247706422,1.279816513761468,0.8587155963302753,04 | Downtrend
NRG,2016-11-04,DT SW,6.416584402764047,5.04512762656887,2129432192.79,5615081.6,56880776.608,-0.6821933962264151,33.92,10.78,1993-10-20,2.671171066192736,2.00328130583178,-4408.6022,N/A,32.43243243243244,-11.63495646565624,-7.741347905282325,0.12708719851577,0.6289424860853432,0.7685528756957332,0.5844155844155843,04 | Downtrend
IAG,2016-11-08,UDS,6.549118387909325,5.465994962216627,2266870000.0,8265500.733333333,32814037.91133333,-0.2793867120954003,5.87,4.23,1996-08-22,1.447548289550496,1.808134616663797,15000,739.6844,N/A,N/A,21.03658536585367,0.1016548463356972,0.2364066193853427,0.2364066193853427,0.2104018912529551,04 | Downtrend
ACAD,2016-11-08,DT,12.91866028708135,5.947119865780192,3961303858.82,2771421.566666667,63714981.81766666,-0.5006732063858435,51.99,25.96,2004-05-27,1.608434598517423,3.10118788977214,-892.8571,8165.517199999999,N/A,11166.66666666667,-14.4717261904762,0.1644799691833589,0.4915254237288134,0.5728043143297379,0.4845916795069336,04 | Downtrend
MOMO,2016-11-08,UT,6.287425149700598,5.025342172797261,3947810554.72,3137216.2,83826416.86400001,0.0,0.0,28.4,2014-12-11,2.123364728425917,4.160592438608471,7142.8571,2034.1762,N/A,N/A,7.655116841257037,0.00140845070422535,0.00140845070422535,0.4235915492957747,-0.1200704225352113,04 | Downtrend
AG,2016-11-09,UDS,11.54791154791155,5.844068094068094,4012257957.62,5826817.8,47430296.892,-0.5258485639686683,19.15,9.08,1994-04-06,1.18213478278288,2.550869189697334,0,937.931,N/A,N/A,3.037974683544298,0.1227973568281939,0.2026431718061674,0.2026431718061674,0.1233480176211452,04 | Downtrend
YRD,2016-11-16,UDS,8.514851485148522,6.3165487977369,2650900368.3,624812.4,18931815.72,-0.223429381199811,42.34,32.88,2015-12-18,0.7141654943501635,2.341326772644077,4210.5263,446.5633999999999,N/A,N/A,3.518961393918696,0.02250608272506072,0.02250608272506072,0.02250608272506072,-0.2582116788321168,01 | Green
GLNG,2016-11-30,DT SW,10.56499770326138,5.706509613491733,2222651690.0,1527480.566666667,33253251.93633333,-0.5361341298901523,51.89,24.07,2002-04-18,1.496107198709724,2.654475669597717,7000,-768.2420999999999,N/A,N/A,3.51878269139323,0.05733277939343573,0.1898628998753635,0.2122974657249688,0.1346073950976319,01 | Green
BANC,2017-01-30,UDS,5.743243243243246,5.019305019305014,2344801296.0,1676087.966666667,24806101.90666667,-0.3264471702173445,23.235,15.65,2002-08-23,1.057919148585572,1.942315716563723,12.5,-1.0817,64.7058823529412,60.04983517248851,-14.45086705202312,0.3099041533546325,0.485623003194888,0.485623003194888,0.3865814696485623,01 | Green
NE,2017-02-10,DT SW,6.938159879336347,5.227860374919223,1058427905.34,10755827.6,71311136.98799999,-0.6386340468909277,19.62,7.09,2022-09-30,6.7374581327854,2.188380278612871,-31.8182,0.539,12.95546558704455,-13.67892142143846,-12.53298153034301,0.09445698166431593,0.09445698166431593,0.09445698166431593,-0.307475317348378,01 | Green
HLX,2017-02-21,UDS,8.906882591093112,5.446308077887012,1092103932.27,3083055.333333333,22845440.02,-0.5448392554991539,17.73,8.07,1997-07-01,2.091874165539763,2.157280775369368,-16.6667,-4.3831,-111.9718309859155,-45.91125867070626,-10.18181818181818,0.08178438661710041,0.08178438661710041,0.08178438661710041,-0.2651796778190831,01 | Green
LXRX,2017-03-03,UDS,5.507631055076301,5.112285524694292,6705485925.38,773288.6,11653459.202,-0.1896024464831805,19.62,15.9,2000-04-07,0.1737899285999858,2.567067457091699,-40.3846,47.2954,N/A,1765.338645418327,5.458362491252622,0.09937106918238992,0.09937106918238992,0.1320754716981132,-0.04905660377358501,01 | Green
UIS,2017-04-25,DT,13.90134529147982,5.060858424087129,813012898.25,911067.5333333333,10158402.99666667,-0.4383016364440513,22.61,12.7,1972-06-01,1.249476240602394,3.498206097125768,8.333300000000001,5.580100000000001,56.81818181818182,-6.447547345030015,-20.92198581560283,0.007874015748031704,0.09448818897637801,0.09448818897637801,0.03149606299212593,04 | Downtrend
AAOI,2017-05-05,UDS,10.08331553086947,5.241218298898271,3958685983.97,2982435.133333333,139607788.5913333,-0.1438777205515865,60.19,51.53,2013-09-26,3.526619417570639,3.639619812239784,12.2449,1.3311,170.7692307692307,37.28745728082232,1.079680414597273,0.455462837182224,1.00679215990685,1.00679215990685,0.2536386570929554,01 | Green
CRC,2017-05-05,DT,11.22047244094489,7.334434758155246,902410112.88,1958511.6,19898477.856,-0.5175064047822374,23.42,11.3,2020-10-28,2.205037108072175,3.901208448293081,-19.05,21.42,N/A,-8.952040690062478,-31.21191604603927,0.2632743362831858,0.2632743362831858,0.2632743362831858,-0.3761061946902655,01 | Green
ARRY,2017-05-10,DT,12.25071225071226,6.486467236467239,1081133997.84,3663168.8,25715444.976,-0.4119402985074627,13.4,7.88,2020-10-15,2.378562234410993,4.771030480495466,23.5294,-10.0297,-85.96491228070177,-49.4044011068652,-16.72597864768683,0.1725888324873097,0.1725888324873097,0.6091370558375635,0.05837563451776639,01 | Green
WIX,2017-05-10,UDS,7.687120701281169,6.282583566130418,3103141240.65,1345876.433333333,99796737.53166668,-0.07312826465467226,86.15,79.85,2013-11-06,3.21599082324602,1.426017985355912,28.5714,2.6603,N/A,N/A,-3.07189542483659,0.01878522229179702,0.01878522229179702,0.01878522229179702,-0.2874139010644959,01 | Green
TRVG,2017-05-15,UT,12.28266965787996,5.246013941190626,6290286174.1,149857.6666666667,13359810.98333333,0.0,0.0,100.1,2016-12-16,0.2123879679487686,12.59259830995189,0,7.51,N/A,N/A,34.7694633408919,0.09340659340659352,0.2122877122877123,0.2122877122877123,-0.1848151848151848,01 | Green
AMRN,2017-08-02,UTU,7.843137254901955,5.048019207683065,1508170347.6,174198.9083333333,12437802.055,-0.138702460850112,89.4,77.0,1993-04-01,0.8246947750161429,1.840329271102876,-16.6667,12.1214,55.68181818181818,81.92776302113408,-15.99999999999999,0.04675324675324677,0.04675324675324677,0.1948051948051948,-0.07532467532467524,01 | Green
TXMD,2017-08-04,DT SW,9.315589353612165,7.447311243889201,3044057206.0,56991.68866666667,14988814.11933333,-0.4893428063943162,563.0,287.5,2002-01-28,0.4923959408446589,0.9055797644786403,9.09,-13.44,N/A,-6.52677056009875,4.990019960079839,0.1721739130434783,0.2191304347826086,0.2191304347826086,-0.2417391304347826,01 | Green
SN,2017-08-09,DT,9.395973154362425,8.350111856823299,629695837.4399999,3137399.533333333,14024175.914,-0.6602467900616975,14.3928,4.89,2023-07-31,2.227134924539863,1.21033580825632,N/A,N/A,N/A,-23.38976668288014,-27.43506493506495,0.09202453987730075,0.09202453987730075,0.2658486707566463,0.01840490797546024,01 | Green
LITE,2017-08-09,UDS,8.438818565400851,5.333936106088007,5314725000.0,1867067.266666667,110623735.55,-0.06382048666763795,68.63,64.25,2015-07-23,2.081457376439985,3.377970956161587,N/A,N/A,N/A,N/A,-1.822700911350461,0.003891050583657574,0.03813229571984444,0.03813229571984444,-0.136964980544747,01 | Green
EDIT,2017-08-10,DT SW,6.674082313681873,6.244080724614618,2761369029.3,659267.7666666667,11853634.44466667,-0.5639918163218913,43.99,19.18,2016-02-03,0.4292665818618069,2.816658259190891,-8.4507,29.0417,N/A,N/A,1.524562394127615,0.2408759124087592,0.394681960375391,1.168925964546403,0.2711157455683002,04 | Downtrend
TTD,2017-08-11,UDS,10.98681582101477,5.507533816562996,2352220251.164,8612393.0,43113639.358,-0.03991705546915503,5.787,5.556,2016-09-21,1.832891258234222,4.531149472626249,150,7.03,N/A,N/A,-1.862379925504798,0.09593232541396701,0.2113030957523399,0.2113030957523399,-0.082163426925846,04 | Downtrend
NVCR,2017-10-26,UDS,7.734806629834257,5.023677979479052,2107669704.0,997328.0,18051636.8,-0.3264248704663212,28.95,19.5,2015-10-02,0.856473704857125,2.511898793576436,-23.5294,15.0608,N/A,N/A,-13.60381861575178,0.1337179487179487,0.2307692307692308,0.3743589743589744,0.2128205128205127,01 | Green
EXEL,2017-11-02,UDS,9.451093685513822,5.527504274512124,6003750397.16,4486418.133333334,108705911.3706667,-0.1840000000000001,32.5,26.52,2000-04-11,1.810633423769394,1.339370700950567,225,45.3999,N/A,511.4780264055042,-5.829770695685966,0.07202111613876316,0.2141779788838614,0.2141779788838614,0.1395173453996983,01 | Green
TXMD,2017-11-06,SW,38.18807339449541,5.94528178243776,2523210916.0,63867.59400000001,13923135.492,-0.4649200710479574,563.0,301.25,2002-01-28,0.5518022850849145,9.904553473550294,36.36,-15.36,N/A,-6.52677056009875,-14.34184675834971,0.1369294605809128,0.1568464730290458,0.1568464730290458,-0.06556016597510372,01 | Green
CRC,2017-11-07,DT U,8.634111818825186,5.949297341017059,1255025088.09,1411972.8,19951175.664,-0.3445772843723314,23.42,15.35,2020-10-28,1.589703333688997,4.691923243847191,-24.6914,-7.5459,1247.619047619048,-12.96896711440482,33.05084745762714,0.2182410423452767,0.6325667752442996,1.212371335504886,0.2534201954397393,01 | Green
AAOI,2017-11-08,DT,6.809184481393493,5.761942465030368,3204328389.93,2340048.766666667,88664447.769,-0.6086451987235277,103.41,40.47,2013-09-26,2.767021259357781,3.278776540597167,-17.5573,-20.345,736.5853658536583,80.91507314287544,-38.330078125,0.1514702248579196,0.1514702248579196,0.1514702248579196,-0.2080553496417099,01 | Green
MBI,2017-11-08,DT U,34.92063492063493,6.80169037311895,353543956.92,6559050.433333334,45454219.503,-0.1974248927038628,11.65,9.35,1987-07-01,12.85673778700321,3.155600831305291,-600,1.7274,-1787.692307692307,-20.94455852156057,-2.805049088359046,0.03315508021390379,0.03315508021390379,0.1732620320855616,-0.2502673796791444,01 | Green
ROKU,2017-11-09,DT,31.36942675159236,5.649946921443722,2796213375.96,6557569.333333333,123544606.24,-0.1694630872483222,29.8,24.75,2017-09-28,4.418282499545819,5.089097545696302,N/A,N/A,N/A,N/A,-20.27084214980956,1.092929292929293,1.375757575757576,1.375757575757576,0.7155555555555555,01 | Green
OMER,2017-11-10,DT,13.55571327182399,11.27380107472372,1019951372.44,877225.1,12360101.659,-0.409336906845047,27.0882,16.0,2009-10-08,1.21183244544603,7.38855967527605,-51.51520000000001,21.8796,N/A,161.2384264108258,-28.33163784333672,0.3399937500000001,0.403125,0.403125,-0.119375,01 | Green
HTZ,2017-11-10,UTU,13.69315342328834,6.868922681516384,7132592373.93,4294367.833333333,85930300.345,-0.5718855852465186,53.14,22.75,2021-06-30,1.20475552001373,4.704720411506436,3.6496,0.07780000000000001,-1192.592592592592,44.27814156532585,-23.82946326608297,0.00879120879120876,0.1050549450549452,0.1050549450549452,-0.1248351648351649,01 | Green
CMCM,2017-11-21,SW,18.48428835489833,5.557631370477927,1679189720.7,282746.4333333333,15296582.04333333,-0.3621890547263682,100.5,64.1,2014-05-08,0.910950195488136,4.766312996815874,88.89,0.8200000000000001,N/A,N/A,30.83434099153568,0.03744149765990645,0.418096723868955,0.418096723868955,0.1138845553822154,01 | Green
TAL,2018-01-25,UDS,12.03086636267976,5.905196171769295,15814532751.54,5054153.4,144093913.434,-0.1167035398230087,36.16,31.94,2010-10-20,0.911148724390661,4.353663068477502,50,3.34,-40.74074074074075,-72.5887784434615,-3.126061841658168,0.2298058860363181,0.3071383844708828,0.4912335629304947,0.1092673763306198,01 | Green
LITE,2018-02-06,UDS,9.154929577464777,5.466968477531871,3821220000.0,2261995.166666667,96360994.1,-0.3224537374326096,68.63,46.5,2015-07-23,2.521733742103307,4.35521355004369,46.4912,12.7648,N/A,N/A,-17.68115942028985,0.4139763440860214,0.6000000000000001,0.6000000000000001,0.267741935483871,04 | Downtrend
WB,2018-02-13,UT,5.13058913025104,5.526021227525754,29065521993.32,1847661.233333333,218596800.5156667,-0.08671708642337916,136.19,124.38,2014-04-14,0.7520828305299516,2.716761552086108,10.3448,4.0826,N/A,N/A,-3.961360500040589,0.1426274320630327,0.1426274320630327,0.1426274320630327,-0.1371603151632096,04 | Downtrend
FOSL,2018-02-14,DT SW,78.429203539823,7.57277180783815,534607990.0799999,2386249.266666667,21571693.37066666,-0.6893895628730984,51.93,16.13,1993-04-08,4.035048815383142,17.64126513857633,72.973,3.6715,-263.4095634095634,-16.85135646631318,-3.108252947481249,0.1159330440173589,0.2337259764414135,0.9944203347799134,0.1556106633601986,04 | Downtrend
PRTA,2018-02-15,DT,6.55896607431341,8.383314101084725,1588879345.3,600395.5,18582240.725,-0.5288571428571429,70.0,32.98,2012-12-18,1.169518678681762,0.9521590351693175,-16.2162,-4.583299999999999,-23.2628398791541,2013.103448275862,-22.02066011589821,0.08308065494238948,0.3568829593693148,0.3568829593693148,-0.5003032140691328,04 | Downtrend
CAR,2018-02-22,UTU,12.4229979466119,5.686014960398957,1376291375.84,2375196.566666667,92537658.23733334,-0.1135397692774742,49.41,43.8,1968-12-02,6.723696730342025,4.36838960851198,114.2857,1.9697,34.45945945945946,6.885282848771693,-13.26803205699021,0.1616438356164385,0.1616438356164385,0.1616438356164385,-0.02420091324200901,04 | Downtrend
GPOR,2018-02-22,DT,9.155766944114152,5.826227280448464,148721313.06,5111775.4,42990031.11400001,-0.7352177675223537,34.67,9.18,2021-05-18,28.90643595693386,2.031960950396999,18.42,17.63,-116.4021164021164,-86.93774788756681,-36.62396382818387,0.1917211328976034,0.2287581699346406,0.4607843137254903,0.1601307189542485,04 | Downtrend
CORT,2018-02-23,UTU,7.147296457426955,7.792684009588906,1739303207.73,2442923.1,39306632.679,-0.3359013867488445,25.96,17.24,2004-04-14,2.259906869849328,1.400917613820918,5.5556,-1.2053,N/A,109.2488770859972,-35.79409417398244,0.09338747099768008,0.1009280742459397,0.160092807424594,0.04408352668213467,04 | Downtrend
IMMR,2018-02-23,U,11.25954198473282,5.537622682660841,347851122.48,1456984.133333333,15269193.71733333,-0.02181208053691275,11.92,11.66,1999-11-12,4.389577244561357,3.866094949924415,16.6667,9.1139,-304.5454545454544,4.613344097802894,38.44121532364597,0.1020583190394511,0.2204116638078903,0.5184219554030873,0.1355060034305318,04 | Downtrend
SN,2018-02-26,DT,8.333333333333325,8.17012288786479,524042173.4400001,3634361.066666667,13519823.168,-0.7199988883330554,14.3928,4.03,2023-07-31,2.579911284477555,1.420583674900325,86.66669999999999,7.871300000000001,N/A,36.44895819800286,-32.85198555956678,0.04218362282878418,0.1091811414392059,0.2729528535980148,-0.1215880893300249,04 | Downtrend
DQ,2018-02-28,UDS,8.322801949810433,7.537203724241095,749605465.686,1753106.5,19420913.807,-0.1724137931034483,14.5,12.0,2010-10-07,2.590818063102967,3.840770654834718,71.7391,14.1167,N/A,N/A,-3.096571028691397,0.0008333333333332416,0.1916666666666667,0.1916666666666667,0.09499999999999997,02 | Light Green
TROX,2018-03-01,UDS,9.354485776805245,6.005392310096918,2919316530.12,1512252.566666667,27643976.91866667,-0.2961019754216698,28.399,19.99,2010-12-01,0.9469331822517494,1.896622338900753,100,7.6866,N/A,-19.82758620689655,-6.877228731533358,0.0830415207603803,0.0830415207603803,0.0830415207603803,-0.09004502251125546,02 | Light Green
NOAH,2018-03-07,UDS,6.184629376989559,5.154778145910507,3019040656.74,246109.7666666667,10823907.538,-0.1585585585585585,55.5,46.7,2010-11-10,0.3585214234805237,1.208416082092367,N/A,N/A,N/A,N/A,-2.935334363275222,0.1004282655246251,0.4895074946466809,0.4895074946466809,0.3839400428265523,03 | Yellow
COLL,2018-03-08,UT,9.427609427609429,6.230820105820125,736540825.6800001,562382.6,13362210.576,-0.02876354127754943,26.77,26.0,2015-05-07,1.814184646677737,3.79785754395673,-15.7895,9.251,N/A,6879.411764705883,10.87260849276717,0.1499999999999999,0.1499999999999999,0.1499999999999999,-0.02461538461538459,01 | Green
VYGR,2018-03-14,UTU,5.441055234954639,9.978948298198075,1494851418.48,511172.0666666667,12401034.33733333,-0.1983704167972423,31.91,25.58,2015-11-11,0.8295830732089078,1.36658680227832,N/A,N/A,N/A,-28.72714486638537,28.35978835978839,0.05551211884284601,0.05551211884284601,0.05551211884284601,-0.1540265832681782,01 | Green
MDB,2018-03-14,UTU,6.973058637083995,6.899139687570756,3045152756.22,354071.3666666666,13405141.942,-0.01722882795438008,41.21,40.5,2017-10-19,0.4402124627284718,3.647134791375863,-6.976699999999999,5.929,N/A,N/A,34.49378330373003,0.1422222222222222,0.4701234567901234,1.104938271604938,0.4471604938271605,01 | Green
DDD,2018-03-15,DT SW,6.995884773662553,5.108700764256317,2018686378.05,3045538.7,37003295.20500001,-0.4515230782212472,23.702,13.0,1988-03-10,1.83303833658125,2.676720542083409,400,9.099,N/A,2.070256649261808,19.70443349753694,0.0538384615384615,0.1530769230769231,0.6753846153846155,0.09923076923076923,01 | Green
BKE,2018-03-16,DT SW,5.205479452054784,5.225009784735795,940205069.5,564097.9,10294786.675,-0.451741861793261,35.02,19.2,1992-05-06,1.094951198303446,3.516061662346199,20.8333,0.5838,-27.58620689655174,-10.34209930654156,-16.85649202733484,0.25,0.5,0.5442708333333333,0.3645833333333333,01 | Green
CMCM,2018-03-19,UDS,5.737704918032782,6.538056206088981,1893356247.0,220544.94,13453241.34,-0.2908191313908741,90.95,64.5,2014-05-08,0.7105499221985562,3.041084506404907,489.47,5.91,N/A,N/A,-11.65821868211441,0.0503875968992249,0.1054263565891473,0.1054263565891473,-0.1271317829457365,01 | Green
GERN,2018-03-19,UT,16.02373887240356,6.628232301822785,2165135388.33,3109829.4,10480125.078,0.0,0.0,3.91,1996-07-31,0.4840401729373363,8.373088890342345,0,-29.2593,5.263157894736847,-82.71665043816942,41.59663865546219,0.7084398976982096,0.7084398976982096,0.7877237851662404,0.002557544757033181,01 | Green
LITE,2018-05-02,UDS,12.0607787274454,5.711490978157648,4722705000.0,2507709.766666667,132030919.215,-0.206989247311828,74.4,59.0,2015-07-23,2.795663062058714,1.985451453027665,9.8592,2.0248,1785.714285714285,27.10463345660213,-15.48956661316212,0.1415254237288135,0.1415254237288135,0.1855932203389832,-0.09322033898305082,04 | Downtrend
RIGL,2018-05-02,SW,5.405405405405395,11.04980694980697,691154968.0,470136.5833333334,17395053.58333334,-0.1719745222929937,47.1,39.0,2000-11-29,2.516809455001029,0.8189605183883619,0,-100,N/A,-85.2398038118437,12.12121212121211,0.05641025641025643,0.05641025641025643,0.05641025641025643,-0.2794871794871795,04 | Downtrend
MTSI,2018-05-02,DT,14.15525114155252,6.038323548597544,1338018711.12,1126208.7,19731176.424,-0.6969191835002804,65.989,20.0,2012-03-15,1.474656240605473,5.050367662760908,8.333300000000001,3.3631,-1404.761904761905,32.47799576192483,-0.6802721088435382,0.1904999999999999,0.296,0.296,0.03249999999999997,04 | Downtrend
ACAD,2018-05-04,DT,9.102244389027447,7.777743142144641,2763780508.72,4149130.933333333,66552060.17066666,-0.5881383855024711,42.49,17.5,2004-05-27,2.408008159862491,1.623358266640385,-21.4286,3.8419,N/A,620.6797068836189,-25.49930329772412,0.1102857142857143,0.1102857142857143,0.3457142857142859,-0.1302857142857142,04 | Downtrend
CRC,2018-05-04,CPH,6.940674680108572,5.719575693790508,2290665040.47,1941156.066666667,50062414.95933333,0.0,0.0,27.58,2020-10-28,2.185496965940577,3.46772014656146,-124.6575,14.4027,-192.603550295858,29.67032967032967,43.5968819599109,0.4763959390862946,0.7712110224800581,0.8252356780275565,0.2509064539521393,04 | Downtrend
ICHR,2018-05-09,UDS,6.560802340158789,5.203122201659621,896279699.97,985911.3666666667,23592859.00433333,-0.2818924246691072,35.51,25.5,2016-12-09,2.632309869912598,2.404359134244014,9.5745,5.5463,N/A,N/A,-2.485737571312141,0.0776470588235294,0.0776470588235294,0.0776470588235294,-0.1066666666666666,04 | Downtrend
RGNX,2018-05-09,CPH,5.674653215636827,5.333273284092967,2617423062.8,511219.2333333333,20269842.60166667,-0.002380952380952372,42.0,41.9,2015-09-17,0.7744198058674898,2.145881704894123,204,116.8567,N/A,3389.809075130176,13.28571428571428,0.4116945107398569,1.031026252983294,1.031026252983294,0.5918854415274464,04 | Downtrend
CVNA,2018-05-10,UTU,17.124394184168,5.438783752596343,5444847800.0,5176598.5,25634515.772,-0.07496012759170645,6.27,5.8,2017-04-28,0.4708031650030695,3.582113814698976,0,5.149999999999999,N/A,N/A,6.632213608957782,0.2603448275862068,0.9344827586206899,1.503103448275862,0.8641379310344828,04 | Downtrend
OMER,2018-05-11,U,5.703657780533189,5.795058010805061,1167623537.08,975985.2,15742641.276,-0.3705746413567531,27.0882,17.05,2009-10-08,1.348263440746432,4.086405203685466,44.186,-76.9521,N/A,64.69300303399956,13.75176304654442,0.4780058651026391,0.4780058651026391,0.5835777126099706,0.039882697947214,01 | Green
BMA,2018-05-16,DT,6.382978723404253,7.618683510638288,4808215056.0,364814.5666666667,27434055.41333333,-0.4121969140337987,136.1,80.0,2006-03-24,0.5705663139817208,2.115096464075767,3.937,2.8629,N/A,N/A,-30.51834057100618,0.0625,0.0625,0.0625,-0.401625,01 | Green
WTI,2018-08-02,UTU,7.669616519174038,7.695533080488821,1023393214.56,3825449.266666667,25936546.028,-0.1995614035087718,9.12,7.3,2005-01-28,2.534367597810507,1.679148134565946,45,1.7561,N/A,19.75883270357006,-1.73913043478261,0.04109589041095885,0.3534246575342468,0.3534246575342468,0.03013698630136985,01 | Green
PS,2018-08-02,UDS,9.658371994938841,5.308941374947276,9484000000.0,506561.0333333333,12010562.10033333,-0.128686327077748,29.84,26.0,2026-04-29,0.1266402583333333,2.897092163491191,-38.2353,N/A,N/A,N/A,-8.029480217222652,0.4015384615384614,0.4758384615384617,0.4758384615384617,-0.16,01 | Green
VCEL,2018-08-07,UDS,17.15686274509805,5.208963585434177,522307462.8,1111724.4,11339588.88,-0.1898305084745763,14.75,11.95,1997-02-04,2.171056262380481,3.42617828663291,0,2.0999,N/A,44.5352703246437,3.030303030303028,0.2217573221757323,0.4527196652719665,0.5790794979079499,0.4301255230125525,01 | Green
AAOI,2018-08-08,DT SW,23.55627182379802,5.576647097195061,3148512693.51,1196386.6,44541473.118,-0.555168745769268,103.41,46.0,2013-09-26,1.414682977451954,4.974436356943483,42.2222,12.8527,223.1481481481482,57.88585561061065,-18.64073426573427,0.0,0.0,0.0,-0.5282608695652173,01 | Green
DDD,2018-08-08,U,19.3809874723655,5.669333614064628,2254615156.39,1909128.666666667,25906876.00666667,-0.316513374398785,23.702,16.2,1988-03-10,1.149059782253381,10.02970849179713,500,6.4111,N/A,5.028718809095706,-8.92617449664429,0.3444444444444446,0.3444444444444446,0.3444444444444446,-0.1567901234567901,01 | Green
PTCT,2018-08-08,UT,6.581352833638032,5.429783979405279,3195714108.58,840594.1,32186348.089,-0.2292728989612842,52.95,40.81,2013-06-20,1.007172325039484,1.561371891618083,-30,4.631699999999999,N/A,154.6834055934061,4.789272030651337,0.1516785101690761,0.2004410683655966,0.2004410683655966,-0.1105121293800541,01 | Green
BZUN,2018-08-14,UDS,5.4628224582701,5.848553002384572,3065192887.36,1557176.666666667,82094353.86666667,-0.1751965583741284,67.41,55.6,2015-05-21,2.678276926884467,5.314001408532108,15.3846,12.6943,N/A,N/A,-15.00886667741416,0.05161510791366908,0.05161510791366908,0.05161510791366908,-0.4156474820143885,01 | Green
VICR,2018-10-17,DT,22.23090956476415,6.523679213671389,1769115306.84,438400.6,16821431.022,-0.2728682170542636,64.5,46.9,1983-03-23,0.9508385890372797,3.617412932372812,N/A,N/A,354.5454545454545,22.938976177918,-24.98533724340176,0.01279317697228155,0.01279317697228155,0.05044776119402994,-0.05522388059701488,04 | Downtrend
IRDM,2018-10-25,UTU,5.298913043478271,5.039751552795027,1949671047.2,1159657.733333333,21337702.29333333,-0.1960580912863071,24.1,19.375,2008-03-20,1.094425766027415,2.549882534306386,85.7143,6.5472,-56.43564356435643,11.98582499065295,-15.40229885057471,0.167483870967742,0.2567741935483872,0.457548387096774,-0.03432258064516125,04 | Downtrend
PRLB,2018-10-25,DT,5.122357687922108,5.065414061423191,2727335476.97,194287.0666666667,22150668.47066667,-0.2806122448979592,166.6,119.85,2012-02-24,0.8121724906125409,2.670249795320052,16.2162,2.5498,32.74853801169591,26.70195410453495,-28.45309068089111,0.07651230705047984,0.1001526908635795,0.1001526908635795,0.004672507300792716,04 | Downtrend
SHOP,2018-10-25,UDS,7.43436656579699,7.017023215600146,15731795344.337,16111835.66666667,196999414.6963333,-0.2561679284707162,17.6599,13.136,2015-05-21,1.252237334547118,2.783503439821165,N/A,5.01,N/A,N/A,-25.64913347522043,0.1533952496954933,0.2494671132764921,0.7310444579780757,0.2394945188794155,04 | Downtrend
TSLA,2018-10-25,SW,9.955129904904503,5.367587911145169,75962829893.0202,161709976.0,3110216481.4008,-0.1858011858011858,25.974,21.148,2010-06-29,4.094392594089731,1.93315754372507,2000,8.32,N/A,77.89559337437706,-6.184973635818225,0.1561376962360508,0.1962975222243237,0.1962975222243237,-0.06361358048042365,04 | Downtrend
DAN,2018-10-29,DT,6.3740228502706,5.169229447641966,1789000171.77,1551464.8,25800859.624,-0.4984406010774028,35.27,17.69,2008-02-01,1.442194362590427,3.319437218298475,1.3158,1.9588,60.89743589743588,29.32565789473684,-11.02193686463351,0.04861503674392309,0.04861503674392309,0.1848501978518937,-0.006783493499152082,04 | Downtrend
AXGN,2018-10-30,DT,5.166511048863986,6.370659374861057,1727357412.69,541245.1666666666,17390207.205,-0.4056278023356241,56.8499,33.79,1986-12-17,1.006752110318522,2.524900145374663,0,0.6217,N/A,56.23698216540843,-10.97256857855362,0.1639538324948209,0.1639538324948209,0.1639538324948209,-0.5184965966262207,04 | Downtrend
MEDP,2018-10-30,DT,5.407707047051313,5.659798047385886,1311010435.35,576497.0666666667,27078067.22133333,-0.2393678964397317,65.0906,49.51,2016-08-11,2.065434911210628,1.883052079131712,3.2258,2.2667,150,40.37530282335722,-22.15777262180974,0.2597455059583922,0.3116542112704503,0.4473843667945869,0.2906483538679054,04 | Downtrend
CHGG,2018-10-30,DT,9.351892127011752,5.315789473684215,2552521811.18,1532457.166666667,35231190.26166666,-0.2340036563071298,32.82,25.14,2013-11-13,1.3802503119603,4.051628414192762,133.3333,7.2169,30.00000000000001,18.39308173515606,-20.06258692628652,0.1268894192521877,0.3922036595067622,0.6583134447096259,0.3786793953858392,04 | Downtrend
STAA,2018-11-01,DT,13.41311393667415,5.607027104035318,2011275198.24,567294.0666666667,22754165.014,-0.1575925925925925,54.0,45.49,1983-07-07,1.131330264198127,2.814187726976638,200,9.48,N/A,39.52491837910505,-8.591613491340022,0.127720378105078,0.127720378105078,0.127720378105078,-0.2154319630688064,04 | Downtrend
FND,2018-11-01,DT,17.20093823299453,5.08192784541497,2724013304.7,2005775.433333333,51307735.58466666,-0.4855868222374743,58.28,29.98,2017-04-27,1.883534691116983,4.52104151307201,4.3478,1.5403,N/A,N/A,-10.90212469522815,0.1353802535023347,0.1654402935290193,0.6250833889259506,0.1114076050700468,04 | Downtrend
TREE,2018-11-01,DT,7.491695175764801,6.351756231274319,2831639058.09,237625.2333333333,47926633.311,-0.4638971315529179,404.4,216.8,2008-08-12,1.692540338927501,5.247506683142658,0.5236000000000001,-1.363,202.8708133971292,65.69160441842355,-4.244409628258083,0.2384686346863467,0.4168819188191881,0.8362947416974169,0.4092250922509224,04 | Downtrend
ARCB,2018-11-02,DT,13.82113821138211,5.102264808362373,824764962.6,332083.8333333333,12253893.45,-0.1836734693877552,51.45,42.0,1992-05-13,1.485743697376603,2.524260189319665,28.5714,1.3666,351.4285714285713,11.07381529672452,-12.50740960284529,0.05738095238095231,0.05738095238095231,0.05738095238095231,-0.1254761904761905,04 | Downtrend
CZR,2018-11-02,DT,11.63841807909607,7.530266343825691,1802925292.2,21240367.6,187977253.26,-0.3186206896551723,14.5,9.88,2014-09-19,10.42623640997475,1.86096496748013,-255.5556,3.5545,48.07771806531625,56.23233102030326,-8.762886597938147,0.003036437246963564,0.003036437246963564,0.003036437246963564,-0.06275303643724706,04 | Downtrend
EXEL,2018-11-02,DT,19.1304347826087,5.83373148590543,3704336295.4,3550035.8,53073035.20999999,-0.4520000000000001,32.5,17.81,2000-04-11,1.432727241203922,3.958493601670158,115.7895,30.5968,N/A,179.4176926863092,-15.15323496027242,0.1426165075800114,0.3615946097697924,0.4211117349803482,0.3245367770915217,04 | Downtrend
BLDR,2018-11-02,DT,7.033639143730896,5.20396461336829,1407361657.56,1695356.933333333,22175268.688,-0.3986254295532646,23.28,14.0,2005-06-22,1.5756624154765,3.263060946772506,11.67,1.34,9.677419354838698,18.24357717619253,-6.303724928366772,0.05464285714285722,0.05464285714285722,0.06785714285714284,-0.04928571428571427,04 | Downtrend
CRC,2018-11-02,DT,7.922367165128863,6.94277532839416,2791609236.99,1774787.433333333,55781569.02966667,-0.3261819626539532,50.34,33.92,2020-10-28,1.998186862635979,1.860372649697411,131.4286,27.9002,-136.7219917012448,29.37732836615221,-31.88123103597746,0.03773584905660377,0.03773584905660377,0.03773584905660377,-0.3956367924528302,04 | Downtrend
NIO,2018-11-06,DT,8.083832335329344,7.928785286569743,16737855706.96,18171077.36666667,121382796.8093333,-0.4768115942028986,13.8,7.22,2018-09-12,0.7251992067231137,2.743688169610475,N/A,-48.9005,N/A,N/A,-9.607577807848443,0.1371191135734073,0.1897506925207757,0.4736842105263159,0.1634349030470914,04 | Downtrend
XNCR,2018-11-06,UDS,5.933774834437089,6.270577105014197,2806840736.75,326900.1666666667,12340481.29166667,-0.173418768085986,48.38,39.99,2013-12-03,0.4396573389466882,0.857870471158116,-109.6154,N/A,-389.3617021276596,-60.51820605848669,9.994172494172492,0.07283070767691924,0.07283070767691924,0.07283070767691924,-0.05926481620405111,04 | Downtrend
GRPN,2018-11-07,DT,6.44171779141105,5.159947414548641,2651377299.2,341841.9349999999,22288094.16199999,-0.4207011686143572,119.8,69.4,2011-11-04,0.8406232552690627,4.80885632127024,100,-1.46,31.0344827586207,-11.83423863543707,-1.510574018126887,0.01440922190201732,0.1152737752161384,0.1469740634005763,0.03746397694524495,04 | Downtrend
ACAD,2018-11-07,DT SW,5.118829981718465,8.700052232958997,3770044733.84,2965057.133333333,64875450.07733333,-0.441747572815534,41.2,23.0,2004-05-27,1.720813800828673,1.729501918310422,-13.7931,3.9861,N/A,290.8265852990651,8.102766798418969,0.02000000000000002,0.02000000000000002,0.2465217391304348,-0.02869565217391301,04 | Downtrend
SUPN,2018-11-07,UDS,5.6422569027611,5.210907220030901,2422697241.65,547469.1333333333,22802089.40333333,-0.2816326530612245,61.25,44.0,2012-05-01,0.9411860884360344,2.025648447516737,33.3333,1.1351,2.453987730061366,64.69272998867778,-10.43010752688173,0.1193181818181819,0.1193181818181819,0.1193181818181819,-0.1404545454545455,04 | Downtrend
TWLO,2018-11-07,UDS,15.81244719797241,6.493221225409311,10906912124.4,3934793.766666667,279449053.3086666,-0.07459495949594952,88.88,82.25,2016-06-23,2.562128035152199,6.419886148543847,250,-84.9201,N/A,46.3048701173354,4.410467509556004,0.2023100303951368,0.4168996960486322,0.7288753799392096,0.3388449848024317,04 | Downtrend
RPD,2018-11-07,UDS,7.756563245823367,5.326223150357976,2259269452.8,476119.7,15959532.344,-0.08324873096446705,39.4,36.12,2015-07-17,0.7064023427670717,4.044014561884333,-69.2308,4.9033,N/A,33.79173855678474,-1.527614571092817,0.05204872646733127,0.1553156146179402,0.5780730897009967,0.1060354374307864,04 | Downtrend
ETSY,2018-11-07,UDS,14.37051694286422,6.307992650436364,3710736071.64,2345642.533333333,94834327.62266666,-0.1316431924882628,53.25,46.24,2015-04-16,2.555674286496846,6.002157532500406,114.2857,0.3176,N/A,31.20213622106134,1.12556278139071,0.2608131487889271,0.3101211072664358,0.5861807958477507,0.1144031141868511,04 | Downtrend
LGND,2018-11-08,DT,7.982574549024424,5.93634626509825,3249105554.82,851571.1333333333,138789063.3106667,-0.3683511592850477,278.62,175.99,1994-11-25,4.271608323243766,1.847071769381254,28.1553,9.189400000000001,307.4074074074074,18.56678826645345,-20.75655175767005,0.04363884311608612,0.04363884311608612,0.04363884311608612,-0.349508494800841,04 | Downtrend
HRI,2018-11-08,DT,13.44586728754365,5.242017295858973,1148704415.84,321354.8666666666,11041753.21866667,-0.4659542403068914,72.99,38.98,2016-06-20,0.9612353766910775,5.39206086397115,77.7778,3.2689,N/A,N/A,-13.69002763124844,0.04720369420215498,0.04720369420215498,0.2698819907644947,-0.02975885069266282,04 | Downtrend
VNDA,2018-11-08,UDS,5.819070904645485,5.492315752706916,1236461949.15,1165904.833333333,23842753.84166666,-0.07914893617021279,23.5,21.64,2006-04-12,1.928304696966797,1.661459790385979,-1100,-0.6169,N/A,17.81441986725721,-4.66200466200466,0.5452865064695007,0.5452865064695007,0.5452865064695007,-0.1243068391866914,04 | Downtrend
FOSL,2018-11-08,DT,7.454017424975801,8.411734199972335,1221792154.32,1599377.9,33043147.414,-0.397802793978028,36.865,22.2,1993-04-08,2.704481879112285,4.157921651912284,-200,-1.2057,-780.4878048780489,-12.69491245457549,4.660587639311053,0.05090090090090094,0.05090090090090094,0.05090090090090094,-0.3099099099099099,04 | Downtrend
CVNA,2018-11-08,UDS,18.88672298029024,6.925570098084739,10153013850.0,8284571.0,76499728.614,-0.2438352390136383,14.518,10.978,2017-04-28,0.7534681794411222,2.194782928409932,8.110000000000001,5.01,N/A,N/A,5.170842824601385,0.001639642922208084,0.001639642922208084,0.3511568591728913,-0.4137365640371652,04 | Downtrend
VSTM,2018-11-08,DT,7.692307692307687,6.558974358974366,6357553558.2,244993.3111111333,17198530.44000156,-0.391304347826087,124.2,75.6,2012-01-27,0.2705212041480771,1.669511226563494,30.95,N/A,N/A,N/A,-6.09951845906902,0.004761904761904745,0.004761904761904745,0.004761904761904745,-0.5,04 | Downtrend
CARG,2018-11-08,UDS,18.31547470720158,5.502189313303192,3574518672.14,1016321.566666667,40784984.47033334,-0.1706550218340612,57.25,47.48,2017-10-12,1.140992346416143,3.310408939795203,60,5.6273,N/A,N/A,-4.429626101452722,0.03201347935973042,0.03201347935973042,0.03201347935973042,-0.1870261162594776,04 | Downtrend
HTZ,2018-11-09,DT SW,15.40822590546349,6.049460668245191,5806593191.969999,2717871.733333333,44274130.536,-0.3596730245231607,29.36,18.8,2021-06-30,0.762480323182054,7.218453968737696,24.4186,2.9104,91.26436781609196,38.5081558676937,3.890306122448983,0.1356382978723405,0.1356382978723405,0.1675531914893615,-0.1659574468085107,04 | Downtrend
CDNA,2018-11-09,UTU,5.443403028118254,6.622901431661354,1435107346.02,649219.2333333333,18009341.53266666,-0.01182432432432434,29.6,29.25,2014-07-17,1.254912504114217,3.327216584310477,-66.6667,14.6941,-26.35135135135136,39.30614859094791,24.84248424842484,0.05299145299145303,0.05299145299145303,0.3463247863247865,-0.1620512820512821,04 | Downtrend
OPK,2018-11-12,DT SW,9.061488673139163,9.148173832639865,2306154215.25,4200688.5,12980127.465,-0.7226337448559671,12.15,3.37,1995-11-02,0.5628473316817141,2.001863980154682,-37.5,-5.390000000000001,N/A,-18.45478741058474,-16.03260869565218,0.1454005934718101,0.1676557863501484,0.1676557863501484,-0.1602373887240356,02 | Light Green
GDS,2018-11-13,DT,5.388961321164709,6.930589184826444,4610688875.13,1454308.933333333,33463648.556,-0.474880900822867,46.18,24.25,2016-11-02,0.7257841390361973,1.930021837634315,7.6923,8.4341,N/A,N/A,-17.34913793103448,0.3105154639175258,0.3105154639175258,0.6911340206185566,0.1929896907216495,01 | Green
HUYA,2018-11-13,DT,5.837837837837823,8.668957528957518,4224772720.5,1712730.066666667,31685506.23333333,-0.6147186147186148,50.82,19.58,2018-05-11,0.7499931553615828,6.145940451951351,100,5.204899999999999,N/A,N/A,-19.63509991311902,0.02655771195097056,0.1506639427987744,0.5321756894790604,-0.01021450459652706,01 | Green
MTSI,2018-11-14,DT SW,16.38044914134742,6.073787507076783,1156255895.34,904358.4666666667,13691987.18533333,-0.732985800663747,65.989,17.62,2012-03-15,1.18416582700382,3.472589814496125,0,-0.7432,-26.457399103139,0.01026555190377104,-9.665871121718384,0.06782065834279227,0.07775255391600444,0.1390465380249715,-0.0141884222474461,02 | Light Green
VIPS,2018-11-15,DT,8.41121495327104,7.002670226969288,2569447389.0,6909077.7,36963565.695,-0.696969696969697,19.14,5.8,2012-03-23,1.438580367640289,2.840375351401823,22.2222,2.2047,N/A,N/A,3.682170542635643,0.05431034482758634,0.3655172413793104,0.596551724137931,0.2068965517241379,02 | Light Green
CSIQ,2018-11-15,DT SW,5.689277899343548,5.720850265708014,930864428.7900001,775300.4,10629368.484,-0.2409638554216867,19.09,14.49,2006-11-09,1.141881476534318,3.161629995289568,147.7273,-5.1186,N/A,N/A,-8.721704394141138,0.2401656314699792,0.531400966183575,0.7867494824016563,0.4175293305728087,02 | Light Green
BZUN,2018-11-21,DT,12.44606704281448,8.122279645346369,1751787968.44,2174871.6,65528881.308,-0.4974039460020768,67.41,33.88,2015-05-21,3.740685658798918,5.116984837173836,18.1818,2.3478,N/A,N/A,-23.25522159959246,0.1446280991735536,0.1446280991735536,0.4492325855962218,0.02066115702479321,03 | Yellow
NTNX,2018-11-28,DT SW,9.592384671711018,5.402820879389076,11075031253.73,2489863.033333333,102009688.4756667,-0.3078453951678668,64.8699,44.9,2016-09-30,0.9210781092948197,3.469753108641545,N/A,1.7681,N/A,50.67201829777967,4.116899618805592,0.04520267260579058,0.2178173719376393,0.2178173719376393,0.1155902004454343,04 | Downtrend
ANF,2018-11-29,DT,27.45327102803738,5.397154539385843,760670875.2,2619235.8,44841316.896,-0.2650724149545302,29.69,21.82,1996-09-26,5.894969606166406,10.45038022158982,65,0.9642,51.59235668789809,8.818299725289991,-13.0964467005076,0.01604032997250227,0.03895508707607709,0.4037580201649862,0.005957836846929299,04 | Downtrend
WGO,2018-12-19,DT,9.869739478957907,6.597122817062698,564247104.28,585316.8666666667,11682924.65866667,-0.6260869565217391,58.65,21.93,1970-09-09,2.070533383343546,11.11944891843768,7.6923,1.174,38.79310344827588,30.36030195479469,-22.60566110895696,0.4236206110351117,0.5937072503419973,0.8650250797993615,0.4072047423620611,04 | Downtrend
AMD,2019-01-30,DT SW,11.63636363636362,5.489461966604805,31425144558.5,102308190.0,1969432657.5,-0.3705330990041008,34.14,21.49,1973-01-02,6.267059977508679,2.066512465913042,0,-2.1379,167.3076923076923,47.55506607929515,4.27952329360779,0.1875290832945558,0.3936621684504422,0.6221498371335505,0.2857142857142858,01 | Green
VNDA,2019-02-14,DT,6.351791530944606,6.936210640608022,1113722694.54,1003078.366666667,18476703.514,-0.4141746411483254,33.44,19.59,2006-04-12,1.659003951754024,2.444847861837049,2500,2.5938,N/A,17.81441986725721,-38.9459728206828,0.0926493108728943,0.0926493108728943,0.0926493108728943,-0.1883614088820826,01 | Green
STNG,2019-02-14,DT SW,5.605381165919288,5.12427930813583,893451319.68,881627.2599999999,15728230.3184,-0.6066805845511483,47.9,18.84,2010-03-31,1.760390294575114,2.253858393625443,-35.5932,6.554500000000001,N/A,N/A,-7.08333333333333,0.0721868365180467,0.5222929936305734,0.6385350318471339,0.4097664543524415,01 | Green
CGC,2019-02-15,CPH,5.702515177797052,5.982313220170943,207216767518.8,1262689.92,582352591.1040002,-0.1772151898734177,592.5,487.5,2014-04-07,0.2810354577368676,1.633255455147689,N/A,N/A,N/A,N/A,7.832592938975913,0.02276923076923087,0.0818461538461539,0.0818461538461539,-0.06871794871794867,01 | Green
CRC,2019-02-28,DT SW,13.97800183318056,5.849089956789307,1938050065.26,1921772.233333333,41933070.13133334,-0.5059594755661502,50.34,24.87,2020-10-28,2.163673213762297,3.441989578820535,2550,64.3067,208.14696485623,52.74177467597209,5.92233009708738,0.1194209891435465,0.2135102533172497,0.2135102533172497,-0.3437876960193004,01 | Green
CVNA,2019-02-28,DT SW,7.771401243424192,6.154437384709976,9196427100.0,9681354.0,80974844.856,-0.3791155806584929,14.518,9.014,2017-04-28,0.8805033082467429,3.45195878593015,12.24,-3.14,N/A,N/A,12.08791208791211,0.3263257155535835,0.7051253605502552,0.8770357222098957,0.3343687597071223,01 | Green
SFIX,2019-03-12,DT SW,26.42698295033357,5.221989833739287,3599829594.88,1477899.2,39873720.416,-0.3496006269460975,52.4447,34.11,2017-11-17,1.107655775504262,21.16316187193281,N/A,N/A,N/A,N/A,18.95943562610229,0.1058340662562298,0.1058340662562298,0.1058340662562298,-0.1421870419231896,04 | Downtrend
GH,2019-03-13,UT,6.689189189189193,6.512442084942088,9930516580.0,507719.2333333333,37571223.26666667,0.0,0.0,78.95,2018-10-04,0.3783410758543506,7.309451280061152,-14.2857,32.0201,N/A,N/A,76.0647156792767,0.3499683343888536,0.3499683343888536,0.4213426219126029,0.137555414819506,04 | Downtrend
DOMO,2019-03-14,UTU,21.12179487179486,6.227083333333356,1467528223.2,548112.0333333333,17101095.44,0.0,0.0,37.79,2018-06-29,1.165299254191543,7.923106474400216,-24.1935,4.3644,N/A,N/A,6.812735364601163,0.2458322307488754,0.2458322307488754,0.2458322307488754,-0.2402752050807091,04 | Downtrend
MDB,2019-03-14,UT,21.75330903510453,5.239305582198329,8385832709.02,994490.1666666666,103685544.7766667,0.0,0.0,126.94,2017-10-19,1.236437076369769,10.53408002525917,-55.2632,15.4721,N/A,N/A,6.073863058296869,0.2194737671340792,0.4556483377973846,0.4556483377973846,0.3051835512840713,04 | Downtrend
UXIN,2019-03-14,DT SW,16.30434782608696,9.246894409937886,101190920060.0,63057.24200000001,29006331.32,-0.4899904671115348,1049.0,535.0,2018-06-27,0.02866495462517885,4.062098846632081,-20,4.399999999999999,N/A,N/A,21.37203166226913,0.005607476635514086,0.005607476635514086,0.005607476635514086,-0.6224299065420561,04 | Downtrend
STNE,2019-03-19,UT,23.15028901734104,6.82394715111475,7978608867.200001,1996869.8,69091695.08,0.0,0.0,42.61,2018-10-25,0.865961676151784,7.880355043678861,15.3846,11.1826,N/A,N/A,47.4850809889173,0.07064069467261191,0.07064069467261191,0.07064069467261191,-0.3107251818821872,01 | Green
EHTH,2019-04-26,UDS,14.20527670527669,7.655830575473427,1991149772.64,574887.4666666667,35735004.928,-0.007132867132867204,71.5,70.99,2006-10-13,1.794691962353999,3.201743135352171,430,34.56,100.7299270072993,45.85883786371153,0.6965818888708952,0.03836878433582203,0.5807860262008735,0.5807860262008735,0.5269756303704749,01 | Green
LSCC,2019-05-01,UDS,6.409266409266401,5.064258135686707,1839292022.4,1603403.966666667,20764081.36833333,0.0,0.0,13.78,1989-11-01,1.128917056968437,2.989081416558801,22.22,2.17,N/A,3.326242806915725,7.916666666666661,0.08345428156748924,0.5166908563134978,0.5660377358490565,0.4005805515239478,01 | Green
TNDM,2019-05-01,UDS,10.3729034359225,5.774920324749363,4272828396.87,1791521.1,110017310.751,-0.09397139419863654,74.81,67.78,2013-11-14,2.574812291352296,3.957533628825248,40,38.91,N/A,118.1683417085427,-2.291169451073993,0.0650634405429329,0.0650634405429329,0.09619356742401886,-0.1113897904986723,01 | Green
VCYT,2019-05-01,UTU,6.602536073458665,5.005215816103426,1838536017.97,574583.1,13140715.497,-0.08859813084112156,26.75,24.38,2013-10-30,0.7147379963493552,1.549852406031434,50,6.950000000000001,N/A,34.98731679819617,-6.078028747433262,0.09926168990976225,0.2789171452009844,0.2789171452009844,0.1074651353568499,01 | Green
EOLS,2019-05-01,DT SW,5.455291222313385,6.346624868158914,1610309727.2,709239.3,17291254.134,-0.3491139240506329,39.5,25.71,2018-02-08,1.073784368431157,1.081892952068505,-5.06,N/A,N/A,N/A,7.876106194690258,0.04239595488136905,0.04239595488136905,0.04239595488136905,-0.337611824192921,01 | Green
CRC,2019-05-03,DT SW,9.02777777777779,8.484661172161141,1662708396.96,2404696.866666667,45015925.344,-0.5945570123162496,50.34,20.41,2020-10-28,2.707385457744997,1.627346487719464,226,11.65,-118.0278884462151,33.33333333333333,-31.92727272727273,0.1019108280254777,0.1019108280254777,0.1019108280254777,-0.4174424301812837,01 | Green
CDNA,2019-05-09,UTU,6.895368782161237,5.49308992893901,1508052600.45,916482.3,26715459.045,-0.2087353986795328,39.38,31.16,2014-07-17,1.77152037250081,3.251090610260558,266.67,6.92,-5.970149253731348,63.66158688090111,-1.553529213103688,0.2086906290115531,0.3244544287548139,0.3244544287548139,-0.2050706033376123,04 | Downtrend
GH,2019-05-10,DT SW,15.63914468550025,5.595241811411632,8597948611.9,1463605.233333333,93773187.29966666,-0.3048414336648526,106.58,74.09,2018-10-04,1.090646054453963,3.394060014862387,18.92,15.81,N/A,N/A,-11.1249826605632,0.2646780942097449,0.5145768659738157,0.5145768659738157,0.3912808746119583,04 | Downtrend
STNE,2019-05-14,DT SW,6.819894498869639,5.716438798578967,6120008073.28,5816353.066666666,154366010.3893333,-0.3785620341955283,45.62,28.35,2018-10-25,2.522317103849853,1.020194429737507,0,0.8500000000000001,N/A,N/A,-26.17524339360223,0.04444444444444429,0.3569664902998235,0.3915343915343916,0.1844797178130511,04 | Downtrend
NIO,2019-05-28,DT,6.735751295336789,5.875277572168772,9671874704.92,21104262.7,81462454.022,-0.7014492753623188,13.8,4.12,2018-09-12,0.8422612627576818,5.424232328192162,N/A,-52.04,N/A,N/A,-22.48995983935744,0.004854368932038833,0.004854368932038833,0.004854368932038833,-0.3106796116504855,04 | Downtrend
MOMO,2019-05-28,DT,7.840122982321285,5.653782804436122,3844387374.02,4009293.133333333,104321807.3293333,-0.4826696165191741,54.24,28.06,2014-12-11,2.713613306357472,3.40242545165526,14.81,5.33,N/A,N/A,-24.27240977881258,0.2950819672131149,0.3446186742694226,0.4137562366357805,0.244832501781896,04 | Downtrend
SFIX,2019-06-06,DT SW,24.01357658039882,5.576883447481702,3144847425.92,1579989.566666667,37240354.08633333,-0.4426510209801944,52.4447,29.23,2017-11-17,1.184170455437563,13.77419412073333,333.33,3.56,N/A,N/A,-11.62354705661792,0.1063975367772838,0.1063975367772838,0.1063975367772838,-0.3790626069107083,04 | Downtrend
PD,2019-06-07,UTU,5.130361648444071,6.644283912050952,3667949191.4,435288.8666666666,20702338.49866667,-0.1519674355495251,58.96,50.0,2019-04-11,0.5644118121157752,5.042658262337056,-10,6.64,N/A,N/A,-3.39224050375786,0.1963999999999999,0.1963999999999999,0.1963999999999999,-0.3506,04 | Downtrend
ZM,2019-06-07,UDS,17.91514541105375,6.214528515674178,23291435075.74,2387466.833333333,189636490.5716667,0.0,0.0,93.66,2019-04-18,0.8141898082063184,3.973992378672485,100,9.180000000000001,N/A,N/A,5.610955989894983,0.1460602178090968,0.1460602178090968,0.1460602178090968,-0.08808456117873154,04 | Downtrend
OMCL,2019-07-26,DT,9.325031838120857,5.046412905051646,3223603852.28,528467.7666666667,37346817.07033334,-0.1655686359218058,92.59,77.26,2001-08-06,1.158542388634961,2.068322930827758,N/A,N/A,1166.666666666666,11.96014723191905,-18.04476400324713,0.009578048149106788,0.01307274139269987,0.1538959358011909,-0.08102511001812074,01 | Green
CHRS,2019-08-02,UTU,6.576629477392815,5.047814780639218,2631151450.98,1172555.033333333,19968612.21766667,-0.2253521126760564,23.43,18.15,2014-11-06,0.758930551497868,2.71853679305628,300,10.52,N/A,-77.43307115353029,-25.10993843447669,0.2556473829201102,0.3173553719008266,0.3173553719008266,-0.02699724517906332,04 | Downtrend
CDNA,2019-08-02,UDS,13.11764705882352,5.876344537815156,1758963582.0,1008348.533333333,34283850.13333333,-0.06808819966077062,41.27,38.46,2014-07-17,1.949093800700038,2.103691263364757,N/A,12.18,5.072463768115931,93.37330071780889,-3.791737408036233,0.001040041601664043,0.001040041601664043,0.001040041601664043,-0.3996359854394176,04 | Downtrend
ADNT,2019-08-06,DT SW,7.202072538860116,6.50255366395264,1487970787.6,1948934.733333333,37614440.35333334,-0.7605878268919232,86.42,20.69,2016-10-17,2.52790180202415,2.657867865662408,11.76,2.4,-185.9195402298851,6.101633173456378,-14.29840142095914,0.2464958917351376,0.2759787336877717,0.3668438859352343,0.1358144030932817,04 | Downtrend
TEN,2019-08-06,DT,24.84157160963245,6.153720803910908,237706787.67,1318621.233333333,10403921.531,-0.8498246683945724,65.59,9.85,2002-03-05,4.376787736260775,4.121664252486758,29.03,0.54,-69.75945017182131,33.2999220403163,-16.50793650793651,0.09543147208121816,0.6533096446700508,0.6533096446700508,0.5187817258883249,04 | Downtrend
PAYS,2019-08-06,UTU,8.426966292134818,11.40724604448521,703518463.76,2083650.233333333,25962281.90733334,-0.2763792179967863,18.67,13.51,1998-06-29,3.69034833408298,1.855207720643197,N/A,N/A,N/A,N/A,-19.92287917737789,0.2923760177646189,0.2923760177646189,0.2923760177646189,-0.1539600296076981,04 | Downtrend
APPS,2019-08-06,UT,6.007067137809186,5.523977788995439,684951975.0,1879125.733333333,10635851.65066667,0.0,0.0,6.0,1995-05-24,1.55278793825898,2.162707331345506,66.67,7.960000000000001,N/A,40.5586592178771,8.015267175572527,0.3066666666666666,0.3066666666666666,0.5208333333333333,0.1466666666666667,04 | Downtrend
WW,2019-08-07,DT SW,19.46692051404093,5.588903243353522,210073947.6,2412087.5,50677958.37500001,-0.06899109792284863,26.96,25.1,2025-07-07,24.12386635942857,8.900530349748921,21.88,-1.88,N/A,N/A,-3.800366300366298,0.3247011952191234,0.5183266932270916,0.8800796812749001,0.3318725099601594,04 | Downtrend
CVNA,2019-08-08,UDS,22.93213607321704,5.212830253842182,12734698550.0,7053766.833333333,81696727.46366666,-0.07364996746909558,15.37,14.238,2017-04-28,0.6415285539968016,5.486731545634448,2.44,8.7,N/A,125.2123653628787,-10.34215822882798,0.1944093271526901,0.2076134288523668,0.3933136676499509,0.09509762607107741,04 | Downtrend
AMC,2019-08-08,DT SW,7.048458149779746,5.02196349905601,101310626413.0,302952.4466666667,34385102.69666667,-0.4335664335664335,214.5,121.5,2013-12-18,0.0339402725203705,2.775697008729665,2142.86,3.15,-35.38461538461537,18.13818063284821,20.10582010582011,0.02798353909465034,0.02798353909465034,0.02798353909465034,-0.2082304526748971,04 | Downtrend
CRON,2019-08-08,DT,7.484407484407485,5.062271062271079,5316197627.52,3788918.366666667,54674092.031,-0.3820717131474104,25.1,15.51,2016-06-03,1.028443558004171,3.532006948931274,N/A,N/A,N/A,N/A,-4.752475247524757,0.004513217279174642,0.004513217279174642,0.004513217279174642,-0.4506769825918763,04 | Downtrend
ROKU,2019-08-08,UDS,17.55967118946222,5.532605158533645,14985863299.93,8797947.633333333,888328772.5376666,0.0,0.0,118.7,2017-09-28,5.927778431969388,3.143398682576837,61.9,11.55,98.91485809682804,47.94682164276117,-3.41496078056247,0.4403538331929233,0.4873631002527381,0.4873631002527381,0.02729570345408594,04 | Downtrend
UPLD,2019-08-08,UDS,7.943925233644866,5.216171562082782,1265677748.0,35699.93,15279570.04,-0.1580098414434118,548.7,462.0,2014-11-06,1.207224355816043,1.991880656348626,N/A,2.94,N/A,71.46598616614062,-8.936170212765958,0.02380952380952372,0.02380952380952372,0.02380952380952372,-0.2422077922077922,04 | Downtrend
PBYI,2019-08-09,DT,20.84690553745927,5.387234372576379,475420807.86,1293503.7,11913169.077,-0.918699780861943,136.9,11.13,2012-03-21,2.505815664784311,4.12013819519805,3,1.74,N/A,4490.735560309364,-21.01200686106346,0.09164420485175206,0.1671159029649596,0.3477088948787062,-0.2021563342318059,04 | Downtrend
REAL,2019-08-14,DT,10.23529411764705,8.6371848739496,2068408955.0,934240.2,15882083.4,-0.3763727121464226,30.05,18.74,2019-06-28,0.767840584020291,9.790523893105863,15.15,N/A,N/A,N/A,-28.75104777870914,0.0005336179295625243,0.3078922091782283,0.3078922091782283,-0.04429028815368186,04 | Downtrend
GGAL,2019-08-15,DT,8.443908323281079,13.57875236946402,2663168684.34,2254779.2,37384239.136,-0.7552076242341729,73.45,17.98,2000-07-24,1.403750327789122,2.403968867550312,-77.5,51.34999999999999,N/A,N/A,-53.08432371250709,0.03281423804226913,0.03281423804226913,0.03281423804226913,-0.3559510567296997,04 | Downtrend
DBI,2019-08-29,DT,5.748663101604268,5.274828113063442,759625101.84,1429912.566666667,21391491.99733333,-0.3236425823001282,23.39,15.82,2005-06-29,2.816059125155007,1.701332694537477,2.13,-1.47,N/A,N/A,-12.30949589683469,0.1219974715549936,0.2060682680151706,0.2060682680151706,0.04298356510745882,02 | Light Green
SIG,2019-09-05,DT,30.15440508628519,8.864473854937055,427736110.83,2360803.566666667,25992447.269,-0.8161406209905055,77.94,14.33,1950-05-08,6.076748399512725,7.995916418684954,112.5,1.79,-529.2372881355933,7.345368337187384,-28.3203125,0.258897418004187,0.3349616189811584,1.193998604326588,0.2484298674110259,01 | Green
GIII,2019-09-05,DT,15.23354564755839,5.556073703366677,794870395.32,746387.3666666667,14061937.988,-0.5759765625,51.2,21.71,1989-12-14,1.769085635946842,6.063153266125752,4.55,-1.93,-9.42028985507244,-1.093658681835795,-23.69380315917375,0.2938737908797788,0.3929064947029017,0.5854444956241363,0.3141409488714877,01 | Green
AR,2019-10-30,DT,12.67605633802818,8.85311871227364,873126760.0,10957749.06666667,31120007.34933333,-0.8589687086822388,22.69,3.2,2013-10-10,3.564202676520112,1.96488903596965,-68.97,8.12,95.18072289156628,31.15911791311434,1.792114695340485,0.05624999999999991,0.05624999999999991,0.05624999999999991,-0.453125,01 | Green
SPWR,2019-10-31,DT,13.69047619047619,6.420578231292516,1689517275.6,3630141.433333333,30493188.04,-0.4046134663341645,16.04,9.55,2023-07-18,1.80484618182853,2.529693448215787,250,2.53,-29.02097902097901,3.504295276348234,-18.84057971014492,0.09738219895287958,0.09738219895287958,0.1701570680628273,-0.1078534031413614,01 | Green
TEN,2019-10-31,UTU,12.4370956146657,6.206172332340543,419074957.73,1101506.933333333,15321961.44266667,-0.7615490166183869,65.59,15.64,2002-03-05,3.656138635832838,2.902520087027444,28.12,1.38,-75.92592592592592,46.78782755705833,19.91379310344827,0.04124680306905359,0.04124680306905359,0.04124680306905359,-0.3945012787723785,01 | Green
CRC,2019-11-01,DT,29.8747763864043,12.33772041911574,496503201.87,3439366.466666667,19226058.54866667,-0.8557806912991657,50.34,7.26,2020-10-28,3.872292963319227,5.396090582341162,194.59,12.82,50.4885993485342,25.92592592592592,-35.74712643678161,0.4159779614325068,0.5261707988980717,0.5261707988980717,0.01101928374655659,01 | Green
INMD,2019-11-05,UT,13.65911098027672,6.205349257748431,977387761.42,1668229.533333333,28334878.62366667,0.0,0.0,19.305,2019-08-08,2.899041684592027,4.031511171344406,40,12.7,N/A,N/A,47.69565217391303,0.5218855218855218,0.5218855218855218,0.5218855218855218,0.1504791504791505,01 | Green
CHRS,2019-11-07,SW,6.318347509112998,5.659390730775891,2543085900.36,1247103.033333333,20527315.92866667,-0.2680886658301965,23.91,17.5,2014-11-06,0.8071813824991447,3.117489009395134,23.53,10.17,N/A,7646.20822622108,-11.69527896995708,0.1548571428571428,0.1925714285714286,0.3160000000000001,0.1765714285714286,01 | Green
IIPR,2019-11-07,DT U,8.595041322314056,5.401465958284151,2001679937.4,410005.1,29766370.25999999,-0.4349602236078263,139.53,78.84,2016-12-01,1.487069421231438,1.861291481496206,N/A,4.65,N/A,143.4620425446113,-5.66528066528067,0.1060375443937087,0.2208269913749366,0.3727803145611364,0.1735159817351597,01 | Green
ADNT,2019-11-07,DT SW,6.042553191489364,5.540334346504524,1811777902.0,1197212.2,28134486.7,-0.7054025298498641,84.59,24.92,2016-10-17,1.552866202250435,4.259400296789492,142.31,-1.98,-5233.333333333341,0.4110634799459745,13.03511303511304,0.05096308186195819,0.1348314606741572,0.1747592295345104,0.0802568218298556,01 | Green
TEVA,2019-11-07,DT SW,5.802469135802468,5.71913580246913,9438898280.4,20697403.4,167648967.54,-0.6698767334360555,25.96,8.57,1982-02-16,1.776149742900878,2.633669062081478,0,1.04,61.88118811881189,-16.42349779228259,20.17804154302669,0.2823803967327887,0.4585764294049008,0.6056009334889147,0.4189031505250875,01 | Green
FSLY,2019-11-08,DT SW,13.88244596731683,7.860079825288076,3021921000.0,793486.2333333333,15052433.84633333,-0.3871034549281949,35.2482,21.6035,2019-05-17,0.4981081188533165,3.850535613157246,30.77,3.64,N/A,N/A,-21.22093023255814,0.137885064920036,0.2007313629735923,0.6497326822042724,0.0003008771726802362,01 | Green
DDOG,2019-11-13,SW,12.84883720930232,5.854754983388717,12352180825.6,1653022.366666667,56863969.41333333,-0.06322393822393813,41.44,38.82,2019-09-19,0.4603557073539781,6.417135190608733,100,13.14,N/A,N/A,6.832298136645942,0.1357547655847502,0.2910870685213807,0.858578052550232,0.2493560020607934,01 | Green
SIG,2019-12-05,DT SW,8.108108108108114,5.17537537537537,646848886.9499999,1867743.733333333,31097933.16,-0.7467285774588434,71.07,18.0,1950-05-08,4.807604030460952,3.033322451516903,30.28,4.21,60.28481012658228,-0.5992096314676959,-4.911479154768717,0.2405555555555554,0.7466666666666668,0.7466666666666668,0.2283333333333333,01 | Green
NIO,2019-12-30,DT SW,20.66115702479339,5.346812278630467,6063714193.24,36930884.26666667,89372739.92533332,-0.7884057971014493,13.8,2.92,2018-09-12,1.47389433402004,11.7471287139358,2.94,11.69,N/A,N/A,6.607929515418509,0.9349315068493151,0.9349315068493151,1.705479452054795,-0.07191780821917804,01 | Green
DT,2020-01-29,UT,9.309623430962354,5.09488942020321,8288581031.04,1679131.233333333,48157483.772,0.0,0.0,31.35,2019-08-01,0.5810099894258679,2.556542880497905,42.86,1.43,N/A,N/A,10.2229054573405,0.1822966507177033,0.1822966507177033,0.4240829346092505,-0.0370015948963317,01 | Green
ADNT,2020-01-31,DT SW,23.49896480331262,5.012311446317649,1489512726.24,1110457.333333333,21454035.68,-0.6444113263785395,67.1,23.86,2016-10-17,1.440339199662748,9.067612683302857,182.35,3.04,70.93023255813952,-5.235391937611102,-12.57918552036199,0.2269488683989942,0.2269488683989942,0.2269488683989942,-0.3721709974853311,04 | Downtrend
ARWR,2020-02-06,DT,5.237877401646851,5.410648934779764,6175645297.24,1694094.666666667,74065818.82666667,-0.3758817145957678,73.72,46.01,1995-02-01,1.199321127781868,2.411426634166843,-200,-0.15,N/A,988.9624527198836,-26.88963210702341,0.008911106281243253,0.008911106281243253,0.130189089328407,-0.2560312975440122,04 | Downtrend
CGC,2020-02-14,DT SW,18.69877049180328,6.017052107728345,87703193884.79999,888412.7200000002,173418162.944,-0.6089451476793248,592.5,231.7,2014-04-07,0.1977330075023134,2.981211029936626,N/A,N/A,N/A,N/A,-19.67078189300412,0.03150625809236085,0.03150625809236085,0.03150625809236085,-0.4018126888217523,01 | Green
INMD,2020-02-18,UDS,7.14285714285714,6.221435070843619,1264820900.56,3034775.733333333,66704370.61866667,-0.198434309053778,29.38,23.55,2019-08-08,5.273819446621516,4.973475250318332,21.05,11.17,N/A,N/A,-2.419533851276356,0.03184713375796178,0.03184713375796178,0.03184713375796178,-0.4498938428874735,01 | Green
GLNG,2020-02-25,DT,8.597285067873294,5.658823529411758,1128171850.0,1632670.3,18041006.815,-0.6623522791221159,35.54,12.0,2002-04-18,1.599136409492933,1.813660112516287,212.5,2.59,N/A,N/A,4.442344045368629,0.09583333333333344,0.09583333333333344,0.09583333333333344,-0.4475,03 | Yellow
MRNA,2020-02-26,UT,22.26430976430975,6.313672438672456,9485844722.640001,7179045.066666666,170574110.784,-0.02484055052030876,29.79,29.05,2018-12-07,1.798196320638565,10.86729283289265,11.9,-19.08,N/A,-55.42319424289987,6.261180679785339,0.2392426850258176,1.994836488812392,2.277452667814113,0.9865748709122202,03 | Yellow
APT,2020-02-26,UT,8.099999999999996,8.964285714285714,102062180.0,4065732.8,40657328.0,0.0,0.0,10.81,1994-12-27,39.83584124893276,6.043861514952483,N/A,N/A,34.78260869565215,2.064758329422806,75.43859649122805,2.84736355226642,2.84736355226642,2.84736355226642,0.1350601295097131,03 | Yellow
REZI,2020-02-27,DT SW,17.15628672150413,5.148900453248291,1292221186.78,1244564.166666667,10591241.05833333,-0.6522497384025113,28.67,9.97,2018-10-15,0.8196151840479371,3.709611061971493,39.29000000000001,1.88,N/A,N/A,-19.33649289099527,0.09829488465396174,0.09829488465396174,0.4944834503510531,-0.3199598796389168,04 | Downtrend
DDD,2020-02-27,DT,6.15234375,6.153808593750004,1701345556.48,2282943.266666667,23377339.05066667,-0.5009182736455464,21.78,10.87,1988-03-10,1.37405002538304,2.290929028488925,400,0.53,N/A,-8.516708838670272,-9.13930789707187,0.02023919043238287,0.02023919043238287,0.02023919043238287,-0.2778288868445262,04 | Downtrend
TTD,2020-02-28,DT,5.875764969401209,5.64825978389437,11747474730.194,17314472.0,432879114.472,-0.1824695781085923,32.378,26.47,2016-09-21,3.684869509524379,3.020701988486857,25,1.21,26.35658914728681,61.02513291721156,-9.951736061086292,0.1239138647525502,0.2366754816773706,0.9267094824329429,0.1264450321118247,04 | Downtrend
AMC,2020-02-28,DT,6.896551724137923,7.448979591836737,54359622454.2,265281.2333333333,16155627.11,-0.6965034965034965,214.5,65.1,2013-12-18,0.02971990308360165,2.848438204637418,N/A,-0.14,-77.37226277372258,0.7220909911467036,-10.96491228070177,0.021505376344086,0.021505376344086,0.1290322580645162,-0.2211981566820276,04 | Downtrend
DNLI,2020-02-28,DT,7.308096740273395,7.473298783235688,3040297605.06,838903.6333333333,15955947.106,-0.3288391976323578,30.41,20.41,2017-12-08,0.5248153035888442,1.693445997313398,N/A,N/A,N/A,-79.34499845153297,-18.29896907216495,0.00881920627143562,0.3914747672709455,0.7491425771680551,0.3434590886820188,04 | Downtrend
AMBA,2020-03-04,DT,6.95233178454655,5.191053912530426,2549180230.35,540534.3666666667,31410452.047,-0.1554559043348281,73.59,62.15,2012-10-10,1.232178551874591,4.659098764673057,27.27,0.06,-1685.714285714286,-18.31391197555194,-5.358306188925077,0.004183427192276712,0.004183427192276712,0.004183427192276712,-0.1190667739340305,04 | Downtrend
ANF,2020-03-04,DT,5.831363278171797,6.104356636271537,563838399.9,2132881.033333333,27066260.313,-0.5615409729023833,30.63,13.43,1996-09-26,4.800357747503603,2.300569475425188,5.65,1.28,59.21052631578948,2.739008626460499,-21.27791563275435,0.04393149664929252,0.04393149664929252,0.09009679821295613,0.007446016381235987,04 | Downtrend
FOXF,2020-03-04,DT,11.58345691217664,5.397029399995279,2550861450.69,170428.1333333333,10343283.412,-0.2208031296743758,86.91,67.72,2013-08-08,0.4054819758714129,2.767019686108162,4.84,3.07,10.18518518518517,21.28386289313254,-15.0594821553534,0.03145304193738929,0.2062906083874778,0.6746898995865327,0.189161252215003,04 | Downtrend
BCRX,2020-03-05,DT SW,7.977207977207978,9.104192104192125,896928218.55,4692747.033333333,16471542.087,-0.6190954773869346,9.95,3.79,1994-03-03,1.836439276448272,4.422525836697029,92.31,302.07,N/A,-62.70959087860496,15.65074135090607,0.1477572559366753,0.658627968337731,0.658627968337731,0.1002638522427441,04 | Downtrend
FIZZ,2020-03-06,DT SW,6.130177514792901,5.161487743026227,1977555654.75,504550.4666666667,10658628.60833333,-0.6478165252906063,63.66,22.42,1991-09-13,0.5389799565302643,5.56696740081633,N/A,N/A,5625.284090909091,-6.440659774903771,-2.940500804043189,0.04861730597680647,0.325602140945584,0.9238403211418376,0.2995093666369313,04 | Downtrend
DKS,2020-03-10,DT,10.70185614849188,5.00679482930064,3086047475.76,1786728.066666667,61606383.73866666,-0.2335341365461847,49.8,38.17,2002-10-16,1.99628762106114,4.083060056033149,8.200000000000001,1.52,-7.886435331230284,-2.307425040957805,-21.18857142857144,0.02541262771810326,0.05881582394550677,0.5123133350799056,-0.003929787791459249,04 | Downtrend
ULTA,2020-03-13,DT,14.43034149289817,6.612129257868162,8535097805.94,991449.1,196842304.314,-0.3840251606431146,368.83,227.19,2007-10-25,2.306268876930826,2.524425106644406,2.68,-0.6,20.253164556962,17.44794200062395,-33.17176613147531,0.009076103701747495,0.1364056516572032,0.1364056516572032,-0.002464897222589024,04 | Downtrend
ORCL,2020-03-13,DT,11.68341708542715,6.09027279253411,114642745800.0,13509723.56666667,537686997.9533333,-0.2652892561983471,60.5,44.45,1986-03-12,0.4690109210148848,2.097706356473758,1.04,0.48,326.984126984127,0.624801440220269,-28.04194539866209,0.2062992125984251,0.2399325084364454,0.391676040494938,0.1667041619797525,04 | Downtrend
DOCU,2020-03-13,DT,9.23121723937097,8.171374490390233,13114075677.44,2104118.233333333,144510840.2653334,-0.1894111291193949,92.55,75.02,2018-04-27,1.101952160562363,2.85457960719476,140,3.15,N/A,38.94637280678603,-21.98114279222991,0.3113836310317248,1.067981871500933,2.86870167955212,1.007464676086377,04 | Downtrend
UNIT,2020-03-13,DT,8.231707317073166,12.08580139372821,1592276885.6,3600646.666666667,23620242.13333333,-0.6968403074295475,23.42,7.1,2015-04-20,1.483425549095551,1.064476288518544,N/A,-1.73,150,3.928426133560789,-25.02857142857143,0.05211267605633796,0.3267605633802817,0.4788732394366197,0.2140845070422535,04 | Downtrend
ADBE,2020-03-13,DT,9.78245614035087,6.249032581453632,113287500000.0,3613103.3,1029734440.5,-0.190991480174275,386.745,312.88,1986-08-20,0.9089568050314465,2.473004300762727,1.79,1.34,15.38461538461538,23.71303547017899,-23.96755949204994,0.07389414472002054,0.3159038609051394,0.715929429813347,0.2993479928407057,04 | Downtrend
ACMR,2020-03-19,DT,27.24695652173914,19.12496894409938,400482877.0,1933488.2,11117557.15,-0.5713055298405146,17.0674,7.3167,2017-11-03,2.776038075155957,1.969735838056834,166.67,7.04,185.2941176470588,44.05101617030398,-59.55460831275894,0.7321060040728744,2.154878565473506,4.187680238358823,1.753058072628371,04 | Downtrend
CCL,2020-03-20,DT,10.9,32.45564285714284,13696491190.0,24574960.9,245749609.0,-0.8395311821733469,69.11,11.09,1987-07-24,1.794252305871048,3.259267566118488,N/A,N/A,-2.702702702702705,10.29606482707484,-76.01343247781243,0.7258791704238052,1.279080252479711,1.279080252479711,0.6077547339945897,04 | Downtrend
CRWD,2020-03-20,DT SW,19.68183996166746,10.1123280169758,10625535586.8,19676495.86666667,205324234.3686667,-0.5096662740478994,25.47,12.4888,2019-06-12,1.932365975261887,2.897591542027886,75,10.43,N/A,N/A,-31.49515837846709,0.4052591121644995,1.099681314457754,2.064746012427135,1.023412978028313,04 | Downtrend
LX,2020-03-24,DT,5.911330049261099,8.705049261083737,1338080784.88,1686596.666666667,13695164.93333333,-0.5310796074154853,18.34,8.6,2017-12-21,1.023493131960752,2.294776858328112,-90.4,24.5,N/A,N/A,-32.44592346089851,0.2953488372093025,0.3999999999999999,0.5627906976744186,0.2720930232558139,04 | Downtrend
WGO,2020-03-25,DT,10.4979253112033,16.82421458209841,681280321.3000001,816057.0666666667,19666975.30666667,-0.5802994483845548,63.45,26.63,1970-09-09,2.88676697268148,2.623332469559319,0,2.09,2.422145328719733,4.431823117467763,-57.36022646850672,0.5011265490048817,1.728126173488547,1.728126173488547,1.569282763800226,04 | Downtrend
NKE,2020-03-25,DT SW,10.75625604866584,8.918933064723207,107301461187.99,12274526.03333333,887816467.9909999,-0.2415262260935429,105.62,80.11,1980-12-02,0.8274038938160995,2.204015529930265,32.2,3.1,144.2477876106195,9.341831710252762,-21.38043478260869,0.1265759580576706,0.306828111346898,0.6275121707651978,0.265759580576707,04 | Downtrend
CSIQ,2020-03-26,DT U,15.21035598705502,11.83005085529357,1049004772.05,1139685.466666667,17608140.46,-0.3124758594051757,25.89,17.8,2006-11-09,1.678556754855327,1.872065637759003,131.11,6.27,N/A,N/A,-25.10906446921958,0.03876404494382002,0.1348314606741572,0.9589887640449437,0.03735955056179763,04 | Downtrend
MU,2020-03-26,DT U,5.647058823529405,9.421781512605056,47999208917.5,33937583.23333333,1442347287.416667,-0.3055985153108568,64.66,44.9,1984-06-01,3.004939706185037,1.843529357109584,21.62,2.28,-42.3076923076923,-13.94410727913653,-15.97469355476473,0.1093541202672608,0.2209354120267262,0.2209354120267262,0.0799554565701559,04 | Downtrend
SIG,2020-03-26,DT,9.959072305593452,29.50107191580592,284768909.39,2891260.666666667,21192940.68666667,-0.8865906852399044,71.07,8.06,1950-05-08,7.442153966900323,4.36246034313521,5.76,1.56,64.72819216182049,-5.161987832588141,-67.62367491166079,0.3101736972704714,1.192307692307693,1.429280397022332,0.2208436724565757,04 | Downtrend
GME,2020-03-27,DT SW,12.01814058956916,11.63718820861678,494682110.8425,16016015.73333333,17657657.346,-0.7139548349739433,4.3175,1.235,2002-02-13,3.569495835603798,1.754434590215771,60,-2.05,-710.1796407185628,-17.94376589991875,22.50000000000001,0.3097165991902833,0.3097165991902833,1.261133603238866,-0.119433198380567,04 | Downtrend
CALM,2020-03-30,SW,5.374823196605383,8.982824813093567,1981268223.06,638704.1,27093827.922,-0.1453154875717017,52.3,44.7,1996-12-12,1.367499241478497,1.323204281920219,64.71000000000001,2.22,-91.30434782608695,-7.6904785707145,16.57048639736192,0.0436241610738255,0.0436241610738255,0.04379418344519004,-0.004921700223713743,04 | Downtrend
CAG,2020-03-31,UTU,8.820403825717316,9.496735995141954,13552308940.83,6758775.766666667,190800239.893,-0.2208977935582045,39.43,30.72,1972-06-01,1.407879946701648,1.657929984193932,-2.08,-0.97,-24.44444444444444,31.97079356946135,2.023852547885796,0.1539713541666667,0.1650390625,0.2805989583333335,0.1448567708333335,04 | Downtrend
PVH,2020-04-02,DT,7.26325467361324,16.29961472790159,1504507041.96,1623772.233333333,52983687.97366668,-0.7931686561872119,169.22,35.0,1972-06-01,3.521664338947995,2.332049361520675,3.87,4.04,-41.96891191709845,2.611631182172148,-53.27892325315005,0.6197142857142857,0.9945714285714287,1.102857142857143,0.3560000000000001,04 | Downtrend
PLAY,2020-04-03,DT,6.567164179104479,30.51535181236674,349626374.7,3975741.7,39956204.08500001,-0.8402684563758389,67.05,10.71,2014-10-10,11.42825798519485,1.589713184837938,15.94,0.7799999999999999,-18.40277777777779,9.099337793162723,-65.73474258438459,0.5555555555555554,1.187675070028011,1.187675070028011,0.1895424836601307,04 | Downtrend
VALE,2020-04-06,DT SW,6.728232189973604,8.194025631360754,32258682077.06,44040803.53333333,333829290.7826667,-0.4984500929944203,16.13,8.09,2002-03-21,1.034850989836505,0.6226411146028545,-236.36,29.91,N/A,N/A,-4.893350062735258,0.09765142150803463,0.3998763906056859,0.5018541409147095,0.3102595797280594,02 | Light Green
LEVI,2020-04-08,DT U,6.16153205661949,10.74818603544663,4622055249.62,1592267.433333333,19123131.87433333,-0.4795918367346939,24.5,12.75,2019-03-21,0.4137365488200413,2.268878282862994,14.29,2.45,N/A,N/A,-22.56608639587363,0.1552941176470588,0.3309803921568626,0.3309803921568626,-0.005490196078431375,02 | Light Green
WAL,2020-04-17,DT SW,6.779053084648501,6.896341463414656,3041732088.32,1672253.166666667,46622418.28666667,-0.5352794255385576,64.06,29.77,2005-06-30,1.532758866755323,1.306121012976604,16.9,-4.34,16.90821256038648,18.53557339598233,1.751824817518255,0.2727578098757137,0.5950621430970775,0.5950621430970775,0.2180047027208598,01 | Green
KALU,2020-04-20,DT SW,7.307082452431279,5.231840833585025,1237299282.56,163177.5666666667,12349278.24533334,-0.321327093431389,119.66,81.21,2006-06-15,0.9980833594102151,0.9715796309419166,20.25,-4.55,-29.4659300184162,-4.52739769216218,36.48331830477909,0.0,0.07129663834503153,0.07129663834503153,-0.1605713582071172,01 | Green
SNAP,2020-04-22,DT U,22.02572347266882,5.710840606338992,21038499537.28,31069937.03333334,386510016.6946667,-0.231586940015186,19.755,15.18,2017-03-02,1.837155810516691,5.511269714395977,-14.29,7.199999999999999,36.4406779661017,71.80062109375392,13.09090909090909,0.2160737812911726,0.7628458498023716,1.581686429512517,0.52832674571805,01 | Green
USNA,2020-04-22,DT SW,10.00290360046458,6.073709971793571,1272663661.92,236565.4333333333,16294627.048,-0.4507430228343603,137.95,75.77,1993-04-22,1.280356117296314,2.947966616142708,48.19,10.78,-13.8671875,-10.79219809493058,22.80263861650917,0.2002111653688796,0.2176323083014386,0.2176323083014386,0.1269631780388016,01 | Green
HCSG,2020-04-22,DT SW,11.06321839080462,6.88628899835797,1433040377.76,1122839.2,23444882.496,-0.524112456392366,48.73,23.19,1983-11-22,1.636023859470515,1.594348505110972,3.85,0.22,-22.32142857142858,-8.36525504263446,-9.217391304347833,0.1224665804225959,0.2505390254420008,0.2505390254420008,0.1263475636050022,01 | Green
MANH,2020-04-22,DT U,9.90384615384614,6.723516483516488,3031858544.0,1000532.166666667,52027672.66666666,-0.3682290515144815,90.46,57.15,1998-04-23,1.71603232511057,2.197988303890946,21.21,0.91,-16.45569620253164,10.51439935474294,8.37849103793249,0.3805774278215224,0.7541557305336832,0.857742782152231,0.6873140857392828,01 | Green
WTFC,2020-04-22,DT U,5.129734566060251,8.007541221081334,2262133873.51,952729.6333333333,31945024.60566667,-0.647358943577431,99.96,35.25,1996-09-23,1.412163310922874,1.578499237751571,40.54,2.9,2.901023890784982,-86.20912018175451,6.953748006379579,0.2768794326241135,0.541418439716312,0.541418439716312,0.2405673758865248,01 | Green
WWW,2020-04-22,DT U,7.352157698454986,8.08318745718853,1540385183.03,1038348.333333333,19489798.21666667,-0.4933366859441791,39.77,20.15,1969-05-15,1.265254848682032,1.266957299172243,64.71000000000001,-3.49,-29.75609756097561,1.540728831725616,28.56164383561644,0.1042183622828785,0.3821339950372211,0.4397022332506206,0.161786600496278,01 | Green
BKR,2020-04-22,DT U,5.882352941176472,7.507002801120463,12656594405.25,8758618.033333333,111672379.925,-0.4805694497883801,25.99,13.5,2017-07-05,0.882325658462105,1.32132340466908,0,-3.64,-20.68965517241378,3917.209389329572,13.33333333333333,0.1651851851851853,0.4296296296296296,0.4296296296296296,0.2192592592592593,01 | Green
CMG,2020-04-22,UT,7.91925663221853,5.239720492551959,19909833728.4,49514256.66666666,779047411.5419999,-0.09708810141659918,18.8056,16.9798,2006-01-26,3.912877536645334,2.38262690267591,0,-0.63,96.19651347068148,14.828082717624,18.46848881861305,0.2458215055536579,0.398131897902213,0.630714142687193,0.396094182499205,01 | Green
LVS,2020-04-23,DT SW,10.09017791859614,6.377667908499015,26575179579.52,9865580.866666667,404784782.9593334,-0.4454198332698989,81.449,45.17,2004-12-15,1.523168570688712,1.979177836955611,-127.27,-15.14,14.00651465798046,0.07283851700779372,-13.34741288278775,0.1303962807172903,0.2402036750055347,0.2402036750055347,-0.006420190391852931,01 | Green
PLXS,2020-04-23,DT U,8.80113334513901,5.641326620961818,1505044030.53,205325.6666666667,11594740.39666667,-0.289916209188096,86.525,61.44,1986-02-05,0.7703921055773756,2.434517847257284,8.93,3.53,419.2307692307692,17.84112816510006,11.86608557844691,0.07617187500000022,0.29931640625,0.3113606770833333,0.2386067708333333,01 | Green
PTEN,2020-04-23,DT SW,5.21739130434784,15.37267080745341,877185210.1999999,7441535.866666666,17115532.49333333,-0.8991246352646937,23.99,2.42,1993-11-02,1.951187992491455,1.678873047694688,4.26,0.58,-42.85714285714287,-25.73828590768191,-15.12915129151292,0.6404958677685952,1.615702479338843,1.615702479338843,0.6280991735537191,01 | Green
EWBC,2020-04-23,DT SW,5.411415863602675,6.949592290585632,3696579874.88,2388813.166666667,64450179.23666666,-0.6155717761557178,73.98,28.44,1998-10-05,1.743508362273894,0.7448506332886785,5.26,0.29,-4.158004158004144,3.116844381477891,-6.091193873999301,0.3046765119549928,0.5154711673699015,0.5154711673699015,0.2412095639943739,01 | Green
FCX,2020-04-24,DT U,5.249679897567239,5.817175781964545,10934000000.0,32499648.83333333,253822257.3883333,-0.5532608695652173,18.4,8.22,1995-08-01,2.321403488095238,1.065828870263742,11.11,-3.52,-109.5505617977528,-22.68627872020614,11.73104434907009,0.1526763990267639,0.6867396593673964,1.27250608272506,0.5961070559610704,01 | Green
VICR,2020-04-24,UDS,16.95906432748537,5.928521303258144,1971062793.0,252059.7333333333,10775553.6,-0.2248062015503876,64.5,50.0,1983-03-23,0.546687484450933,1.81709309116146,-180,0.16,-56.41025641025641,-9.698166334729757,4.933726067746691,0.2021999999999999,0.5762,0.8175999999999999,0.5396000000000001,01 | Green
MMSI,2020-04-24,DT SW,13.57633386159536,5.41179910950116,2260636501.2,669198.1,25335840.066,-0.3518239372927344,66.34,43.0,1990-05-10,1.120739227759577,1.184602885154635,46.15000000000001,4.41,-87.17948717948718,12.69879569936324,14.79684657368103,0.04395348837209312,0.08558139534883713,0.1715651162790697,-0.008139534883720989,01 | Green
AUDC,2020-04-27,UDS,16.99913269731137,6.34555817123033,556963429.64,527467.0,12163389.02,-0.06091193873999301,28.73,26.98,1999-05-28,2.183875703986876,5.140725391351497,8.7,2.3,N/A,N/A,7.05663881151346,0.3880652335063011,0.6656782802075611,0.6656782802075611,0.6590066716085989,01 | Green
OMF,2020-04-28,DT SW,8.276533592989278,7.942759771873701,2362951773.26,1822185.666666667,37427693.59333333,-0.5453774246367006,48.9197,22.24,2013-10-16,1.583938107280833,1.369587109399939,-66.33,-0.95,90.57750759878418,12.82121377802078,2.905811623246479,0.2041366906474822,0.4613309352517987,0.7054856115107915,0.2792266187050361,01 | Green
NXPI,2020-04-28,DT SW,8.123133944198502,5.057286993866861,24492706220.62,4135109.4,401643176.022,-0.2476538433985243,139.59,105.02,2010-08-06,1.639848093567804,1.428944056474056,-0.7100000000000001,-0.9299999999999999,N/A,N/A,14.36477098787234,0.02675680822700444,0.200914111597791,0.3821176918682156,0.09731479718148917,01 | Green
HOG,2020-04-28,DT SW,8.975712777191136,7.216887916729487,1971133282.58,3885807.533333333,73597194.68133333,-0.5588801025860226,46.79,20.64,1986-07-08,3.733750291355366,3.09471349181422,24.39,5.77,-15.98746081504702,-6.211190554280091,5.691964285714279,0.3117732558139534,0.4491279069767442,0.8023255813953489,0.4079457364341084,01 | Green
FIX,2020-04-28,DT SW,8.10240963855422,5.99647160068845,1168451722.8,385863.1333333334,12810656.02666667,-0.4001337121845228,59.83,35.89,1997-06-27,1.096378718666105,2.150819625680747,17.07,9.74,-9.58904109589042,25.07758853718203,-6.188188753885271,0.1281694065199219,0.4601198105321818,0.6199498467539704,0.337419894120925,01 | Green
AUB,2020-04-28,DT SW,5.050505050505039,7.585678210678213,3393281928.96,483890.7666666667,11497244.616,-0.3791044776119403,40.2,24.96,1993-10-06,0.3388237363325649,1.047567002552849,-81.25,2.04,N/A,N/A,10.4602510460251,0.05168269230769229,0.1282051282051282,0.1282051282051282,-0.07251602564102577,01 | Green
BXMT,2020-04-29,DT SW,9.83213429256593,7.84220623501198,3514133872.35,3714149.733333333,77440021.94000001,-0.4362383062530772,40.62,22.9,1980-12-31,2.203673074304756,1.28042441512769,0,-6.08,N/A,11.32025884378461,11.97636949516649,0.1349344978165938,0.2877729257641921,0.2877729257641921,0.05502183406113548,01 | Green
MTH,2020-04-29,DT U,5.276225946617008,6.301912447163838,1574931957.345,1350125.666666667,32625786.735,-0.3377586880124951,38.415,25.44,1988-07-22,2.071568018087596,1.019308079223243,43.75,12.64,15.05376344086021,N/A,32.3746918652424,0.5414701257861636,1.03066037735849,1.300707547169811,1.024174528301887,01 | Green
VET,2020-04-29,DT SW,5.609756097560981,10.7263066202091,626480000.0,3024632.8,12400994.48,-0.8857218263394036,37.89,4.33,2009-09-08,1.979471727748691,0.9701835541821805,-100,8.790000000000001,N/A,N/A,31.83279742765273,0.2886836027713626,0.7321016166281755,0.7321016166281755,0,01 | Green
WW,2020-04-29,DT U,13.95348837209303,6.118309339239569,232171207.2,1997545.133333333,46382997.996,-0.4392879847425302,47.19,26.46,2025-07-07,19.9779285964793,3.008197361715014,82.61,0.1,N/A,N/A,37.31519810762862,0.06084656084656093,0.1587301587301586,0.1587301587301586,-0.02078609221466365,01 | Green
DXCM,2020-04-29,UT,8.442573278474153,5.019843168345694,29578480162.6125,5956674.0,466898999.8049999,-0.01320563053257873,86.1375,85.0,2005-04-14,1.578509095931051,1.430288110445527,175,12.96,N/A,61.50079708494648,16.43703346083856,0.2605588235294116,0.3132352941176471,0.3418529411764706,0.2561176470588236,01 | Green
UIS,2020-04-29,DT SW,5.319148936170204,6.125906008884755,891032970.1,884425.9333333333,10807684.90533333,-0.3856801909307876,20.95,12.87,1972-06-01,1.21293883256872,2.062250699870176,N/A,-10.47,N/A,-0.2856724289481395,-1.052631578947361,0.02020202020202033,0.0543900543900544,0.0543900543900544,-0.08236208236208231,01 | Green
SM,2020-04-29,DT SW,10.05291005291007,17.49811035525323,449544188.52,8775754.033333333,16586175.123,-0.9383886255924171,33.76,2.08,1992-12-21,3.689553896271109,4.939852442916957,70.59,-11.36,-137.0535714285714,-23.07452280326955,54.91803278688525,1.110576923076923,2.3375,2.3375,0.7596153846153846,01 | Green
MHO,2020-04-29,DT U,9.999999999999986,6.501655426118931,589094622.3000001,486876.5666666667,11344224.00333333,-0.4662640566430655,48.02,25.63,1993-11-03,1.925704899332151,1.419622646314805,32.93,5.84,21.08108108108109,9.360525079583358,40.9558378705384,0.4494732735076084,0.6484588373000391,0.928989465470152,0.6359734685914944,01 | Green
PB,2020-04-29,DT U,5.68475452196382,5.204121183357065,6511177452.78,993485.0666666667,53827020.912,-0.2555902236089443,76.92,57.26,1998-11-12,0.8266864373204591,1.569496162868008,17.8,3.49,-1.952277657266827,14.53901148088101,12.2901554404145,0.201362207474677,0.2740132727907789,0.2740132727907789,0.02392595179881241,01 | Green
SAH,2020-04-29,DT U,5.072076882007481,6.734574021813751,592145241.46,574259.5333333333,10755881.05933333,-0.4442247952555775,35.41,19.68,1997-11-11,1.816426158017163,1.677269499400561,81.82000000000001,1.67,175,5.051564417085443,41.03915662650603,0.4669715447154472,1.20020325203252,1.380081300813008,1.183434959349594,01 | Green
CSTM,2020-04-29,DT SW,7.738095238095255,9.44759778911565,910746332.16,1941189.233333333,13044791.648,-0.5205298013245032,15.1,7.24,2013-05-23,1.432318878195415,2.322335670623354,-214.29,8.559999999999999,N/A,N/A,28.9827255278311,0.2458563535911602,0.4088397790055247,0.4792817679558012,0.1988950276243093,01 | Green
VLO,2020-04-29,DT U,5.650596163815447,5.926041126663213,16662362168.07,6677600.733333333,386432754.438,-0.518506851472673,126.98,61.14,1997-08-01,2.319195505055815,1.481426697259558,326.67,24.38,-19.89026063100138,-7.44149086155187,27.57936507936507,0.1659306509649983,0.2612037945698398,0.2612037945698398,-0.02371606149820094,01 | Green
BA,2020-04-29,DT SW,5.163747143945163,6.951534109454885,103775583626.0,42634730.46666667,5597940110.273335,-0.6904105289119078,446.01,138.08,1952-05-23,5.39427475585001,1.4179615149031,-5.59,-2.32,-106.2745098039216,-24.29420431734354,-11.96191497921415,0.1348493626882965,0.6961181923522592,0.6961181923522592,0.2022740440324449,01 | Green
CLH,2020-04-29,DT SW,9.944947611436671,5.775845447395795,2972449934.88,652958.0333333333,36768066.857,-0.2996606334841629,88.4,61.91,1987-11-24,1.236961686908424,1.457300395160669,250,8.18,50.00000000000001,3.390203869159892,9.680560966108299,0.02503634307866265,0.1503795832660313,0.1503795832660313,-0.008399289290906053,01 | Green
DIN,2020-04-29,DT SW,16.74191824739515,9.07213465134919,473831984.5,1539117.066666667,57609151.80533333,-0.581711578040492,104.465,43.6965,1991-07-12,12.15813910623278,1.554679661360825,2.84,-5.67,33.86727688787185,16.55500064028685,30.50906555090656,0.2234389481995125,0.4722002906411269,0.5321593262618287,0.07308365658576776,01 | Green
EAT,2020-04-29,DT SW,20.63740856844305,8.770376175548604,820872300.6,3543093.833333333,67814815.97,-0.5735131141485039,54.14,23.09,1984-01-06,8.26131128074758,2.995556284778044,82.86,-0.6799999999999999,35.83333333333332,6.939042825094299,59.36719400499584,0.2278042442615851,0.3988739714161973,1.184062364660026,0.2304027717626678,01 | Green
SAIA,2020-04-29,UTU,12.32011232011232,5.158869444583749,2279882335.5,365195.2333333333,31213236.593,-0.102803738317757,107.0,96.0,2002-09-11,1.369072258992464,1.658775758026049,29.27,1.4,7.769423558897233,8.034953614265874,16.222463965189,0.1866666666666668,0.3814583333333335,0.5766666666666669,0.2753125000000001,01 | Green
AX,2020-04-30,DT U,9.972170686456415,5.215809700503589,1223186096.44,496774.0,10710447.44,-0.3514770240700219,36.56,23.71,2005-03-15,0.8756188016829187,1.266606142833562,5.62,6.419999999999999,N/A,N/A,31.06382978723403,0.02446225221425546,0.09911429776465619,0.218473218051455,-0.04808097849008863,01 | Green
CCS,2020-04-30,DT U,9.995171414775461,7.324205007932673,588845359.0,577293.8,11955754.598,-0.4205036886288476,39.31,22.78,2014-06-18,2.030372561363773,1.542278818861384,25,10.59,14.19558359621452,18.09144305264055,67.82820097244733,0.3775241439859525,0.6870061457418788,1.088674275680421,0.6014047410008778,01 | Green
UCTT,2020-04-30,DT U,12.51989389920425,5.951534672224321,853471996.6500001,648481.4333333333,12223875.01833333,-0.2929999999999999,30.0,21.21,2004-03-25,1.432252618283177,2.366134049687262,15.56,6.08,-125.531914893617,-2.765377470422417,42.15686274509805,0.01933050447901929,0.4592173503064592,0.4662894860914664,0.4526166902404525,01 | Green
NLY,2020-04-30,DT SW,5.485893416927912,6.263994626063591,19234792559.84,7210401.958333333,184009457.9766667,-0.375637814268485,43.116,26.92,1997-10-08,0.95664903795665,0.8000705138681965,-8.7,-44.38,-2566.666666666667,-30.13034753534355,45.9954233409611,0.002971768202080227,0.1218424962852898,0.1471025260029717,0.111441307578009,01 | Green
MTDR,2020-04-30,DT U,9.701492537313428,9.237633262260118,829153247.2,8233757.766666667,55166177.03666667,-0.7913117546848382,35.22,7.35,2012-02-02,6.653314959925622,3.387245749797036,400,54.38,-68.87966804979253,9.345386110922755,210.1851851851852,0.2789115646258504,0.7374149659863947,0.7374149659863947,0.2149659863945579,01 | Green
TSLA,2020-04-30,U,6.830774650394544,5.680297539076227,210776680639.8162,278749593.5,14876113181.19255,-0.1174409010623954,64.5993,57.0127,2010-06-29,7.057760439169957,1.532119938320197,500,1.44,13.98601398601398,14.52259018432648,66.23255669075505,0.0171067148196804,1.098935851134923,1.937884015315886,0.7393668428262474,01 | Green
AR,2020-04-30,DT U,15.44715447154472,12.58013937282228,756299940.0,14587897.23333333,35886227.194,-0.874834728955487,22.69,2.84,2013-10-10,4.744972899773072,1.827821691742701,-750,39.33,43.07692307692309,27.55850905045276,267.6580481243461,0.2992957746478875,0.459507042253521,0.6338028169014085,0.05633802816901423,01 | Green
FLWS,2020-04-30,U,9.729132117191819,5.02878464818763,1159541557.47,630294.5,11402027.505,-0.08819476343592092,21.77,19.85,1999-08-03,0.9833220233932839,4.713371289135476,17.65,4.42,291.304347826087,47.74705606958606,43.00395256916995,0.2848866498740552,0.4216624685138537,0.6513450881612091,0.4130982367758185,01 | Green
MGPI,2020-04-30,DT U,6.26982190778238,5.256944202418714,877762975.24,277781.3666666666,11386258.21966667,-0.5644,100.0,43.56,1988-10-20,1.297190533304667,2.029902173663916,69.44,13.02,N/A,1733.712465878071,56.39069057611599,0.001473829201101839,0.001473829201101839,0.01010101010100994,-0.1620752984389349,01 | Green
DAN,2020-04-30,DT U,9.961685823754806,6.068691844553917,1123100528.76,2304315.333333333,24057052.08,-0.5609942638623326,26.15,11.48,2008-02-01,2.142021258467492,2.093423990292995,34.29,-0.21,-46.39175257731959,5.857791968561956,47.24964739069111,0.1781358885017421,0.3876306620209058,0.4128919860627176,0.03571428571428581,01 | Green
VRNS,2020-05-05,DT U,11.06109056143167,5.017075866440254,2474864412.1495,1144479.2,24659749.97864,-0.23005148005148,31.08,23.93,2014-02-28,0.9964081206865878,2.63416058588046,5,0.23,N/A,-5.955869294974249,13.60278804430926,0.2403552026744671,0.6801796907647304,0.9327204346009195,0.659561220225658,01 | Green
TREX,2020-05-05,UT,6.776098488639781,5.069419620515615,5088675566.45,2154554.733333333,107630781.7036667,-0.04623626304853934,55.9258,53.34,1999-04-08,2.11510402457732,1.870992617469206,19.35,1.75,-11.81102362204726,14.09799948281379,35.82109842305601,0.2452193475815523,0.3588038995125609,0.5228721409823771,0.2965879265091862,01 | Green
THC,2020-05-05,DT SW,5.790645879732725,9.383908685968837,1446121240.0,3139817.533333333,56391122.89866666,-0.5218802687536173,39.739,19.0,1972-06-01,3.899474078581867,1.014737947723204,N/A,-2.38,45.23809523809523,-2.371880869331902,32.84023668639053,0.3131578947368421,0.5605263157894735,0.6073684210526316,0.55,01 | Green
HTGC,2020-05-05,DT U,8.14889336016098,5.249065823512514,1860410160.0,1430128.966666667,14215481.92866666,-0.3445121951219512,16.4,10.75,2005-06-09,0.7641047245552918,2.274282303071548,2.78,3.97,N/A,N/A,36.16438356164385,0.1125581395348838,0.1218604651162791,0.1395348837209303,0.1116279069767441,01 | Green
EVER,2020-05-05,UDS,11.70719478566058,6.646384700784293,1405713667.39,388537.7666666667,15498771.51233333,-0.07609371760315142,48.23,44.56,2018-06-28,1.10255536898279,4.645082550104739,16.67,5.029999999999999,N/A,52.31865514940404,44.11127167630057,0.3352782764811491,0.4236983842010771,0.4236983842010771,-0.0644075403949732,01 | Green
MOS,2020-05-05,DT SW,6.466302367941701,5.72144158209732,3490494193.08,5421832.633333334,59531722.31400001,-0.6871822317366871,37.37,11.69,1988-01-26,1.705538500308159,1.495072155153639,25,9.629999999999999,-327.8688524590164,15.08784425451092,-3.089143865842892,0.2566295979469633,0.4260051325919592,0.7279726261762189,0.3952095808383234,01 | Green
GPI,2020-05-05,DT SW,8.583131632843056,6.962217730138049,640342704.75,357142.2,19182107.562,-0.4703478339841977,110.11,58.32,1997-10-30,2.995600234016721,1.161587737321437,25.76,2.71,19.28480204342273,3.813708705480858,29.45288021209929,0.3907750342935528,0.64420438957476,1.337962962962963,0.5823045267489713,01 | Green
OHI,2020-05-05,DT SW,7.310800881704638,6.11622231552429,8248013860.0,3012530.666666667,82001084.74666665,-0.3540468819106589,45.22,29.21,1992-08-07,0.994191888356825,1.009121677544195,N/A,0.74,12.85714285714287,5.347506243747747,2.407825432656141,0.2115713796644985,0.2115713796644985,0.2115713796644985,0.09688462855186564,01 | Green
KMT,2020-05-05,DT U,10.00448631673396,5.580657565852725,1698922000.38,1263352.033333333,28160116.823,-0.4562590087592859,45.095,24.52,1967-01-23,1.657528527896007,1.103344881887104,43.75,-6.36,-34.36123348017621,-4.360381247449556,1.502732240437155,0.2752854812398042,0.2899673735725938,0.4278140293637847,0.1345840130505709,01 | Green
ACHC,2020-05-05,DT U,11.67747914735868,6.570236991923747,2009103934.5,1257902.2,27145529.476,-0.4685777287761852,45.35,24.1,2011-11-01,1.351126191625105,1.692957528812653,10.53,-1.56,161.6915422885572,3.15425160052874,22.05882352941175,0.2937759336099584,0.3647302904564316,0.6327800829875518,0.2825726141078837,01 | Green
FANG,2020-05-05,DT SW,7.102539981185307,7.750419970434072,11906441555.84,5546307.933333334,235829013.3253334,-0.6765165506463986,140.78,45.54,2012-10-12,1.980684255823365,0.946965271876538,6.619999999999999,-8.68,-81.76178660049628,82.14768850723443,32.46105919003115,0.1728853754940713,0.3151075977162934,0.3151075977162934,-0.08585858585858575,01 | Green
WWD,2020-05-05,DT SW,13.26750448833034,5.448807386509367,3288852174.0,1015453.666666667,56560769.23333333,-0.5111576011157601,129.06,63.09,1996-05-30,1.719772316933979,1.010659603375962,46.36,2.58,52.19123505976093,33.82055703213162,-6.574974840657488,0.4369947693770802,0.4369947693770802,0.4369947693770802,0.2166745918529085,01 | Green
ATI,2020-05-05,DT SW,7.638888888888884,8.890873015873003,980426757.6,3450204.9,24841475.28,-0.7432074221338635,30.18,7.75,1993-12-03,2.533741055865284,1.760392839277459,81.82000000000001,2,14.90683229813664,1.875648692729699,-18.82750845546786,0.6258064516129032,0.6258064516129032,0.6258064516129032,0.1870967741935483,01 | Green
ADNT,2020-05-05,DT U,6.684672518568546,7.031880003858397,1141805562.92,1860818.233333333,27558718.03566667,-0.728382327660306,58.17,15.8,2016-10-17,2.413608667765577,0.7962078044269665,6100,-3.81,-409.4890510948904,-4.448038819247877,58.39572192513369,0.40126582278481,0.4287974683544302,0.5962025316455695,0.1588607594936708,01 | Green
AER,2020-05-05,DT SW,9.988982739625406,6.752924820313716,4280122089.95,2588199.333333333,70476667.84666668,-0.538236201048412,64.86,29.95,2006-11-21,1.646604147394543,1.340980949689861,23.7,-1.27,N/A,N/A,26.35730858468677,0.4437395659432388,0.4437395659432388,0.4437395659432388,0.0200333889816362,01 | Green
W,2020-05-05,UT,30.54209231228096,7.649429572738797,18368787867.7,5152558.0,691009553.3800001,0.0,0.0,175.07,2014-10-02,3.761868003250685,3.43427652827974,11.54,0,N/A,34.63376216630522,87.56643356643359,0.1256069000971041,0.7388119038099046,0.9939567030330725,0.7215970754555321,01 | Green
JELD,2020-05-05,DT U,7.616707616707608,6.696092196092199,1059380894.22,865300.5,10565319.105,-0.5934405940594059,32.32,13.14,2017-01-27,0.9973107087964829,1.198821681022951,30,-0.17,-56.25,1.006067059050401,32.57328990228012,0.4680365296803652,0.7701674277016743,1.079147640791476,0.7694063926940637,01 | Green
LGIH,2020-05-05,U,7.251480710741154,6.037972512520323,1452319551.84,553410.2666666667,34571539.35866667,-0.3000417885499373,95.72,67.0,2013-11-07,2.380436131625898,1.381775955487635,35.77,5.16,12.49999999999999,22.18519010901356,51.5158864904196,0.368358208955224,0.8498507462686566,0.9847761194029849,0.7411940298507462,01 | Green
MPC,2020-05-05,DT U,8.785283856644455,7.057088487155094,8854404777.39,12370441.76666667,390040028.9030001,-0.6122102882984737,88.45,34.3,2011-06-23,4.405039510944649,1.089248407951629,38.46,0.7100000000000001,-24.81060606060606,29.45065274151436,36.55262018189693,0.2247813411078718,0.2862973760932945,0.2862973760932945,0.06209912536443163,01 | Green
DVN,2020-05-06,DT U,6.440071556350624,8.4973166368515,12298000000.0,12935940.83333333,144623818.5166667,-0.7443197077939517,46.5425,11.9,1988-09-30,1.175994621212121,0.8406243612354184,168.42,53.45999999999999,-114.5901639344262,-42.05328861561394,28.35820895522387,0.2521008403361344,0.3243697478991596,0.3243697478991596,-0.01092436974789923,01 | Green
PLMR,2020-05-06,UT,5.976372480889491,8.772448625037201,1514845833.48,265026.8,15254942.608,-0.06941266209000763,65.55,61.0,2019-04-17,1.007029380207976,1.042034239556151,21.95,-50.99,N/A,N/A,14.16104720349067,0.4284426229508198,0.7,0.9978688524590165,0.600983606557377,01 | Green
MELI,2020-05-06,UDS,18.20787837794311,5.029687708497219,31479672233.88,654329.5,406299359.73,-0.02971658206429784,756.48,734.0,2007-08-10,1.290672141410419,3.605341039950056,8.33,2.9,-352.439024390244,59.50468619868816,18.12353758061143,0.1957493188010899,0.7005722070844687,1.030878746594005,0.6620708446866486,01 | Green
CTSO,2020-05-06,UT,9.022556390977442,7.720346785330678,585065983.88,1232574.833333333,11475271.69833333,-0.3210702341137123,14.95,10.15,2005-05-17,1.961363677688527,1.355039024675851,23.08,24.39,N/A,29.53030970008292,43.67283950617284,0.1073891625615764,0.1566502463054187,0.1566502463054187,-0.0630541871921183,01 | Green
LADR,2020-05-06,UT,9.523809523809534,7.308328736900134,985743404.31,4565186.166666667,35471496.515,-0.5513732932679636,18.969,8.51,2014-02-06,3.598451317037147,0.8038876983366541,-13.33,-10.18,-37.50000000000001,-4.228632082037956,49.42307692307691,0.2244418331374853,0.2585193889541717,0.2585193889541717,-0.09753231492361925,01 | Green
SUPN,2020-05-06,DT SW,9.562471808750562,5.625362458921343,1289584582.17,579923.5333333333,12856904.734,-0.6034285714285714,61.25,24.29,2012-05-01,0.9969803386114874,1.853511606645152,42.86,13.77,2.439024390243916,-3.947693428907524,22.96173044925125,0.05928365582544259,0.05928365582544259,0.06298888431453276,-0.04569781803211193,01 | Green
BYND,2020-05-06,DT SW,10.08386581469649,8.2218379164765,51664426032.0,208462.8233334667,626389091.5524007,-0.5400275332693671,7191.3,3307.8,2019-05-02,1.212418562754238,6.167754260001839,150,12.32,N/A,N/A,48.53922586385882,0.3382006167241065,0.5160529657173951,0.7912207509522944,0.2024306185380012,01 | Green
SPCE,2020-05-06,DT SW,6.799037304452482,9.668514698298104,50390478157.2,666967.4916666668,221699994.23,-0.5822546481525064,849.8,355.0,2017-09-29,0.4399640613418601,1.782789288618377,-100,N/A,N/A,N/A,18.12366737739872,0.2129577464788732,0.552112676056338,0.552112676056338,0.08957746478873241,01 | Green
ENPH,2020-05-06,U,5.927428442641425,7.187932644322087,5863258031.759999,5649232.733333333,250656456.378,-0.2054099746407438,59.15,47.0,2012-03-30,4.27503710428994,1.985403952968669,15.15,1.64,N/A,105.9918646230742,26.62671232876712,0.4970212765957447,0.6329787234042554,1.673189361702128,0.5185106382978724,01 | Green
SBH,2020-05-06,DT SW,6.107660455486541,6.847086660751271,904391340.72,2168122.8,20944066.248,-0.5658619229140195,23.61,10.25,2006-11-13,2.31581897183205,1.565090778068475,4.55,0.19,0.4739336492890893,-1.864722667621111,11.80555555555556,0.6156097560975609,0.6156097560975609,0.6156097560975609,0.2263414634146341,01 | Green
APT,2020-05-06,DT SW,11.80124223602483,9.244676131322107,131456087.84,4648819.233333333,59876791.72533334,-0.6537629237797548,41.59,14.4,1994-12-27,45.54889218840254,1.277781023922655,N/A,N/A,-11.53846153846154,0.0879375428963624,4.545454545454541,0.1805555555555556,0.7743055555555556,0.7743055555555556,0.2395833333333335,01 | Green
STNG,2020-05-06,DT U,5.600000000000005,10.97734453781514,1064228730.0,3341784.4,71012918.5,-0.4452410383189123,40.45,22.44,2010-03-31,6.672712030617705,2.241465068781816,67.35,6.92,N/A,N/A,27.32174955062911,0.0,0.0,0.0,-0.4188948306595366,01 | Green
NXST,2020-05-06,DT SW,11.35458167330676,6.66484611006523,2010549723.26,771579.3,50353265.11800001,-0.4546341463414634,133.25,72.67,2003-11-24,2.504452614897524,1.707893148507224,11.54,2.06,-41.5347137637028,9.853919621093175,10.21786860327647,0.4125498830328884,0.4191550846291454,0.4268611531581119,0.2285674969038118,01 | Green
CC,2020-05-06,DT SW,6.075533661740562,6.067968566737053,1833077759.1,3382306.133333333,41196488.704,-0.7573708920187794,53.25,12.92,2015-06-19,2.24739449810501,1.195877262598268,51.06,-1.88,-105.8715596330275,-16.75203374510395,41.13557358053301,0.3502321981424148,0.6478328173374612,0.8513931888544892,0.5704334365325077,01 | Green
NTRA,2020-05-07,U,8.786610878661083,5.046084877465665,5167568494.5,1233403.533333333,44217516.67000001,-0.06698564593301426,41.8,39.0,2015-07-02,0.8556735477635576,2.426079477746482,19.64,10.52,19.36936936936937,17.33875662710457,14.5367412140575,0.2620512820512819,0.4489743589743589,1.308461538461538,0.3556410256410256,01 | Green
NMIH,2020-05-07,DT SW,10.54216867469879,7.31492039586919,998893061.28,1286361.933333333,17082886.47466667,-0.5898295613299804,35.79,14.68,2013-11-08,1.710181713823934,1.253473037577967,5.63,10.49,54.37500000000001,37.72238887373875,7.96747967479674,0.2939373297002725,0.3916893732970028,0.6723433242506813,0.10149863760218,01 | Green
FSLY,2020-05-07,DT SW,27.11496746203905,6.297025100712743,3671865000.0,1833525.9,42262771.995,-0.1687518795285999,35.2482,29.3,2019-05-17,1.150989265536723,9.931590821814952,50,5.970000000000001,N/A,N/A,10.33987553853519,0.72320819112628,3.020136518771332,3.658703071672355,1.707508532423208,01 | Green
PTON,2020-05-07,CPH,20.14199316329213,6.229048495548646,16690294592.03,8653906.633333333,329108069.2656667,0.0,0.0,45.69,2019-09-26,1.971852967908807,6.150518402288133,-11.11,8.08,N/A,N/A,38.29090909090909,0.08732764281024297,0.6023199824906982,2.058656161085577,0.4948566425913767,01 | Green
QDEL,2020-05-07,UT,9.001475651746183,5.114734432877944,9758969016.37,737604.3333333334,104968472.6766667,0.0,0.0,155.12,1981-08-04,1.075610266828281,1.521711504767913,24.49,10.48,-6.989247311827963,2.413433278765425,51.89454584267266,0.3590123775141825,0.9773310985043835,0.9773310985043835,0.7583806085611138,01 | Green
LYFT,2020-05-07,DT SW,15.92649310872893,7.941150732881189,9887471303.880001,8580725.033333333,224128537.8706667,-0.6582392776523702,88.6,30.28,2019-03-29,2.266793308241664,4.016713140918694,50,6.44,N/A,N/A,-11.87584345479083,0.309445178335535,0.3603038309114925,0.3603038309114925,-0.002972258916776771,01 | Green
LNC,2020-05-07,DT U,9.996656636576384,6.49663275540908,5726189819.76,3129688.566666667,93608985.02900001,-0.5383751929283008,71.27,32.9,1969-08-20,1.634751693106175,1.134825055063786,3.23,-0.46,-40.81081081081081,5.077934729663906,-8.138820638820643,0.51580547112462,0.5294832826747722,0.5294832826747722,0.1659574468085108,01 | Green
MRNA,2020-05-07,UT,13.95301327885596,9.273019115715757,19542596766.55,13506207.3,661128847.335,-0.01064207165661579,56.38,55.78,2018-12-07,3.383014321139852,2.290998450764191,0,-50.91,N/A,-55.42319424289987,50.98704503392968,0.5596988167802079,0.7068841878809609,0.7068841878809609,0.328433130154177,01 | Green
PCRX,2020-05-07,U,5.79779587925251,5.294527346156459,1663835121.64,621916.6333333333,25958800.27533333,-0.1970909090909092,55.0,44.16,2011-02-03,1.560178646171767,1.169230666982751,65.62,2.64,N/A,24.83092532250939,25.00748727163822,0.1177536231884058,0.3571105072463769,0.4592391304347827,0.3213315217391306,01 | Green
TRGP,2020-05-07,DT U,6.603773584905648,8.57326635628523,2500265704.86,6864199.9,80036570.834,-0.7900692450599561,59.21,12.43,2010-12-07,3.201122611825833,0.9488218721602207,100,-9.34,-171.6981132075472,-7.269888459934338,45.93241551939924,0.9629927594529364,1.105390185036203,1.105390185036203,0.5776347546259051,01 | Green
FVRR,2020-05-07,UT,9.997778271495218,7.095248674897679,1618142267.28,569702.6,25642314.026,0.0,0.0,49.51,2019-06-13,1.584676115599105,3.715227910141186,38.46,2.77,N/A,N/A,48.49884526558892,0.4845485760452435,1.551605736214906,2.86083619470814,1.199353665926076,01 | Green
CRNC,2020-05-07,UDS,9.912686183872621,8.182845403184384,880633103.79,718584.4666666667,13990839.566,-0.2155425219941349,27.28,21.4,2019-09-16,1.588725146237101,1.035527532972927,258.33,24.04,N/A,N/A,3.674121405750785,0.8728971962616823,1.602336448598131,2.113817757009346,1.351869158878505,01 | Green
LAMR,2020-05-07,DT U,22.03769359955217,5.802188574627476,5442047565.56,1221493.833333333,65459854.52833334,-0.3245197273290641,96.82,65.4,1996-08-02,1.202853406548595,3.246284092306101,58.33000000000001,2.81,20.45454545454545,7.769191911122146,11.29802699896159,0.2282874617737001,0.2282874617737001,0.2282874617737001,-0.004281345565749217,01 | Green
YETI,2020-05-07,DT U,9.501100513573002,5.540561785976323,1989674578.96,2145227.033333333,58478888.92866667,-0.2268842268842268,38.61,29.85,2018-10-25,2.939118263210333,1.034979032755368,57.14,4.65,N/A,N/A,22.95895354082094,0.2324958123953098,0.8438860971524287,1.101172529313233,0.6884422110552761,01 | Green
PRAA,2020-05-08,DT SW,22.93507491356126,5.495856429394657,979977596.1800001,425734.4,11081866.432,-0.2685714285714286,43.75,32.0,2002-11-08,1.130828549060473,3.65231468258144,82.61,4.22,31.25,11.98175404291301,-6.366906474820144,0.2453125,0.40671875,0.4796875,0.3787499999999999,01 | Green
PFSI,2020-05-08,DT U,5.25217391304349,5.836670807453399,1493607695.0,861074.0666666667,24755879.41666667,-0.2352792519585545,39.57,30.26,2013-05-09,1.657455267506952,1.251709976787905,33.69,20.75,167.4603174603175,5.760786432120489,14.49621664675429,0.2534699272967613,0.8502974223397224,1.239590218109715,0.7029081295439523,01 | Green
CWH,2020-05-08,DT U,9.990749306197966,8.474824897581614,1116618041.96,1962351.8,21213022.958,-0.5644688644688645,27.3,11.89,2016-10-07,1.899756421700367,6.035688911641633,50,2.91,N/A,2.086845685230249,49.72299168975069,1.111017661900757,2.573591253153911,2.573591253153911,1.722455845248107,01 | Green
SPWR,2020-05-08,DT U,10.33057851239669,5.393447461629244,1460225645.34,3061702.966666667,22227963.538,-0.5006234413965087,16.04,8.01,2023-07-18,1.522227993251305,2.208392869462876,47.37,11.16,N/A,8.003082119362602,15.42130365659777,0.1161048689138577,0.5396504369538078,1.65792759051186,0.4806491885143571,01 | Green
Z,2020-05-08,U,5.024711696869844,5.228024240997895,10919927766.24,3741556.533333333,181689985.2586667,-0.2351529694061189,66.68,51.0,2011-07-20,1.663838709816182,3.344447394692134,34.21,10.39,N/A,133.9660239764875,19.51759783411273,0.2892156862745099,0.668627450980392,1.342549019607843,0.563921568627451,01 | Green
XNCR,2020-05-08,SW,6.24377283294586,5.226289320111983,2238780783.67,356723.6333333334,10740948.59966667,-0.3387763538652336,48.38,31.99,2013-12-03,0.479767768153664,3.015743560210804,63.16,115.04,135.1145038167939,285.9320739846809,-2.367055771725035,0.09159112222569554,0.1437949359174744,0.3723038449515474,0.004688965301656856,01 | Green
ARCT,2020-05-08,UT,6.201756720787865,14.00106467926538,1067854702.33,612840.4333333333,23024415.08033333,-0.1230769230769231,45.5,39.9,2013-05-22,2.156137443614317,0.9613823892059341,-9.84,-46.76000000000001,N/A,N/A,147.3337722185649,0.5781954887218046,0.5902255639097747,0.6601503759398495,0.4413533834586467,01 | Green
ESNT,2020-05-08,DT SW,9.806629834254132,5.10198796369379,2602808960.0,1430597.666666667,41430108.42666667,-0.4305157593123209,55.84,31.8,2013-10-31,1.591746035278235,1.018208007702142,4.83,-1.04,18.65828092243188,20.60379257471644,-3.978779840848801,0.290251572327044,0.290251572327044,0.3842767295597485,0.1264150943396227,01 | Green
ABR,2020-05-08,DT SW,7.348703170028825,7.153046521202157,1294712818.42,2979027.233333333,20674448.99933333,-0.527584020291693,15.77,7.45,2004-04-07,1.596836665644768,1.464812053804991,24,15.06,-15.33333333333333,1183.219415552254,-11.13956466069141,0.479194630872483,0.534228187919463,0.7744966442953021,0.5302013422818792,01 | Green
TEN,2020-05-08,DT,9.27152317880795,11.03736991485335,136478041.59,2346471.066666667,10629513.932,-0.8982109808760025,48.63,4.95,2002-03-05,7.788442600849018,1.487847879138562,65.56,5.970000000000001,-543.010752688172,48.34651024398538,6.58823529411765,1.563636363636363,1.563636363636363,1.563636363636363,0.6505050505050505,01 | Green
VIVO,2020-05-08,UT,11.00917431192658,5.05382262996944,502338773.4,753375.9333333333,12317696.51,-0.08518145161290325,19.84,18.15,2015-05-27,2.452069631541606,4.116724284352416,187.5,16.31,24.99999999999999,-6.182962903172199,74.30703624733475,0.02369146005509637,0.4644628099173553,0.4644628099173553,0.06446280991735542,01 | Green
IBP,2020-05-08,DT U,9.996140486298732,5.623711198103327,1377332952.14,298324.1666666667,15459158.31666667,-0.2897196261682243,80.25,57.0,2014-02-13,1.122398058700864,1.273983278815829,25.81,4.05,30.28571428571428,13.1093089659631,15.61802766622045,0.3377192982456141,0.5370175438596492,1.134561403508772,0.5050877192982457,01 | Green
SKYW,2020-05-08,DT SW,10.5941005400914,8.483233426316081,934597782.75,753509.4,18136971.258,-0.5998196031268791,66.52,26.62,1986-06-26,1.940617835046966,2.347377484607359,-35.16,2,24.9056603773585,-7.751113627397391,-15.18675123326285,0.7749812171299775,0.7749812171299775,0.7749812171299775,0.1126972201352368,01 | Green
DLX,2020-05-08,DT SW,5.050900548159754,5.074393108848849,1171169646.6,444147.7333333333,11343533.10933333,-0.6263491400320312,71.805,26.83,1972-06-01,0.968564472471134,1.855576282726348,3.85,2.03,-247.1518987341772,0.5350283404862302,-15.1213027583915,0.1874767051807678,0.1934401789042119,0.2005218039508014,0.08013417815877766,01 | Green
PEB,2020-05-08,DT SW,5.142332415059681,7.880755608028324,1228857177.24,3092618.6,33678616.55400001,-0.7250900360144057,41.65,11.45,2009-12-09,2.740645306693966,0.9139630085649747,N/A,0.49,-55.49450549450549,88.96026692533866,-4.557405784399648,0.6703056768558953,0.6703056768558953,0.6703056768558953,0.02270742358078626,01 | Green
OVV,2020-05-08,DT U,8.442776735459656,11.58429375502545,1474278000.0,9165743.233333332,48853411.43366666,-0.6846699399890889,18.33,5.78,2001-08-22,3.313717727163171,1.287075112152116,-58.33000000000001,59.21999999999999,N/A,N/A,21.96796338672769,1.065743944636678,1.065743944636678,1.197231833910034,0.9809688581314877,01 | Green
COTY,2020-05-11,DT SW,9.999999999999986,8.572939560439577,4578425477.6,8562858.666666666,44526865.06666666,-0.6153328850033625,14.87,5.72,2013-06-13,0.972536634799777,2.668579254840751,-700,-0.13,-9.07925684877892e+18,-3.727313552174723,-10.18998272884283,0.09615384615384603,0.09615384615384603,0.09615384615384603,-0.2657342657342656,01 | Green
ENSG,2020-05-12,DT SW,6.687483736664057,6.140366529125306,2239793938.62,434324.9,16691105.907,-0.3492063492063492,63.0,41.0,2007-11-09,0.7452072094312329,1.753196742807055,24.19,1.17,48.32214765100671,17.24541878916858,1.801324503311252,0.1992682926829268,0.4229268292682928,0.7073170731707317,0.3734146341463416,01 | Green
UNIT,2020-05-12,DT U,24.82468443197756,6.571829292726912,1730630212.55,2592168.566666667,18482161.88033333,-0.6199829205807003,23.42,8.9,2015-04-20,1.067944020987636,2.725139518640101,N/A,2.86,-1750,5.440063656414108,36.06870229007632,0.05842696629213484,0.1797752808988764,0.2191011235955056,0.1337078651685393,01 | Green
VRRM,2020-05-12,DT U,9.769484083424818,5.747216559510713,1384563344.44,1541030.166666667,14038784.81833333,-0.4186046511627907,17.2,10.0,2017-03-06,1.013950345768503,1.416011864790447,650,10.7,N/A,N/A,11.36919315403422,0.3169999999999999,0.3169999999999999,0.3169999999999999,0.1279999999999999,01 | Green
GPMT,2020-05-12,DT SW,9.932279909706555,11.86085133827797,213517875.38,2340128.633333333,10366769.84566667,-0.7526663280853225,19.69,4.87,2017-06-23,4.85522339861092,2.148612656748684,-5.88,-0.8999999999999999,-79.5774647887324,24.86488359201774,-19.60072595281307,0.9671457905544147,0.9671457905544147,0.9671457905544147,0.5051334702258727,01 | Green
CDLX,2020-05-12,DT SW,14.99372647427855,6.956115193881798,2815983991.2,86770.96999999999,41493877.85399999,-0.4884651162790697,1075.0,549.9,2018-02-09,1.473512561991442,3.536649411663833,-23.81,2.94,N/A,42.86335972564125,3.484094351871891,0.5531914893617023,0.5531914893617023,1.059101654846336,0.3655210038188761,01 | Green
GDOT,2020-05-12,DT SW,10.00000000000001,5.535970218706359,1749444995.3,745521.6333333333,22887514.14333333,-0.6368817204301075,93.0,33.77,2010-07-22,1.308272863955263,2.423254965684206,18.95,11.84,N/A,21.47310342632842,16.28787878787879,0.2314184187148356,0.6855196920343498,0.9238969499555816,0.5140657388214391,01 | Green
BHF,2020-05-12,DT SW,15.6995372018512,5.615012968519554,1615499804.67,1511521.333333333,42458634.25333333,-0.3422384132766646,49.41,32.5,2017-07-17,2.628204233178871,1.531094499934283,56.63,3.55,2875.641025641024,89.36360158143094,10.63410791650257,0.1950769230769231,0.1950769230769231,0.1950769230769231,-0.02215384615384608,01 | Green
SPG,2020-05-12,DT SW,9.549745824255629,8.737913683992097,17821658086.2,7625213.5,419996759.58,-0.6848921614705729,191.49,60.34,1993-12-14,2.356664893628611,2.177277528032494,N/A,4.88,N/A,0.3413610340637925,-18.70110701107012,0.5836924096784886,0.5836924096784886,0.5836924096784886,0.1241299303944314,01 | Green
NVAX,2020-05-12,UT,59.265306122449,8.116588921282816,4041170287.0,6905063.966666667,169174067.1833333,-0.243798449612403,51.6,39.02,1995-12-05,4.18626425438066,10.81085075538209,25.64,94.08,N/A,-63.78550105441897,36.11111111111111,0.5761148129164531,3.853921066119939,3.853921066119939,2.188621219887237,01 | Green
RPAY,2020-05-12,CPH,6.888361045130642,5.208898880217157,1396010874.72,681590.4666666667,11477983.45866667,-0.08068050072268718,19.5797,18.0,2018-07-17,0.8221987139583583,1.727198453577745,N/A,7.76,N/A,N/A,11.15511551155115,0.4885333333333335,0.5516666666666667,0.5516666666666667,0.3333333333333333,01 | Green
MAC,2020-05-12,DT SW,7.339449541284404,11.75731760594147,1854478312.5,8638487.8,56495710.212,-0.8848236259228877,60.95,7.02,1994-03-09,3.046447609076583,1.187846673812516,N/A,7.539999999999999,19.99999999999999,-4.535383417998008,-25.59726962457337,0.8774928774928776,0.8774928774928776,0.8774928774928776,0.1823361823361824,01 | Green
XP,2020-05-13,DT SW,8.608205953338711,6.489598896678526,12322886314.64,1625328.933333333,40405677.28266667,-0.3795955882352942,43.52,27.0,2019-12-11,0.3278913417765072,3.345566481024928,70,40.17,N/A,N/A,6.284737067122692,0.5777777777777777,0.9609074074074073,0.9609074074074073,0.6725925925925924,01 | Green
PGNY,2020-05-13,DT SW,22.25475841874087,7.381823886216293,1572132091.02,536619.8,10995339.702,-0.3136986301369863,36.5,25.05,2019-10-25,0.6993903225311188,9.858913144837368,100,12.85,N/A,N/A,0.4411764705882337,0.1329341317365269,0.2355289421157685,0.3105788423153693,0.1664670658682634,01 | Green
ALGT,2020-05-13,DT SW,8.674863387978139,6.762529274004677,2001123666.0,304177.5,22265793.0,-0.5659172760013096,183.26,79.55,2006-12-08,1.112664518355659,3.655921295953843,127.78,-4.71,42.6,10.40620781350172,-5.815748841996903,0.7558768070395978,0.7558768070395978,1.199748585795098,0.484098051539912,01 | Green
RVLV,2020-05-14,DT U,10.65573770491803,8.195452771272445,1040690548.8,1050725.966666667,15382628.152,-0.6650124069478909,48.36,16.2,2019-06-07,1.47811740672935,4.099406635647056,50,3.73,N/A,N/A,33.69863013698631,0.164814814814815,0.5067901234567902,0.5067901234567902,0.375925925925926,04 | Downtrend
GLOB,2020-05-15,U,7.273053784681682,5.570646108852084,4808907151.72,378558.8666666666,42160100.98066667,-0.1567021952424649,141.67,119.47,2014-07-18,0.8767085670511913,1.893330372396508,3.23,1.47,N/A,N/A,8.105222286934577,0.2772244078011217,0.5548673307106387,0.7651293211684942,0.4637147401021178,04 | Downtrend
SSRM,2020-05-15,CPH,5.122732123799367,5.163706357676475,3821260506.88,1793726.766666667,33614439.60733333,0.0,0.0,19.7,1996-08-01,0.8796688827367857,2.611005247306061,N/A,-8.23,N/A,N/A,24.35301924353017,0.1418781725888325,0.2852791878172589,0.2852791878172589,-0.003553299492385809,04 | Downtrend
ACB,2020-05-15,DT,25.75301204819276,9.092512908777955,4203788050.400001,293100.911111,19461900.4977704,-0.9325742894056848,1238.4,83.5,2014-07-10,0.4629610309663104,34.89062644410252,N/A,N/A,N/A,N/A,-19.80676328502414,1.35688622754491,1.35688622754491,1.35688622754491,0.2802395209580839,04 | Downtrend
DY,2020-05-19,DT SW,10.00317561130519,6.886698725218886,945690517.9499999,558128.9,17575479.061,-0.7049403747870528,117.4,34.64,1984-05-31,1.85848104928649,5.169495792101071,1000,9.06,-8.629441624365478,6.777568181091537,22.72018706157444,0.3579676674364896,0.4038683602771362,1.272228637413395,0.3562355658198613,01 | Green
DQ,2020-05-20,UDS,8.984873336978328,6.016949152542352,742568187.438,918157.6666666666,10075862.234,-0.2658973729437761,16.292,11.96,2010-10-07,1.356893872435287,2.940393679662135,59.63,12.18,N/A,N/A,16.22537597966534,0.04824414715719061,1.153177257525083,3.074247491638796,1.054682274247492,01 | Green
KRNT,2020-05-20,DT U,16.31165919282511,5.078715566944258,1533045933.12,304657.3666666666,10870174.84266667,-0.08206149082061498,45.21,41.5,2015-04-02,0.7090573483694698,10.68184247637319,-144.44,-2.63,N/A,N/A,28.66931121529031,0.2761421686746988,0.5204819277108435,0.9553951807228915,0.5050602409638554,01 | Green
USPH,2020-05-21,DT SW,5.70598335754855,5.192822235220861,1129797465.58,154597.9666666667,11704612.05633333,-0.4610048491379309,148.48,80.03,1992-05-28,1.035992061667848,1.6631137235742,-25,5.75,N/A,6.18138798134436,11.33823529411764,0.1346994876921155,0.1718105710358615,0.4244658253155067,0.07134824440834686,01 | Green
ELF,2020-05-22,DT U,9.97920997920998,5.058311058311067,851485382.28,838966.4333333333,12106285.633,-0.2151335311572701,20.22,15.87,2016-09-22,1.421784317727606,3.318815734900479,100,11.41,-104.1666666666667,5.197350505697487,35.23898781630741,0.1902961562696914,0.324511657214871,0.4133585381222433,0.1688720856962824,01 | Green
CAE,2020-05-22,DT SW,8.154803040774006,5.025767597985999,4657156202.070001,700736.0,10139649.92,-0.5041191381495564,31.56,15.65,1996-01-10,0.2177219204177252,1.370329196730295,36,19.29,N/A,N/A,3.802008608321383,0.3557444089456869,0.3557444089456869,0.546964856230032,-0.07028753993610226,01 | Green
STNE,2020-05-27,DT SW,22.84644194756553,6.466131621187775,6156903374.4,3976329.4,106167994.98,-0.2974941100878132,46.69,32.8,2018-10-25,1.72437325265554,5.987250704129291,-7.140000000000001,25.74,N/A,N/A,5.658884052235846,0.307317073170732,0.6768292682926831,1.257469512195122,0.5414634146341466,01 | Green
GLNG,2020-05-28,DT SW,5.744125326370741,7.226687803058549,782063020.0,1324301.0,10144145.66,-0.7684391080617495,34.98,8.1,2002-04-18,1.297100796301556,1.796408822465587,-1288.89,-11.86,N/A,N/A,5.728088336783999,0.24320987654321,0.3543209876543212,0.7259259259259261,0.154320987654321,01 | Green
SHOO,2020-05-28,DT SW,5.081458494957336,5.401002992352853,1886505509.1,924596.1,23836087.458,-0.3952450050228821,44.795,27.09,1993-12-10,1.263504789305998,1.365472988692035,-20,0.79,12.66666666666666,8.076153431675808,-1.603053435114499,0.1074197120708749,0.1074197120708749,0.2864525655223331,-0.2203765227021041,01 | Green
PAGS,2020-05-29,DT U,5.333780610533378,6.173000431303021,8217007915.82,2502944.8,74612784.48799999,-0.4123151787385364,53.43,31.4,2018-01-24,0.9080286310099552,2.16558711162947,19.05,33.16,N/A,N/A,17.68653770232926,0.2273885350318472,0.4573248407643311,0.5579617834394905,0.4079617834394906,01 | Green
BZUN,2020-06-02,DT SW,6.269165247018749,5.506181552689188,1706437997.8,1040622.666666667,30542275.26666667,-0.5373090045987241,67.41,31.19,2015-05-21,1.789826252465243,7.253482210010161,200,6.39,N/A,N/A,2.802101576182148,0.3873036229560758,0.5232446296890028,0.5232446296890028,0.3433792882334081,01 | Green
AEO,2020-06-03,DT U,9.815354713313917,5.710467860613637,1724329596.57,10007123.6,102973301.844,-0.6218206157965194,29.88,11.3,1994-04-29,5.971787647143116,2.073207429955197,-281.82,-16,-23.8095238095238,6.752004598931541,42.12707182320441,0.2106194690265486,0.2106194690265486,0.6884955752212387,0.1159292035398229,01 | Green
APPS,2020-06-03,DT U,15.3061224489796,5.104227405247816,830171475.0,1769578.766666667,12139310.33933333,-0.1331506849315068,9.125,7.91,1995-05-24,1.462265412014227,10.59989549678706,25,2.34,N/A,33.93486467958559,24.50090744101634,0.6826801517067005,2.737041719342604,4.805309734513274,2.049304677623262,01 | Green
GOOS,2020-06-03,DT SW,6.530801296896716,5.576325018196263,2108492548.31,1490731.866666667,32184901.00133333,-0.6817489968174899,72.27,23.0,2017-03-16,1.526441296988704,4.451123068051854,-28.57,108.97,N/A,N/A,-5.307017543859649,0.1982608695652173,0.1982608695652173,0.7095652173913043,0.1126086956521739,01 | Green
GIII,2020-06-04,DT U,7.967237527922566,7.804914370811613,566619395.39,1548601.0,20797711.43,-0.716796875,51.2,14.5,1989-12-14,3.670490561955629,1.765386952481627,-47.06,-13.22,6.909090909090907,2.738956533498385,42.94837679616818,0.2834482758620689,0.2834482758620689,0.6917241379310346,-0.1731034482758621,01 | Green
LX,2020-06-04,DT SW,7.015457788347201,6.654492950569063,1385869384.34,1234704.733333333,10383866.80733333,-0.4824611845888441,17.39,9.0,2017-12-21,0.7492673497710968,3.175253074000796,-611.11,21.01,N/A,N/A,20.14285714285715,0.3377777777777777,0.4933333333333332,0.4933333333333332,-0.2088888888888889,01 | Green
CAL,2020-06-05,DT U,10.01053740779767,7.240704500978488,318766670.56,1224102.666666667,11616734.30666667,-0.7459235823801411,41.09,10.44,1984-07-12,3.644275069993588,1.618405101097184,-136.36,-30.33,1276.923076923077,3316.512109269936,47.36024844720497,0.1015325670498084,0.1015325670498084,0.4080459770114941,-0.05555555555555558,01 | Green
DOMO,2020-06-05,UT,6.71025464556092,6.490389342247552,1366870838.66,801433.3,23289651.698,-0.3413338997451146,47.08,31.01,2018-06-29,1.703866308306921,2.94778991589194,28.57,6.38,N/A,21.71144991015274,43.86138613861385,0.1702676555949694,0.5237020316027088,0.5237020316027088,0.2989358271525313,01 | Green
RH,2020-06-05,UT,5.072259570870741,5.631358295904789,4701462558.61,1394532.666666667,346415859.7266667,-0.01827961033587844,265.87,261.01,2012-11-02,7.368257332864638,1.847578089481829,56.79,0.48,59.68309859154931,5.658564853154048,63.94535374868002,0.02678058311942078,0.3235508218075935,0.8063101030611854,0.2134784107888588,01 | Green
AMC,2020-06-10,DT U,21.86978297161937,7.719771046983068,53467017816.2,1155447.59,69211310.641,-0.6596736596736597,214.5,73.0,2013-12-18,0.1294467383217877,1.326120382491775,-4605.26,-1.04,-2577.380952380953,-5.001722092533773,16.9921875,0.006849315068493178,0.05616438356164366,0.05616438356164366,-0.1863013698630137,01 | Green
FCEL,2020-06-12,CPH,22.35294117647058,9.614565826330562,6116495994.0,351268.4233333666,26872034.38500255,-0.8609625668449198,673.2,93.6,1992-06-25,0.4393370716070569,3.549954347828082,0,21.41,-222.0930232558139,-19.45526241896693,35.63829787234043,0.07692307692307687,0.1217948717948718,2.625,-0.3044871794871795,01 | Green
PLAY,2020-06-12,DT SW,17.08817498291182,15.59735377404551,508958593.22,9384656.3,137297521.669,-0.7445190156599553,67.05,17.13,2014-10-10,26.9761673145879,2.061003981573625,-29.49,-9.6,-72.46963562753037,-1.365192615775634,48.37728194726167,0.1033274956217163,0.1774664331582021,0.6129597197898424,-0.03502626970227662,01 | Green
MITT,2020-06-12,DT SW,6.91823899371069,18.61635220125787,455107727.25,2085288.6111111,29840480.02499984,-0.7409852717115286,59.07,15.3,2011-06-30,6.556794850597615,1.87240492556403,-5093.33,-8.37,669.047619047619,1893.449034465901,112.9464285714286,0.0960784313725489,0.0960784313725489,0.0960784313725489,-0.4882352941176471,01 | Green
MFA,2020-06-16,DT SW,8.013937282229966,12.63066202090592,1160489528.24,6645491.008333334,76290236.77566667,-0.6193984039287906,32.58,12.4,1998-04-13,6.573970287467268,1.888892970325176,-1535.71,-59.48999999999999,N/A,27.66247874033028,78.26086956521738,0.003225806451612856,0.02903225806451615,0.2806451612903227,-0.0741935483870968,01 | Green
CLIR,2020-06-17,UT,26.16033755274261,9.335443037974684,161336683.5,793884.2866666667,18815057.594,-0.102102102102102,33.3,29.9,2012-04-25,11.6619836145324,7.861536630489466,N/A,N/A,N/A,-100,382.9834929692276,0.3745819397993313,0.3745819397993313,0.3745819397993313,-0.1772575250836119,01 | Green
ABM,2020-06-18,DT U,8.822625268982476,5.32868560888851,1905637425.19,438359.2666666667,14259826.94466667,-0.1703773142723225,42.67,35.4,1972-06-01,0.748296961225187,5.873978710613167,106.9,0.4,-15.70680628272253,5.752806047318303,-0.4589963280293707,0.1519774011299435,0.1519774011299435,0.1805084745762713,0.08954802259887007,01 | Green
GBX,2020-07-10,UDS,13.48987108655617,5.344383057090249,672009979.92,483996.1,10512395.292,-0.6200092492677663,64.87,24.65,1994-07-21,1.564321305652553,9.056996533649755,650,23.78,-72.49417249417249,19.43702534232031,0.6021306160259421,0.1742393509127791,0.4105476673427995,0.5411764705882354,0.3683569979716024,02 | Light Green
NAVI,2020-07-22,DT SW,9.019091507570764,5.220351735164113,712288173.66,4215330.333333333,32015433.88166666,-0.4716017868538609,15.67,8.28,2014-04-17,4.494730512955105,1.470921970448975,93.62,20.96,-31.89189189189189,-24.06832298136646,-0.06578947368420796,0.1400966183574879,0.2219806763285026,0.4957729468599035,0.105072463768116,01 | Green
TSLA,2020-07-23,UDS,5.439860280174424,7.247084493863522,419265388474.2882,225450200.0,23932733616.06,-0.06464659970250519,119.666,111.93,2010-06-29,5.708254073428647,1.618661504846747,1600,15.41,46.42857142857142,34.60456316379666,65.72083794513297,0.2480952380952379,0.4964415259537209,1.634056999910658,0.2526579111944967,01 | Green
HLX,2020-07-23,UDS,15.44502617801049,6.817501869857851,563000947.54,3153613.433333333,12046803.31533333,-0.5950413223140496,10.89,4.41,1997-07-01,2.139748319780125,5.564346858280654,500,13.63,-20,2.344364742816782,18.26625386996903,0.2108843537414966,0.2108843537414966,0.2108843537414966,-0.3718820861678005,01 | Green
MHO,2020-07-29,CPH,7.151914785696167,5.759447121481104,996909912.33,297080.3,11713876.229,-0.1201582673885881,48.02,42.25,1993-11-03,1.175018533181405,1.591431676890053,114.77,19.45,28.34890965732087,14.48485947593887,14.48896631823462,0.1282840236686391,0.1701775147928994,0.3136094674556213,0.01704142011834309,01 | Green
CAR,2020-07-29,UDS,9.492753623188399,6.305175983436874,974990810.4000001,4274217.933333334,117968414.96,-0.429596073990185,52.98,30.22,1968-12-02,12.09943865128352,1.660816811571408,4.109999999999999,5.64,-101.0351966873706,-10.81823732953389,20.57667103538663,0.1709133024487095,0.3553937789543349,0.6525976174718728,0.2144275314361352,01 | Green
AER,2020-07-29,DT SW,5.121396054628224,5.862914589204406,4143371953.4,1274546.7,33597051.01199999,-0.5727721245760098,64.86,27.71,2006-11-21,0.8108625387694355,1.496571290796956,38.13,4.64,N/A,N/A,-14.41558441558442,0.2601948754962107,0.2601948754962107,0.7073258751353302,-0.08625045110068574,01 | Green
NBR,2020-07-29,DT SW,5.246690734055348,10.26434588275744,614941828.1999999,869670.0666666667,36134791.27,-0.8723211678832117,342.5,43.73,1972-06-01,5.876131629518579,1.121398835466416,40.75,-0.5499999999999999,-2893.298969072165,3.739189458756377,12.23662884927064,0.3512462840155501,0.3512462840155501,0.7553624514063573,-0.3930939858220901,01 | Green
SHOP,2020-07-29,UDS,12.42436548223351,6.098564176939834,126734427203.5,28653188.33333333,2822339050.833333,0.0,0.0,110.738,2015-05-21,2.226971086791947,2.265837199152881,100,41.43,N/A,N/A,3.771597134428983,0.00777510881540211,0.03569687008976152,0.1605636728133071,-0.1177373620618035,01 | Green
DIN,2020-07-29,DT U,8.731858196526288,5.773495122531509,532064074.5,811125.0333333333,34091585.151,-0.5625329057579094,104.465,45.7,1991-07-12,6.407420982714743,1.896765525380777,11.22,14.15,125.2717391304348,25.04160786276152,-0.1662707838479771,0.3809628008752735,0.4649890590809627,0.7017505470459517,0.1796498905908095,01 | Green
APA,2020-07-30,DT SW,14.65201465201464,5.815018315018323,4782298111.5,10634132.96666667,145155914.995,-0.6872051933931341,50.0328,15.65,1969-05-27,3.035275334382508,2.820170868091051,24.49,-18.32,-1162.698412698413,-17.32686980609418,5.040400153905367,0.075399361022364,0.075399361022364,0.2345047923322683,-0.4696485623003195,01 | Green
RARE,2020-07-31,UDS,6.134020618556701,5.08901877761414,7650496544.799999,551124.7,42767276.71999999,-0.1025389560858668,91.77,82.36,2014-01-31,0.5590130845698986,1.011001684373791,27.27,57.74,N/A,177.0606298917725,-9.809390980939114,0.1039339485186985,0.2402258377853326,1.181240893637688,0.2202525497814474,01 | Green
EBS,2020-07-31,UDS,6.813028241599661,5.127742438966935,4974539058.72,1053138.266666667,102175474.632,-0.03294139604329971,107.16,103.63,2006-11-15,2.053968687870566,1.741859600075305,209.38,33.92,-104.5685279187817,41.89256640862518,15.39010466222646,0.3278973270288528,0.3278973270288528,0.3278973270288528,-0.1318151114542121,01 | Green
CRNC,2020-08-04,UDS,8.654773384763747,5.229232676677229,1876151060.36,1130113.7,46877116.27599999,-0.006174200661521523,45.35,45.07,2019-09-16,2.498578993261082,2.882328565700956,342.86,21.74,N/A,N/A,1.096758469412618,0.2974262258708675,0.478493454626137,1.864211226980253,0.3605502551586421,01 | Green
BYFC,2020-08-04,DT,7.608695652173902,8.617236024844683,136580182.4,785526.45,11562949.344,-0.7261410788381744,57.84,15.84,1996-01-09,8.46605205880879,0.8185871716986742,N/A,N/A,-120,-94.02859545836839,-22.03389830508474,0.05555555555555558,0.1767676767676769,0.3838383838383839,-0.1818181818181818,01 | Green
FLGT,2020-08-05,UT,31.96362411586393,6.984530625992382,816929049.1700001,538205.7666666667,15979329.21233334,0.0,0.0,39.18,2016-09-29,1.956024115994937,3.338788083095604,N/A,72.31,N/A,58.039740349834,57.33969263381027,0.3392036753445635,0.3392036753445635,3.069295558958652,-0.01174068402246042,01 | Green
RIGL,2020-08-05,DT,15.89430894308943,11.32955865272939,459524654.4,1395590.516666667,34331526.71,-0.4559160305343511,52.4,28.51,2000-11-29,7.471095703194984,0.7298448848970516,23.08,16.52,N/A,434.5818634571488,25.51020408163265,0.02420203437390378,0.02420203437390378,0.715187653454928,-0.03893370747106284,01 | Green
BOOT,2020-08-05,DT SW,12.69685039370079,5.223249437570293,615388030.08,904864.3333333334,18386843.25333333,-0.524007482851798,48.11,22.9,2014-10-30,2.987845449470809,2.502400544022621,88.24,7.8,21.48148148148147,8.84606373913245,0.1972386587771213,0.3393013100436684,0.6065502183406115,1.729257641921397,0.5323144104803497,01 | Green
FVRR,2020-08-05,UT,10.34350412588754,5.182025660004908,3746784872.16,728651.3,75940038.486,0.0,0.0,115.0,2019-06-13,2.02680540989323,3.119128450055602,266.67,28.98,N/A,N/A,26.26605282287375,0.1071304347826085,0.6086078260869565,1.483130434782609,0.5264347826086955,01 | Green
CPRI,2020-08-05,DT SW,10.75498575498577,6.179232804232767,1595668716.72,3700783.233333333,51958996.596,-0.6890000000000001,50.0,15.55,2011-12-15,3.256252131257237,1.782606973729174,3.7,4.43,N/A,N/A,-11.86440677966102,0.1562700964630226,0.6559485530546623,2.021221864951768,0.6250803858520899,01 | Green
NTLA,2020-08-06,UTU,5.343511450381677,5.547509996364973,2753489517.45,801423.9,15747979.635,-0.3717754172989378,32.95,20.7,2016-05-06,0.5719280765442741,1.623049924016491,11.59,90.42999999999999,N/A,50.92564694854541,-20.02442002442003,0.09951690821256043,0.470048309178744,3.44443961352657,0.3555555555555556,01 | Green
FOUR,2020-08-06,SW,5.937579294595285,5.113767354188561,3111818329.2,659049.2666666667,25973131.59933333,-0.1293013555787279,47.95,41.75,2020-06-05,0.8346609233454391,2.32255019073435,96.67,-22.09,N/A,N/A,-12.0901182244033,0.3461077844311378,0.4991616766467066,0.884071856287425,0.3053892215568863,01 | Green
EAF,2020-08-06,DT SW,8.024691358024704,5.795414462081155,1690772227.2,179252.8133333334,11615582.304,-0.6910856134157105,226.6,70.0,2018-04-19,0.6869986457747749,1.110089690084641,59.09,24.03,N/A,N/A,-10.98901098901099,0.0585714285714285,0.1828571428571428,0.7142857142857142,-0.01714285714285724,01 | Green
CELH,2020-08-06,UT,19.80754116587114,5.252636450520179,1320007929.6849,2332172.2,12166242.71574,0.0,0.0,6.25,2006-11-01,0.9216795173832184,5.052653487594098,100,24.07,N/A,61.45072493633433,21.3186046511628,0.4272,0.4272,2.768528,0.265072,01 | Green
PLUG,2020-08-06,UDS,8.788853161843523,6.485989894350003,13035831943.74,28633341.7,267149078.061,-0.0324118207816968,10.49,10.15,1999-10-29,2.049344293589861,2.541495357490879,30,14.46,N/A,1.790182649697286,4.245810055865928,0.4137931034482758,0.8817733990147785,6.437438423645319,0.8581280788177339,01 | Green
AAOI,2020-08-07,UT,15.01661129568106,7.489036544850489,1272767016.85,1151692.633333333,17332974.13166667,-0.6236956521739131,46.0,17.31,2013-09-26,1.361834012211005,3.782854794677712,4,14.32,-1200,-25.54946102850865,30.75586446568202,0.01502021952628541,0.01502021952628541,0.01502021952628541,-0.5557481224725591,01 | Green
CGC,2020-08-10,DT SW,9.921828021647627,5.74117343870799,74718448478.70001,419715.26,69798647.738,-0.6914767932489452,592.5,182.8,2014-04-07,0.09341554751086341,2.834504754485219,N/A,N/A,N/A,N/A,-3.872832369942192,0.02899343544857769,0.474288840262582,2.090618161925602,0.2970459518599562,01 | Green
HTZ,2020-08-11,DT SW,11.24260355029585,9.425190194420964,602402854.17,13850864.86666667,23407961.62466667,-0.915958873491283,22.37,1.88,2021-06-30,3.885765391486819,2.422344909359763,-19.39,-11.7,-120.3947368421052,-13.04067832993453,18.18181818181819,0.005319148936170137,0.5851063829787235,0.5851063829787235,-0.05319148936170204,01 | Green
NIO,2020-08-11,UDS,7.670654468684024,6.263245199557624,35605528382.62,162731652.6666667,2312416784.393333,-0.06934306569343074,16.44,15.3,2018-09-12,6.494544216684297,1.114174845697608,42.31,4.53,N/A,N/A,0.8516678495386953,0.3758169934640523,1.960130718954248,3.378431372549019,1.815686274509804,01 | Green
PRTS,2020-08-11,UT,9.409190371991262,7.936490569969812,1053946927.2,118086.3233333334,16189634.92900001,0.0,0.0,150.0,2007-02-09,1.536095842322031,2.707832634414309,N/A,40.53,N/A,2.306883480450594,23.51351351351352,0.09600000000000009,0.09600000000000009,0.5506666666666666,-0.282,01 | Green
EAT,2020-08-12,UDS,5.537135278514582,5.003576165214106,1293495746.4,2266345.4,68352977.264,-0.4062674874090655,53.61,31.83,1984-01-06,5.284360420529945,3.726274026898106,35.77,-1.82,6.930693069306929,7.401020799543067,19.35100910170162,0.5585925227772541,0.6635249764373234,1.165881244109331,0.447062519635564,01 | Green
MARA,2020-08-14,UTU,8.169014084507054,19.42957746478871,1371362504.35,27347559.7,97083836.93499999,-0.2685714285714286,5.25,3.84,2011-03-09,7.079370817493359,0.8071482151294106,N/A,N/A,N/A,4.952113992057931,295.5431754874651,0.09114583333333348,0.09114583333333348,9.677083333333334,-0.3776041666666666,01 | Green
BOXL,2020-08-14,DT,9.907834101382495,9.943054641211324,2085469646.4,21187.39576396667,66206374.28324305,-0.5991596638655462,8568.0,3434.4,2017-11-30,3.174650582785056,0.4272249467956953,80,-0.79,N/A,1.658190654489667,-40.87193460490464,0.03563941299790363,0.03563941299790363,0.4255765199161425,-0.2955974842767296,01 | Green
BLNK,2020-08-14,UDS,7.126645483431693,14.17469684196875,1596499956.74,10323950.4,113718313.656,-0.1906721536351166,14.58,11.8,2008-07-15,7.122976306758506,0.757089166178094,-10,-26.83,-258.333333333333,4.938753956428814,70.5108359133127,0.02966101694915246,0.02966101694915246,4.466101694915254,-0.1779661016949153,01 | Green
DDS,2020-08-14,DT SW,12.86031042128604,5.152280646183092,422597400.06,472397.6333333334,12783079.958,-0.6752100393491439,94.03,30.54,1972-06-01,3.024883720577805,4.34803617771441,N/A,N/A,N/A,-8.743271107487205,9.510319708619974,0.2524557956777997,1.013752455795678,3.191224623444663,0.5592665356908972,01 | Green
SE,2020-08-18,UT,10.21745606196007,5.768713562279248,82244421614.16,3982343.366666667,534749067.276,0.0,0.0,148.0,2017-10-20,0.650194939402349,3.104912575720387,-61.9,20.58,N/A,-6.07565915170042,16.31009094846254,0.1164189189189189,0.2685810810810811,0.9256756756756757,0.115945945945946,01 | Green
DQ,2020-08-18,UT,7.94510969320863,6.21789428995966,1548336546.834,1522227.0,34831598.214,-0.04085119602360976,25.752,24.7,2010-10-07,2.249614160772913,1.593628939704788,1666.67,19.89,N/A,N/A,7.145532871324223,0.1095546558704454,0.9727935222672066,4.276518218623482,0.6141700404858299,01 | Green
M,2020-09-02,DT SW,6.276747503566349,5.238740574689205,1843896057.54,24482306.83333333,171620970.9016666,-0.8057366362451108,38.35,7.45,1992-02-05,9.307518729153943,3.482204703191062,54.24,2.56,-930.7692307692311,-11.73502156161116,9.531249999999991,0.07114093959731549,0.5295302013422818,1.993288590604027,0.4711409395973156,01 | Green
SWBI,2020-09-04,UTU,5.791710945802331,9.887277971762547,843882777.6,2687926.066666667,50586768.57466667,-0.2835552356962936,27.79,19.91,1998-11-09,5.994525533337139,2.874493869387429,102.08,42.52,N/A,N/A,-28.52259779718951,0.02410848819688605,0.02410848819688605,0.1838272225012556,-0.2009040683073833,01 | Green
DOMO,2020-09-04,UT,13.97532188841202,6.43949264255056,1753508082.08,477235.0,17791320.8,-0.09749362786745952,47.08,42.49,2018-06-29,1.014612991055967,5.761635253072385,26,4.29,N/A,19.72085092884474,20.296869958051,0.1120263591433277,0.1120263591433277,0.8592610025888443,0.05648387855966108,01 | Green
NCNO,2020-09-10,UTU,8.701150878968011,9.370684203870033,8662351756.5,350976.1333333334,27751682.86266667,-0.1731601731601732,103.95,85.95,2020-07-14,0.3203712299242817,3.549967880057181,80,8.129999999999999,N/A,N/A,-4.02961524456853,0.07038976148923792,0.07038976148923792,0.07038976148923792,-0.05433391506689933,04 | Downtrend
SLQT,2020-09-10,DT SW,17.45635910224439,5.798183113644455,3535772868.7,1051400.5,21080580.025,-0.1879310344827586,29.0,23.55,2020-05-21,0.5962085464146546,4.126542644786644,333.33,18.23,N/A,N/A,4.4815007816571,0.03184713375796178,0.0602972399150743,0.3821656050955413,-0.003397027600849367,04 | Downtrend
PTON,2020-09-11,UT,11.80227920227921,7.17929181929181,38511000537.75,11241703.1,986459447.025,-0.005105973025048227,98.61,98.1065,2019-09-26,2.561500436889542,7.774456167589055,170,4.22,N/A,N/A,33.54131791203776,0.2596515011747438,0.4244723846024474,0.743921146916871,0.1936008317491704,04 | Downtrend
FSLR,2020-10-28,UT,12.0645709430756,5.220207029285801,8854435833.32,3153370.1,259806162.539,0.0,0.0,92.33,2006-11-17,2.934192165708934,4.655927003303545,137.7,33.82,495.4545454545456,10.62538463272641,24.45619335347431,0.06065200909780155,0.218455539911188,0.218455539911188,0.1383082421748076,04 | Downtrend
TRUP,2020-10-30,UTU,13.23896752706077,5.354070021014206,3161460348.66,493021.6,35527136.496,-0.1458180676227364,95.53,81.6,2014-07-18,1.123757143152478,3.070376632585672,-75,2.84,57.14285714285715,36.45935373377361,-13.56603094638359,0.246200980392157,0.5388933823529414,0.5505514705882355,0.3750000000000002,04 | Downtrend
CAKE,2020-10-30,UT,5.91182364729459,5.185728600057264,1489833381.96,1410785.833333333,42238927.85,-0.4006804006804007,52.91,31.71,1983-12-07,2.835144410204527,1.602832936489888,21.43,6.13,-234.7169811320754,-8.217491023386394,2.219187435984993,0.2472406181015452,0.803847366761274,1.075370545569221,0.4181646168401134,04 | Downtrend
CWH,2020-11-02,UDS,8.472012102874427,6.872541603630848,2731117579.04,1747049.766666667,46191995.83066667,-0.32501765121205,42.49,28.68,2016-10-07,1.691322123410862,4.570935615209435,64.58,11.19,N/A,12.75941435169466,-18.52080123266564,0.1206311018131101,0.4173640167364017,0.6321443514644352,0.25418410041841,04 | Downtrend
AMRC,2020-11-03,UTU,7.17059280352057,5.231703709182336,2049947730.93,304107.4666666667,11747671.43733333,-0.1155735953856014,46.81,41.4,2010-07-22,0.5730717549565894,2.307618447162977,52,14.32,-9.090909090909081,17.47224186286862,6.919457514530869,0.1352657004830917,0.5603864734299515,0.6969806763285025,0.5241545893719808,04 | Downtrend
RIG,2020-11-03,DT,10.25142380886235,7.191475006449294,804041973.1915,19463658.8,14011887.97012,-0.931518550474547,11.59,0.7937,1993-05-28,1.742681158111974,3.889666109436731,15.38,0.61,23.41463414634145,6.845238095238096,-8.642131979695433,2.38289026080383,4.279072697492756,5.060224266095502,3.195539876527656,04 | Downtrend
CDLX,2020-11-03,UDS,9.861365419827361,5.741433429244049,4502512253.6,47825.03,36567017.938,-0.2186046511627907,1075.0,840.0,2018-02-09,0.8121469943532682,1.777680014001037,42.86,18.61,N/A,7.61670621845105,4.869016595803055,0.4940476190476191,0.791190476190476,0.9222619047619047,0.5986904761904763,04 | Downtrend
VCYT,2020-11-03,UTU,6.028571428571428,6.51863265306121,2813675585.0,415174.4333333333,14531105.16666667,-0.1686827956989247,44.64,37.11,2013-10-30,0.5164456501003,1.904519971645653,61.9,30.32,N/A,7.591469749343609,-0.3700540848277867,0.5464834276475343,1.077876583131232,1.318243061169496,0.9884128267313395,04 | Downtrend
AMC,2020-11-03,DT,8.837209302325565,13.68737541528233,19190999717.0,949133.2933333333,20406365.80666667,-0.8783467637119834,192.35,23.4,2013-12-18,0.1063330004042992,1.626950514586662,-1515.15,-25.73,-1412.5,-27.9083061796147,-47.04433497536946,1.136752136752137,7.700854700854702,7.700854700854702,2.833333333333333,04 | Downtrend
APT,2020-11-05,DT SW,5.320600272851284,6.954151237575533,149623155.88,1102406.766666667,16161283.19933333,-0.6287569127194037,41.59,15.44,1994-12-27,10.80132490474598,2.674887427366118,26.09,16.07,209.6774193548387,39.90283367042682,-5.235940530058181,0.03432642487046644,0.1185233160621761,0.3303108808290156,0.06800518134715028,04 | Downtrend
CRON,2020-11-05,DT SW,6.317689530685922,5.908586900464165,2041007266.56,3370915.3,18674870.762,-0.7653386454183267,25.1,5.89,2016-06-03,0.9149830609606509,4.712511762013125,N/A,N/A,N/A,N/A,-5.299145299145291,0.5534804753820035,1.168081494057725,1.68760611205433,1.039049235993209,04 | Downtrend
SKT,2020-11-06,DT SW,12.42236024844721,5.12832741792369,739820689.1600001,1855565.266666667,11949840.31733333,-0.7062820746871132,24.6495,7.24,1993-06-04,1.615234676783817,2.434889831774174,57.14,19.92,N/A,N/A,-2.424242424242418,0.4751381215469612,1.895027624309392,2.093922651933701,0.8936464088397791,04 | Downtrend
MD,2020-11-06,DT,16.66666666666667,5.019943019942999,1140795924.84,846212.9333333333,11880829.584,-0.6048250904704464,41.45,16.38,1959-03-31,1.041450913814083,4.212303853545452,-7.5,-13.96,-4112.500000000003,-26.69781608196073,-15.21739130434783,0.3772893772893773,0.7860195360195361,0.7860195360195361,0.5781440781440783,04 | Downtrend
ATEC,2020-11-06,UDS,5.010660980810222,7.646283886689012,1448751092.88,1666757.3,15634183.474,-0.1344463971880493,11.38,9.85,2006-06-02,1.079149037459603,1.113104469378955,0,4.79,N/A,34.24544460265379,-3.099173553718992,0.168517766497462,0.6248730964467004,0.9654822335025381,0.6213197969543149,04 | Downtrend
GPRO,2020-11-06,UTU,20.2416918429003,5.132175226586109,1221419187.58,4390158.333333333,29062848.16666666,0.0,0.0,7.96,2014-06-26,2.379432750213212,4.111101611749007,233.33,19.62,N/A,-34.99026303009813,7.119741100323629,0.1080402010050252,0.4057788944723617,0.7324120603015074,0.05339195979899491,04 | Downtrend
GOGO,2020-11-09,UDS,6.643757159221075,6.652593683521486,1182983635.26,2574608.266666667,22476330.168,-0.2222222222222222,11.97,9.31,2013-06-21,1.899969661292912,1.148283813998474,85.71,-40.3,N/A,-38.313801451679,-12.87425149700598,0.3834586466165413,0.8506981740064445,0.8506981740064445,0.4833512352309344,04 | Downtrend
CGC,2020-11-09,DT SW,14.68085106382979,5.860942249240146,105585300015.0,836719.9099999999,196629178.85,-0.4890026545316647,527.4,269.5,2014-04-07,0.1862277976404536,2.083185399520373,N/A,N/A,N/A,N/A,19.8368179500255,0.09536178107606674,0.8894248608534323,1.096345083487941,0.8215213358070501,04 | Downtrend
ACB,2020-11-09,UT,34.72931562819204,7.478987304829994,6198054971.900001,3220671.643333333,315303753.8823333,-0.8934916020671835,1238.4,131.9,2014-07-10,5.087140325663773,5.184606954441955,N/A,N/A,N/A,N/A,96.58634538152613,0.09780136467020473,0.271417740712661,0.4389689158453374,0.183472327520849,04 | Downtrend
MGNI,2020-11-10,UT,11.5140525838622,5.435241549022157,1581968451.71,2806285.566666667,30953329.80033333,-0.004048582995951344,12.35,12.3,2014-04-02,1.95663382331518,1.732444501638803,250,13.94,N/A,N/A,21.14222954420646,0.7780487804878049,4.234959349593495,4.234959349593495,3.686178861788617,04 | Downtrend
WES,2020-11-10,UDS,8.910891089108919,5.657708628005696,3755757050.37,1323031.766666667,12026358.759,-0.8091014269186271,51.86,9.9,2012-12-07,0.3202113075395869,4.078859734106158,10,2.43,N/A,21.31968906151658,5.574912891986061,0.6377474747474747,0.7171717171717171,1.242424242424242,0.6767676767676769,04 | Downtrend
FLGT,2020-11-10,UDS,16.09158336020637,7.494448795319479,853249235.9300001,695569.1666666666,21569599.85833333,-0.3138936535162951,52.47,36.0,2016-09-29,2.527936615709186,2.603884828132357,278.18,109.9,N/A,452.3228171965027,-26.02576335877863,0.5038888888888888,4.274719444444445,4.274719444444445,3.790833333333333,04 | Downtrend
ALT,2020-11-10,DT,12.82705807275049,12.9127541252621,1524046187.335,1629195.533333333,12764747.00366667,-0.7481481481481482,35.1,8.84,2005-10-06,0.8375564408574484,2.688776706278718,28.95,179.81,N/A,-32.35549852104513,-44.90154711673699,0.7386877828054299,1.583314479638009,1.78393665158371,1.383484162895928,04 | Downtrend
ARCT,2020-11-10,SW,7.483386304536266,16.07241920171709,983722418.09,604211.9666666667,20911776.16633333,-0.4384057971014492,66.24,37.2,2013-05-22,2.12578017759682,4.427520717205259,-87.76,-22.23,N/A,-83.92530094078236,-35.3688141923436,2.486827956989247,2.486827956989247,2.486827956989247,1.169354838709677,04 | Downtrend
INO,2020-11-10,DT,5.764705882352938,8.444453781512602,10546546836.0,680650.6583332667,69426367.14999321,-0.7339449541284404,405.48,107.88,1998-12-08,0.6582852968804017,4.319009510496378,-36.84,7643.54,-29.47368421052632,-90.82956648919723,-33.69734789391576,0.5506117908787542,1.113459399332592,1.113459399332592,0.4438264738598443,04 | Downtrend
TXG,2020-11-11,UTU,6.968992248062023,5.019440753045391,16807560672.0,692059.2333333333,89275641.1,-0.1702844086344777,166.31,137.99,2019-09-12,0.531163580737363,1.637546246643532,-116.67,17.29,N/A,N/A,-20.1089985755868,0.1412421189941298,0.3946662801652292,0.4729328212189288,0.3777809986230887,01 | Green
PDD,2020-11-12,UT,23.95029607033914,5.514861192996835,158651769654.52,6645505.233333333,740708013.3073334,0.0,0.0,138.155,2018-07-26,0.4668766159496984,4.832137643790986,129.41,12.53,N/A,N/A,34.62978620606351,0.180558068835728,0.5062784553581121,0.538825956353371,0.4229669574029171,01 | Green
CELH,2020-11-12,UDS,11.30354742209356,7.56390048601224,2089234472.5649,3543229.7,29255384.66399,0.0,0.0,9.19,2006-11-01,1.400292071003113,5.92847000576903,100,11.63,100,81.97070890373153,15.96488764044943,0.3833841131664855,1.562927094668118,1.562927094668118,1.239390642002176,01 | Green
XPEV,2020-11-12,UTU,8.798091261556795,9.049443994716878,32074584045.07,17328232.26666667,581015627.9013333,-0.07645569620253168,39.5,36.48,2020-08-27,1.811451793372946,9.628546434072883,-77.78,2.42,N/A,N/A,51.3086642599278,1.041940789473684,1.041940789473684,1.041940789473684,0.2853618421052633,01 | Green
DDS,2020-11-13,UDS,8.466666666666667,5.898079365079336,702767295.0,540041.5333333333,24301869.0,-0.4371060261138519,86.7126,48.81,1972-06-01,3.458025035157619,0.7727850067828117,N/A,-11.6,N/A,-20.43610322904361,-11.57398310080566,0.1239500102438025,1.622413439868879,1.622413439868879,0.653554599467322,01 | Green
LI,2020-11-13,UT,21.96349905601005,7.486177290299395,31153806180.84,14323653.86666667,455205719.8826667,0.0,0.0,38.76,2020-07-30,1.461156037372487,11.88786371026894,100,27.44,N/A,N/A,60.74860900354074,0.2306501547987618,0.2306501547987618,0.2306501547987618,-0.1782765737874096,01 | Green
DKNG,2020-11-13,DT U,10.06060606060606,5.826268398268388,20478729480.0,29994469.46666666,1237271865.5,-0.2927247234771772,64.19,45.4,2020-04-24,6.041741342930226,1.680810159220419,-60.66,0.8200000000000001,N/A,N/A,-6.968876860622474,0.183259911894273,0.4268722466960353,0.6383259911894272,0.3451541850220265,01 | Green
CRNC,2020-11-16,UT,13.36971350613916,5.758461638407071,2983840054.29,521220.6333333334,34384925.181,0.0,0.0,74.79,2019-09-16,1.152371593496215,2.681697366930792,79.41,14.56,N/A,N/A,14.59093277748826,0.2795159780719345,0.8585372375986093,0.8585372375986093,0.6706778981147212,01 | Green
FUTU,2020-11-19,UT,10.02325581395349,5.979252491694353,6028362984.0,2046830.666666667,88013718.66666667,0.0,0.0,47.31,2019-03-08,1.45999368153951,3.554439611679324,875,26.21,N/A,N/A,32.26699477083974,0.08009088987529056,3.31726907630522,3.31726907630522,3.009723102938068,01 | Green
GTEC,2020-11-23,UDS,17.27078891257994,26.8378007919586,124492401.18,7109462.066666666,33343377.09266667,-0.45,10.0,5.5,2018-08-08,26.78346371073398,1.268423674736347,N/A,N/A,N/A,N/A,93.00411522633745,1.072727272727273,3.803636363636364,3.803636363636364,1.223636363636364,01 | Green
VNET,2020-11-25,UDS,21.34230614704702,6.249985651150802,7085974994.27,1279562.766666667,31848317.26233333,-0.007815374507227357,30.44,30.2021,2011-04-21,0.4494556823596914,6.981354281878005,300,-2.56,N/A,N/A,9.98674326115776,0.1413113657659566,0.4717519642673853,0.4717519642673853,0.2194516275358336,01 | Green
SFIX,2020-12-08,UDS,42.42255093497072,5.686296399665061,4780648420.48,1950848.733333333,69898910.11533333,0.0,0.0,51.03,2017-11-17,1.462121954333449,12.24991337958169,145,1.92,-283.3333333333334,8.505234038938664,-5.211640211640212,0.4156378600823043,1.229265138154027,1.229265138154027,0.342739564961787,01 | Green
ASO,2020-12-10,UDS,9.73293768545993,5.197032640949576,1045009551.35,926471.8333333334,15611050.39166667,0.0,0.0,18.49,2020-10-02,1.493866766241463,4.007831502702636,152.78,7.06,N/A,N/A,2.245145631067968,0.1736073553272039,0.5143320713899406,1.219037317468902,0.3293672255273121,01 | Green
ASAN,2020-12-10,UT,10.97388849682428,6.848926303054738,6532648497.18,1729171.5,49004720.31,0.0,0.0,31.45,2020-09-30,0.7501508818537268,5.494486810591083,8.110000000000001,8.799999999999999,N/A,N/A,31.50812064965196,0.03370429252782192,0.3901430842607314,0.4693163751987282,0.0149443561208269,01 | Green
KOSS,2021-01-29,UT,73.65347950428978,28.89132507149667,397211738.48,3307019.233333333,138762527.0306667,-0.42828560219694,127.45,72.865,1986-03-26,34.93414559239002,3.511417436872684,N/A,N/A,0,-3.982880428663375,1034.054054054054,0.4465353736361766,0.4465353736361766,0.4465353736361766,-0.7354010841968023,04 | Downtrend
MSTR,2021-01-29,UT,17.57078020315539,8.111408194139978,22977778010.25,10478303.0,606038849.7624999,0.0,0.0,68.0,1998-06-11,2.637499803036465,1.369896442200612,31.25,5.38,-104.3956043956044,-1.418073076575526,48.31269071979896,0.9338235294117647,0.9338235294117647,0.9338235294117647,-0.03674999999999995,04 | Downtrend
AKTS,2021-02-01,UT,5.636604774535803,7.869268662372109,838742044.92,986576.7,14877576.636,-0.1130289532293988,17.96,15.93,2026-01-09,1.77379645221184,1.570670582429121,N/A,N/A,N/A,32.90889070837686,23.3033524121014,0.202134337727558,0.202134337727558,0.202134337727558,-0.2950408035153798,04 | Downtrend
LU,2021-02-03,DT SW,6.109324758842449,7.037069361506656,53908049082.4,1228969.625,76441910.675,-0.1819533961328706,80.68,66.0,2020-10-30,0.1418005510794062,0.9184899504737556,0,N/A,N/A,N/A,11.07142857142858,0.1090909090909091,0.1090909090909091,0.1090909090909091,-0.2787878787878788,04 | Downtrend
MXL,2021-02-04,UDS,12.0493666774927,5.351667981255496,2792443350.89,523459.0666666667,16117304.66266667,-0.1087574270214415,38.71,34.5,2010-03-24,0.5771757073435277,2.931906423501309,8.33,2.3,-111.7647058823529,2.888163196064295,-14.75636766334441,0.2768115942028984,0.2768115942028984,0.4750724637681158,0.02057971014492765,04 | Downtrend
APPS,2021-02-04,UT,17.77855369335817,7.871829830628704,7798287150.0,2887996.6,186102500.904,0.0,0.0,75.8965,1995-05-24,2.386453554791196,5.021839014630419,23.53,16.78,N/A,116.3986974229039,31.26909757588101,0.3513126428754949,0.3513126428754949,0.3513126428754949,-0.0852015573840691,04 | Downtrend
PENN,2021-02-04,UT,5.859697386519946,6.604552302351497,14630748974.55,4052333.666666667,441906986.35,0.0,0.0,115.44,1994-05-26,3.02039893595804,1.514217116540502,-66.67,-5.779999999999999,-424.1379310344827,-7.495125837702238,22.23965923102791,0.1174636174636174,0.23007623007623,0.23007623007623,-0.2233194733194733,04 | Downtrend
TDC,2021-02-05,UDS,40.44362292051758,6.025085819910228,2515650000.0,1501413.033333333,40613222.55166667,-0.2312828814245245,49.42,37.99,2007-09-12,1.614422616487455,11.25551971697062,52,3.29,1387.5,-10.51587301587302,13.60772784544311,0.5683048170571203,0.5683048170571203,0.5683048170571203,0.2871808370623847,01 | Green
PERI,2021-02-09,UT,13.39578454332553,7.655603880896629,839702310.6500001,1561432.5,33336583.875,0.0,0.0,24.21,2006-01-30,3.970047891043039,3.523466432266524,150,6.08,N/A,N/A,51.41843971631208,0.1697645600991327,0.1697645600991327,0.1697645600991327,-0.2912019826517968,01 | Green
CRTO,2021-02-10,UT,11.61513425549228,5.703359293269793,1204360000.22,594225.8333333334,14606070.98333333,-0.1106969205834685,30.85,27.435,2026-07-29,1.212766197869843,9.127267270720587,28.95,10.81,-21.11111111111111,-10.14638130690361,25.66462167689161,0.3552032075815565,0.5491160925824676,0.700382722799344,0.3493712411153638,01 | Green
CCJ,2021-02-10,UT,6.274768824306465,5.097376863559189,6593969302.06,5851825.866666666,88596643.62133333,0.0,0.0,16.09,1996-03-14,1.34360109310268,2.060200401497479,1000,66.8,N/A,N/A,9.949164851125648,0.1180857675574891,0.259788688626476,0.3642013673088875,0.221255438160348,01 | Green
VERU,2021-02-10,UT,16.19097042034252,10.46511972718512,3285596664.0,578742.8200000001,111523741.414,-0.08872608872608867,245.7,223.9,1990-06-01,3.394322335299279,2.217569109539881,66.67,38.29,N/A,33.92303153120137,102.6288117770767,0.03796337650736925,0.03796337650736925,0.03796337650736925,-0.6699419383653417,01 | Green
ENPH,2021-02-10,UDS,6.946526736631697,6.406889412436653,26442144064.8,4314485.7,863328588.57,-0.03789956390774629,222.43,214.0,2012-03-30,3.264971957093563,1.502571673838205,27.5,3.94,N/A,77.67801474718016,-3.094580851372952,0.07028037383177566,0.07028037383177566,0.07028037383177566,-0.44803738317757,01 | Green
PACB,2021-02-11,UT,11.11111111111112,6.7093837535014,14267131838.1,5441923.133333334,249784271.82,-0.01696222050886664,51.88,51.0,2010-10-27,1.750767250590323,1.694988843833602,15.62,6.79,N/A,-8.803723509605863,33.62445414847161,0.05274509803921568,0.05274509803921568,0.05274509803921568,-0.5276470588235294,01 | Green
PI,2021-02-11,UT,11.7693151543645,5.397508227550552,1949677093.53,380167.9,24258513.699,0.0,0.0,71.32,2016-07-21,1.244232379787496,2.290295945554583,31.82,4.44,N/A,6.73397913561848,17.40570377184913,0.1083847448121145,0.1083847448121145,0.1083847448121145,-0.3527762198541783,01 | Green
GP,2021-02-12,CPH,12.55259467040675,8.25708775796434,2443818622.8,90512.23666666668,25814089.89733334,-0.06821480406386071,344.5,321.0,2015-02-09,1.056301382455171,1.356402233790046,N/A,N/A,N/A,N/A,-6.797385620915042,0.01246105919003115,0.01246105919003115,0.01246105919003115,-0.5376947040498442,01 | Green
POWW,2021-02-16,CPH,6.22317596566524,8.449724095646843,1081263127.24,4793636.833333333,44676695.28666666,0.0,0.0,9.9,1997-09-24,4.131898532479052,0.8683753368745325,-33.33,38.38,N/A,N/A,36.45680819912152,0.005050505050504972,0.005050505050504972,0.04747474747474745,-0.3737373737373737,01 | Green
DAC,2021-02-16,UT,6.555165902346904,7.465624879571463,674806228.69,720546.2333333333,26710648.86966667,0.0,0.0,39.5,2006-10-06,3.958269460778391,1.071731367503737,3.15,3.6,N/A,N/A,28.62595419847329,0.2987341772151899,0.740506329113924,1.012405063291139,0.4726582278481013,01 | Green
QS,2021-02-17,UDS,13.05292259083728,7.934820018054629,31150946648.64,21226823.1,1074926321.784,-0.5686732464401416,132.73,57.25,2020-11-27,3.450701944658011,2.307444866773304,-7933.329999999999,N/A,N/A,N/A,-3.284950343773874,0.257117903930131,0.257117903930131,0.257117903930131,-0.5165065502183406,01 | Green
TLRY,2021-02-18,DT,5.046017137416681,22.04513306433331,43351745686.3,5873147.303333333,1850628715.280333,-0.601684717208183,831.0,331.0,2015-01-23,4.268867806781696,0.9426436992067021,-200,1.43,N/A,46.82442117290594,67.69558275678553,0.06163141993957688,0.06163141993957688,0.06163141993957688,-0.5293051359516616,01 | Green
EVER,2021-02-23,DT SW,7.814956209297086,6.02649898944533,1569226112.03,300376.2666666667,13375755.15466667,-0.2432219419924339,63.44,48.01,2018-06-28,0.8523790836849745,3.859562584172207,13.33,5.99,N/A,66.06637307329349,10.63354037267081,0.103520099979171,0.103520099979171,0.103520099979171,-0.4044990626952718,01 | Green
UPWK,2021-02-24,UTU,17.91739383362421,7.682262666555864,6441266533.05,2207571.533333333,113844463.974,0.0,0.0,60.81,2018-10-03,1.767423586492912,4.321144685896626,120,9.049999999999999,N/A,24.30979298780285,14.01724519124476,0.05048511757934548,0.05048511757934548,0.06051471797401753,-0.2876171682289097,01 | Green
PUBM,2021-02-24,UDS,20.73223570190641,12.06183461252783,2102590815.76,626178.0666666667,28904379.55733333,-0.04897610921501716,58.6,55.73,2020-12-09,1.374703025461737,4.667370442337435,13.33,18.3,N/A,N/A,22.57036643653745,0.3809097434057063,0.3809097434057063,0.3809097434057063,-0.3881212991207608,01 | Green
SPT,2021-02-24,UTU,5.691056910569103,6.385598141695706,4099063141.8,525803.8,35570627.07000001,-0.1330180671759428,82.47,71.5,2019-12-13,0.867774558222103,1.919575324484152,45.45,4.109999999999999,N/A,N/A,7.466243050039711,0.07748251748251755,0.07748251748251755,0.6068531468531468,-0.09202797202797197,01 | Green
XNCR,2021-02-24,SW,13.73319544984488,5.028069138720637,3594986744.95,215015.6666666667,10396007.48333333,-0.006144948490872881,55.33,54.99,2013-12-03,0.2891806902469656,1.407209087089778,36.84,42.07,-266.6666666666666,-36.06002629889756,-0.6166495375128367,0.06101109292598639,0.06101109292598639,0.06101109292598639,-0.286597563193308,01 | Green
INSP,2021-02-24,UDS,5.283446712018147,5.119339164237117,6374737687.5,224043.3,49401547.65,-0.03026378997055079,239.395,232.15,2018-05-03,0.7749581248946096,1.420631636830916,41.67,12.03,N/A,54.84435597350448,9.40213346564127,0.08658195132457469,0.08658195132457469,0.08658195132457469,-0.2164979539091105,01 | Green
DAO,2021-02-25,DT SW,5.825885468387937,8.904076228306623,3644372202.51,810376.8666666667,24481485.142,-0.3297693920335431,47.7,31.97,2019-10-25,0.6717613838986806,2.246903971345677,17.14,5.11,N/A,N/A,-24.475,0.114482327181733,0.114482327181733,0.114482327181733,-0.266812636847044,04 | Downtrend
RVLV,2021-02-25,UDS,20.84468664850137,6.309147528221132,2608834914.0,858517.7,31507599.59,-0.08291976840363935,48.36,44.35,2019-06-07,1.207726844689108,8.311165861810421,136.36,3.8,463.6363636363637,-3.385064385109311,-2.211564082067674,0.258847801578354,0.3510710259301015,0.6870349492671926,0.1456595264937994,04 | Downtrend
OPRX,2021-02-25,UT,6.90074743612028,7.990613592908062,1083632261.03,287308.6333333334,16528865.67566667,-0.0387621131603626,63.98,61.5,1996-10-22,1.52532056031221,1.413535664724775,6.67,2.53,31.81818181818181,76.08277718997682,24.68573905504985,0.008292682926829276,0.008292682926829276,0.1120276422764228,-0.2149593495934959,04 | Downtrend
MNSO,2021-02-25,UDS,9.042363830544664,8.377256776687192,8384881769.73,954434.5333333333,26810066.04133333,-0.1300766827605794,35.21,30.63,2020-10-15,0.3197429227698775,1.716439360464605,N/A,N/A,N/A,N/A,-4.162401910610713,0.01207966046359776,0.01207966046359776,0.01207966046359776,-0.2249428664707803,04 | Downtrend
BILI,2021-02-25,UDS,10.65754286613183,8.500353940537977,53208822962.1,6503215.5,826818818.67,-0.1076366865406571,157.66,140.69,2018-03-28,1.553913002847165,2.834333261753359,12.12,6.72,N/A,N/A,5.57170140330483,0.04989693652711646,0.04989693652711646,0.04989693652711646,-0.2716610988698557,04 | Downtrend
ABNB,2021-02-26,UDS,6.657145995825564,6.557065174746188,107339969264.92,6157822.733333333,1121093206.830667,-0.1171228516868237,219.94,194.18,2020-12-10,1.044432204059754,3.145366282656118,73.47,14.94,N/A,N/A,-2.833964882318407,0.109743536924503,0.109743536924503,0.109743536924503,-0.3060562364816151,04 | Downtrend
BYND,2021-02-26,SW,8.521739130434792,6.117257142857166,74148974062.5,173356.5655555667,747600188.9583812,-0.3492136331400443,7191.3,4680.0,2019-05-02,1.008240772594144,1.328657878799352,-161.54,-1.23,N/A,N/A,-20.0456087657823,0.04346153846153844,0.04346153846153844,0.04346153846153844,-0.1875641025641026,04 | Downtrend
NTRA,2021-02-26,UDS,5.810959911732239,5.686839962170969,15677119929.2,813043.0333333333,88426560.30533333,-0.0952118877270226,127.19,115.08,2015-07-02,0.5640485031987997,1.767051608707387,-43.55,5.42,N/A,32.28161823632424,0.1104565537555224,0.08502780674313515,0.08502780674313515,0.09193604449078907,-0.2216718804310046,04 | Downtrend
CVNA,2021-02-26,UDS,5.438822726238346,6.687833898635681,57980152300.0,6904684.0,364097796.688,-0.116238482091908,62.9129,55.6,2017-04-28,0.6279697141947659,2.39855292436265,14.89,14.12,N/A,65.71291020995001,2.988164524823245,0.163273381294964,0.163273381294964,0.3555035971223022,-0.06787769784172659,04 | Downtrend
ETSY,2021-02-26,UDS,13.37179876505719,6.185458331525724,18134237769.84,2871706.833333333,567391836.1300001,-0.06460099386144402,239.47,224.0,2015-04-16,3.128843038959482,3.847548040680336,83.05,19.72,198.2142857142857,106.2924538880299,-2.386245738846882,0.1243750000000001,0.1243750000000001,0.1243750000000001,-0.2490178571428572,04 | Downtrend
LPSN,2021-02-26,UDS,14.25133230187383,6.228615633979247,10764908497.35,55749.98888886667,48644652.80498061,-0.07988370483178742,1083.45,996.9,2000-04-07,0.4518817119249594,2.775529402193314,N/A,3.09,-93.68421052631578,29.03728241792474,-9.491208962190756,0.03776707794161904,0.03776707794161904,0.03776707794161904,-0.1767980740294914,04 | Downtrend
AMCX,2021-02-26,UDS,7.405313736574337,5.428423376133952,2189135960.97,1642727.466666667,87179546.65599999,-0.2191780821917808,73.0,57.0,2011-06-16,3.982372415890102,2.044913150941816,423.08,10.68,-44.10377358490566,-8.67399942947744,11.1646418098031,0.4671929824561403,0.4671929824561403,0.4671929824561403,-0.09245614035087724,04 | Downtrend
SSYS,2021-03-01,DT,18.12119454914467,12.57252619806983,3020875630.0,2512448.4,86654345.316,-0.2846356453028973,56.95,40.74,1994-10-28,2.868517474054368,1.698647820986095,N/A,5.21,N/A,N/A,-16.91158756926041,0.02871870397643583,0.02871870397643583,0.02871870397643583,-0.4307805596465391,04 | Downtrend
NNOX,2021-03-02,DT,6.671128960285588,17.3877414419583,3329616755.16,2235275.133333333,100185031.476,-0.4957282987026684,94.81,47.81,2020-08-21,3.008905794360281,1.356734996410733,10,-100,N/A,N/A,-35.53861642456494,0.1001882451370006,0.3386320853377953,0.3386320853377953,-0.445095168374817,04 | Downtrend
SE,2021-03-02,UTU,8.64753933443323,5.666590019372579,152208528562.22,3807674.366666667,946245156.8603333,-0.05263157894736847,285.0,270.0,2017-10-20,0.6216768309888273,2.059802452820042,-61.11,-17.96,N/A,-6.07565915170042,6.414593414122383,0.02229629629629626,0.02962962962962967,0.2933970370370369,-0.04314814814814805,04 | Downtrend
ZM,2021-03-02,UDS,7.308499731484641,5.039823965518448,120125510425.88,4743347.466666667,1943159723.194667,-0.2534474560152163,588.84,439.6,2019-04-18,1.617607880545604,3.8277963247671,54.43,8.709999999999999,2712.5,325.8144920646647,7.260492760453485,0.0009099181073701779,0.0009099181073701779,0.0009099181073701779,-0.255891719745223,04 | Downtrend
KOPN,2021-03-02,UDS,20.97826086956525,19.72430124223602,1710028048.8,6894894.2,63433026.63999999,-0.1828193832599118,13.62,11.13,1992-04-15,3.709472875869707,2.171747464957476,300,49.22000000000001,N/A,25.74349803677642,76.92307692307689,0.06558849955076362,0.07367475292003589,0.07367475292003589,-0.2767295597484276,04 | Downtrend
AMRC,2021-03-02,UDS,5.016501650165006,5.472206506364947,3215812386.6,431492.5666666667,26148449.54,-0.09415699950181478,70.255,63.64,2010-07-22,0.813121115179425,1.882340653686039,62.07,18.36,17.14285714285716,23.88989838167353,2.261221734728314,0.03708359522313009,0.03708359522313009,0.1348208673790068,-0.1318353236957889,04 | Downtrend
AMBA,2021-03-03,UDS,5.751473045466549,5.589990828800112,4988251316.349999,718200.4666666667,81666575.06466666,-0.06732335375785314,128.93,120.25,2012-10-10,1.637178439606441,5.222558566981345,75,6.88,-12.78195488721804,2.423015965400836,4.714982963440462,0.1410386694386694,0.1410386694386694,0.1630353430353431,-0.1732224532224532,04 | Downtrend
MRVI,2021-03-03,UDS,11.23787792355961,6.425943280906216,5223573447.700001,1106130.833333333,38780947.01666667,0.0,0.0,39.0,2020-11-20,0.7424217808929702,4.720930691592391,18.18,10.48,N/A,N/A,1.534897190848539,0.03179487179487195,0.05128205128205132,0.6294871794871795,0.03179487179487195,04 | Downtrend
QTRX,2021-03-03,UDS,10.10376134889754,8.77455994070781,3646295311.5,487384.1333333334,37577316.68,-0.08296424327535912,92.57,84.89,2017-12-07,1.030561528066183,1.470636713382271,6.06,11.48,N/A,52.24909225508514,3.323505762530132,0.0,0.0,0.0,-0.3690658499234303,04 | Downtrend
AHCO,2021-03-04,UDS,17.40177107248279,5.275336175795336,4067645318.89,971033.1,29606799.219,-0.139089444190577,41.579,35.7958,2018-04-16,0.7278608850557121,2.356506693747103,-376.47,7.84,N/A,N/A,-19.61508041128395,0.08783712055604287,0.08783712055604287,0.08783712055604287,-0.2789656887120836,04 | Downtrend
RRGB,2021-03-04,UT,5.936507936507929,6.510158730158716,595468188.0,341689.5333333333,10763220.3,-0.1051220166264415,37.29,33.37,2002-07-19,1.807522302098194,2.429413016845897,-62.73,-12.9,-3062.295081967213,-33.93872612763058,17.36214605067063,0.2388372789931077,0.2388372789931077,0.2388372789931077,-0.05813605034462088,04 | Downtrend
VERI,2021-03-05,UDS,7.062228654124469,11.38269588587967,3470791699.4,828202.7333333333,28614404.43666666,-0.2651864447856843,50.3393,36.99,2017-05-12,0.8244345070207835,2.016393973102077,6.67,3.75,N/A,48.70665780436468,-18.28287606433303,0.05920519059205187,0.05920519059205187,0.05920519059205187,-0.51338199513382,04 | Downtrend
FLGT,2021-03-05,UDS,29.63872325499823,18.06678525496488,2353383010.29,1986748.666666667,169926613.46,-0.4160826879154711,189.8899,110.88,2016-09-29,7.220525206352216,3.740836535941637,53.09,47.9,N/A,452.3228171965027,-28.24664429530202,0.1086760461760463,0.1086760461760463,0.1086760461760463,-0.3348665223665224,04 | Downtrend
XPEV,2021-03-08,DT,5.030324652158402,10.67988379797153,26813319140.57,19058221.23333333,534201941.1703334,-0.604779164988589,74.49,29.44,2020-08-27,1.99230068597534,2.14673806642784,-25,6.11,N/A,N/A,-40.27274664393777,0.3328804347826086,0.3641304347826084,0.6297554347826084,0.3468070652173911,04 | Downtrend
OPTT,2021-03-08,DT,10.94339622641509,18.66981132075471,715867880.9499999,10443294.03333333,27674729.18833333,-0.8185185185185185,16.2,2.94,2007-04-24,3.865898991250633,1.272509608326933,N/A,N/A,N/A,66.87116564417178,-45.47325102880659,0.435374149659864,0.435374149659864,0.435374149659864,-0.129251700680272,04 | Downtrend
PRTS,2021-03-09,DT,7.997481108312332,8.982502698812516,1220764201.6,392555.5066666667,62337814.45866667,-0.2626827171109201,232.6,171.5,2007-02-09,5.106458264172831,1.03122206446015,30,30.18,N/A,33.42750167875141,-23.02472127968977,0.005830903790087438,0.06122448979591844,0.2093294460641399,0.007580174927113825,04 | Downtrend
YQ,2021-03-09,DT,9.686098654708509,13.26008968609868,2160039771.0,89140.87833333333,19878415.86833333,-0.488926034266611,478.6,244.6,2020-12-04,0.9202800862842692,0.8755433136764956,N/A,N/A,N/A,N/A,-22.08245981830888,0.01390024529844647,0.01390024529844647,0.01390024529844647,-0.669664758789861,04 | Downtrend
MTLS,2021-03-09,DT,9.090909090909083,24.02033057851241,1750289381.5,558783.3,16903194.825,-0.6224256292906178,87.4,33.0,2014-06-25,0.9657371520196247,3.072770786099011,400,1.13,N/A,N/A,-60.41612143417954,0.407878787878788,0.407878787878788,0.407878787878788,-0.1515151515151515,04 | Downtrend
DQ,2021-03-09,DT,13.82565241532481,17.43774292059965,4874668509.48,2808154.2,202299428.568,-0.3708278984117241,130.33,82.0,2010-10-07,4.150014060947503,1.453852854661614,-11.3,6.7,N/A,N/A,-36.85686738539749,0.1635365853658537,0.1635365853658537,0.1635365853658537,-0.1615853658536586,04 | Downtrend
CLNE,2021-03-10,DT,8.305084745762702,11.49370460048421,2601251177.0,8751037.633333333,103262244.0733333,-0.3542193026781203,19.79,12.78,2007-05-25,3.969714458425532,1.132793322958665,N/A,5.13,-150,-15.21253251565838,-36.69527896995708,0.2981220657276995,0.2981220657276995,0.2981220657276995,-0.1400625978090766,04 | Downtrend
UNFI,2021-03-10,CPH,13.56487549148098,7.020501778693117,1847044152.8,1285515.6,39233936.112,0.0,0.0,34.66,1996-11-01,2.124147170630647,4.192385529977233,54.32,-0.32,-25.00000000000001,49.93775831575279,8.805704099821732,0.1935949221004041,0.2233121754183498,0.2233121754183498,0.00144258511252171,04 | Downtrend
BTAI,2021-03-11,SW,5.436464088397797,10.14345698500396,22665181276.0,34093.5625,24683739.25,-0.3327272727272728,1144.0,763.36,2018-03-08,0.108905986453051,1.234479749659485,9.379999999999999,N/A,N/A,N/A,-26.20678408349642,0.04338713058059107,0.04338713058059107,0.04338713058059107,-0.2064556696709285,04 | Downtrend
LODE,2021-03-11,DT U,6.585365853658542,21.08275261324041,3115714927.0,2170740.043333333,89000341.77666667,-0.5563451776649746,98.5,43.7,2002-02-28,2.856498231125452,0.1799492763768107,-366.67,-82.1,N/A,12.2851162376414,80.61674008810573,0.4416475972540044,0.4416475972540044,0.4416475972540044,-0.06636155606407335,04 | Downtrend
AMC,2021-03-11,DT U,8.121827411167516,14.7751269035533,87921556843.0,23409057.58,2305792171.63,-0.4769155206286837,203.6,106.5,2013-12-18,2.622556122098034,0.3585517644747491,0,14.16,-1934.682080924856,-55.37203932667958,69.82758620689656,0.3652582159624413,5.818779342723005,5.818779342723005,3.63849765258216,04 | Downtrend
FINV,2021-03-11,DT U,19.36758893280632,12.23178994918129,1194635650.12,2575102.433333333,13030018.31266666,-0.2598039215686274,8.16,6.04,2017-11-10,1.09071065402726,33.38135791698539,N/A,-8.81,N/A,N/A,-4.166666666666674,0.7566225165562912,0.7566225165562912,0.7566225165562912,0.3708609271523178,04 | Downtrend
ASAN,2021-03-11,DT U,12.24937343358394,8.841277300393864,7357873677.84,1196256.433333333,38184505.35200001,-0.1804666056724611,43.72,35.83,2020-09-30,0.5189611431764831,1.980852043066686,15.38,9.08,N/A,N/A,-19.65768940347343,0.01004744627407206,0.2997488138431483,1.866313145408875,0.2969578565447948,04 | Downtrend
RSI,2021-03-11,DT,15.7703927492447,9.005955977557166,1913616042.85,1289631.566666667,21343402.42833333,-0.2783427495291902,26.55,19.16,2020-12-30,1.115344037174042,4.02227282122721,96.88,6.02,N/A,N/A,-18.35224469659595,0.1210855949895615,0.1210855949895615,0.1210855949895615,-0.2802713987473905,04 | Downtrend
YALA,2021-03-15,UTU,15.01463822668338,13.44371751209893,3630231079.17,2635878.366666667,63023851.747,-0.3349455864570737,41.35,27.5,2020-09-30,1.736083747082279,2.729564873320975,-50,17.34,N/A,N/A,-39.00510204081633,0.07200000000000006,0.07200000000000006,0.07200000000000006,-0.3458181818181819,04 | Downtrend
BEKE,2021-03-16,SW,5.882352941176472,7.960480192076841,65651280408.0,5559298.633333334,330778268.6833333,-0.2065491183879093,79.4,63.0,2020-08-13,0.5038413061065387,2.144761198563423,85.71,12.43,N/A,N/A,-12.5,0.1505746031746031,0.1505746031746031,0.1505746031746031,-0.2420634920634921,01 | Green
XNET,2021-03-16,UTU,10.85271317829457,11.5294389073459,492680288.16,3610356.833333333,27944161.89,-0.2352941176470589,11.22,8.58,2014-06-24,5.671865215952178,1.482257363203388,N/A,N/A,N/A,N/A,-18.86792452830188,0.1247086247086246,0.1247086247086246,0.1247086247086246,-0.3962703962703963,01 | Green
PAR,2021-03-16,UDS,5.927316615260825,6.837659725282093,3084417135.56,243086.6333333333,18126970.24766666,-0.1257332595462092,90.35,78.99,1982-12-03,0.5876951609003291,1.312881731190759,-60.87,1.38,-22.05882352941173,6.807124378533179,-10.60896667465836,0.09216356500822886,0.09216356500822886,0.09216356500822886,-0.1547031269780985,01 | Green
NFE,2021-03-16,UDS,7.721280602636549,8.439467312348661,12133759932.0,408510.5333333333,17353527.456,-0.3056145675265555,65.9,45.76,2019-01-31,0.1430185495118794,6.842261758081146,-100,-11.81,N/A,138.8103106411104,-23.59712230215828,0.2456293706293706,0.2456293706293706,0.2456293706293706,-0.07211538461538458,01 | Green
QFIN,2021-03-16,U,5.917667238421953,9.236657681940697,3549067418.6,4076184.666666667,118820783.0333333,-0.0750449370880768,33.38,30.875,2018-12-14,3.3479438122425,2.020648884569672,11.32,-17.44,N/A,N/A,-5.907036797934162,0.1384615384615384,0.428016194331984,0.4574898785425101,0.3467206477732794,01 | Green
FUTU,2021-03-16,UDS,8.8029118360744,12.1468532141894,20799254239.68,13439411.66666667,1993871114.866667,-0.2096940024479805,204.25,161.42,2019-03-08,9.586262526003637,1.404435883664054,N/A,N/A,N/A,N/A,-22.32460732984293,0.01908065915004342,0.1038285218684178,0.1240242844752819,-0.09478379382976077,01 | Green
SNDL,2021-03-18,DT SW,5.194805194805197,12.45222634508349,3829397248.6,61817778.5,951993788.9,-0.8774583963691377,132.2,16.2,2019-08-01,24.86014709620534,0.6816353356987748,33.33,15.16,N/A,N/A,6.20689655172415,0.0370370370370372,0.0370370370370372,0.0370370370370372,-0.4302469135802469,01 | Green
CSIQ,2021-03-18,UDS,7.910628019323673,8.214906832298142,2810925408.6,2109431.566666667,87330466.86,-0.337067814215759,67.39,44.675,2006-11-09,3.106822635449993,2.155103807033512,120,4.22,N/A,N/A,-20.39992309171313,0.1415780637940685,0.1415780637940685,0.1415780637940685,-0.1182988248461108,01 | Green
UPST,2021-03-18,UDS,37.42391840763284,12.71705872676426,5915660066.34,1315420.0,79964381.8,-0.2087516575108922,105.58,83.54,2020-12-16,1.351740649450023,16.36039287832023,250,17.08,N/A,N/A,-26.15403304178814,0.9830021546564518,1.296983480967201,2.696193440268134,0.4826430452477855,01 | Green
BNGO,2021-03-24,DT SW,5.017921146953408,12.78067929680832,59144094000.0,54545.5179444,273927591.1167768,-0.4397705544933078,9414.0,5274.0,2018-08-01,0.4631529077388128,1.025804143798482,0,14,N/A,-16.04741316162641,-25.20107238605897,0.0,0.03754266211604085,0.03754266211604085,-0.1865756541524459,01 | Green
TIGR,2021-03-26,DT,6.573341448569692,15.49382662377186,2936051860.23,9081724.6,149212735.178,-0.5451948051948052,38.5,17.51,2019-03-20,5.082087860883737,2.388026608954867,N/A,14.65,N/A,6.206674189908109,-31.11111111111111,0.280354083380925,0.7093089663049683,0.7093089663049683,0.5465448315248427,01 | Green
BOXL,2021-03-26,UDS,5.88235294117645,10.53806228373702,2777422708.8,3842.9264816,15992722.84582656,-0.3419354838709678,6696.0,4406.4,2017-11-30,0.575811625474046,1.374569838453087,109.09,17.23,N/A,66.18349496445028,3.956834532374121,0.01307189542483678,0.01307189542483678,0.01307189542483678,-0.15359477124183,01 | Green
TLS,2021-03-26,UDS,16.7479674796748,6.57830429732868,2298156261.75,597536.9333333333,18374260.7,-0.1419694072657744,41.84,35.9,2020-11-19,0.7995218169372159,4.995138933671492,180,0.97,N/A,N/A,-7.713085234093642,0.09888579387186636,0.09888579387186636,0.09888579387186636,-0.04651810584958227,01 | Green
CHWY,2021-03-31,DT SW,14.45633242100026,5.563475278143113,32909517758.66,3255660.933333333,261690025.8213333,-0.2333333333333333,120.0,92.0,2019-06-14,0.795180372257113,6.886436720253055,150,4.23,N/A,N/A,-12.22015944086491,0.005652173913043512,0.005652173913043512,0.06239130434782614,-0.1335869565217392,04 | Downtrend
HYFM,2021-03-31,DT SW,8.45096932053455,11.54478233981341,2560506309.9,51235.30666666666,27221318.432,-0.3965228320067029,954.8,576.2,2020-12-10,1.063122489749424,1.96393866937591,105.88,13.35,N/A,N/A,-15.45194143857416,0.1886497743838944,0.2315168344324887,0.2315168344324887,0.02585907670947574,04 | Downtrend
DLPN,2021-04-16,DT,5.321507760532151,21.17722521381059,234980940.04,4759641.283333333,85863928.75133333,-0.7076923076923076,65.0,19.0,2006-10-12,36.54080570820638,0.1430898799841978,16.67,-7.53,-177.2727272727272,-3.743804686495538,77.21021611001963,0.5515789473684212,0.5515789473684212,0.605263157894737,-0.1884210526315789,01 | Green
HZO,2021-04-22,UDS,12.04255319148935,5.37861702127662,1038076545.0,552959.9333333333,25989116.86666667,-0.17705891545554,63.99,52.66,1998-06-03,2.503583863044191,2.760992086346461,128.38,17.55,60.5911330049261,17.99652941126321,-3.609515996718615,0.3461830611469807,0.3461830611469807,0.3461830611469807,-0.02373718192176222,01 | Green
SOS,2021-05-05,DT,6.650246305418728,11.08831808585502,55328624400.0,67169.28217773333,204530464.231198,-0.7273299748110831,11910.0,3247.5,2017-04-28,0.3696648280147699,0.9166467469025695,N/A,N/A,N/A,N/A,-29.75778546712803,0.09237875288683606,0.09237875288683606,0.09237875288683606,-0.3648960739030023,01 | Green
RUN,2021-05-06,DT,7.074569789674934,8.363493580988795,10077037726.88,5773162.3,241549110.632,-0.5561280095115427,100.93,44.8,2015-08-05,2.397024970817363,2.610940801023384,-9.09,3.11,-325,14.27255457228578,-21.96941439761282,0.1142857142857143,0.3379464285714286,0.3379464285714286,0.07968749999999991,01 | Green
PSNL,2021-05-06,DT,6.511406844106471,7.237540738728949,2247069306.88,770433.8,16209927.152,-0.5808080808080809,53.46,22.41,2019-06-20,0.7213808271230887,1.437784790854191,19.44,2.21,N/A,14.33286386980211,-9.075194468452896,0.05979473449352968,0.2704149933065596,0.2704149933065596,-0.06604194556001786,01 | Green
PLMR,2021-05-06,DT,5.267234701781565,5.243432555051466,1698806437.65,244312.7666666667,15770389.08833333,-0.4424386641503241,121.87,67.95,2019-04-17,0.9283217168725174,1.996657836000657,52.08000000000001,-49.75,N/A,N/A,-13.70320855614974,0.0956585724797645,0.2644591611479028,0.405298013245033,0.25121412803532,01 | Green
HIMX,2021-05-06,UDS,7.491856677524433,6.320556072591918,2141950223.92,3593466.866666667,44127773.12266666,-0.261744966442953,17.88,13.2,2006-03-31,2.060168001565791,2.267001840358326,9.43,3.29,N/A,N/A,-20.7741935483871,0.04469696969696968,0.3106060606060608,0.3106060606060608,0.05454545454545467,01 | Green
BCRX,2021-05-06,UDS,5.89887640449438,5.824103798822887,2729114921.4,3597994.3,38426579.124,-0.2057584269662921,14.24,11.31,1994-03-03,1.408023488592692,5.009344233813823,-33.33,114.39,N/A,-63.52615951674004,2.692307692307683,0.4783377541998231,0.6339522546419099,0.6339522546419099,0.5570291777188328,01 | Green
GRPN,2021-05-07,UDS,5.067429505516974,5.293449705178329,1990159586.24,953450.3666666667,46661860.94466667,-0.3144,75.0,51.42,2011-11-04,2.344629107499099,2.415686312075465,143.1,17.25,N/A,-39.18422610414634,0.4309460291401557,0.07672112018669774,0.07672112018669774,0.07672112018669774,-0.4047063399455465,01 | Green
TWST,2021-05-07,DT,13.07766059443911,8.37372277770166,6540384323.2,802749.6333333333,83726786.75666666,-0.4490587191105713,214.07,117.94,2018-10-31,1.28015086911134,2.019052930949123,-1.3,10.18,N/A,68.33227879716274,-21.12228692429857,0.02484314057995607,0.1605053416991691,0.1869594709174158,-0.06079362387654741,01 | Green
ROKU,2021-05-07,DT,13.30494756844254,6.656196273991312,42177702610.42,3705669.0,1053077016.42,-0.338449211045365,486.72,321.99,2017-09-28,2.496762391605079,4.523101226796025,459.9999999999999,17.05,N/A,57.5298891596489,-23.94690360220522,0.1099409919562719,0.5241507500232927,0.5241507500232927,0.2157830988540017,01 | Green
NET,2021-05-07,UDS,8.484146518025204,5.994332871414088,24594425915.05,4370862.466666667,301895470.5726666,-0.2176046778740732,95.77,74.93,2019-09-13,1.227495496806569,1.637147143057365,0,5.37,N/A,N/A,-2.553611738148986,0.1497397571066328,0.6384625650607232,1.90938208995062,0.5857466969171223,01 | Green
BILL,2021-05-07,UDS,16.84569937850071,6.475260602207593,12980441429.91,1065625.833333333,138883014.8583333,-0.2228374585353406,195.95,152.285,2019-12-12,1.069940614949459,3.675829618119556,71.43,9.41,N/A,N/A,-16.8336417586625,0.03461535935909632,0.3911416094822209,1.255639097744361,0.3325015595757954,01 | Green
DDOG,2021-05-07,DT,11.18273542600898,5.647651745675899,25623593712.64,3327753.4,237468482.624,-0.3356944897976272,119.433,79.34,2019-09-19,0.9267571336289878,2.101128647333063,100,6.34,N/A,N/A,-19.63963963963964,0.1896899420216789,0.7063271993950087,1.445172674565162,0.6627174187043103,01 | Green
PTON,2021-05-07,DT,6.887085223203626,6.819331241687415,36768679487.78,12288781.93333333,1029554150.374667,-0.4765912677538138,171.09,89.55,2019-09-26,2.800084650080613,5.053795269288663,75,13.69,N/A,N/A,-29.35919055649241,0.273031825795645,0.4483528754885537,0.4483528754885537,0.2584031267448352,01 | Green
NTRA,2021-05-07,UDS,5.025438687571393,5.815113398697641,13882525012.7,776764.8333333334,74810221.09833334,-0.2047330764997247,127.19,101.15,2015-07-02,0.5388805064633092,1.784689445904799,27.45,33.18,N/A,29.33138842581567,-8.258715945894457,0.03598615916955028,0.2423133959466139,0.2762234305486899,0.1596638655462184,01 | Green
BNTX,2021-05-10,UTU,9.30270535082467,8.72229134427707,46148754077.86,3563487.7,654648325.3670001,-0.05794041754632884,213.15,200.8,2019-10-10,1.418561212427335,2.044869693250239,42.2,38.76,N/A,N/A,51.17676102699144,0.2588645418326692,1.310756972111554,1.310756972111554,1.074203187250996,01 | Green
DDD,2021-05-11,DT,14.12492965672483,7.772972103866841,2952432669.79,3083488.766666667,54793595.38366666,-0.6410619469026548,56.5,20.28,1988-03-10,1.855879591915097,19.53412240418626,750,6.94,N/A,-15.6320395526481,-22.63822377013496,0.6272189349112425,1.045364891518737,1.045364891518737,0.668639053254438,01 | Green
U,2021-05-12,DT,6.340193991010179,5.603822366419949,37205118395.82,2847606.566666667,240736659.146,-0.4861095232651195,174.94,89.9,2020-09-18,0.6470525280549754,3.437925770574322,16.67,8.39,N/A,N/A,-16.39636075949367,0.1284760845383759,0.4234705228031144,1.189432703003337,0.4092324805339265,04 | Downtrend
FUBO,2021-05-12,DT,19.8641765704584,8.08016007761337,6404514895.08,1391825.4361111,295122665.4729977,-0.6599775244822603,747.48,254.16,2013-01-09,4.608040894708719,3.421778186475708,-19.57,15.35,N/A,N/A,-15.73676680972819,0.4905571293673276,0.6567516525023607,0.6572237960339944,0.4900849858356942,04 | Downtrend
UPST,2021-05-12,DT,28.89087656529517,11.01428731152567,8703678834.24,2170505.733333333,194130032.7893333,-0.3041168658698539,165.66,115.28,2020-12-16,2.230436537083972,5.880967188415013,46.67,4.63,N/A,N/A,-14.4196727585877,0.6645558639833449,0.6645558639833449,2.482736814712005,0.5451075641915337,04 | Downtrend
SNDL,2021-05-12,DT,5.851351351351353,8.81660231660233,1840099976.6,19342753.11333333,143136373.0386667,-0.9407488653555219,132.2,7.833,2019-08-01,7.778728050589045,1.012276136973644,N/A,3.96,N/A,N/A,-17.77777777777777,0.9022086046214732,0.9022086046214732,0.9022086046214732,0.05451295799821265,04 | Downtrend
SONO,2021-05-13,DT,10.70181009844395,5.64664519348547,3725077398.71,2414680.266666667,76038281.59733333,-0.2204830053667263,44.72,34.86,2018-08-02,2.041253736732168,6.685000172831716,N/A,34.03,56.89655172413792,57.86161126610362,-28.25244930508088,0.09179575444635701,0.1270797475616752,0.2211703958691911,0.0940906483075159,04 | Downtrend
CELH,2021-05-13,UDS,11.120721611269,8.753317867757241,3890844007.2049,2673182.5,41104725.34775,-0.2745517613243155,23.5533,17.0867,2006-11-01,1.056447528393172,2.192277930893233,N/A,18.93,0,93.3906474368247,-22.3528401832018,0.6191950464396283,0.6191950464396283,1.150210397560676,0.416891500406749,04 | Downtrend
BOOT,2021-05-13,UT,6.61340434975588,5.132215247394992,2046952605.96,348736.2333333333,23571082.011,-0.0474553866490417,75.65,72.06,2014-10-30,1.151520652816747,3.744210882589678,59.57,11.17,43.97163120567376,15.5397357448762,0.7903370116313813,0.1115736885928391,0.2940605051346099,0.6938662225922843,0.2037191229530946,04 | Downtrend
PLBY,2021-05-13,DT,5.350686912509039,16.23189753124677,4970820975.12,4070045.533333333,168866189.178,-0.3066307106598984,63.04,43.71,2021-02-11,3.397148881909259,0.7297203374448735,N/A,10.94,N/A,N/A,-2.559887271019246,0.269732326698696,0.269732326698696,0.269732326698696,-0.4513841226264013,04 | Downtrend
CRCT,2021-05-14,DT,12.20000000000001,9.679392857142854,4188888320.0,528421.5333333333,10568430.66666667,-0.1795246800731262,27.35,22.44,2021-03-25,0.2522967875798289,2.407080180810194,14.29,10.09,N/A,N/A,0.0,0.7330614973262031,1.110516934046346,1.110516934046346,0.2580213903743316,04 | Downtrend
OSCR,2021-05-14,DT SW,6.874695270599718,6.729086856585637,6330308950.000001,767633.1333333333,15744155.56466667,-0.4075675675675675,37.0,21.92,2021-03-03,0.2487106978351612,2.50643297748916,N/A,N/A,N/A,N/A,-16.08019639934534,0.3549270072992698,0.3549270072992698,0.3549270072992698,-0.3293795620437957,04 | Downtrend
AVIR,2021-05-14,DT,7.908428720083238,13.21647837074476,1541534314.78,928392.1666666666,17843697.44333333,-0.7797686615265196,94.1737,20.74,2020-10-30,1.157528397016572,1.735605984037278,112.5,35.69,N/A,N/A,-57.23186470850023,0.2328833172613309,0.6620057859209258,1.261808100289296,0.3341369334619095,04 | Downtrend
AEVA,2021-05-14,DT,18.69688385269122,8.028126264670197,2460613257.4,296349.9533333333,10461153.35266666,-0.5568482284505553,94.55,41.9,2021-03-15,0.4251441514104664,3.733604772177795,N/A,N/A,N/A,N/A,-31.18908382066277,0.4880668257756564,0.4880668257756564,0.4880668257756564,0.01073985680190948,04 | Downtrend
PUBM,2021-05-14,DT,11.88811188811187,13.61969280719281,1563278093.52,541563.6666666666,18586465.04,-0.501027182323888,76.9581,38.4,2020-12-09,1.188941693550458,2.578324739904388,N/A,10.4,N/A,N/A,-37.61134339211052,0.03307031250000003,0.1507812500000001,0.1507812500000001,-0.2276041666666666,04 | Downtrend
BNGO,2021-05-14,DT,19.47845804988662,13.86183997408486,31161942000.0,38359.82194443333,101500088.8649706,-0.6641810070108349,9414.0,3161.4,2018-08-01,0.3257181111015822,4.508281049466553,0,9.24,N/A,11.93296930274026,-22.08480565371025,0.7308787246156765,0.7308787246156765,0.7308787246156765,0.0799013095464034,04 | Downtrend
DASH,2021-05-14,DT,8.234479175686204,8.10170948628824,50041315080.46,2627102.266666667,303404040.7773333,-0.5118903510484595,256.09,125.0,2020-12-09,0.6063070890313307,5.810465467478059,-30.77,8.42,N/A,N/A,-22.74399625393003,0.2807999999999999,0.5635999999999999,0.996,0.5583199999999999,04 | Downtrend
GEVO,2021-05-14,DT,11.5546218487395,12.89015606242499,1176848615.04,12007059.93333333,57153605.28266667,-0.6589595375722543,15.57,5.31,2011-02-09,4.85649594622874,2.943167036411173,-25,-72.65,N/A,-77.39208559643893,-24.80252764612955,0.8154425612052734,0.8154425612052734,0.8154425612052734,-0.01318267419962327,04 | Downtrend
PRPL,2021-05-17,DT SW,5.769230769230771,5.342673992673985,3400512960.0,29608.63466666666,23094735.04,-0.1966893865628043,1027.0,825.0,2015-10-29,0.679154448510027,1.132753346366168,30.77,7.57,76.74418604651162,51.38528987435743,-9.904706901530469,0.006666666666666599,0.006666666666666599,0.006666666666666599,-0.2333333333333333,04 | Downtrend
IQ,2021-05-18,DT,6.719367588932812,5.538057594579322,12207562897.75,18872886.03333334,238742008.3216667,-0.5340006903693476,28.97,13.5,2018-03-29,1.955689356846727,1.304444267639752,30.56,1.69,N/A,N/A,-10.60070671378092,0.174074074074074,0.1944444444444444,0.1944444444444444,-0.3548148148148148,04 | Downtrend
DLPN,2021-05-18,DT SW,6.659729448491158,12.94031514791142,250351090.22,994221.9166666666,19108945.23833333,-0.6846153846153846,65.0,20.5,2006-10-12,7.632858807022187,0.5133411278149421,N/A,N/A,-177.2727272727272,-3.743804686495538,10.71428571428572,0.1073170731707316,0.248780487804878,0.4878048780487805,-0.01170731707317063,04 | Downtrend
LSPD,2021-05-20,SW,7.294568245125355,5.585480501392761,7426968564.48,698535.7333333333,40123892.52266666,-0.2532412456076578,82.53,61.63,2019-08-13,0.5402458913662568,3.353978741817646,N/A,N/A,N/A,N/A,-14.07629020194465,0.308129157877657,0.5896478987506084,1.109686840824274,0.5163069933473958,04 | Downtrend
PLCE,2021-05-20,UT,13.53642010163749,5.928886020811504,1969092282.85,550318.9333333333,48730741.54666667,-0.09041436714014295,110.53,100.5365,1997-09-19,2.474782008496594,4.77649566602833,16150,22.75,N/A,-18.60667879424825,18.19273892151627,0.02778592849363171,0.06757247367871355,0.1289432196267026,-0.00921555852849465,04 | Downtrend
TIGR,2021-05-25,DT SW,9.393232205367564,8.618144690781786,3062929329.54,7089228.133333334,121509370.2053334,-0.512987012987013,38.5,18.75,2019-03-20,3.967096760393816,4.352148276189391,N/A,101.18,N/A,6.206674189908109,-19.53051643192488,0.5962666666666667,0.5962666666666667,0.5962666666666667,-0.2576000000000001,04 | Downtrend
VNET,2021-05-26,DT,6.786050895381712,8.261646694493086,6041156664.46,1678688.4,35621767.848,-0.4902137232845895,44.45,22.66,2011-04-21,0.5896514496563567,3.690865439947045,N/A,1.03,N/A,N/A,-28.83970489604293,0.1562224183583407,0.1562224183583407,0.1562224183583407,-0.1187113857016771,04 | Downtrend
ANF,2021-05-26,UT,7.095926412614983,5.440397972592461,1690626565.5,1462385.766666667,55643778.42166666,-0.06536697247706424,43.6,40.75,1996-09-26,3.291311017889401,4.373785731366413,276.32,13.68,-403.3333333333333,-13.7366539399013,-1.983513652756319,0.1604907975460121,0.1604907975460121,0.2017177914110428,-0.1244171779141104,04 | Downtrend
URBN,2021-05-26,UDS,12.5858123569794,5.379474501471058,2993802501.68,1840379.066666667,64339652.17066666,-0.06174016686531592,41.95,39.36,1993-11-17,2.14909474270804,4.592803272485241,217.65,3.03,-99.40119760479041,-13.40532844485489,-7.021276595744686,0.06961382113821135,0.06961382113821135,0.06961382113821135,-0.1074695121951219,04 | Downtrend
CAN,2021-06-01,DT,5.354761904761896,10.97967687074827,6256690994.400001,8114064.666666667,68158143.2,-0.7736624040920717,39.1,8.8498,2019-11-21,1.089364062585229,2.776944099615672,N/A,N/A,N/A,N/A,-36.50793650793651,0.2994643946755859,0.2994643946755859,0.2994643946755859,0.03392167054622708,01 | Green
RLX,2021-06-02,DT SW,7.341772151898751,6.486136226642566,14483716583.4,5241230.533333333,62108581.82,-0.6365714285714286,35.0,12.72,2021-01-22,0.4288166056161549,2.57549308586032,N/A,N/A,N/A,N/A,12.74976213130352,0.003144654088050203,0.003144654088050203,0.003144654088050203,-0.5361635220125787,01 | Green
CTRM,2021-06-03,DT,5.128205128205132,9.735347985348005,301465444.8,929177.3120000002,28990332.1344,-0.9658333333333333,960.0,32.8,2019-02-11,9.616469361399925,2.869404650293484,N/A,N/A,N/A,N/A,-30.63583815028902,0.25,0.25,0.25,-0.3018292682926829,01 | Green
SIG,2021-06-10,UDS,7.312418086500672,5.006436060662801,2371390754.32,674820.4666666667,41191041.28533334,-0.04178613224107663,68.36,65.5035,1950-05-08,1.736999320347984,11.26069432590812,75.59,4.26,-167.1428571428571,-14.83110915579019,4.699828473413392,0.2671078644652576,0.3510636836199592,0.7086109902524291,0.1741357332050959,01 | Green
POWW,2021-06-30,UT,7.468714448236646,6.614740776856785,1019774988.03,2717771.633333333,23889212.657,-0.05060301507537679,9.95,9.4465,1997-09-24,2.342596448962643,5.666979451511189,500,1.04,N/A,N/A,27.39130434782606,0.09776107553061975,0.09776107553061975,0.09776107553061975,-0.3489652252156883,01 | Green
OGI,2021-07-13,DT SW,9.056603773584904,5.866846361185964,1494668868.2,1624111.458333333,17215581.45833333,-0.5841726618705037,27.8,11.56,2014-08-27,1.151799025496912,3.814620738134377,91.67,17.46,N/A,N/A,-15.60509554140128,0.08304498269896188,0.08304498269896188,0.08304498269896188,-0.2214532871972319,01 | Green
TLRY,2021-07-28,DT,12.09740769835035,7.706037481764086,17514050224.9,1863671.683333333,237245405.2883333,-0.7870149253731343,670.0,142.7,2015-01-23,1.354600462153738,6.231113883336802,N/A,N/A,N/A,N/A,-28.72340425531915,0.1681850035038543,0.1681850035038543,0.1681850035038543,-0.2641906096706377,01 | Green
MTLS,2021-07-29,DT,11.62566328991799,6.129419061401691,1199454508.38,499035.3333333333,10345002.46,-0.7352402745995423,87.4,23.14,2014-06-25,0.8624755993432466,1.211008438948211,240,2.56,N/A,N/A,-13.94769613947696,0.05445116681071727,0.1214347450302506,0.1905790838375108,0.04278305963699225,01 | Green
BXC,2021-08-04,DT SW,10.63733272850986,5.323639957230326,346556967.53,247971.6333333333,10933069.31366667,-0.3069053708439897,70.38,48.78,2004-12-14,3.154768288627825,2.435831033899173,124.56,29.5,775.4010695187166,12.96259176928759,-2.217786648924369,0.3282082820828209,0.3868388683886839,0.9809348093480934,0.3374333743337432,01 | Green
MVIS,2021-08-05,DT,14.6481178396072,7.637245732990397,4360496754.900001,374459.42,68638411.68600002,-0.4996428571428572,420.0,210.15,1996-08-27,1.574096153353842,4.437827913815067,-80,6.569999999999999,N/A,-79.9785529552766,-20.64935064935064,0.1691648822269807,0.1691648822269807,0.1691648822269807,-0.3526052819414703,01 | Green
SITM,2021-08-05,CPH,10.80851063829789,5.609468085106376,4240016076.0,121696.6333333333,17159225.3,0.0,0.0,156.24,2019-11-21,0.4046971754925017,4.079891007666879,100,11.13,N/A,42.81036055341267,23.14410480349345,0.4610855094726061,0.9298515104966716,1.187467997951869,0.8396697388632872,01 | Green
HIMX,2021-08-05,SW,5.54755043227666,5.075545491972011,2421031686.32,3841981.0,53326696.28,-0.180648769574944,17.88,14.65,2006-03-31,2.202643467300392,2.598208059852456,34.78,12.49,N/A,N/A,-6.531986531986522,0.01706484641638228,0.01706484641638228,0.1262798634812285,-0.2184300341296929,01 | Green
UONE,2021-08-05,DT SW,7.440476190476186,6.841730442176893,310125580.8,362492.2166666666,24359476.96,-0.8666912850812407,541.6,72.2,1999-05-06,7.854713854033673,0.2847997701835713,N/A,N/A,N/A,-19.82096173651271,-25.33333333333333,0.1565096952908587,0.6897506925207755,0.6897506925207755,-0.1038781163434903,01 | Green
PLUG,2021-08-06,DT,9.250000000000004,5.369697802197821,36327077228.0,20486509.16666667,532649238.3333334,-0.6237249966883031,75.49,28.405,1999-10-29,1.466259547913149,1.637016278720984,-125,9.24,N/A,107.118409757294,-11.53453555631168,0.06477732793522262,0.5119380390776269,0.6370357331455729,0.3508185178665726,01 | Green
MGNI,2021-08-06,DT SW,11.53094462540718,5.559213587715195,4403121619.9,1885620.6,57888552.42,-0.468240410001553,64.39,34.24,2014-04-02,1.314716181319441,3.883061629683087,-8.33,21.72,N/A,N/A,-7.502259716782156,0.06863317757009346,0.06863317757009346,0.06863317757009346,-0.3382009345794393,01 | Green
AUPH,2021-08-06,DT SW,12.55337318531169,7.249847505184843,1558029177.28,3735585.866666667,43743710.49866667,-0.3989968080255358,21.93,13.18,2009-10-21,2.807631021072034,3.126504761734116,-164.29,16450,N/A,N/A,-6.915739268680444,0.426403641881639,1.577503793626707,1.577503793626707,1.426403641881639,01 | Green
PRTS,2021-08-06,DT SW,14.56367924528303,5.22801549865228,1303788467.2,83100.86999999998,14093907.552,-0.1646603611349956,232.6,194.3,2007-02-09,1.08099648881447,4.915875128623805,200,18.14,N/A,63.30712280872818,-9.594882729211085,0.06742151312403499,0.06742151312403499,0.06742151312403499,-0.195573854863613,01 | Green
LU,2021-08-10,DT,15.37433155080214,5.858193277310911,25931331648.64,1799753.8,53848633.696,-0.572136836886465,80.68,34.52,2020-10-30,0.2076585746757211,2.626723721877959,26.09,-1.84,N/A,N/A,-20.59447983014861,0.05561993047508684,0.05561993047508684,0.05561993047508684,-0.1749710312862109,01 | Green
DDD,2021-08-10,DT SW,14.81481481481479,5.538321995464854,4710268215.45,3306620.1,93742679.83500001,-0.4238938053097345,56.5,32.55,1988-03-10,1.990177109819727,13.20054698754175,140,13.45,N/A,-7.086955290181435,-3.767820773930752,0.2411674347158219,0.2411674347158219,0.2411674347158219,-0.1385560675883256,01 | Green
YMM,2021-08-10,DT U,5.9667673716012,10.96191195511437,13737086915.96,5305395.533333333,70243436.86133333,-0.3846491228070176,22.8,14.03,2021-06-22,0.5113415769374161,1.019432757844143,N/A,N/A,N/A,N/A,-24.64428002276608,0.3734853884533142,0.3734853884533142,0.3734853884533142,0.1026372059871705,01 | Green
AMC,2021-08-10,DT,9.171597633136086,10.88431952662723,301700367644.0,9165604.02,3097974158.76,-0.4918755163866704,726.2,369.0,2013-12-18,1.026838045625302,1.267581282657245,2365.59,18.5,29.21298354824366,-85.26828875281986,-14.10419313850063,0.4010840108401084,0.4306233062330622,0.4306233062330622,0.0376693766937668,01 | Green
ARCT,2021-08-10,DT SW,21.5238391376451,9.96228678038382,1371128848.56,996101.2333333333,48051923.496,-0.5480448693238764,129.71,58.6231,2013-05-22,3.504552000817834,6.632698343210565,3.27,-13.75,N/A,-55.92905653002395,67.09386906823693,0.1087779390717993,0.1087779390717993,0.1087779390717993,-0.4051832809933287,01 | Green
UPST,2021-08-11,UDS,22.95106132075471,6.012740060646893,13203434081.28,3520771.433333333,477698268.0746667,-0.1306477669498149,191.89,166.82,2020-12-16,3.617985026728413,5.110705520285455,148,22.94,N/A,N/A,19.93282064881112,0.7637573432442155,1.40672521280422,1.40672521280422,0.4747632178395877,01 | Green
DOCS,2021-08-11,UDS,13.4139429435103,9.451215891608875,9434559721.4,1097270.933333333,58078550.50133333,-0.1263280454082374,68.71,60.03,2021-06-24,0.6155936494799678,4.231294076017932,37.5,14.6,N/A,N/A,6.37057877813505,0.7956021989005497,0.7956021989005497,0.7956021989005497,0.277527902715309,01 | Green
PUBM,2021-08-11,DT SW,5.359786793011523,6.05006556960953,1538225559.97,953851.2,32211555.024,-0.5376704986219775,76.9581,35.58,2020-12-09,2.094072277971263,2.66224962551811,125,10.23,N/A,N/A,10.72131147540984,0.001720067453625518,0.2017987633501968,0.2268128161888703,0.1216975829117481,01 | Green
FUBO,2021-08-11,DT SW,15.08379888268156,5.340133679169994,10380605919.36,502235.1166666,172608164.8959771,-0.4708620966447263,747.48,395.52,2013-01-09,1.662794698468035,5.93671483279872,24,10.1,N/A,N/A,11.43968871595331,0.02184466019417486,0.06492718446601953,0.06492718446601953,-0.241504854368932,01 | Green
HIMS,2021-08-12,DT,14.66314398943196,6.936686167201351,1766182536.41,2252622.433333333,17052351.82033333,-0.6582677165354331,25.4,8.68,2021-01-21,0.9654920410998115,4.342533331484624,50,7.44,N/A,N/A,-22.517911975435,0.06451612903225823,0.07718894009216593,0.07718894009216593,-0.1474654377880183,01 | Green
CLOV,2021-08-12,DT,17.09717097170971,5.86944298014409,4318300418.190001,26474831.9,215240383.347,-0.6700173310225304,28.85,9.52,2021-01-08,4.984377243425255,5.567378767757162,-500,100.83,N/A,N/A,-1.573849878934608,0.1691176470588236,0.1691176470588236,0.1691176470588236,-0.2478991596638654,01 | Green
PCT,2021-08-12,DT SW,10.44880785413744,9.611099979963944,2864902590.6,836658.3333333334,11930747.83333333,-0.5594405594405594,35.75,15.75,2021-03-18,0.4164451479948804,2.638337433639777,-18.18,N/A,N/A,N/A,-13.57575757575757,0.08761904761904749,0.08761904761904749,0.08761904761904749,-0.3961904761904762,01 | Green
CODX,2021-08-13,DT SW,8.066184074457073,8.254247303885345,1813797741.9,50814.50000003334,14741286.45000967,-0.6627944498225233,929.7,313.5,2017-07-12,0.8127304444964074,4.370089246176865,50,31.72,N/A,5534.171714193178,23.02798982188297,0.1311004784688996,0.1311004784688996,0.1311004784688996,-0.109090909090909,01 | Green
OTLY,2021-08-16,DT,5.587433313574408,5.3319502074689,10767195849.2,115542.3916666666,38984002.94833332,-0.3857724137931035,580.0,356.252,2021-05-20,0.3620627273277455,2.079494777061262,-10,-0.72,N/A,N/A,-14.27845528455286,0.07452028339490013,0.07452028339490013,0.07452028339490013,-0.4284944365224617,01 | Green
DLPN,2021-08-17,DT SW,9.832635983263582,11.55125523012551,249048535.12,1338551.8,25593110.416,-0.676923076923077,65.0,21.0,2006-10-12,10.27635452811171,0.451230202671275,168.42,19.21,-305.5555555555556,8.869889907125623,18.1705809641533,0.4523809523809523,0.4523809523809523,0.4523809523809523,-0.1257142857142858,01 | Green
MNDY,2021-08-17,UT,13.42473578977437,5.110397029420161,10360118588.4,66347.96666666666,16259896.191,0.0,0.0,277.97,2021-06-10,0.1569470083982036,8.403528065919128,74,13.69,N/A,N/A,20.17948214986269,0.5319768320322336,0.6188797352232254,0.6188797352232254,0.4581069899629455,01 | Green
DLO,2021-08-19,UDS,21.63149350649349,7.505652829313568,14501582874.24,672197.3,33125882.944,0.0,0.0,59.94,2021-06-03,0.22842942892009,14.23950973917925,40,45.55,N/A,N/A,-4.828118964851291,0.2250583917250586,0.2250583917250586,0.2250583917250586,-0.3815482148815482,01 | Green
QFIN,2021-08-20,DT,10.65088757396451,7.63939137785291,2057606839.6,3940563.033333333,66595515.26333333,-0.5844444444444444,45.0,18.7,2018-12-14,3.236551997284356,2.605783973797788,33.62,N/A,N/A,N/A,-34.92491336157104,0.450802139037433,0.5235294117647058,0.5235294117647058,0.3909090909090911,01 | Green
PDD,2021-08-24,DT,12.16082881105081,5.169497498061882,115408985138.96,8334347.133333334,675748865.5706667,-0.5722413115926179,212.5965,90.94,2018-07-26,0.585525351216823,5.060765807474926,393.33,-14.93,N/A,N/A,1.948950081730172,0.2072795249615131,0.2072795249615131,0.2072795249615131,-0.1053441829777876,01 | Green
NEGG,2021-08-30,DT,7.454068241469813,8.897675290588687,7990874163.0,82655.49666666667,31491744.23,-0.7411154673074491,1581.4,409.4,2021-05-20,0.3940963602682627,0.7195165766148481,N/A,N/A,N/A,N/A,3.420195439739415,0.002931118710307823,0.08451392281387404,0.08451392281387404,-0.09965803615046398,01 | Green
ASAN,2021-09-02,UT,13.72929606625259,5.034290890269155,17813799430.56,1387274.666666667,107208586.24,0.0,0.0,87.89,2020-09-30,0.6018288611472805,5.58723386668922,11.54,8.6,N/A,N/A,-1.049935979513439,0.4205256570713392,0.658776880191148,0.658776880191148,0.03538514051655484,01 | Green
LOVE,2021-09-09,DT,12.12841854934601,6.891469905441376,738654572.28,293449.0333333333,14807438.222,-0.4076012982933724,95.51,56.58,2018-06-27,2.004649910484407,7.923215740700458,787.5,12.62,N/A,41.52872808711832,-15.51983927674535,0.3578985507246377,0.5397667020148464,0.5397667020148464,0.4522799575821845,01 | Green
TIGR,2021-09-10,DT,5.252615844544084,7.888372837924427,2391014844.18,8022351.666666667,107339065.3,-0.634212987012987,38.5,14.0828,2019-03-20,4.489268042867882,3.550873008766548,-133.33,-33.05,N/A,6.206674189908109,-20.8284023668639,0.1219359786406113,0.1219359786406113,0.1219359786406113,-0.5902803419774477,01 | Green
SOS,2021-09-10,DT,13.95348837209303,7.097729789590257,35159569200.0,16383.8483556,31702746.568086,-0.8148614609571788,11910.0,2205.0,2017-04-28,0.09016818831809235,4.657164931212262,N/A,N/A,N/A,N/A,-10.41666666666666,0.06802721088435382,0.06802721088435382,0.06802721088435382,-0.6462585034013606,01 | Green
AFRM,2021-09-10,UTU,20.68216380621333,5.474923186741565,30830761893.9,5599789.766666667,515516645.9193333,-0.243703199455412,146.9,111.1,2021-01-13,1.672085327289075,9.654232435976034,-65.52,15.63,N/A,N/A,36.30441220017766,0.3034203420342034,0.5900090009000902,0.5900090009000902,0.03222322232223229,01 | Green
FCEL,2021-09-14,DT,10.3202846975089,6.351042196237905,13480277445.6,592605.7211110665,99913324.57932581,-0.7893993124906589,883.188,186.0,1992-06-25,0.7411815148651691,12.06872795612543,20,29.63,87.36462093862815,0.7017809776430466,-7.413509060955514,0.267741935483871,0.8756451612903227,0.8756451612903227,0.0209677419354839,04 | Downtrend
IPHA,2021-09-15,UDS,11.15173674588665,15.84212588143116,513650985.36,2487886.9,13608741.343,-0.3168539325842696,8.9,6.08,2015-09-09,2.649414043947002,0.2380176526513323,N/A,N/A,N/A,N/A,64.26426426426426,0.9654605263157894,0.9654605263157894,0.9654605263157894,-0.1529605263157894,04 | Downtrend
SFIX,2021-09-22,DT,12.48871968415115,5.59574168076707,4731280853.76,2095924.366666667,74321478.042,-0.6493608440269552,113.7594,39.8885,2017-11-17,1.57085322852766,6.83273033500525,246.15,4.25,46.66666666666664,25.28234254581098,-16.89711741270213,0.1193702445567018,0.1193702445567018,0.1193702445567018,-0.5419732504355892,04 | Downtrend
AEHR,2021-09-24,UT,18.84550084889645,10.83191850594227,384268901.0,2855723.633333333,33640424.40066666,0.0,0.0,14.0,1997-08-15,8.754396807319742,22.79992757002198,33.33,10.27,25,-25.5304831546364,65.68213783403655,0.6178571428571427,0.935,0.935,0.462142857142857,04 | Downtrend
CYH,2021-10-28,UDS,15.33135509396637,5.021124770382944,1425604599.27,1499175.933333333,15156668.686,-0.3157276995305164,17.04,11.66,2000-06-09,1.063174788700961,3.594361995939191,475,3.15,144.2231075697211,-9.915823615723223,-13.58974358974359,0.311320754716981,0.311320754716981,0.311320754716981,0.1166380789022299,01 | Green
SM,2021-10-29,UT,6.372701776254264,5.27222543738592,7632737042.120001,2693228.5,86425702.56500001,-0.007703488372093004,34.4,34.135,1992-12-21,1.132302895908427,2.151288685679659,640,52.51,-30,-2.396742502273864,15.18305814788228,0.1205478248132414,0.1205478248132414,0.2799179727552366,-0.01391533616522633,01 | Green
CRTO,2021-11-03,UDS,23.18705259881728,5.121003957138416,1574291570.67,372313.2333333333,11962424.187,-0.1515541264737407,46.65,39.58,2026-07-29,0.7598607786427347,6.49959975457941,72.97,2.9,-22.44897959183674,-5.297900061166945,-10.65072302558398,0.09297625063163206,0.09878726629610934,0.09878726629610934,-0.1417382516422435,01 | Green
DNOW,2021-11-03,U,9.126984126984139,6.178571428571397,1366741335.96,2010566.733333333,15199884.504,-0.3526873283640642,12.745,8.25,2014-05-20,1.112125908837285,1.10558628228903,150,3.83,78.19548872180451,-50.03429355281207,-7.692307692307687,0.2515151515151515,0.2515151515151515,0.4343878787878788,0.103030303030303,01 | Green
FSLY,2021-11-04,DT SW,6.264066016504111,5.687975565319906,8493876000.0,3026538.033333333,161375007.9373333,-0.5849084249084249,136.5,56.66,2019-05-17,1.899898326009625,3.005481147045666,42.11,3.61,N/A,44.69035486388468,31.29770992366412,0.03459230497705623,0.03459230497705623,0.03459230497705623,-0.5273561595481822,01 | Green
SSYS,2021-11-04,UDS,15.30071673418509,6.0543783110003,2810666830.0,1134726.633333333,36413377.66366667,-0.3503072870939421,56.95,37.0,1994-10-28,1.295542298895194,6.484931950864289,116.67,5.949999999999999,N/A,N/A,27.49304727850617,0.1575675675675676,0.1575675675675676,0.1575675675675676,-0.3627027027027028,01 | Green
MP,2021-11-05,UDS,5.831533477321815,5.546474853440301,6596882819.52,2355098.733333333,87232857.08266667,-0.2428047131543365,51.77,39.2,2020-11-18,1.32233449447589,1.584956480663896,80,40.9,N/A,N/A,22.60840781198279,0.2290816326530611,0.3528061224489796,0.5354591836734692,-0.0859693877551021,01 | Green
ENVX,2021-11-09,UT,12.36659925900778,7.107193992775658,5946791960.258,1217334.247619067,32988297.30937956,0.0,0.0,30.45,2021-07-15,0.554724253510768,1.280461563728034,11.11,-100,N/A,N/A,46.08517520215634,0.1344827586206898,0.1344827586206898,0.1344827586206898,-0.5221247947454843,01 | Green
TDUP,2021-11-09,DT SW,23.30905306971904,6.990857737475845,2524232753.0,576556.6,11081417.852,-0.2561181924613699,31.8599,23.7,2021-03-26,0.4390014288036615,4.463312014813464,6.25,2.32,N/A,N/A,-6.014669926650374,0.0,0.0,0.0,-0.6455696202531646,01 | Green
ATER,2021-11-09,DT SW,30.01605136436596,10.8037147443247,813344691.6,956610.0305556,71516165.88433665,-0.6608253250423968,286.578,97.2,2019-06-12,8.792848422438349,2.785522659760701,65.52,-12.99,N/A,N/A,-22.89603960396038,0.02592592592592591,0.02592592592592591,0.02592592592592591,-0.5419753086419753,01 | Green
KPLT,2021-11-09,DT SW,9.63855421686748,6.483476764199661,515887018.75,127304.8266666667,13207875.76666667,-0.6904761904761905,367.5,113.75,2021-06-10,2.560226422961659,21.1954945515551,5000,81.96,N/A,N/A,-15.65040650406504,0.3296703296703296,0.3296703296703296,0.3296703296703296,-0.4681318681318681,01 | Green
ACAD,2021-11-09,DT SW,6.489524782830869,5.058726914373321,3372018987.26,1252429.066666667,24510036.83466667,-0.6450953678474114,58.72,20.84,2004-05-27,0.7268653268937484,1.390691933265043,65.38000000000001,3.02,N/A,36.76855551995357,11.00397050482134,0.1204414587332054,0.3047024952015356,0.3462092130518235,0.2883877159309023,01 | Green
HUYA,2021-11-09,DT,6.698002350176258,5.040792345140184,1943395451.43,2526533.066666667,21500796.39733334,-0.7500688136526287,36.33,9.08,2018-05-11,1.106352100469953,1.713926113665746,200,-2.89,N/A,N/A,-9.660297239915073,0.1266519823788546,0.1266519823788546,0.1266519823788546,-0.3182819383259912,01 | Green
AGEN,2021-11-09,DT,9.569377990430628,6.177546138072473,3762808412.0,199559.4733333333,16683171.97066666,-0.325478645066274,135.8,91.6,2000-02-04,0.4433702209621472,1.427719993648677,50,38.14,N/A,-50.85020738632016,-25.88652482269503,0.02401746724890841,0.02401746724890841,0.02401746724890841,-0.4235807860262009,01 | Green
PUBM,2021-11-10,DT SW,23.3883525381501,5.762690750544992,1462612458.71,1084308.866666667,34817157.70866667,-0.4851744000956365,76.9581,39.62,2020-12-09,2.380477309715714,10.39966963902598,166.67,10.53,N/A,N/A,16.67877906976745,0.1017163048965168,0.1017163048965168,0.1017163048965168,-0.2508833922261484,01 | Green
VERI,2021-11-10,DT U,17.72400261608895,6.967205456414113,3071977139.44,353004.5,10794877.61,-0.2848529876259702,50.3393,36.0,2017-05-12,0.3513983704959416,3.239698077503261,36.36,2.84,N/A,35.40037471489084,31.24463519313303,0.03166666666666673,0.03166666666666673,0.03166666666666673,-0.4947222222222222,01 | Green
FOUR,2021-11-10,DT,18.23910081743871,6.881739003503324,4636538246.4,1491333.1,87571079.632,-0.3331092114110075,104.11,69.43,2020-06-05,1.888716861119259,3.176647792501889,4,-5.04,N/A,N/A,-15.54724579318281,0.06466945124585899,0.06466945124585899,0.06466945124585899,-0.2035143309808441,01 | Green
FLYW,2021-11-10,UDS,6.29086809470123,5.727959413754252,5395961341.900001,486574.5,21579579.075,-0.1788886953492422,57.41,47.14,2021-05-26,0.3999209354491317,5.6970638617519,N/A,31.02,N/A,N/A,-15.73247197415922,0.0700042426813745,0.0700042426813745,0.0700042426813745,-0.3521425540941876,01 | Green
STEM,2021-11-10,DT SW,9.391418563922937,7.67212909682263,4397496659.2,124721.4466666667,56972756.83733334,-0.3388462556231807,755.8,499.7,2021-04-29,1.295572487090824,2.567491466450277,57.14,10.99,N/A,11324.84529411765,-0.6524575902566387,0.08584750850510292,0.08584750850510292,0.08584750850510292,-0.5329197518511106,01 | Green
OMER,2021-11-10,DT SW,7.586206896551717,5.458719211822658,524815291.0,1974691.6,14316514.1,-0.6936370777690495,25.46,7.8,2009-10-08,2.727914819844683,1.111871342340242,30.77,11.29,N/A,13.15811947563944,-1.761517615176156,0.1025641025641026,0.1025641025641026,0.1025641025641026,-0.1743589743589743,01 | Green
OPEN,2021-11-11,DT SW,20.62010661556459,8.5878920473924,18344201261.815,14148316.74777773,267265947.8605457,-0.3999741930047244,37.9742,22.7855,2020-12-21,1.456950586433449,3.319547359397147,82.35,12.74,-178.8617886178862,2295.980213750091,-17.77602702161555,0.03631256720282638,0.03631256720282638,0.03631256720282638,-0.5655131552961312,01 | Green
HNST,2021-11-11,DT,10.1123595505618,6.092616372391682,954830973.1,1262716.966666667,11238181.00333333,-0.5896147403685091,23.88,9.8,2021-05-05,1.176981195619044,4.815277026055114,0,2.14,N/A,N/A,-5.218317358892444,0.06224489795918364,0.06224489795918364,0.06224489795918364,-0.4040816326530613,01 | Green
MQ,2021-11-11,DT,17.48307447232178,13.43770267963816,10455686886.96,1286870.608333333,129253283.901,-0.2216358839050132,151.6,118.0,2021-06-09,1.236200790042791,5.108621416503069,38.46,10,N/A,N/A,10.5193661971831,0.02644067796610172,0.02644067796610172,0.02644067796610172,-0.6267796610169492,01 | Green
HIMS,2021-11-11,DT SW,6.608478802992535,6.461613822586392,1871173572.26,1962322.566666667,15737826.98466667,-0.6633858267716535,25.4,8.55,2021-01-21,0.8410671900233471,3.409271805585072,-33.33,5.17,N/A,N/A,-5.20094562647756,0.008187134502923854,0.008187134502923854,0.008187134502923854,-0.4479532163742691,01 | Green
SOFI,2021-11-11,U,17.48285994123406,5.909437526234774,26373866016.08,26888614.36666667,549065505.3673334,-0.03847695390781569,24.95,23.99,2021-06-01,2.08185445786587,2.703007600499498,64.29,8.43,N/A,N/A,4.07747196738022,0.02751146310962893,0.02751146310962893,0.02751146310962893,-0.4831179658190913,01 | Green
AFRM,2021-11-11,UTU,23.75503632142591,7.63556076216155,44719005384.45,15599099.56666667,2082947765.137,-0.06453382394565521,176.65,165.2501,2021-01-13,4.657857989527865,2.217541714646021,-276.67,8.52,N/A,N/A,-10.06263891695292,0.007624201135127739,0.007624201135127739,0.007624201135127739,-0.718305768044921,01 | Green
DUOL,2021-11-11,UDS,17.58746454140212,7.688022230369912,6927174988.14,191623.9333333333,28371839.56933333,-0.1507109929510476,204.995,174.1,2021-07-28,0.4095730166757544,2.059309571281806,-3.16,5.24,N/A,N/A,-12.17747197342666,0.003159103963239485,0.003159103963239485,0.003159103963239485,-0.4600804135554279,01 | Green
ZIP,2021-11-11,UDS,11.86377245508983,5.771813515825473,2197083075.36,586610.7666666667,15674239.68533333,-0.06593749999999998,32.0,29.89,2021-05-26,0.7134113343786535,8.477720291870991,N/A,13.03,N/A,75.26245788600187,-2.374862988673743,0.1007025761124121,0.1007025761124121,0.1007025761124121,-0.2830378052860488,01 | Green
TASK,2021-11-11,UDS,8.270288858321884,6.622949007663614,5332517141.36,1362294.933333333,79231073.32266666,-0.2634545001561519,85.4937,62.97,2021-06-11,1.485810007212835,1.110614128394321,-6.25,5.899999999999999,N/A,N/A,-13.41372636593718,0.06145783706526919,0.06145783706526919,0.06145783706526919,-0.4905510560584405,01 | Green
OPAD,2021-11-11,DT,8.977900552486195,6.061464088397779,5248365414.0,9425.730222199998,10236343.0213092,-0.6237482117310443,3145.5,1183.5,2020-12-11,0.1950386875502948,0.7823683851709891,89.32,3.08,N/A,N/A,-11.49144254278729,0.1064638783269962,0.1064638783269962,0.1064638783269962,-0.5069708491761724,01 | Green
BROS,2021-11-11,DT,10.19261637239166,10.04307498280211,10882670906.8,2328849.233333333,145087307.2366666,-0.1566339066339066,81.4,68.65,2021-09-15,1.333195761217123,1.981599724854094,215,3.94,N/A,N/A,17.54716981132074,0.05739257101238171,0.05739257101238171,0.05739257101238171,-0.245593590677349,01 | Green
SPIR,2021-11-11,UTU,10.05586592178771,8.1073423782921,1745137058.16,245107.6625,10529825.181,-0.696923076923077,156.0,47.28,2021-08-17,0.6033809855658104,0.5576748340129921,-16666.67,-19.86,N/A,-30.42812391228681,-14.62639109697933,0.0,0.0,0.0,-0.4500846023688664,01 | Green
ROOT,2021-11-11,DT,12.20556745182011,6.304833282349366,1302362763.12,292107.2611111,24554536.36899907,-0.8222523744911805,530.64,94.32,2020-10-28,1.885383785864324,10.14043148191512,23.19,57.65,N/A,N/A,-11.04761904761905,0.2375954198473285,0.2375954198473285,0.2375954198473285,-0.6736641221374046,01 | Green
HUT,2021-11-11,UT,5.535841022001398,9.367738010747209,8683629520.6,3006526.24,211809773.608,-0.1025950512975257,82.85,74.35,2023-12-04,2.439184825947813,0.6569861834966056,N/A,N/A,N/A,N/A,33.42803030303032,0.04236718224613334,0.04236718224613334,0.04236718224613334,-0.5205110961667787,01 | Green
DDS,2021-11-11,UT,5.597972972972975,5.045958011583,4622647096.0,271637.8,80404788.8,-0.001405705887990827,313.01,312.57,1972-06-01,1.739366798507605,2.645662717044535,408.29,19.34,N/A,-4.724188607683753,45.96380492134722,0.3331733691653069,0.3331733691653069,0.3331733691653069,-0.2039543142336117,01 | Green
CELH,2021-11-11,UDS,12.41856170139344,6.326545610240092,7919161955.444901,2305929.8,72167993.17165999,-0.04237071311921614,36.74,35.1833,2006-11-01,0.9113084639219955,2.660539796137766,-50,28.92,-30.00000000000001,129.7311835320792,1.502920543697894,0.005306494842723497,0.005306494842723497,0.005306494842723497,-0.4613921945923208,01 | Green
AZUL,2021-11-11,DT,7.575757575757569,5.597697756788683,2675730528.24,2025584.866666667,29411492.264,-0.6493827160493827,44.55,15.62,2017-04-11,1.099194853651643,1.821274961473679,-16.13,5.89,N/A,N/A,-24.29614181438999,0.06274007682458405,0.0870678617157492,0.1177976952624842,-0.00960307298335461,01 | Green
DBGI,2021-11-12,SW,5.867346938775508,17.0384475218659,11262924400000.0,1.123333166666666,22017330.06666666,-0.5284090909090908,44000000.0,20750000.0,2021-05-14,0.0001954850204505205,0.332320820819113,N/A,N/A,N/A,N/A,36.11111111111111,0.002409638554216942,0.002409638554216942,0.002409638554216942,-0.6795180722891566,01 | Green
BLNK,2021-11-12,DT SW,13.82709096029289,7.540994488474076,5146773805.16,2487876.433333333,88344492.14766665,-0.3733333333333333,64.5,40.42,2008-07-15,1.716502327323869,8.828487502722034,-24.14,36.79,-97.29729729729726,234.1019094993641,25.34415813625133,0.2122711528946066,0.2122711528946066,0.2122711528946066,-0.4136566056407719,01 | Green
JSPR,2021-11-15,DT,10.37735849056602,10.65296495956873,2821682772.8,522560.3666666666,44313119.09333333,-0.5042372881355932,188.8,93.6,2021-09-27,1.570450070450716,0.08869329355313399,N/A,N/A,N/A,N/A,-36.47940074906367,0.1420940170940173,0.1420940170940173,0.1420940170940173,-0.5053418803418803,01 | Green
UAVS,2021-11-15,DT,13.26164874551972,7.336917562723992,175506919740.0,4998.238366666667,13945085.043,-0.8212659573866368,17679.9,3160.0,1999-12-03,0.007945604118435087,2.403007243532089,N/A,N/A,N/A,1265.792282438959,0.7220216606498298,0.003164556962025333,0.003164556962025333,0.003164556962025333,-0.6550632911392404,01 | Green
LEGN,2021-11-16,UDS,6.98432091223784,5.049233499141854,9551325962.43,504010.9666666667,24751978.573,-0.09413793103448276,58.0,52.54,2020-06-05,0.2591470406345835,1.338960944566749,-22.86,115.61,N/A,N/A,-10.08787989747345,0.08488770460601458,0.08488770460601458,0.08488770460601458,-0.2082223068138561,01 | Green
ONON,2021-11-16,U,8.152621465824872,6.201109760401559,12175441630.29,1021546.333333333,37214932.92333333,-0.03431372549019607,40.8,39.4,2021-09-15,0.3056557129784123,8.728938383933638,N/A,N/A,N/A,N/A,22.37151494793417,0.418020304568528,0.418020304568528,0.418020304568528,-0.2812182741116751,01 | Green
LCID,2021-11-16,UT,11.25222816399287,10.02506684491976,176858694988.8,6502900.376666666,2918501689.048,0.0,0.0,499.3,2021-07-26,1.650188411281007,3.823749843872871,-72,-81.44,N/A,N/A,81.47998382531338,0.1566192669737632,0.1566192669737632,0.1566192669737632,-0.4191868616062487,01 | Green
PLBY,2021-11-16,DT SW,11.6661295520464,5.787003360802922,3717632558.64,837790.7,25996645.421,-0.4503489847715736,63.04,34.65,2021-02-11,0.6992795821249802,8.020911428116833,-350,1.21,N/A,N/A,11.90046880634692,0.2481962481962483,0.2481962481962483,0.2481962481962483,-0.5287157287157287,01 | Green
ZH,2021-11-22,DT,5.056890012642223,6.722954668593101,4056478623.96,319158.3499999667,15147255.29099842,-0.3999653409583226,83.0952,49.86,2021-03-26,0.3734089759903979,1.235654130098871,-40,-0.16,N/A,N/A,-16.20762711864406,0.03489771359807459,0.03489771359807459,0.03489771359807459,-0.5884476534296028,01 | Green
AVXL,2021-11-24,DT SW,10.68447412353923,7.48513395341443,1665762250.74,711023.5333333333,12777092.894,-0.3685714285714285,31.5,19.89,2006-08-02,0.7670418085368359,1.956615969485492,0,N/A,N/A,-62.98971963996595,3.394706559263527,0.07088989441930615,0.07088989441930615,0.07088989441930615,-0.4660633484162896,01 | Green
LI,2021-11-29,SW,7.145061728395086,5.064462081128742,31761589687.2,7625549.333333333,247067798.4,-0.2722222222222221,47.7,34.715,2020-07-30,0.7778823441559946,3.474206623278026,350,4.05,N/A,N/A,-0.704872816426616,0.07878438715252778,0.07878438715252778,0.07878438715252778,-0.1228575543713093,04 | Downtrend
ARTL,2021-11-29,DT,5.500070333380225,10.86751200691276,881991137.1240001,60841.47172836667,11678094.60795788,-0.8304471673373424,1194.318,202.5,2015-10-13,1.324060312673646,0.1163055972017323,N/A,N/A,N/A,N/A,-0.6567915036333027,0.0,0.0,0.0,-0.4702666666666666,04 | Downtrend
CTRN,2021-11-30,UDS,8.626198083067083,5.644892743039697,651810606.0,188093.6666666667,14718329.41666667,-0.2372577171572147,111.44,85.0,2005-05-18,2.258068414533694,4.995208061231904,128.89,3.3,607.8014184397163,36.51584487566881,-1.954642275404084,0.09305882352941164,0.1428235294117648,0.1428235294117648,-0.5610588235294117,04 | Downtrend
AMBA,2021-12-01,UTU,14.80614973262031,5.573330468551043,7875216571.200001,619720.4,111252206.208,-0.004347826086956497,207.0,206.1,2012-10-10,1.412687577569028,8.22273722149537,16.33,2.01,1.563694400880502e-14,13.04269007140804,-5.376344086021501,0.1042692867540029,0.1042692867540029,0.1042692867540029,-0.5343037360504609,04 | Downtrend
SNOW,2021-12-02,UTU,12.54019292604502,5.866823610473152,107792600000.0,2646237.933333333,822979997.2666667,-0.1841491841491841,429.0,350.0,2020-09-16,0.7634846893633391,5.699834020972013,166.67,9.45,N/A,N/A,-11.93294444129807,0.07788571428571434,0.07788571428571434,0.07788571428571434,-0.2437428571428571,04 | Downtrend
OKTA,2021-12-02,SW,8.920638126009695,5.67303254096466,34427762859.2,1307128.266666667,258915967.0613333,-0.266156462585034,294.0,215.75,2017-04-07,0.752055740944388,4.477368556128437,70.83,7.24,N/A,63.61912170731667,-22.09242871189774,0.1317728852838935,0.1317728852838935,0.1317728852838935,-0.1531865585168019,04 | Downtrend
YEXT,2021-12-03,DT,5.620360551431602,5.506665656718666,945339733.88,1060982.066666667,10005060.88866667,-0.5234449760765549,20.9,9.96,2017-04-13,1.058356115806373,1.96622927525448,42.86,1.3,N/A,21.27793079305949,-24.98011137629277,0.1009036144578312,0.1009036144578312,0.1009036144578312,-0.3032128514056225,04 | Downtrend
MDB,2021-12-07,UDS,21.57031723109892,7.424418875483281,34532643538.18,735689.2333333333,315860815.4393333,-0.1153389830508473,590.0,521.95,2017-10-19,0.9146731413426578,4.441518037711304,71.05,10.59,N/A,56.22085941109758,-24.84859093295991,0.09316984385477545,0.09316984385477545,0.09316984385477545,-0.4635884663281924,04 | Downtrend
PD,2021-12-08,DT,9.346073454762593,6.299321759160501,2582834701.85,987444.7333333333,33069524.11933333,-0.3725154215215901,58.36,36.62,2019-04-11,1.280357743979772,5.910771310002768,22.22,2.46,N/A,29.07715566456633,-22.47685185185185,0.04612233752048067,0.04612233752048067,0.05816493719279081,-0.2263790278536318,04 | Downtrend
ASO,2021-12-10,UDS,6.615776081424962,5.388932950001654,2681054178.33,2657545.566666667,114885694.847,-0.09768989819890361,51.08,46.09,2020-10-02,4.285094116171911,3.84714570024243,60.55,6.909999999999999,N/A,N/A,-7.390745501285356,0.0301583857669776,0.0301583857669776,0.0301583857669776,-0.2900846170535909,04 | Downtrend
ARQQ,2021-12-16,DT,5.263157894736836,31.44409553295004,7026223441.25,30413.428,12279421.555,-0.5905587668593448,1038.0,425.0,2021-09-07,0.1747656000079529,0.632549543576607,N/A,N/A,N/A,N/A,-36.31703470031545,0.5823529411764705,0.5823529411764705,0.5823529411764705,-0.0270588235294118,01 | Green
TLRY,2022-01-10,DT,11.52647975077881,7.421005785491797,8832694614.6,2124552.19,136396250.598,-0.8931343283582089,670.0,71.6,2015-01-23,1.544220156468943,5.043213694835146,38.46,N/A,N/A,N/A,-25.52204176334106,0.09497206703910632,0.2681564245810057,0.2681564245810057,-0.106145251396648,01 | Green
NOW,2022-01-27,DT,14.265513397465,6.4566536122727,100164686008.0,9164504.0,887893805.536,-0.2177430751837197,141.52,110.705,2012-06-29,0.8864339728126192,3.005018056623686,2.1,0.88,N/A,41.59725550630597,-25.9952946927801,0.1226412537825754,0.1226412537825754,0.1226412537825754,-0.1575990244343074,04 | Downtrend
WOLF,2022-01-27,DT,9.143557188996532,7.328321639380762,4666574948.79,1562427.666666667,140290380.19,-0.3114650898748833,142.3312,98.0,2025-09-29,3.006281517590884,2.204511014163216,11.11,2.24,N/A,N/A,-17.63896532746284,0.1059183673469388,0.2471428571428571,0.2471428571428571,-0.06122448979591832,04 | Downtrend
CALX,2022-01-27,DT,6.385571533024614,8.74452491208526,2583412468.67,1375188.133333333,56423969.11066667,-0.4607549430796885,80.9465,43.65,2010-03-24,2.184086737791237,1.022990939130656,8.33,1.44,N/A,50.05556907787479,-47.59897828863345,0.3278350515463919,0.3278350515463919,0.3278350515463919,-0.0893470790378007,04 | Downtrend
HZO,2022-01-27,DT,14.52848252752512,6.537714559255972,922783788.3000001,351279.3333333333,14676450.54666667,-0.325010579771477,70.89,47.85,1998-06-03,1.590453878010187,3.114097233161074,38.26,5.56,101.186943620178,36.66551192180236,-28.11424638678596,0.05161964472309299,0.05161964472309299,0.05161964472309299,-0.2426332288401254,04 | Downtrend
TEAM,2022-01-28,DT,7.274227371171249,6.845960426867287,73635549895.34999,2219697.766666667,645687883.3456666,-0.3541075900896239,483.13,312.05,2015-12-10,0.8768697786100748,2.622919699893678,28.21,7.359999999999999,N/A,N/A,-24.51473946439693,0.1309726005447844,0.1309726005447844,0.1309726005447844,-0.1668642845697804,04 | Downtrend
CLFD,2022-01-28,DT,14.57348406988697,9.864263691087928,660859410.75,266796.5333333333,12979651.34666667,-0.357166828701221,86.7099,55.74,1986-08-07,1.964056368953912,2.632275581791668,70.45,23.84,177.3584905660377,51.22872304227128,-40.52567237163814,0.1655902404018657,0.298528884104772,0.5373161105130964,0.03946896304269809,04 | Downtrend
ARCB,2022-02-01,DT,8.061962912709175,5.984137752794485,1976753747.76,543526.9,48069519.036,-0.2354400000000001,125.0,95.57,1992-05-13,2.431740376891709,1.922935184992684,24.55,7.73,198.6486486486487,24.30901212055313,-21.50528090884886,0.03536674688709862,0.03536674688709862,0.03536674688709862,-0.2449513445641938,04 | Downtrend
AMD,2022-02-02,DT U,11.22623736941255,5.899328407506169,190640435404.76,73665842.96666667,8602697141.647333,-0.2102026086602267,164.4599,129.89,1973-01-02,4.51252491287194,2.444348503301296,21.05,6.77,412.1951219512194,104.3829787234042,-19.13862345935465,0.02363538378628083,0.02363538378628083,0.02363538378628083,-0.30833782431288,04 | Downtrend
SLAB,2022-02-02,DT U,9.351952605489068,5.083380831476582,5519529604.62,310011.5666666667,51282113.358,-0.1466728307120416,211.982,180.89,2000-03-24,0.9291029676709304,2.850590413454466,35.09,4.24,-34.88372093023256,5.865054671101803,-19.440927242622,0.01166454751506452,0.01166454751506452,0.01166454751506452,-0.2208524517662668,04 | Downtrend
EAT,2022-02-02,DT,12.29484595450621,5.954259388754068,1489492946.7,1039173.8,36090506.074,-0.502106472615856,78.33,39.0,1984-01-06,2.423006174950959,4.704595131247535,36.54,-0.41,-53.70370370370371,-4.441662195194658,-9.65140478668054,0.128974358974359,0.128974358974359,0.128974358974359,-0.004102564102564044,04 | Downtrend
SKY,2022-02-03,UTU,6.804032018974215,5.604908728982267,3661737839.64,489242.8333333333,33004321.53666666,-0.1614185004696289,85.9189,72.05,1969-01-10,0.901329450169252,2.746309007422013,59.46,7.1,106.1946902654867,29.25015090880636,-8.31747757542811,0.1362942401110341,0.1362942401110341,0.1362942401110341,-0.2381679389312976,04 | Downtrend
BILL,2022-02-04,DT U,18.71035940803383,8.656196516661634,16959330673.56,2316971.966666667,394533986.484,-0.419962983686997,348.495,202.14,2019-12-12,2.326353522306678,4.15664243614284,100,19.31,N/A,84.07569279305459,-16.07688516510597,0.2969719006629068,0.2969719006629068,0.2969719006629068,-0.1320372019392501,04 | Downtrend
U,2022-02-04,DT,9.141992651826225,9.286902960881777,40725829859.82,4272274.0,395356235.96,-0.519047619047619,210.0,101.0,2020-09-18,0.9707751501217597,3.441868662918155,28.57,7.03,N/A,N/A,-22.72233820459289,0.1846534653465348,0.1846534653465348,0.1846534653465348,-0.3127722772277228,04 | Downtrend
SNAP,2022-02-04,DT,43.9591836734694,9.537900874635582,41434343944.0,27031214.43333333,662264753.6166667,-0.5767938564914807,83.34,35.27,2017-03-02,1.598347386679372,11.41652420985752,120,8.17,39.24050632911392,99.77833699630352,-41.21880998080614,0.1899631414800111,0.1899631414800111,0.1899631414800111,-0.1448823362631132,04 | Downtrend
PCTY,2022-02-04,DT U,7.043540038566931,5.422931376955513,10455405128.78,283995.9666666667,55964245.19133334,-0.329273915324568,314.495,210.94,2014-03-19,0.5352661566148569,1.737517633759822,60,4.32,0.632911392405078,13.95443036199,-7.513962547519593,0.04318763629468103,0.04318763629468103,0.07793685408172935,-0.007300654214468572,04 | Downtrend
CHGG,2022-02-08,DT SW,5.867253392005867,5.526193095500018,3027719434.14,3902474.9,106420490.523,-0.7494141133582154,115.21,28.87,2013-11-13,3.514872921282679,5.381710975258291,22.58,6.279999999999999,-422.2222222222222,52.94067861163069,-6.86475409836066,0.1463456875649463,0.3037755455490128,0.3037755455490128,-0.3540006927606513,04 | Downtrend
DOCS,2022-02-09,DT SW,13.00240915478819,6.811870823414691,8878432263.800001,1749930.4,87164033.22399999,-0.4778133407551721,107.79,56.2865,2021-06-24,0.9817502756583906,7.488435540064908,123.08,13.45,N/A,N/A,4.774926377787136,0.1539179021612644,0.1539179021612644,0.1539179021612644,-0.4343226173238698,04 | Downtrend
PAYC,2022-02-09,DT U,9.313154831199055,5.012485768015475,15099443081.19,614523.9333333333,205871662.906,-0.3448485607456573,558.97,366.21,2014-04-15,1.363438782470479,2.056325118446702,2.78,3.38,-2.280130293159618,25.8756641510711,-8.766339869281047,0.01399470249310508,0.01399470249310508,0.02695174899647745,-0.2349471614647333,04 | Downtrend
STEP,2022-02-09,DT U,10.21834061135372,5.18640049906424,2826623955.45,342235.0333333333,11755773.395,-0.314006160536329,55.19,37.86,2020-09-16,0.4158944939362645,2.474393085219894,20,178.47,N/A,N/A,-11.99077632590315,0.08795562599049123,0.08795562599049123,0.08795562599049123,-0.349973586899102,04 | Downtrend
ENPH,2022-02-09,DT U,23.54325259515571,6.559120118635694,19094901636.0,2846261.433333333,411284777.1166666,-0.3679813070877291,282.46,178.52,2012-03-30,2.153898380608901,8.73448226113406,25.86,4.100000000000001,N/A,77.89406633872362,-2.700154871725802,0.02593546941519165,0.2378725072820973,0.7302263051758906,-0.1569011875420122,04 | Downtrend
CGC,2022-02-09,DT,7.152145643693109,7.372097343488744,34551104558.10001,671532.1366666666,51640821.30966666,-0.8541502570955724,564.965,82.4,2014-04-07,0.1494621430201432,3.315296883706846,8.33,2.83,N/A,19.10323257757788,-15.58726673984631,0.16626213592233,0.16626213592233,0.16626213592233,-0.3264563106796117,04 | Downtrend
CCJ,2022-02-09,DT,6.854838709677424,5.495643721198141,8640974303.36,6158787.833333333,122190350.6133333,-0.2558792558792559,28.49,21.2,1996-03-14,1.414080708072702,2.038814510225456,66.67,1.78,N/A,N/A,-15.61037856231392,0.3035377358490567,0.5325471698113209,0.5325471698113209,-0.008490566037735792,04 | Downtrend
PERI,2022-02-09,DT U,8.435932512539912,6.137092046120737,862513895.67,556515.1,12204376.143,-0.2814450870545292,33.0942,23.78,2006-01-30,1.414977335932617,2.842842898602392,58.97,8.98,N/A,N/A,3.102961918194636,0.006303616484440555,0.122371740958789,0.122371740958789,-0.2270815811606393,04 | Downtrend
DDOG,2022-02-10,DT U,9.559485530546619,6.713991731740931,55836166232.0,4284536.1,666245363.55,-0.1467885313634656,199.675,170.365,2019-09-19,1.193214736093703,3.703097285141325,66.67,11.91,N/A,70.47919849668416,6.266657554841792,0.08414286972089324,0.08414286972089324,0.08414286972089324,-0.4229448536964753,02 | Light Green
BTU,2022-02-10,U,6.25459896983076,6.731788079470196,1656621000.0,5182329.433333334,70427856.999,-0.2718103883005547,19.83,14.44,2017-04-03,4.251295679518731,3.623986325377243,239.13,17.09,87.71331058020478,-26.91843467532119,2.798789712556715,0.8891966759002772,1.305401662049861,1.305401662049861,0.4522160664819945,02 | Light Green
TWLO,2022-02-10,DT,12.76669471808327,7.317696436527179,31023730192.2,3125346.133333333,631351172.3946667,-0.5018587360594795,457.3,227.8,2016-06-23,2.03505886778696,7.190990066764232,4.760000000000001,9.76,N/A,83.18787982231164,-11.05191316982961,0.02546093064091304,0.02546093064091304,0.02546093064091304,-0.5708077260755049,02 | Light Green
BE,2022-02-11,DT,5.874757908327943,7.805542746472381,4562228589.54,3569616.166666667,55293354.42166667,-0.6351501668520578,44.95,16.4,2018-07-25,1.2119812354085,3.269632771441299,-25,11.2,N/A,22.4022250005351,-15.401419989077,0.5039634146341465,0.6499451219512198,0.8530487804878051,-0.2603658536585365,02 | Light Green
RARE,2022-02-11,DT U,10.04201680672267,5.839325730292106,7039245532.200001,396709.8333333333,28325082.1,-0.5626422929411569,179.647,78.57,2014-01-31,0.4023880396049697,2.495004955343095,-33.58,-0.48,N/A,136.1925294153426,2.160537988267275,0.01463662975690472,0.08858342878961456,0.08858342878961456,-0.3524245895379915,02 | Light Green
HUBS,2022-02-11,DT U,9.779029300602481,6.755082566649369,26651489786.46,986991.4333333333,527507441.4593334,-0.3224884526558891,866.0,586.725,2014-10-09,1.979279378698477,2.216375873306296,9.43,3.31,N/A,56.83681969891217,12.40667129366733,0.0160978311815585,0.0160978311815585,0.0160978311815585,-0.4716434445438664,02 | Light Green
ZG,2022-02-11,DT,14.19765984120351,5.695734583009966,10762515298.44,879681.5666666667,42101559.78066666,-0.7426789077212805,212.4,54.655,2011-07-20,0.3911869912674519,9.362950540398199,60.75000000000001,N/A,N/A,143.9467791199338,-14.18325264479111,0.1922056536455949,0.1922056536455949,0.1922056536455949,-0.3621809532522184,02 | Light Green
Z,2022-02-11,DT,14.81861037097767,5.619945539191264,10971649005.66,4367118.3,213071701.857,-0.7308154341454038,208.11,56.02,2011-07-20,1.942020764126538,11.4913323964684,61.11,39.64,N/A,143.9467791199338,-13.79858657243816,0.1760085683684396,0.1760085683684396,0.1760085683684396,-0.3670117815066049,02 | Light Green
HIVE,2022-02-15,DT SW,10.00000000000001,9.730714285714281,2742773380.0,1969585.313333333,19695853.13333333,-0.6071428571428572,28.0,11.0,2000-07-17,0.7180999085434222,1.073960282746083,N/A,N/A,28.57142857142858,0.3927755700196718,-8.25688073394496,0.02272727272727271,0.06363636363636349,0.06363636363636349,-0.5781818181818181,02 | Light Green
SABR,2022-02-15,DT SW,7.444444444444454,5.995952380952395,3632248926.0,7235878.4,65122905.6,-0.5702222222222222,22.5,9.67,2014-04-17,1.792908661458849,2.829374799886079,-6.819999999999999,0.72,-67.47572815533981,-46.20390972721997,-4.862579281183943,0.2492244053774562,0.2492244053774562,0.2492244053774562,-0.2709410548086867,02 | Light Green
UPST,2022-02-16,DT SW,25.74466135093025,10.58640690260155,10617826449.06,7397488.1,807139926.591,-0.6582728482086349,401.4899,137.2,2020-12-16,7.601743449691216,4.574250278280272,74.51,15.98,N/A,N/A,2.924252429016128,0.1734693877551021,0.1734693877551021,0.1734693877551021,-0.7245626822157434,03 | Yellow
ACVA,2022-02-17,DT,10.61151079136693,6.764902363823247,1888264737.6,1391015.066666667,15468087.54133333,-0.6743438558216992,37.7699,12.3,2021-03-24,0.8191694328303457,3.470642493879529,15,15.81,N/A,N/A,-30.15075376884423,0.1715447154471543,0.2764227642276422,0.2764227642276422,-0.3170731707317074,03 | Yellow
GLBE,2022-02-17,DT SW,21.56597128149553,8.056275883423009,6199676401.809999,1749799.2,64585088.472,-0.4643667183956071,83.77,44.87,2021-05-12,1.041749347645699,3.123566406934007,66.67,6.550000000000001,N/A,N/A,2.470849528039953,0.06307109427234248,0.06307109427234248,0.06307109427234248,-0.4969913082237575,03 | Yellow
DASH,2022-02-17,DT,21.82632521867425,8.744659229483773,41115424608.06,5010351.966666667,475432298.117,-0.5506276192915915,257.2499,115.601,2020-12-09,1.156335615280985,9.461557654109981,-66.67,1.56,N/A,N/A,-25.1538097491718,0.003451527235923679,0.1262878348803209,0.1262878348803209,-0.399832181382514,03 | Yellow
VC,2022-02-17,DT SW,10.00094885662777,5.29394222818648,2813431262.31,289125.8333333333,30470971.575,-0.2143002372077262,147.55,115.93,2000-06-08,1.083053706810006,3.282477352709749,8350,18.75,126.4150943396226,10.33091202582728,-0.7627118644067843,0.1607866816182177,0.1607866816182177,0.2114206848960578,-0.05425687915121202,03 | Yellow
FVRR,2022-02-17,DT,17.33913502109703,8.935286693791438,2726503211.52,1129450.266666667,85657508.22399999,-0.7351488095238096,336.0,88.99,2019-06-13,3.14166173955272,4.323876087446436,450,3.83,N/A,N/A,-9.617447264926703,0.01033824025171359,0.01033824025171359,0.01033824025171359,-0.5316327677267109,03 | Yellow
APPN,2022-02-18,DT,12.13474025974026,7.933716952690186,3529807980.16,629871.8,31040082.304,-0.7874615384615384,260.0,55.26,2017-05-25,0.8793702795865119,2.91320392498918,30.43,10.15,N/A,21.23825815157614,-3.937621832358662,0.1366268548678973,0.210821570756424,0.210821570756424,-0.1165399927614911,03 | Yellow
SKIN,2022-02-23,DT,16.04361370716511,5.886570983533601,1671007396.92,2512778.966666667,32264081.932,-0.5061761128437295,30.1727,14.9,2021-05-06,1.930816224480463,5.647254767825513,-500,9.55,N/A,N/A,-2.57966616084977,0.3751677852348991,0.3751677852348991,0.3751677852348991,-0.1805369127516778,04 | Downtrend
BXC,2022-02-23,UDS,6.382978723404253,5.135113213346531,657585754.22,134552.6333333333,11256673.30466667,-0.07896098520128325,96.63,89.0,2004-12-14,1.711818303913662,4.117333018875637,101.1,14.13,775.4010695187166,12.96259176928759,17.36812570145903,0.07359550561797756,0.1237078651685395,0.1237078651685395,-0.0850561797752808,04 | Downtrend
NU,2022-02-23,U,9.659090909090896,10.64764610389609,42510060199.2,12207911.63333333,107429622.3733333,-0.2116013071895425,12.24,9.65,2021-12-09,0.2527157615630831,3.154255384259021,0,61.49,N/A,7.545030027426976,18.59838274932615,0.002072538860103501,0.002072538860103501,0.002072538860103501,-0.6124352331606218,04 | Downtrend
MELI,2022-02-23,DT,11.84195706530309,7.389605343184731,45011662623.72,715844.7,635569875.342,-0.5084158415841584,2020.0,993.0,2007-08-10,1.412011550551058,2.699982272691269,-196.84,4.98,245.9595959595959,126.0152094292339,-11.36025557829581,0.2670342396777441,0.284813393756294,0.284813393756294,-0.2202416918429003,04 | Downtrend
MTDR,2022-02-23,UT,5.242494226327943,5.680468492246758,5358557552.799999,1707523.8,73935780.53999999,-0.06580565805658056,48.78,45.57,2012-02-02,1.379770205162142,2.69391677000344,15.6,29.38,157.48031496063,36.03956003017964,-3.477485510477041,0.2617950405968839,0.3006363835856924,0.4873820495940311,0.1509765196401143,04 | Downtrend
CLOV,2022-02-24,DT,5.472636815920406,9.496090973702893,1067624088.63,14105404.1,28351862.241,-0.9265164644714038,28.85,2.12,2021-01-08,2.65560346033235,3.346500579873497,-69.23,5.850000000000001,N/A,N/A,-14.83050847457628,0.8160377358490565,0.8396226415094339,0.8396226415094339,0.212264150943396,04 | Downtrend
MYGN,2022-02-24,DT SW,7.310924369747895,5.230762304921976,2276461551.0,509384.3,12123346.34,-0.3088835790846632,36.9547,25.54,1995-10-06,0.5325522117724535,1.972310493275902,0,-1.59,-459.2592592592592,-18.27442317133039,-6.703253626029015,0.08692247454972613,0.08692247454972613,0.1033672670321066,-0.1640563821456538,04 | Downtrend
ETSY,2022-02-25,DT,14.61298377028715,6.442660959514916,11762748823.68,3726265.266666667,477558156.576,-0.5227034930950447,307.75,146.888,2015-04-16,4.059919698485876,5.22570284359251,40.51000000000001,4.62,170.2702702702703,99.20691925540193,-8.155367636519994,0.1154076575349927,0.1154076575349927,0.1154076575349927,-0.5126218615543816,04 | Downtrend
MVIS,2022-02-25,DT,5.438066465256797,9.76542943461376,1181116551.45,404190.0333333333,20068035.155,-0.8753571428571428,420.0,52.35,1996-08-27,1.699073231203426,0.8165822330601753,-14.29,1.27,N/A,-42.44315648684797,21.24542124542124,0.4154727793696273,0.6790830945558739,0.7077363896848139,-0.05730659025787965,04 | Downtrend
ABCL,2022-02-25,DT,10.76923076923078,6.033643279797126,2738200217.35,2339995.033333333,19772958.03166666,-0.8698372966207759,71.91,9.36,2020-12-11,0.7221151289953046,1.511227566565633,0,14.16,N/A,N/A,8.751608751608742,0.05021367521367526,0.1266025641025641,0.5491452991452992,-0.1987179487179487,04 | Downtrend
SDGR,2022-02-25,DT,7.372262773722649,5.896532846715337,2049674207.2,952424.6666666666,26096435.86666666,-0.7485470085470085,117.0,29.42,2020-02-06,1.273199212586875,3.124513784817277,-10.26,25.46,N/A,27.60164669966234,7.493134562573567,0.2661454792658056,0.2661454792658056,0.2661454792658056,-0.1549966009517336,04 | Downtrend
PLTK,2022-02-25,DT SW,11.16046640755135,5.658245419211549,6869341529.860001,1880490.866666667,33867640.50866667,-0.444814198557959,36.06,20.02,2021-01-15,0.4930260107384252,3.455746111396517,47.06,1.89,N/A,N/A,19.03502974223397,0.0714285714285714,0.0714285714285714,0.0714285714285714,-0.2917082917082917,04 | Downtrend
FND,2022-02-25,DT,5.370271710175811,5.178400182662315,9994083215.25,1170159.0,109819422.15,-0.3221605319076015,145.89,98.89,2017-04-27,1.098844384069428,1.772406997681512,-2.22,0.7000000000000001,43.47826086956522,41.54299551321055,-4.923513321851891,0.06006674082313679,0.06006674082313679,0.06006674082313679,-0.2790979876630599,04 | Downtrend
RKT,2022-02-25,DT,7.612456747404828,5.125988630746399,32733786386.76,5511184.033333333,63709287.42533334,-0.7106976744186047,43.0,12.44,2020-08-06,0.1946285305115273,1.753647300025746,-13.51,-7.41,-18.53035143769967,50.13994335411683,-6.623586429725369,0.1507234726688103,0.1507234726688103,0.1507234726688103,-0.2773311897106109,04 | Downtrend
ALEC,2022-02-25,DT SW,7.058823529411762,5.825121627598385,1803259241.85,791859.8,12788535.77,-0.6008771929824561,43.32,17.29,2019-02-07,0.7091900861065313,0.8637324435461934,-257.89,-67.27,N/A,881.5385344582426,14.53900709219857,0.0,0.0,0.0,-0.4875650665124349,04 | Downtrend
OPRX,2022-02-25,DT,6.306725622527343,7.050816184048671,809380814.47,236582.0,10165928.54,-0.5394125897253113,99.1777,45.68,1996-10-22,1.256013035922635,2.194765451302297,10,0.76,102.8571428571429,92.20132211594996,10.51954732510287,0.04122154115586696,0.04122154115586696,0.04122154115586696,-0.4559982486865148,04 | Downtrend
CVNA,2022-02-25,DT,7.11622372074574,10.06494021646738,27719025250.0,18709914.83333333,471676952.9483333,-0.6416951941193642,75.366,27.004,2017-04-28,1.701636145911492,3.062039058453224,-24.39,6.32,N/A,129.3717158933978,-11.03190287972896,0.160420678418012,0.160420678418012,0.160420678418012,-0.7707006369426752,04 | Downtrend
TREE,2022-02-25,DT,10.10362694300517,6.624978648294706,1409010341.96,232760.9333333333,23359887.26933333,-0.7034671532846715,372.64,110.5,2008-08-12,1.657893244192844,2.256744688541663,53.33,-0.38,-149.9999999999999,0.3813766285889538,-12.22669232114746,0.1159276018099549,0.1701357466063349,0.1701357466063349,-0.4916742081447963,04 | Downtrend
TASK,2022-03-01,DT,11.42061281337048,7.841325109430971,2633251243.12,1337465.366666667,38412005.33066667,-0.6257034144036344,85.4937,32.0,2021-06-11,1.458729220427684,1.674651214021467,3.03,4.98,N/A,N/A,-10.25,0.3084374999999999,0.3084374999999999,0.3084374999999999,-0.24375,04 | Downtrend
RVMD,2022-03-01,DT,15.0105708245243,6.823844759891267,4055245028.56,532710.6666666666,10078885.81333333,-0.6126735493058028,56.18,21.76,2020-02-13,0.2485395023568355,1.091059436892572,-10.94,6.05,N/A,-31.62413047018589,-12.08178438661709,0.250344669117647,0.2633226102941175,0.2633226102941175,-0.2408088235294118,04 | Downtrend
DDD,2022-03-01,DT,14.9270482603816,5.589546256212926,2960740021.14,1843983.166666667,32859780.03,-0.6375221238938054,56.5,20.48,1988-03-10,1.109850233231478,4.9954978800873,125,4.64,N/A,7.128723108407789,-0.4469273743016644,0.00146484375,0.00146484375,0.00146484375,-0.4873046875,04 | Downtrend
IQ,2022-03-01,DT SW,5.555555555555558,8.945652173913048,3995202402.9,10393439.4,43028839.116,-0.8491542975491888,28.97,4.37,2018-03-29,1.077012746206966,5.720060194895638,-9.379999999999999,4.35,N/A,N/A,1.470588235294112,0.320366132723112,0.320366132723112,0.320366132723112,-0.08009153318077811,04 | Downtrend
ZIP,2022-03-02,DT,5.903676851372341,6.036879485092856,1587787207.53,615333.8333333334,11882096.32166667,-0.378419452887538,32.9,20.45,2021-05-26,0.7483431196142928,2.761982046060092,33.33,6.31,N/A,165.767675029046,-11.58424908424909,0.1882640586797066,0.2224938875305624,0.2224938875305624,-0.04987775061124688,04 | Downtrend
SOFI,2022-03-02,DT,15.625,8.465625000000001,14465587628.8,80586365.56666666,902567294.3466666,-0.4809619238476954,24.95,12.95,2021-06-01,6.239409815261957,1.830669778474565,11.76,0.21,N/A,N/A,-15.59909570459683,0.003861003861003853,0.003861003861003853,0.003861003861003853,-0.427027027027027,04 | Downtrend
CDLX,2022-03-02,DT,9.76744186046512,8.920265780730894,3165184850.0,37895.05,20368589.375,-0.6346070477488078,1614.7,590.0,2018-02-09,0.6435197418248731,2.179316295927832,64.29,17.59,N/A,42.92532585664448,-23.2800456751356,0.101779661016949,0.101779661016949,0.101779661016949,-0.5084745762711864,04 | Downtrend
PSFE,2022-03-02,DT,16.25951557093426,8.883094414236279,1810832568.96,603309.6388888333,20922778.27666474,-0.7853099041533547,187.8,40.3188,2021-03-31,1.155423126097248,3.190466458006771,1200,4,N/A,N/A,-23.94736842105264,0.1161046459716062,0.1161046459716062,0.1161046459716062,-0.1517604690615793,04 | Downtrend
SENS,2022-03-02,DT,5.649717514124286,14.76997578692496,1871741476.2,926920.4633333333,32812984.402,-0.6636690647482015,111.2,37.4,2016-03-18,1.753072463223754,0.7202574831492465,733.33,0.5,N/A,176.3184481713477,-34.44444444444444,0.1122994652406417,0.1122994652406417,0.3048128342245988,-0.3689839572192513,04 | Downtrend
IOT,2022-03-03,DT,13.07367149758456,12.09912008281573,9649678957.92,1654033.666666667,27390797.52,-0.403852276345113,31.41,18.725,2021-12-15,0.2838519047052744,2.673522364820869,37.5,8.09,N/A,N/A,-23.33333333333334,0.03871829105473945,0.03871829105473945,0.03871829105473945,-0.383177570093458,04 | Downtrend
FLYW,2022-03-03,DT,8.758568164508752,7.901751713632913,3194993119.24,765776.7333333333,20109297.01733333,-0.5025256923880856,57.41,28.56,2021-05-26,0.6294003231567765,1.233332065194633,-120,22.78,N/A,N/A,-7.665260196905765,0.1099439775910365,0.1512605042016808,0.1512605042016808,-0.3182773109243697,04 | Downtrend
JXN,2022-03-03,DT SW,5.466970387243753,5.245489387858385,2675962675.44,777962.1666666666,30737285.205,-0.1275125628140703,47.76,41.67,2021-09-01,1.148644018360457,3.365531271550695,41.13,-9.94,N/A,N/A,4.634533898305082,0.1238300935925125,0.1238300935925125,0.1238300935925125,-0.1559875209983201,04 | Downtrend
CHPT,2022-03-03,DT SW,8.244491826581402,7.858107422073283,7287593363.4,491421.455,138285997.437,-0.5868149755832881,737.2,304.6,2021-03-01,1.897553699023667,2.138453946826558,-13.33,5.29,N/A,N/A,4.531946508172369,0.3217334208798424,0.3782009192383453,0.3782009192383453,-0.0433355219960605,04 | Downtrend
CAN,2022-03-03,DT SW,15.71164510166358,8.521785054132549,4029606938.06,3177321.266666667,17189308.05266667,-0.8398976982097187,39.1,6.26,2019-11-21,0.4265753041645851,7.139421889117959,N/A,N/A,N/A,N/A,24.08256880733943,0.1022364217252396,0.1022364217252396,0.1022364217252396,-0.4137380191693291,04 | Downtrend
AI,2022-03-03,DT,11.82700794351279,7.268314210061792,3522480616.82,3224505.8,73067301.428,-0.8622077215878194,183.9,25.34,2020-12-09,2.074313796904955,3.946524766678975,74.07000000000001,4.48,N/A,576.4102564102564,-8.922829581993563,0.04459352801894245,0.04459352801894245,0.04459352801894245,-0.2170481452249408,04 | Downtrend
GSM,2022-03-03,UDS,13.20754716981132,7.44618790912592,1386505036.14,1509447.233333333,11200098.47133333,-0.2533333333333333,11.25,8.4,2009-07-30,0.8077935657928921,4.126097198009593,-25.81,14.64,-22.72727272727272,-2.094398057782992,41.8738049713193,0.1678571428571429,0.1678571428571429,0.1678571428571429,-0.080952380952381,04 | Downtrend
BILI,2022-03-03,DT,9.316976127320942,7.816644562334223,12622133872.4,5087172.333333333,153429117.5733333,-0.7908791069389827,157.66,32.97,2018-03-28,1.215556094748977,2.704027325723911,2.94,-0.74,N/A,N/A,-10.47788661323834,0.06157112526539277,0.06157112526539277,0.06157112526539277,-0.2669093114952987,04 | Downtrend
SG,2022-03-04,DT,16.51053864168617,11.54265640682502,2541532075.25,934447.7666666667,19950459.81833334,-0.5573843416370107,56.2,24.875,2021-11-18,0.7849776917086868,4.943014649686322,-72.72999999999999,13.83,N/A,N/A,-19.34265205893464,0.6120603015075377,0.6120603015075377,0.6120603015075377,-0.3037185929648241,04 | Downtrend
ZIM,2022-03-09,UT,6.167774791342473,5.319847220257477,8519535189.54,3450489.066666667,243915072.1226667,-0.003716978627372858,75.33,75.05,2021-01-28,2.8630091512755,2.938952364163411,7.35,3.77,N/A,N/A,-0.8416327675691004,0.2155896069287142,0.2155896069287142,0.2155896069287142,-0.2971352431712192,04 | Downtrend
MDB,2022-03-09,DT,13.00489813303045,9.241915038181126,22660891112.98,1224490.5,344987953.47,-0.4603728813559322,590.0,318.38,2017-10-19,1.522393588804605,3.228724926816501,59.09,10.23,N/A,58.78274639258178,-32.82788546360537,0.4823795464539229,0.4823795464539229,0.4823795464539229,-0.08794522268986749,04 | Downtrend
BMBL,2022-03-09,DT,32.05282112845138,12.22135997256043,2198592111.24,2630936.266666667,43831398.20266666,-0.7405660377358491,84.8,22.0,2021-02-11,1.993612092874557,14.53740080464131,N/A,-0.98,N/A,N/A,-38.92961876832845,0.385,0.5652272727272729,0.7877272727272726,0.4113636363636364,04 | Downtrend
FIGS,2022-03-09,DT,13.46153846153846,8.008750508750476,2332608997.68,2571069.2,36097811.568,-0.6839285714285714,50.4,15.93,2021-05-27,1.547529466100092,3.586882842359902,200,1.67,N/A,N/A,-31.14271701814616,0.5021971123666038,0.5021971123666038,0.5021971123666038,-0.4890144381669805,04 | Downtrend
THO,2022-03-09,DT,6.282593292394889,5.580066131317937,4408218345.64,842499.7333333333,71342877.41866666,-0.4086721419185282,152.2,90.0001,1984-01-10,1.618406163778824,2.722468517497454,41.3,8.540000000000001,390.2439024390243,51.88356353041998,-12.71002989382538,0.02199886444570609,0.02199886444570609,0.06788770234699726,-0.1486676125915416,04 | Downtrend
AMTX,2022-03-10,DT U,6.901217861975661,8.649284747728581,1066666599.32,804692.9,11893361.062,-0.424198250728863,27.44,15.8,1990-03-26,1.115002669960981,1.403505610649727,76,12.94,-52.81690140845071,-3.483144916850987,29.64912280701753,0.01644936708860745,0.01644936708860745,0.01644936708860745,-0.5373417721518987,04 | Downtrend
CLVT,2022-03-10,DT,7.467282525019248,6.258825470141864,8309235398.97,7697812.933333334,99994590.00400001,-0.5987352687553895,34.79,13.96,2019-05-14,1.203415058097827,0.9534348344864083,9.520000000000001,0.02,N/A,N/A,-21.41560798548095,0.253939828080229,0.253939828080229,0.253939828080229,0.0007163323782235498,04 | Downtrend
CRWD,2022-03-10,DT,10.66611696801933,7.786627178110776,43222560787.8,17688684.4,750840431.0689999,-0.3704770838917181,74.62,46.975,2019-06-12,1.737149343730999,5.457806008455893,50,4.89,N/A,66.00307854873645,-9.154628143392197,0.2392762107503992,0.2879191059073976,0.2879191059073976,-0.09888238424693996,04 | Downtrend
FUTU,2022-03-11,DT,5.884438142502657,10.9562465184585,3954886506.48,3901136.266666667,110051054.0826667,-0.8537576499388004,204.25,29.87,2019-03-08,2.782660233165991,4.64270606355304,-49.44,N/A,N/A,N/A,-37.28323699421965,0.508202209574824,0.6119852695011716,0.9337127552728488,0.5008369601606963,04 | Downtrend
ALTO,2022-03-11,DT SW,11.45547945205481,6.283145792563579,452999806.4,1996336.533333333,11658605.35466667,-0.2195443645083932,8.34,6.509,1994-10-31,2.573644666058001,4.465011710784367,58.06,19.24,N/A,N/A,3.180212014134276,0.116915040712859,0.1322783837763097,0.1322783837763097,-0.24105085266554,04 | Downtrend
SHLS,2022-03-11,DT U,20.26854219948848,8.723054439166956,2632211218.0,2534030.966666667,39632244.31866667,-0.5728882833787465,44.04,18.81,2021-01-27,1.505663529113744,2.259264024516196,-75,3.32,N/A,N/A,0.1280409731114096,0.2227538543328018,0.2227538543328018,0.5135566188197767,-0.04093567251461983,04 | Downtrend
QFIN,2022-03-11,DT,5.325814536340845,7.071249552452567,1943160068.64,1131022.233333333,18051114.844,-0.6264444444444445,45.0,16.81,2018-12-14,0.9289566585543212,5.483422710199006,10.83,N/A,N/A,N/A,-24.57466918714556,0.07733491969066031,0.07733491969066031,0.08387864366448539,-0.02974419988102317,04 | Downtrend
GTLB,2022-03-15,DT,17.82477341389728,16.79369874838151,5590590000.0,1011061.566666667,33466137.85666667,-0.7153284671532847,137.0,39.0,2021-10-14,0.5986154924018157,6.191903842848739,36,10.68,N/A,N/A,-53.74510899944103,0.6735897435897436,0.6735897435897436,0.8194871794871794,0.2266666666666668,04 | Downtrend
CAL,2022-03-16,DT,6.943740496705519,5.564151763087392,662725649.12,608982.0,12015214.86,-0.281305775440413,29.3588,21.1,1984-07-12,1.812999825184735,2.443973713508774,35.82,0.31,135.9669811320755,12.37208879750783,-15.32188841201717,0.03270142180094782,0.4189573459715639,0.4753554502369666,0.2369668246445498,04 | Downtrend
PD,2022-03-17,DT,15.1582867783985,8.164405426975264,2070740870.25,1269037.3,34073651.505,-0.4701850582590815,58.36,30.92,2019-04-11,1.645481189584397,5.073193672085131,33.33,3.19,N/A,31.76684335724587,-22.82265018683529,0.253234152652005,0.253234152652005,0.253234152652005,-0.2254204398447608,04 | Downtrend
GIII,2022-03-17,DT U,12.50475104522997,5.356735624694577,1110033975.63,461212.4,12134498.244,-0.1731843575418993,35.8,29.6,1989-12-14,1.09316457967992,3.303941958195399,53.12,0.89,308.411214953271,14.96404726671133,-11.05476673427992,0.07094594594594583,0.07094594594594583,0.07094594594594583,-0.2858108108108108,04 | Downtrend
SIG,2022-03-17,DT U,7.057385486361301,5.33663885008455,3019405134.76,1232541.966666667,95793161.64933333,-0.2565671908506076,111.92,83.205,1950-05-08,3.172583915505182,4.555100882433781,0,1.48,198.7821380243572,47.12734728111458,-2.054190296156266,0.01916831921158568,0.01916831921158568,0.01916831921158568,-0.2933117000180278,04 | Downtrend
STNE,2022-03-18,DT,28.4079084287201,7.815519548089807,2216024023.52,7473111.933333334,71816605.67933333,-0.8702653147905952,95.1172,12.34,2018-10-25,3.240786422759878,9.366896096895074,133.33,-0.32,N/A,N/A,-13.88888888888889,0.2163695299837924,0.2163695299837924,0.2163695299837924,-0.3435980551053485,04 | Downtrend
ONON,2022-03-18,DT,8.800654932460095,6.698438687796032,8164865194.29,2435735.666666667,59505022.33666666,-0.5242527295507429,55.87,26.58,2021-09-15,0.7287936900450087,3.299837133394469,N/A,N/A,N/A,N/A,-7.950263752825926,0.09781790820165548,0.09781790820165548,0.09781790820165548,-0.3604213694507148,04 | Downtrend
PDD,2022-03-21,DT,5.492957746478866,11.73351777330652,60636689281.2,15391026.4,655657724.64,-0.788613641334641,212.5965,44.94,2018-07-26,1.081288791344488,3.394953958366286,162.86,-10.23,N/A,N/A,-23.96930215955738,0.232309746328438,0.4803916332888296,0.6248331108144192,0.4029817534490432,04 | Downtrend
TME,2022-03-22,DT U,5.161290322580636,10.11520737327189,7613323439.700001,20598792.53333334,95784385.28000002,-0.8483631593799325,32.2481,4.89,2018-12-12,1.258115276969953,2.167049934007782,N/A,N/A,N/A,N/A,-15.60798548094373,0.1697341513292434,0.1697341513292434,0.1697341513292434,-0.01226993865030668,01 | Green
YOU,2022-03-23,DT SW,5.747126436781613,8.952249589490982,2238315315.75,988940.5,21509455.875,-0.649923896499239,65.7,23.0,2021-06-30,0.9609663001297363,4.403903976022824,62.5,3.25,N/A,N/A,-16.37831603229528,0.3460869565217393,0.5130434782608695,0.5130434782608695,-0.06434782608695655,01 | Green
BZ,2022-03-23,DT U,8.128834355828229,12.48493645924629,11654808396.0,5431145.033333333,141644262.4693333,-0.3727758007117438,44.96,28.2,2021-06-11,1.215328966866126,1.102169425279756,20,4.91,-81.08108108108108,-0.5296059172068238,-17.90997796663519,0.04609929078014185,0.04609929078014185,0.04609929078014185,-0.1148936170212765,01 | Green
LOVE,2022-03-29,DT U,20.41551833792663,5.968018413640634,690494177.0600001,369712.0333333333,17439316.61233333,-0.4052978745681081,95.51,56.8,2018-06-27,2.52562833861783,12.59554891415039,275.93,12.54,N/A,104.9039294732274,14.76885644768857,0.1163732394366197,0.1163732394366197,0.1163732394366197,-0.4612676056338028,01 | Green
DNA,2022-03-29,DT U,10.42780748663101,9.015469824293355,10074105439.2,383276.2983333334,57338134.23066667,-0.7396621280887544,634.56,165.2,2021-04-19,0.5691635309628046,4.056094211304369,50,56.62,N/A,N/A,-12.82051282051282,0.12590799031477,0.12590799031477,0.1888619854721552,-0.3946731234866828,01 | Green
BNTX,2022-03-30,DT SW,7.082777423284425,6.326435905297795,43305120654.74,1608061.433333333,277213710.4923333,-0.6021551724137931,464.0,184.6,2019-10-10,0.6401407184671835,2.518607135303682,70.09,46.82,N/A,N/A,17.31201088805716,0.02423618634886249,0.02423618634886249,0.02423618634886249,-0.1923076923076923,01 | Green
HYMC,2022-03-31,UT,7.112970711297084,20.71129707112971,2227042175.9,8838673.756666666,211244302.7843333,-0.8416948544643906,161.713,25.6,2020-06-01,9.4854199471532,2.125082112667954,-1200,26.43,N/A,N/A,712.3725356900068,0.12109375,0.12109375,0.12109375,-0.56640625,01 | Green
TLRY,2022-04-06,DT U,10.24182076813656,10.33641536273114,9671938183.9,4306902.6,302775252.78,-0.8843283582089552,670.0,77.5,2015-01-23,3.130450660695935,2.961627852926138,N/A,-38.59,N/A,N/A,27.81818181818181,0.05161290322580636,0.05161290322580636,0.05161290322580636,-0.5483870967741935,01 | Green
ARRY,2022-04-06,DT U,18.07000946073794,9.798148398432211,1627861304.44,4314050.733333333,45599516.25133333,-0.7721796276013143,54.78,12.48,2020-10-15,2.801191730951551,2.936476361327292,-100,2.83,-85.71428571428567,1544914.634146341,-1.582867783985098,0.01442307692307687,0.172275641025641,0.9230769230769229,-0.1266025641025641,01 | Green
SI,2022-04-19,DT SW,8.124838792881107,8.000319343626035,2421452888.67,782867.3,91055295.663,-0.4743793362868846,239.26,125.76,2025-07-31,3.760357927632974,2.209783190586706,79.55,8.459999999999999,111.7647058823529,63.83213971604474,-16.89768505287226,0.1492525445292621,0.1492525445292621,0.1492525445292621,-0.3670483460559797,04 | Downtrend
LBRT,2022-04-21,UT,14.89971346704873,5.116537044617298,2847690209.2,1685797.7,29417169.865,0.0,0.0,20.05,2018-01-12,1.033018611714234,2.967852548381102,81.25,7.26,-30.37974683544305,101.9800863252894,19.68449931412895,0.0,0.0,0.0,-0.3920199501246884,04 | Downtrend
CLF,2022-04-22,UDS,5.916159567275181,5.825823432821396,16876574590.26,20082754.83333333,594047887.9699999,-0.07961222091656872,34.04,31.33,1972-06-01,3.519955336865833,2.662771788223045,22.14,9.07,1775,281.8453492715727,-9.45821854912765,0.04436642195978302,0.04436642195978302,0.04436642195978302,-0.5014363230130865,04 | Downtrend
ENPH,2022-04-27,DT,10.18656958980693,7.770553765288186,20327811201.84,2465251.166666667,379229586.9683334,-0.399915032216951,282.46,169.5,2012-03-30,1.865570194463469,3.216703477204858,19.7,2.13,N/A,104.5438001980735,-23.98201225538644,0.1380530973451328,0.519468436578171,0.9164595870206489,0.5030678466076697,04 | Downtrend
TECK,2022-04-27,UTU,5.119453924914685,5.089387290752483,17249496000.0,5493734.766666667,193159714.396,-0.1773870465168039,44.93,36.96,1991-05-17,1.119799177877429,1.90522503261488,4.93,0.03,N/A,N/A,-10.46600458365166,0.174107142857143,0.2418831168831168,0.2418831168831168,-0.2637987012987013,04 | Downtrend
VRT,2022-04-27,DT SW,10.52859618717505,6.227655360237691,4442763516.42,4482475.333333333,51727765.34666666,-0.5571180555555555,28.8,12.755,2018-07-30,1.164315074513557,1.406459719503197,52.94,1.4,137.9310344827586,14.35991305342638,-15.3958944281525,0.04429635437083501,0.04429635437083501,0.2340258722069777,-0.1767934143473149,04 | Downtrend
UPWK,2022-04-28,DT,13.01192327630898,6.183959120195482,2409385910.85,988523.7666666667,19068623.459,-0.6619625708831927,64.4899,21.8,2018-10-03,0.7914308526969362,3.465349155489871,76.92,3.57,N/A,31.29901918322192,-18.98362032759344,0.08440366972477054,0.1490825688073394,0.1490825688073394,-0.129816513761468,04 | Downtrend
MXL,2022-04-28,DT,17.0720618322346,5.284480239015356,3989593472.09,660725.6666666666,29065322.07666667,-0.3388111439209142,77.89,51.5,2010-03-24,0.7285284147369637,2.902564705371922,9.89,1.46,155.5555555555556,149.638911788953,-26.60994327660994,0.04174757281553387,0.04174757281553387,0.04174757281553387,-0.2366990291262135,04 | Downtrend
PINS,2022-04-28,DT,8.194965184788416,6.749827836865832,10573064214.09,11210054.43333333,209291716.2703333,-0.7753058954393771,89.9,20.2,2019-04-18,1.979480234229776,2.70581995657452,233.33,0.37,N/A,52.30643165955556,-27.32580770727909,0.2033564356435644,0.2033564356435644,0.302970297029703,-0.04455445544554448,04 | Downtrend
HZO,2022-04-28,DT,7.836644591611464,5.158053453169352,800423276.4000001,465370.6333333334,16865031.752,-0.4487233742417831,70.89,39.08,1998-06-03,2.107014157290941,1.671446250117917,33.15,12.7,125.8169934640523,38.75639451435148,-14.24514907714149,0.1729785056294781,0.1729785056294781,0.1729785056294781,0.09263050153531238,04 | Downtrend
ROKU,2022-04-29,DT,5.685910727927546,8.24513181896136,13599630129.47,5465340.2,500789122.526,-0.8026739272228678,490.7613,96.84,2017-09-28,3.682373106903875,3.259390147387348,0,2.14,955.0000000000002,55.45449024622299,-26.85399537000081,0.1416769929781081,0.1416769929781081,0.1416769929781081,-0.3234200743494424,04 | Downtrend
FIVN,2022-04-29,DT,10.53959627329193,6.086637644188133,7699512634.240001,1083948.4,111690043.136,-0.4619236583522298,211.68,113.9,2014-04-04,1.450611856123341,2.912427381229587,69.23,6.890000000000001,-114.0350877192982,58.33717169235808,-6.666666666666665,0.03415276558384539,0.03415276558384539,0.05693590869183485,-0.05074626865671639,04 | Downtrend
TAL,2022-04-29,DT,6.930693069306937,7.083686940122575,1680744799.62,10055444.4,30467996.532,-0.9643799472295514,90.96,3.24,2010-10-20,1.812767562266949,0.8463275874709227,-41.67,-59.31,-40.74074074074075,-72.5887784434615,0.6644518272425293,0.3888888888888888,0.6805555555555556,1.074074074074074,0.5185185185185184,04 | Downtrend
MPWR,2022-05-03,DT SW,8.306763696546348,5.039518930214267,20191384410.0,463243.3,190332774.671,-0.2327586206896551,580.0,445.0,2004-11-19,0.9426435097572392,2.657886255451509,8.41,4.77,44.28571428571428,43.02743080719804,-13.41537942806566,0.08379775280898882,0.1889662921348316,0.2166067415730337,0.1822921348314608,04 | Downtrend
CDLX,2022-05-03,DT,6.302286670384816,10.35076886303881,2111693557.6,37481.25333333333,13440777.44533333,-0.7639189942404162,1614.7,381.2,2018-02-09,0.6364927996754017,1.503909154229635,30.91,5.050000000000001,N/A,39.0208195018981,-38.02281368821293,0.06458551941238189,0.06458551941238189,0.06458551941238189,-0.5779118572927597,04 | Downtrend
CAR,2022-05-03,DT SW,7.641859138865126,7.641169192227791,9910993542.24,999001.1,280279748.616,-0.445983379501385,545.11,302.0,1968-12-02,2.827968229637788,2.098126818879379,189.57,15.26,300.205973223481,72.39911144020734,-1.120744343412983,0.01970198675496682,0.01970198675496682,0.01970198675496682,-0.401158940397351,04 | Downtrend
CVI,2022-05-03,CPH,6.048703849175174,5.91123330714845,2559509050.54,663300.2666666667,16887624.78933334,-0.07723855092276155,29.26,27.0,2007-10-23,0.659799377766233,2.625738428769916,0,28.27,N/A,84.27480916030534,-3.009523809523806,0.4622222222222221,0.6151851851851851,0.6151851851851851,0.26,04 | Downtrend
LUNG,2022-05-04,DT SW,6.550907655880023,6.782218964934036,1088309136.46,399477.4666666667,10122759.00533333,-0.6113872180938111,69.4779,27.0,2020-10-01,0.9301363616463021,2.868539769118392,-16.22,16.47,N/A,N/A,-1.744862349747967,0.01666666666666661,0.01666666666666661,0.01666666666666661,-0.282962962962963,04 | Downtrend
BXC,2022-05-04,UTU,8.411703239289437,5.707661591282259,601778213.52,165329.2333333333,12657606.104,-0.1410535030528821,96.63,83.0,2004-12-14,2.103367290411109,3.69806952874033,53.73,16.25,775.4010695187166,12.96259176928759,13.75928677563152,0.2049397590361446,0.2049397590361446,0.2049397590361446,-0.04867469879518083,04 | Downtrend
ABNB,2022-05-04,DT SW,5.206896551724149,5.743266009852203,85489923890.0,4562882.766666667,661618001.1666666,-0.3064017459307083,219.94,152.55,2020-12-10,0.7739134286959611,4.514265882629186,89.66,4.07,N/A,N/A,-15.30868524034812,0.04057686004588668,0.04057686004588668,0.04057686004588668,-0.2184857423795478,04 | Downtrend
AMD,2022-05-04,DT,7.736201031493484,5.032441880516061,148767450577.46,92915208.13333334,8467362917.190667,-0.403015567928717,164.4599,98.18,1973-01-02,5.691677100282024,2.42580390797338,24.18,6.65,24.75728155339805,68.32940694458671,-14.68826062535106,0.1152984314524341,0.1160114076186594,0.1160114076186594,0.05836219189244241,04 | Downtrend
EPAM,2022-05-05,DT SW,8.982725527831082,5.863268896810165,16126090260.6,896865.9666666667,280360301.18,-0.5303556658395367,725.4,340.68,2012-02-08,1.738550985696695,2.902930980508087,43.1,10.57,45.5357142857143,41.31134004492611,13.47878171851744,0.07035928143712566,0.2836973112598331,0.3590172595984502,0.2545203710226605,04 | Downtrend
HYMC,2022-05-05,DT,34.2857142857143,12.55102040816327,1304543534.0,5986470.093333334,83810581.30666667,-0.8837446587472868,161.713,18.8,2020-06-01,6.424513948544601,1.461800854855241,N/A,N/A,N/A,N/A,-33.33333333333334,0.005319148936170137,0.005319148936170137,0.005319148936170137,-0.4627659574468086,04 | Downtrend
STAA,2022-05-05,DT,10.66395239586595,6.57564538499399,3202194818.24,555482.6333333333,35473120.96466666,-0.566654402747118,163.08,70.67,1983-07-07,1.107775228496669,2.248781375043288,262.5,4.41,26.31578947368422,26.27348467904272,-11.13275814082939,0.01556530352341867,0.2310740059431158,0.5886514787038346,0.1958398188764681,04 | Downtrend
RUN,2022-05-05,DT,8.011503697617094,6.828324920765345,5862215541.88,6433854.4,156600016.096,-0.7395224412959477,100.93,26.29,2015-08-05,2.671345244425774,2.345486400811308,-147.06,23.54,-470.5882352941176,104.3868610727408,-15.48611111111111,0.06732597945987062,0.3400532521871433,0.488398630658045,0.2643590718904527,04 | Downtrend
BAND,2022-05-05,DT,6.646177487514415,7.262224905329036,837665911.64,486440.9666666667,12662058.36233333,-0.8602250698622894,198.605,27.76,2017-11-10,1.511588114830086,2.307819605928201,212.5,4.29,40.43715846994536,43.0744390332048,-20.83333333333334,0.0504322766570604,0.0504322766570604,0.0504322766570604,-0.4221902017291067,04 | Downtrend
FTNT,2022-05-05,DT,5.43898110449943,5.895672080294704,42169458492.522,4985981.166666667,286564281.573,-0.1849799607284073,74.354,60.6,2009-11-18,0.6795540939275212,2.645622708763407,18.75,7.99,24.7422680412371,28.8236201048412,-13.46101725539797,0.0217821782178218,0.04884488448844881,0.04884488448844881,-0.1189768976897689,04 | Downtrend
AMR,2022-05-05,UT,7.688059884648424,7.876864821275169,2066430754.1,560312.1,91319666.05799998,0.0,0.0,175.51,2016-08-18,4.419197975872788,1.763078113073054,7.77,13.45,N/A,N/A,36.04340567612687,0.04273260782861366,0.06535240157255995,0.06535240157255995,-0.2636886787077659,04 | Downtrend
SIMO,2022-05-05,U,20.35714285714285,5.482925756509486,2753309300.0,869421.5,70597025.8,0.0,0.0,97.73,2005-06-30,2.56407900848626,8.147199028319406,12.42,2.58,N/A,N/A,16.91864650827934,0.009413690780722517,0.009413690780722517,0.009413690780722517,-0.177018315767932,04 | Downtrend
BRBR,2022-05-06,DT,7.861936720997131,5.165045884125488,2425563126.84,873764.3,18226723.298,-0.3419128400116993,34.19,22.5,2019-10-17,0.7514429575677791,2.056077365486321,43.75,2.31,10.76923076923076,23.81416187786111,-13.5874067937034,0.1862222222222223,0.1926666666666668,0.1926666666666668,0.1093333333333333,04 | Downtrend
VIR,2022-05-06,DT,6.957773512475995,6.791506717850271,3526460564.72,2270915.1,47325870.684,-0.8419261045315936,141.01,22.29,2019-10-11,1.342021832243505,0.7107064460489958,1.85,47.2,396.4052287581699,3102.558312450087,-8.716600963644316,0.2027276805742486,0.4257514580529387,0.4257514580529387,0.3535217586361599,04 | Downtrend
OPEN,2022-05-06,DT,11.32757175477641,10.43959220246183,6719367411.370001,15110211.2355555,104553595.6233027,-0.7971464836652253,37.9742,7.7032,2020-12-21,1.556003552453243,3.140044306926772,215.38,20.07,-195.0617283950617,4781.54517641408,-3.246825885116611,0.01508464014954836,0.01508464014954836,0.01508464014954836,-0.2814025340118392,04 | Downtrend
RLAY,2022-05-06,DT,5.236051502145922,10.09809932556712,5106000002.3,586631.6666666666,13668517.83333333,-0.6190772098803791,64.37,24.52,2020-07-16,0.2676952179235476,3.771782407473173,8.06,146.47,N/A,N/A,-24.00521852576647,0.02691680261011409,0.02691680261011409,0.3482871125611746,-0.1953507340946166,04 | Downtrend
GDYN,2022-05-06,DT SW,10.83776595744683,7.386160714285738,1220148290.24,947580.9666666667,14251617.73866667,-0.6106049988320486,42.81,16.67,2020-03-06,1.16802341589672,1.84353217450653,100,12.37,30,106.4733808070532,-5.882352941176483,0.2657468506298739,0.2657468506298739,0.4556808638272345,0.2075584883023394,04 | Downtrend
IRTC,2022-05-06,UDS,26.2529630883847,7.804714334091267,3893589914.36,319442.2666666667,37732520.53866667,-0.4789126105035116,286.19,149.13,2016-10-20,0.9690933397866287,3.452576928872281,25.93,6.48,N/A,21.74449212945853,-23.47262714609652,0.01032656071883586,0.07288942533360165,0.1043384966136929,0.003553946221417581,04 | Downtrend
MELI,2022-05-06,DT,5.12362847944634,7.528623989838162,46297333522.44,446134.8666666666,407419282.9373333,-0.5247475247524753,2020.0,960.01,2007-08-10,0.8800059354171229,2.644989415009482,-3.7,11.29,2187.5,77.91547176079317,-22.15592341919976,0.02707263466005561,0.1301860397287529,0.1409672815908167,0.06749929688232403,04 | Downtrend
CCXI,2022-05-06,DT,16.75191815856778,7.948940445743529,871148000.0,1205926.0,18860682.64,-0.7402190923317684,70.29,18.26,2026-02-09,2.165037701974865,6.943067816764876,-83.33,-75.22999999999999,N/A,-50.34134163443312,-34.31331373372532,0.3748630887185103,1.787513691128149,1.847754654983571,1.766703176341731,04 | Downtrend
GEVO,2022-05-10,DT,7.467532467532467,10.67254174397033,761490280.32,7358595.866666666,22664475.26933333,-0.7874116891457932,15.57,3.31,2011-02-09,2.976331524521767,1.463425794149243,-14.29,110.91,N/A,-92.00179937022043,-33.47732181425486,0.4516616314199395,0.4516616314199395,0.4516616314199395,0.0513595166163141,04 | Downtrend
LPSN,2022-05-10,DT,7.975460122699385,9.318141980718671,3016469116.5,60672.80222226666,14834500.1433442,-0.7563339332687249,1083.45,264.0,2000-04-07,0.4917835910270026,2.692020048812871,-75.51,3.87,-10.42944785276075,28.09557580055643,-35.82677165354331,0.04318181818181799,0.04318181818181799,0.04318181818181799,-0.2255681818181818,04 | Downtrend
RCUS,2022-05-10,DT,10.97674418604651,7.882059800664432,2737667584.0,1542569.966666667,33165254.28333333,-0.5140529531568228,49.1,23.86,2018-03-15,1.211441976270751,1.327917724488305,-209.68,-77.33,N/A,-33.52249928346231,-31.41945773524721,0.07795473595976521,0.2812238055322716,0.2812238055322716,0.1316010058675607,04 | Downtrend
TREX,2022-05-10,DT,10.84770114942528,6.635788690476192,5671853779.2,1506309.7,83871324.096,-0.5622005734236171,140.9778,61.72,1999-04-08,1.478728601988569,2.445241506444525,14.81,3.78,18.18181818181819,45.46403241191081,-12.54908119993718,0.09818535320803634,0.09818535320803634,0.09818535320803634,-0.07031756318859361,04 | Downtrend
RVMD,2022-05-10,DT SW,9.539693128752514,12.62270084818451,3212902905.82,700687.4333333333,10503304.62566667,-0.7077251690993236,56.18,16.42,2020-02-13,0.3269101162889329,1.649500112342056,-1.3,-10.85,N/A,-35.43831793687452,-36.34819532908705,0.2831912302070645,0.5572472594397075,0.6023142509135198,0.4926918392204629,04 | Downtrend
RNG,2022-05-10,DT,8.578502767258955,8.9547251466855,5733533082.92,1218617.833333333,83670300.43666665,-0.8339643652561247,449.0,74.55,2013-09-27,1.4593148626964,3.760598995556031,14.71,1.95,N/A,34.73109186191608,-38.82751247327156,0.01824279007377605,0.01824279007377605,0.01824279007377605,-0.2908115358819584,04 | Downtrend
AMC,2022-05-10,DT,5.031948881789128,9.884242355089025,111754100677.6,5055716.293333334,632975679.9253334,-0.8189204076012118,726.2,131.5,2013-12-18,0.5664004059693597,1.101593478918893,1746.03,6.72,90.85227272727273,-10.63128468310594,-33.11965811965811,0.2266159695817491,1.091254752851711,1.091254752851711,0.7999999999999998,04 | Downtrend
XPO,2022-05-10,DT,6.074280912333174,5.248519949371556,3539032073.797,3165351.7863,95675290.02234654,-0.4055959094836057,53.9394,32.0618,2002-07-26,2.703430995461346,2.005426544523216,34.41,7.86,275.6410256410257,-21.20354417917795,-14.30264471057885,0.05781958592468306,0.1426994117610365,0.1939441952728793,0.05893306052685765,04 | Downtrend
CLOV,2022-05-10,DT,14.52282157676348,8.768227622999392,1280086593.83,6934345.266666667,16711772.09266667,-0.9043327556325823,28.85,2.76,2021-01-08,1.305518874521238,3.075472330822024,36,11.05,N/A,N/A,-22.00647249190938,0.04710144927536253,0.286231884057971,0.286231884057971,0.1123188405797102,04 | Downtrend
PMVP,2022-05-10,DT,5.578684429641956,10.92304032353991,642031276.58,1042292.3,12517930.523,-0.7994305599493832,63.22,12.68,2020-09-25,1.949738428582647,1.462411264095494,-2.5,N/A,N/A,N/A,-41.1851126346719,0.4289195583596215,0.4289195583596215,0.4289195583596215,0.3548895899053628,04 | Downtrend
LI,2022-05-10,DT,7.460317460317456,8.221844293272882,18527593984.2,7179371.433333334,135690120.09,-0.5742138364779874,47.7,20.31,2020-07-30,0.7323677332616102,1.377165409508482,170,4.72,N/A,N/A,-25.14851485148515,0.5356967011324472,1.042836041358937,1.042836041358937,0.5519448547513541,04 | Downtrend
BLDR,2022-05-10,DT SW,6.795366795366808,5.499161610590167,6966870590.75,2606838.566666667,168792797.1916667,-0.2003931544865865,86.48,69.15,2005-06-22,2.422792199065316,1.732167867139503,96.97,23.5,218.796992481203,132.4354348480887,6.566820276497709,0.03543022415039743,0.07707881417208973,0.07707881417208973,-0.01127982646420822,04 | Downtrend
NCLH,2022-05-10,DT,8.463949843260199,7.214330497089096,7324046143.7,17481954.9,278837180.655,-0.4983326083804552,34.485,17.3,2013-01-18,3.807146694383544,1.433695553121465,-18.95,N/A,21.71428571428572,-49.3724548951956,-21.27344521224088,0.01329479768786124,0.01329479768786124,0.05721965317919064,-0.216184971098266,04 | Downtrend
AUPH,2022-05-10,DT,7.434320849636666,8.807554100455144,1190142697.76,1724945.466666667,15429637.19933333,-0.7171158176706945,33.9715,9.61,2009-10-21,1.296452705072583,3.293942973733431,0,9.44,N/A,-9.004748792848877,-24.95805369127516,0.3959417273673258,0.3959417273673258,0.3959417273673258,-0.1155046826222684,04 | Downtrend
CRNC,2022-05-10,DT,5.213449187759744,7.037400831129541,1197244902.79,544648.7666666667,14416852.85366667,-0.7996402877697841,139.0,27.85,2019-09-16,1.204169073517903,1.53074614508445,-2.94,1.96,323.076923076923,12.18373189139172,-20.96148103911616,0.1798922800718132,0.1798922800718132,0.1798922800718132,-0.1497307001795333,04 | Downtrend
TGTX,2022-05-10,DT,7.020280811232449,9.767104969913097,981172629.73,2594861.266666667,16633060.71933333,-0.8790976383503701,56.74,6.86,1995-12-14,1.695222656578836,1.097226289734334,N/A,N/A,N/A,4300.657894736842,-29.63776070252469,0.04810495626822164,0.1997084548104957,0.2886297376093294,0.1603498542274051,04 | Downtrend
WKHS,2022-05-10,DT,5.905511811023612,10.1611361079865,83275817700.0,1823.884722333333,13898001.58418,-0.9373836126629422,128880.0,8070.0,2009-07-15,0.0166891205250573,1.189367017793104,-25,42.99,-545.7142857142858,-1008.006569389718,-34.70437017994858,0.2007434944237918,0.758364312267658,0.758364312267658,0.4312267657992566,04 | Downtrend
CELH,2022-05-11,DT SW,10.96586782861293,12.98246706089844,3484292597.19,2336315.0,32171057.55,-0.5841045182362548,36.74,15.28,2006-11-01,0.9233167609386537,5.601139829175432,200,16.96,50,197.3589374879768,-18.888829984626,0.5708965968586388,1.393979057591623,1.578311518324607,1.24934554973822,04 | Downtrend
REAL,2022-05-11,DT,5.442176870748305,13.30887593132488,536569617.15,3222160.566666667,14209728.099,-0.8461283917935142,30.22,4.65,2019-06-28,2.648254326153473,2.732724151332123,7.84,7.22,N/A,60.85278573345065,-36.63793103448275,0.0,0.0,0.0,-0.3204301075268817,04 | Downtrend
ZLAB,2022-05-11,DT,14.32926829268293,15.42486933797909,2945865822.72,465662.0666666667,12218972.62933333,-0.8449932830422652,193.54,30.0,2017-09-20,0.4147837466015752,2.217668291927293,28.33,2.2,N/A,N/A,-38.18610129564194,0.2669999999999999,0.6963333333333332,0.7983333333333333,0.5,04 | Downtrend
EGHT,2022-05-11,DT,11.62790697674419,7.434108527131761,1117930777.74,1580929.866666667,12236397.168,-0.7794230278274189,39.17,8.64,1997-07-02,1.094557678493923,1.740917201977503,N/A,0,N/A,23.88585958114833,-31.50442477876106,0.04675925925925917,0.04675925925925917,0.04675925925925917,-0.4108796296296297,04 | Downtrend
HCAT,2022-05-11,DT,8.64864864864865,10.81726420297847,974570133.9499999,957118.1666666666,12394680.25833333,-0.7635294117647059,59.5,14.07,2019-07-25,1.271809983351002,1.680344241715887,45.45,3.13,N/A,27.35412752098209,-46.64194478780388,0.1577825159914712,0.300639658848614,0.300639658848614,-0.08813077469793884,04 | Downtrend
EXK,2022-05-11,DT,9.354838709677416,8.66082949308754,918047884.9,3792727.7,11757455.87,-0.5631443298969072,7.76,3.39,2001-12-18,1.280701809065298,1.69353233558001,40,9.44,N/A,N/A,-40.83969465648855,0.2330383480825957,0.2330383480825957,0.2330383480825957,0.002949852507374562,04 | Downtrend
XMTR,2022-05-11,DT,5.023923444976064,11.19258373205743,1677287745.98,404062.9,11822880.454,-0.6850466331864302,97.57,30.73,2021-06-30,0.7048808698648287,2.194195507679621,22.86,2.32,N/A,N/A,-18.56387419983301,0.1876016921575008,0.805876993166287,1.093989586723072,0.649853563293199,04 | Downtrend
ICL,2022-05-11,DT,8.479532163742709,5.289195210247867,13242770383.86,1312567.466666667,13466942.208,-0.1412037037037037,12.96,11.13,2008-10-27,0.1016927864611563,1.789667243517438,N/A,N/A,N/A,N/A,-14.57119067443797,0.1257861635220126,0.1257861635220126,0.1257861635220126,-0.09433962264150952,04 | Downtrend
DV,2022-05-11,DT,5.251641137855567,8.694123163488577,2833173181.76,600297.7,10973441.956,-0.6026435357290376,48.42,19.24,2021-04-21,0.3873198442879221,2.466006449799825,50,7.630000000000001,60.8695652173913,41.5702687249857,-26.34971796937953,0.2307692307692308,0.4537422037422039,0.6855509355509357,0.405925155925156,04 | Downtrend
SONO,2022-05-12,DT,5.260389268805898,6.750695122867667,2248768540.79,2863631.333333333,54437631.64666668,-0.5525491949910555,44.72,20.01,2018-08-02,2.420775222493221,3.130252101818507,271.43,13.3,356.5217391304347,34.61269941439684,-29.6707362190159,0.153423288355822,0.2272463768115942,0.2272463768115942,-0.1419290354822589,04 | Downtrend
ENVX,2022-05-12,DT,10.11976321275851,12.63176888243464,1442062158.0455,2150100.4190476,14128954.88368749,-0.7905254016500217,34.545,7.2363,2021-07-15,0.9797743325320445,1.666989781881276,0,N/A,N/A,N/A,-35.86660550637792,0.71882039163661,1.795613780523196,2.180147312853254,1.750894794300955,04 | Downtrend
BMBL,2022-05-12,DT SW,8.848553601815112,12.50372741268939,2326601375.82,2093700.033333333,36911931.58766667,-0.7737028301886792,84.8,19.19,2021-02-11,1.586517225137341,6.961781424244457,533.33,1.36,N/A,N/A,-33.87096774193549,0.7944241792600313,1.049504950495049,1.049504950495049,0.6352266805627929,04 | Downtrend
APP,2022-05-12,DT,17.79692082111435,11.21706116464177,9129266212.880001,1822761.033333333,49724920.98933334,-0.7231889051597898,116.09,32.135,2021-04-15,0.5446759885167887,8.74531038819113,-287.5,-23.67,N/A,358.7198694019127,-47.49807544264819,0.3928738135988799,0.3928738135988799,0.3928738135988799,0.1302318344484208,04 | Downtrend
RIVN,2022-05-12,DT,7.718446601941742,14.31952149791956,29825928978.0,19567052.3,403081277.3800001,-0.8763580968173493,179.4699,22.19,2021-11-10,1.351445843236997,3.777856412230267,0.69,-27.2,N/A,N/A,-49.93924665856622,0.4776926543488056,0.8278503830554305,0.8413699864803965,0.7530419107706172,04 | Downtrend
CPNG,2022-05-12,DT,13.65046535677352,11.85810311715169,17381938158.34,9439971.366666667,91284523.11566667,-0.8407246376811595,69.0,10.99,2021-03-11,0.5251688406903438,4.5847342453627,29.41,-2.53,N/A,N/A,-44.16859122401847,0.3011828935395815,0.9454049135577798,0.9454049135577798,0.7170154686078254,04 | Downtrend
TPR,2022-05-12,DT,6.598793363499245,5.592140702434826,5287867300.559999,4027097.533333333,106798626.584,-0.4307862679955703,49.665,28.27,2000-10-05,2.019691881690937,2.959420252763351,24.39,1.27,819.1489361702127,21.44386210969218,-22.97415045018879,0.2564556066501593,0.2727272727272727,0.3335691545808279,0.2624690484612664,04 | Downtrend
DDS,2022-05-12,DT SW,5.954651409196865,7.001821410912306,4421811820.139999,195961.3333333333,55484491.92,-0.2800748722132897,416.71,300.0,1972-06-01,1.25479089063187,2.488649121255214,N/A,N/A,1425.316455696203,49.42455593439028,-2.67427471469821,0.1392666666666666,0.1392666666666666,0.1966666666666668,0.005333333333333412,04 | Downtrend
COMP,2022-05-13,DT,6.711409395973145,10.63918184723552,3431371496.1,3135832.2,14017169.934,-0.7842595398441422,22.1099,4.77,2021-04-01,0.4085005062824448,5.426384740867193,6.25,4.25,N/A,N/A,-25.5,0.4423480083857443,0.4423480083857443,0.4423480083857443,-0.01467505241090139,04 | Downtrend
TOST,2022-05-13,DT,13.99580125962212,12.12726182145362,8259619999.999999,5387132.7,76982126.28299999,-0.7670527670527671,69.93,16.29,2021-09-22,0.9320298788927336,2.363246221872351,-53.84999999999999,8.99,N/A,N/A,-25.95854922279793,0.08471454880294682,0.3357888275015348,0.4119091467157767,0.2056476365868631,04 | Downtrend
LZ,2022-05-13,DT,5.053191489361697,9.040843465045596,1931867079.36,966198.3666666667,10898717.576,-0.710552027357108,40.94,11.85,2021-06-30,0.564154630121374,1.397052661822274,-400,2.29,N/A,-90.17763202842113,-25.88699080157688,0.2337552742616034,0.2337552742616034,0.2337552742616034,0.09451476793248959,04 | Downtrend
DUOL,2022-05-13,DT SW,19.21469095252313,10.54522672012971,3133744297.62,503402.3333333333,33717888.28666667,-0.6104783043488866,204.995,79.85,2021-07-28,1.075961695798683,4.005035071351146,45.61,4.88,N/A,N/A,-25.42863504787352,0.2860363180964309,0.4196618659987477,0.4196618659987477,0.3577332498434567,04 | Downtrend
NKTX,2022-05-13,DT,5.757097791798116,17.44817485353758,908202349.88,5724241.0,72583375.88,-0.8305962607377464,79.16,13.41,2020-07-10,7.991982831754441,0.1673622756274587,N/A,N/A,N/A,N/A,44.254835039818,0.1726323639075316,0.2960477255779268,0.378076062639821,0.2953020134228188,04 | Downtrend
AFRM,2022-05-13,DT,37.63858093126387,19.2603737725689,6041570112.599999,10987228.7,198209605.748,-0.8594395697707331,176.65,24.83,2021-01-13,3.280763146894941,7.75075947950369,64.81,3.12,N/A,N/A,-48.7354362034669,0.2517116391461942,0.5875956504228756,0.6500201369311318,0.5783326621022957,04 | Downtrend
ONON,2022-05-17,DT,13.48039215686274,9.576400560224078,6817979941.2,3043536.333333333,62088141.2,-0.5856452478969035,55.87,23.15,2021-09-15,0.9106530341166149,2.292109650079201,N/A,N/A,N/A,N/A,-21.5686274509804,0.01943844492440627,0.07991360691144722,0.07991360691144722,0.03974082073434126,04 | Downtrend
IONQ,2022-05-17,DT,7.201646090534974,14.13874191651971,1968959288.16,6299161.266666667,30613923.756,-0.854874651810585,35.9,5.21,2021-01-04,1.554827666579578,1.117232866737528,-12.5,1.19,N/A,N/A,-55.4945054945055,0.216890595009597,0.6525911708253358,0.6525911708253358,0.5086372360844531,04 | Downtrend
TME,2022-05-17,DT SW,5.301204819277094,7.097762478485345,6794686510.700001,14816219.83333333,61487312.30833334,-0.8644881403865654,32.2481,4.37,2018-12-12,0.9049322910115953,1.44635441705503,N/A,N/A,N/A,N/A,-8.991228070175428,0.125858123569794,0.2334096109839816,0.3787185354691076,0.05491990846681927,04 | Downtrend
SHLS,2022-05-17,DT SW,5.280528052805278,10.70132013201321,2039795394.0,3293689.633333333,39919518.356,-0.7102633969118983,44.04,12.76,2021-01-27,1.957035419994678,1.735421559503547,-28.57,-3.42,N/A,N/A,-9.82142857142857,0.5548589341692791,1.127742946708464,1.454545454545455,0.9976489028213165,04 | Downtrend
SSYS,2022-05-17,DT,9.871495327102785,7.989778037383181,1499489440.0,780917.5666666667,13369308.74133333,-0.6697102721685689,56.95,18.81,1994-10-28,0.8915907231286226,2.345388397162022,150,3.72,N/A,N/A,-20.6305053314789,0.08931419457735257,0.1397235513024986,0.1397235513024986,0.004784688995215225,04 | Downtrend
JD,2022-05-17,DT,8.01474869008343,6.084888137284817,69591265000.0,11457114.8,590385125.644,-0.486009788530797,108.29,55.66,2014-05-22,0.8483609626064422,3.321622473399673,66.67,8.57,N/A,N/A,-9.421690982597998,0.2107438016528926,0.2269134028027311,0.2269134028027311,0.008803449514912076,04 | Downtrend
UUUU,2022-05-17,DT,8.108108108108114,9.722972972972952,1479792800.0,4691390.0,27773028.8,-0.4381035996488147,11.39,6.4,2006-06-28,1.876818754625648,1.019017817746979,N/A,N/A,N/A,162.8756629345905,-37.61854583772393,0.190625,0.190625,0.2882812499999998,-0.03281250000000002,04 | Downtrend
SE,2022-05-17,DT,12.75415896487986,11.40573012939001,43076036432.26,7327605.233333333,515350476.0603333,-0.7872282766912468,372.6999,79.3,2017-10-20,1.196373944178353,2.968116636669069,31.62,3.57,N/A,-6.07565915170042,-34.5949967450944,0.133921815889029,0.1815889029003783,0.1815889029003783,-0.08587641866330398,04 | Downtrend
JMIA,2022-05-17,DT,11.39240506329113,13.31606819943167,688860337.69,6380655.933333334,35285027.31133334,-0.9118614966375733,69.89,6.16,2019-04-11,5.122232385980721,3.222044444145392,N/A,N/A,N/A,N/A,-34.2449464922711,0.3620129870129871,0.6366233766233766,0.6366233766233766,0.4561688311688312,04 | Downtrend
NU,2022-05-17,DT,10.57471264367815,12.7384236453202,21013495666.65,13223508.33333333,57522261.25,-0.6070261437908497,12.24,4.81,2021-12-09,0.273739610783998,7.583101509243954,N/A,40.54,N/A,7.545030027426976,-39.49930458970794,0.04158004158004158,0.2224532224532225,0.2224532224532225,0.05613305613305619,04 | Downtrend
DLO,2022-05-18,DT,11.63636363636362,10.3352504638219,5664680810.25,1555513.2,29943629.1,-0.7073403241182079,73.43,21.49,2021-06-03,0.5286022302583805,6.752005061737824,0,5.63,N/A,N/A,-26.52671755725191,0.4322940902745465,0.5649139134481156,0.5649139134481156,0.3950674732433692,04 | Downtrend
LSPD,2022-05-19,DT SW,7.677067855373942,10.16415481497204,2610558762.48,1209446.9,24418732.911,-0.8327949546223659,130.02,21.74,2019-08-13,0.9353833846590945,2.59906739187971,21.05,N/A,N/A,N/A,-11.25274725274724,0.3040478380864766,0.3040478380864766,0.3040478380864766,-0.07267709291628333,04 | Downtrend
CAN,2022-05-19,DT SW,10.2547770700637,11.59622383985444,2338810681.24,5083207.7,15961272.178,-0.9114578005115089,39.1,3.462,2019-11-21,0.6824525091332998,2.110594457904996,733.33,687.06,N/A,N/A,-20.50632911392405,0.185730791450029,0.3113807047949162,0.3113807047949162,0.0629693818601964,04 | Downtrend
GOOS,2022-05-19,DT,8.048395581272993,6.534154956038223,1856528177.09,1242756.4,23624799.164,-0.6170768083519762,53.64,20.54,2017-03-16,1.272525752936888,4.676112712032705,400,2.29,N/A,N/A,-19.58544839255498,0.05939629990262918,0.1850048685491723,0.1850048685491723,-0.03748782862706912,04 | Downtrend
BJ,2022-05-19,DT,6.570572819168841,5.384259506872786,6821412785.54,1937229.433333333,103486796.3286667,-0.2316091667015342,74.0899,56.93,2018-06-28,1.517087436022601,4.147859237392343,22.54,6.04,1.980198019801982,8.018688508249863,-23.6639039725636,0.09994730370630589,0.3607939574916563,0.4124363253117864,0.2959775162480238,04 | Downtrend
PANW,2022-05-20,DT,11.84092024700152,7.252374345926654,59273564500.0,9550649.8,694602523.8493401,-0.2385085852680339,106.8167,81.34,2012-07-20,1.171858871165644,3.70658298035386,7.140000000000001,1.99,N/A,36.75381903642773,-23.65548957468405,0.09585320875338099,0.1005040570445046,0.1859478731251536,0.05218834521760507,04 | Downtrend
DECK,2022-05-20,DT SW,16.83065111393898,6.120022026689817,5147442685.4431,2386160.2,90192799.08766,-0.4131428882778747,75.2483,44.16,1993-10-21,1.752186563295286,5.287158842059305,90.91,15.15,73.23193916349813,46.25738283170704,-17.21791502409111,0.04985733695652184,0.3057812500000001,0.4205163043478262,0.2353192934782609,04 | Downtrend
ZM,2022-05-24,DT,5.85469607074891,9.103492667636848,26194434033.94,4514323.633333334,403264530.1656667,-0.839413083350316,588.84,94.56,2019-04-18,1.539504650656544,6.072880729589398,18.39,0.37,100,54.63202392123613,-9.180561203741355,0.300655668358714,0.3118654822335025,0.3118654822335025,-0.1157994923857868,04 | Downtrend
WOOF,2022-05-24,DT,7.46575342465754,8.63077299412919,4169252693.8,3255575.333333333,47531399.86666667,-0.4951737451737451,31.08,15.69,2021-01-14,1.140046031207212,3.917537975366566,6.25,1.1,-75.78125,130.7296424159757,-30.67426400759734,0.09400892288081586,0.09400892288081586,0.09400892288081586,-0.08604206500956024,04 | Downtrend
CAL,2022-05-25,DT,16.77018633540373,6.021466111528227,703033341.92,689094.3333333334,14422744.39666667,-0.1675409076665259,29.3588,24.44,1984-07-12,2.051502188683943,5.596714141218207,59.04000000000001,8.540000000000001,130.1694915254238,31.20038543836528,-9.039548022598876,0.2250409165302782,0.2737315875613746,0.2737315875613746,0.09533551554828135,04 | Downtrend
WSM,2022-05-26,DT,9.479909549486853,6.572248589816858,6769252666.39,3236982.133333333,186094102.8453333,-0.4363245566899516,111.66,62.94,1983-07-07,2.749108535559748,3.07591441344996,21.53,4.48,71.3124274099884,21.5642966752069,-16.83784174743237,0.06434699714013337,0.4052272005084208,0.4052272005084208,0.2283921194788687,04 | Downtrend
DLTR,2022-05-26,DT,19.62721760610824,5.094633901168817,25672603210.92,2671747.0,356918681.73,-0.09808679948078336,177.19,159.81,1995-03-06,1.390270705302618,3.325628886268049,18.5,2.12,2.654867256637159,3.182760797042647,-20.05864400694154,0.04092359677116564,0.09930542519241592,0.09930542519241592,-0.1320943620549403,04 | Downtrend
CD,2022-05-26,DT SW,6.451612903225801,10.36866359447002,682023560.0,2938588.066666667,18219246.01333334,-0.7597378958864216,27.47,6.6,2023-02-28,2.671351413920853,0.8238269349354874,150,12.98,N/A,N/A,3.333333333333344,0.2439393939393941,0.3303030303030303,0.3757575757575757,0.3121212121212122,04 | Downtrend
M,2022-05-26,DT,14.78396668401873,7.040046106938328,5052959096.34,14012151.9,269173437.999,-0.4189723320158103,37.95,22.05,1992-02-05,5.327045655168075,3.448550040340342,31.71,0.34,135.8832807570978,41.01233713824513,-25.34006995724835,0.1283446712018139,0.1283446712018139,0.1283446712018139,-0.1619047619047619,04 | Downtrend
BABA,2022-05-26,DT SW,6.062446847284653,5.494472117604206,197286667250.65,22107735.6,1819687717.236,-0.7266065388951521,319.32,87.3,2014-09-19,0.9223571681730078,2.298970411062814,13.64,7.51,N/A,N/A,-9.459905400945988,0.3866552119129441,0.4414662084765177,0.4414662084765177,0.1225658648339061,04 | Downtrend
IQ,2022-05-26,DT SW,8.659217877094981,12.02454110135673,3454788551.3,20939799.56666667,74964482.44866666,-0.865723161891612,28.97,3.89,2018-03-29,2.169871797811137,1.425589910971243,127.27,5.140000000000001,N/A,N/A,7.185628742514982,0.3329048843187659,0.3329048843187659,0.3329048843187659,0.01285347043701801,04 | Downtrend
MRVL,2022-05-27,DT,5.281628355851908,5.908417516857626,51151056666.77,10043358.4,572370995.2160001,-0.3606819392647842,93.85,60.0,2000-06-27,1.118981762087112,2.20474547637372,1.96,1.19,-29.26829268292684,50.30425410084543,-1.876721763085398,0.02499999999999991,0.02499999999999991,0.02499999999999991,-0.1638333333333333,04 | Downtrend
PDD,2022-05-27,DT SW,7.321726687336039,7.591189397294809,59683013651.66,12145794.86666667,509273178.7593334,-0.7883314165567166,212.5965,45.0,2018-07-26,0.8532966879516289,2.60997203954095,88,23.05,N/A,N/A,-2.692039916453937,0.5268888888888887,0.5268888888888887,0.6226666666666665,0.2793333333333334,04 | Downtrend
ZS,2022-05-27,DT,10.08231900372898,9.283362314179154,22983774788.25,2552389.933333333,362771181.2246666,-0.5840046794820664,376.11,156.46,2018-03-16,1.578379463629822,2.649912504225778,54.55,5.680000000000001,N/A,82.946691668899,-29.89543257373977,0.09906685414802507,0.2019685542630705,0.2412757254250288,0.03023136904001023,04 | Downtrend
BEKE,2022-05-31,DT SW,9.225413402959104,8.151871192341153,12677869107.36,13124479.16666667,150800265.625,-0.8419395465994962,79.4,12.55,2020-08-13,1.189476436047557,2.862494772014763,100,8.74,N/A,N/A,-20.8132322536182,0.5418326693227091,0.5418326693227091,0.5418326693227091,0.4374501992031872,04 | Downtrend
HTHT,2022-05-31,DT SW,6.436931079323793,5.231748095857331,9459432672.44,1629201.166666667,50114227.88666667,-0.4926390825972415,64.53,32.74,2010-03-26,0.5297804807329954,2.095437978960446,13.16,11.83,N/A,N/A,1.888042398145084,0.2116676847892487,0.268784361637141,0.268784361637141,0.1493585827733659,04 | Downtrend
CPRI,2022-06-01,DT U,5.252359458350431,5.639926138695114,5539379861.320001,2451786.566666667,119500077.2593333,-0.2911427387038829,72.37,51.3,2011-12-15,2.157282588503638,2.078546750065806,24.39,5.82,1353.488372093023,39.26108374384236,1.120331950207465,0.02982456140350886,0.06003898635477589,0.157309941520468,-0.07407407407407407,04 | Downtrend
ESTC,2022-06-02,DT,6.651598320955765,7.773640389316857,6438764148.02,1478393.2,91571674.808,-0.6520227560050569,189.84,66.06,2018-10-05,1.422193338703972,2.077105062442116,27.27,3.21,N/A,59.84681928732858,-17.61106677307795,0.2107175295186194,0.3720859824402059,0.3820768997880715,0.2373599757795941,02 | Light Green
CHWY,2022-06-02,DT,15.32567049808429,10.19728759958648,9617374622.43,5338085.7,125391633.093,-0.77425,120.0,27.09,2019-06-14,1.303803148112344,9.177279038438817,130.77,0.33,N/A,19.89377613641897,-27.74530913565057,0.4913252122554448,0.9184200812107788,0.9184200812107788,0.2089331856773717,02 | Light Green
PATH,2022-06-02,DT,9.86333927510399,8.137382225617495,8719964076.779999,7160514.833333333,120511464.645,-0.7945555555555556,90.0,18.49,2021-04-21,1.382017902641417,2.614956247675767,40,8.790000000000001,N/A,N/A,-11.97698744769876,0.20605732828556,0.20605732828556,0.20605732828556,-0.129259058950784,02 | Light Green
MDB,2022-06-02,DT,8.349530623216573,10.9059858094017,19449244267.87,1799071.566666667,435033495.5356666,-0.5559322033898305,590.0,262.0,2017-10-19,2.236762979291379,2.772473364826491,322.22,7.13,N/A,48.00331989566043,-32.93487907699134,0.1972087786259542,0.4917557251908395,0.4917557251908395,-0.06538167938931294,02 | Light Green
STNE,2022-06-03,DT SW,8.349328214971209,7.218261584864289,2402806485.44,7577535.1,78957915.742,-0.8813043277135997,95.1172,11.29,2018-10-25,3.286070527129499,4.101069752880458,100,4.73,N/A,N/A,17.21034870641169,0.1188396811337469,0.1188396811337469,0.1188396811337469,-0.2116917626217891,02 | Light Green
OKTA,2022-06-03,DT U,14.24284799316822,7.203473831889698,16282273953.2,3046655.3,285410668.504,-0.6359772108843538,294.0,107.0227,2017-04-07,1.752891944481179,4.707203995148385,20.59,6.67,N/A,55.63366625809169,-15.73266168930466,0.04043347813127496,0.04043347813127496,0.04043347813127496,-0.3961094235148245,02 | Light Green
FUTU,2022-06-06,DT SW,7.596310363537695,6.899271374312053,5167568827.68,3517609.133333333,129659072.6546667,-0.8058261933904529,204.25,39.66,2019-03-08,2.509092321328163,5.85441679828858,-23.19,N/A,N/A,N/A,23.36010709504686,0.4563792233988906,0.4563792233988906,0.7781139687342411,0.1023701462430662,02 | Light Green
GTLB,2022-06-07,DT SW,10.76807228915662,10.8200659781985,6728976000.000001,1610696.833333333,64170161.84,-0.677883211678832,137.0,44.13,2021-10-14,0.9536393329386224,5.173141107353018,33.33,12.33,N/A,N/A,7.908992416034666,0.3677770224337185,0.6079764332653521,0.6079764332653521,0.2272830274189892,02 | Light Green
PLAY,2022-06-07,DT U,7.221476510067104,6.480076701821676,1295878851.5,1346405.366666667,50153599.90833333,-0.2397492733457314,52.5353,39.94,2014-10-10,3.87023832129676,1.992973339554672,16.38,2.33,146.5263157894737,198.744593504875,-5.456852791878164,0.04757135703555337,0.1084126189283927,0.1084126189283927,0.1001502253380071,02 | Light Green
ASO,2022-06-07,UDS,5.45403429856619,6.694064018635315,2205993456.47,2661227.233333333,94659852.68966667,-0.2656617071260767,51.08,37.51,2020-10-02,4.291030529217438,1.843138736355183,22.7,1.24,86.38743455497384,19.05168939292871,-1.112037809285515,0.0447880565182619,0.3329778725673154,0.5347880565182619,0.2745934417488671,02 | Light Green
KC,2022-06-08,DT SW,5.252525252525242,9.255122655122664,1481879841.75,4186027.0,20720833.65,-0.930226329181733,74.67,5.21,2020-05-08,1.398280283341333,1.75332194465062,-7.41,9.83,N/A,N/A,44.31486880466473,0.1324376199616124,0.1324376199616124,0.1324376199616124,-0.5355086372360844,01 | Green
YMM,2022-06-08,DT SW,10.55276381909549,9.54172648959081,8258852858.84,8057283.233333333,64135974.53733333,-0.6140350877192982,22.8,8.8,2021-06-22,0.776572432437567,3.022652213496098,N/A,26.8,N/A,N/A,36.30136986301371,0.1284090909090907,0.1284090909090907,0.1284090909090907,-0.2465909090909092,01 | Green
SIG,2022-06-09,DT U,5.401929260450156,6.178387689480951,2416456502.6,1204134.1,74897141.02000001,-0.4142244460328807,111.92,65.56,1950-05-08,3.099461585152226,4.186297855031262,20.17,2.11,1400,49.72545868488014,2.218570254724739,0.06391092129347165,0.1029591214154972,0.1342281879194631,-0.03233679072605256,01 | Green
BRZE,2022-06-14,DT SW,15.00000000000001,11.02521865889215,3311371068.6,709135.5333333333,20848584.68,-0.6577238891717849,98.7799,33.81,2021-11-17,0.6296058112513039,1.285070282286423,9.520000000000001,6.79,N/A,N/A,-10.17415215398716,0.3756285122744749,0.5075421472937001,0.5075421472937001,0.07423839100857732,03 | Yellow
BZ,2022-06-24,DT SW,10.61698717948718,8.59374999999997,11154295152.0,3828749.166666667,95565579.2,-0.3858985765124555,44.96,27.61,2021-06-11,0.8567603591058355,1.606003875504163,100,8.14,-81.08108108108108,-0.5296059172068238,58.57687420584499,0.04998189061934077,0.04998189061934077,0.04998189061934077,-0.3390076059398769,04 | Downtrend
SI,2022-07-19,DT SW,10.13066871637203,7.289447677610625,1354273152.85,1120571.566666667,72893180.41166666,-0.7005767784000669,239.26,71.64,2025-07-31,5.382457760331925,2.693946633841355,34.52,8.49,85.7142857142857,90.65359634932516,12.13583864850887,0.509073143495254,0.509073143495254,0.509073143495254,-0.2388330541596874,01 | Green
IMPP,2022-07-27,DT,18.40816326530612,6.134110787172003,332320386.3,2245453.273333366,16504081.55900024,-0.9401855670103093,145.5,8.703,2021-11-24,4.96631631383014,2.206417857293107,N/A,N/A,N/A,N/A,-1.566894335074331,0.01689072733540153,0.01689072733540153,0.01689072733540153,-0.2854188210961737,01 | Green
ENPH,2022-07-27,U,8.875520592318376,6.19228862299199,28556458432.8,2916925.866666667,630347679.7866666,-0.1670325001770161,282.46,235.28,2012-03-30,2.207373443279116,4.036259589090688,27.38,5.09,N/A,102.0193753543521,13.3490689745607,0.3128187691261475,0.3806524141448486,0.4447466848010881,0.3009180550833048,01 | Green
RES,2022-07-27,DT SW,20.51671732522795,5.601389491967036,1458503138.96,1628996.5,10718796.97,-0.3857474825716499,12.91,7.93,1984-06-11,0.734917648353033,1.469250547806579,120,14.27,103.1007751937985,18.62903062975751,-7.713884992987374,0.0851197982345524,0.3329129886506936,0.4375788146279951,0.21437578814628,01 | Green
WING,2022-07-28,U,12.39967897271268,5.338511809218053,2715536985.28,828146.0,82549593.28,-0.4019749132639444,187.35,112.04,2015-06-12,3.039899427902223,3.773772982058719,25,-2.75,24.16666666666665,21.78170294472481,30.72786885245902,0.256337022491967,0.4700990717600857,0.5251213852195642,0.4347554444841126,01 | Green
WFRD,2022-07-28,U,10.4950495049505,5.089462517680345,1448045948.6,1021369.6,20631665.92,-0.4442231075697211,40.16,22.32,2021-06-02,1.424793594426138,0.9783285110502604,54.16999999999999,6.4,N/A,N/A,-12.51624079688177,0.2598566308243728,0.8678315412186379,1.594982078853047,0.8458781362007171,01 | Green
ETSY,2022-07-28,DT U,5.413612565445036,5.020912490650711,8765156934.0,4345301.133333334,414976258.2333333,-0.6728838342810723,307.75,100.67,2015-04-16,4.73438480746012,2.292829816459057,50,5,73.65269461077844,67.75474519164885,27.67379679144386,0.2221118506009734,0.2221118506009734,0.4158140458925201,-0.02741631071818817,01 | Green
RIG,2022-08-02,SW,15.527950310559,6.531055900621123,3596353873.7,19308994.23333333,62174961.43133334,-0.3309352517985611,5.56,3.72,1993-05-28,1.728833246528282,2.327550490559212,16.67,0.05,N/A,-22.33518176216882,1.8987341772152,0.07258064516129026,0.07258064516129026,0.9435483870967742,-0.02956989247311836,01 | Green
PINS,2022-08-02,DT SW,18.15907953976989,5.005895805045351,11320597409.73,17450104.1,348827580.959,-0.7372636262513904,89.9,23.62,2019-04-18,3.081353115332804,2.897728902373711,-38.89,-1.15,N/A,21.08580109343906,-1.18635689569947,0.02671888230313302,0.1143099068585944,0.2349703640982219,-0.00592718035563089,01 | Green
CLAR,2022-08-02,DT SW,8.790675084992717,6.14375910636228,788353111.45,1387830.533333333,28575430.68133334,-0.3077873918417801,32.36,22.4,1998-05-27,3.624699422924227,1.773398798258654,-8.33,4.33,241.6666666666666,83.7535979515737,3.884964682139258,0.3089285714285714,0.3089285714285714,0.3089285714285714,-0.4799107142857142,01 | Green
VRNS,2022-08-02,DT,8.428515163450179,5.872812693411367,2916307714.15,1268956.266666667,32218799.61066667,-0.6345573604236108,75.3333,27.53,2014-02-28,1.10478052279395,2.456391982828513,100,0.11,N/A,36.73923865912192,-20.20741671904462,0.1660007264802035,0.1660007264802035,0.1660007264802035,-0.3606974209952779,01 | Green
HRMY,2022-08-02,CPH,10.09547024172255,5.052276486462978,2866977627.39,525235.2333333333,25857330.537,-0.05128820009067014,57.1301,54.2,2020-08-19,0.9019020689233506,3.535374023207507,29.55,6.23,N/A,N/A,-6.495726495726495,0.0440959409594095,0.1039667896678966,0.145479704797048,0.07915129151291511,01 | Green
EDIT,2022-08-03,DT U,6.432038834951448,7.43680651872398,2530998976.8,1816318.666666667,29932931.62666667,-0.824512256128064,99.95,17.54,2016-02-03,1.182652853716739,1.703093766952789,4.88,48.3,N/A,-76.13544810668462,14.92329149232916,0.1385404789053593,0.1385404789053593,0.1385404789053593,-0.3346636259977195,01 | Green
RNG,2022-08-03,DT,10.02012072434606,6.367476286289151,4150256251.4,1901469.966666667,94503057.34333333,-0.878218262806236,449.0,54.68,2013-09-27,2.277041503436197,2.168257754408567,12.5,1.59,N/A,49.09508135537791,-10.22398843930635,0.00585223116313105,0.00585223116313105,0.00585223116313105,-0.4047183613752744,01 | Green
SPT,2022-08-03,DT SW,7.634615384615384,7.931991758241735,3150795024.0,553838.8,28799617.6,-0.6151148397744464,145.42,55.97,2019-12-13,0.914042880626309,2.123336248742414,33.33,1.89,N/A,42.75441242180518,-16.70671151689893,0.2217259246024657,0.2426281936751831,0.3233875290334107,-0.1484723959263892,01 | Green
DQ,2022-08-03,DT SW,7.038598767434334,6.325587322181531,4172294007.42,2028834.166666667,125097914.7166667,-0.4935931865265096,130.33,66.0,2010-10-07,2.998300563052191,1.489530810182038,33.44,8.17,N/A,N/A,-7.970149253731352,0.1115151515151516,0.1115151515151516,0.1115151515151516,-0.3142424242424243,01 | Green
RUN,2022-08-04,DT U,5.614834092387788,6.71842178641135,7403636226.679999,8019549.4,246520948.556,-0.6783315168928961,100.93,32.466,2015-08-05,3.329728001324925,1.174122825404629,40,18.14,-216.6666666666667,105.0328909787642,16.61608497723823,0.163062896568718,0.2052608883139284,0.2052608883139284,-0.2595330499599582,01 | Green
NET,2022-08-05,DT SW,17.37121341776484,6.293049069704898,20805737747.45,4885655.866666666,285468872.2893333,-0.6905793178126691,221.64,68.58,2019-09-13,1.372068011980594,4.631857752076903,N/A,3.16,N/A,53.16083992528804,12.19278033794162,0.1809565470982792,0.1809565470982792,0.1809565470982792,-0.4008457276173811,01 | Green
FIGS,2022-08-05,DT U,5.525362318840599,5.504140786749465,1834188271.68,3432218.433333333,37891691.50399999,-0.7688492063492063,50.4,11.65,2021-05-27,2.065856165860967,1.597307428558864,50,2.1,N/A,N/A,11.17824773413896,0.1802575107296136,0.1802575107296136,0.1802575107296136,-0.4154506437768241,01 | Green
FUBO,2022-08-05,DT,10.77441077441077,6.554834054834053,1076480432.28,836389.4972222,29808921.68099921,-0.947182533311928,747.48,39.48,2013-01-09,2.769109478178207,3.862400943653618,34.78,-2.59,N/A,N/A,5.319148936170204,1.474133738601824,1.474133738601824,1.474133738601824,0.03039513677811567,01 | Green
TEAM,2022-08-05,DT SW,6.627316522720372,5.119107553615616,58325714364.15,1700297.033333333,391765439.4503334,-0.4914826237244634,483.13,245.68,2015-12-10,0.6716856256648485,4.008234365168078,3.85,5.21,N/A,N/A,7.627989536621826,0.2222810159557147,0.2222810159557147,0.2222810159557147,-0.4963774014978835,01 | Green
DKNG,2022-08-05,DT U,8.801955990220067,5.574528466643384,8121988225.28,17610006.46666666,288099705.7946666,-0.760688357085238,74.38,17.8,2020-04-24,3.547157393037646,3.244530324741846,39.76,7.13,N/A,N/A,28.41444270015698,0.2050561797752808,0.2050561797752808,0.2050561797752808,-0.3646067415730337,01 | Green
MNDY,2022-08-08,DT SW,18.09434405069232,6.650238598138166,5403900759.6,480884.9666666667,61471525.289,-0.6645333333333333,450.0,150.96,2021-06-10,1.137539862844375,4.43197052877996,56.00000000000001,4.65,N/A,N/A,18.70182932491411,0.04285903550609427,0.04285903550609427,0.04285903550609427,-0.4698595654478007,01 | Green
WTI,2022-08-08,U,9.782608695652172,8.344099378881987,694337579.1999999,4353820.766666667,20027575.52666666,-0.439511653718091,9.01,5.05,2005-01-28,2.884414746749266,2.160863642350367,164,19.99,N/A,51.89126988052808,17.34693877551019,0.502970297029703,0.8138613861386139,0.8138613861386139,0.7168316831683168,01 | Green
GDRX,2022-08-09,DT U,27.89948453608249,6.314432989690724,2647288210.88,1698543.233333333,13180695.49066667,-0.8454495199981313,64.2185,9.925,2020-09-23,0.4978942389610536,15.95189305062729,50,3.84,N/A,N/A,19.93817619783618,0.04483627204030216,0.04483627204030216,0.04483627204030216,-0.5909319899244333,01 | Green
PUBM,2022-08-09,DT U,7.038288288288297,5.362089768339775,808969083.36,743362.6666666666,13202120.96,-0.7529824670827372,76.9581,19.01,2020-12-09,1.631968542625369,4.241398097294815,187.5,3.71,N/A,N/A,12.12121212121213,0.2414518674381905,0.2414518674381905,0.2414518674381905,-0.2709100473435035,01 | Green
PLRX,2022-08-09,UDS,7.461902259590114,7.086292320396377,1178373699.91,3821230.833333333,72718022.75833334,-0.5343806921675774,43.92,20.45,2020-06-03,6.171049367775883,0.370718509764633,N/A,N/A,-29.4871794871795,-25.63812112973871,-4.707060590886314,0.1105134474327629,0.2836185819070904,0.7916870415647923,-0.01026894865525674,01 | Green
ATRA,2022-08-09,U,6.060606060606055,6.965761511216055,910922182.5,112637.7306666667,10221874.058,-0.8634751773049645,705.0,96.25,2014-10-16,1.122145695249879,5.172562662188104,66.67,654.08,N/A,1818.158783783784,-58.08314087759816,0.5428571428571429,0.5428571428571429,0.5428571428571429,0.007792207792207684,01 | Green
LMND,2022-08-09,DT SW,10.67303863002789,6.094612277407972,1943429002.65,979150.9666666667,24586480.773,-0.8524163568773234,188.3,27.79,2020-07-02,1.265108256564795,6.76772859915473,16.67,4.82,N/A,N/A,27.33265720081137,0.1863979848866499,0.1863979848866499,0.1863979848866499,-0.3386110111550917,01 | Green
INO,2022-08-10,DT SW,5.714285714285716,8.505442176870744,2605617453.6,483519.1472223334,12184682.5100028,-0.8870803662258393,235.92,26.64,1998-12-08,0.4676312899719056,2.091239659227079,-48.39,50.84999999999999,-20,-29.69298638043492,-1.40845070422535,0.2702702702702704,0.2702702702702704,0.2702702702702704,0.072072072072072,01 | Green
ARRY,2022-08-10,U,14.81683980317115,7.548582363508556,2816800686.68,3819106.666666667,69851460.93333332,-0.6166484118291347,54.78,21.0,2020-10-15,2.47981553198438,3.3059864785133,200,26.12,-2266.666666666667,345.3178618034187,65.52036199095022,0.1428571428571428,0.1428571428571428,0.170952380952381,-0.03095238095238084,01 | Green
U,2022-08-10,DT U,5.143992055610713,6.855993757979865,22158477776.55,11874110.16666667,597861446.8916667,-0.7479047619047619,210.0,52.94,2020-09-18,2.69811605707128,1.257540715928173,14.29,-0.42,N/A,31.19110789775503,53.41255332114565,0.1073857196826598,0.1073857196826598,0.1073857196826598,-0.4744994333207404,01 | Green
TTD,2022-08-10,DT U,25.02752293577981,5.646435124508534,25608470573.0,6014553.433333334,327793162.1166667,-0.4027522131650452,114.09,68.14,2016-09-21,1.280018504745347,7.039753403027655,0,3.31,-93.50649350649351,73.0228999957877,23.41485507246377,0.1263574992662166,0.1263574992662166,0.1263574992662166,-0.3027590255356619,01 | Green
AEMD,2022-08-10,DT,10.68702290076335,24.85932388222466,3726352640.0,2087.067508333334,10936233.74366667,-0.8839071257005604,49960.0,5800.0,1998-11-06,0.2934835964334999,0.5421130344286379,13.64,-100,N/A,-72.93256761585201,28.43137254901962,0.02068965517241383,0.02068965517241383,0.02068965517241383,-0.6704827586206896,01 | Green
PLUG,2022-08-10,DT U,6.769355492500995,5.217441658463143,34468807508.26,21521238.86666667,530928962.8406667,-0.6510796131938005,75.49,26.34,1999-10-29,1.540317177243328,2.46857480320456,-76.47,-8.19,N/A,94.7571398790911,35.17808219178082,0.1981776765375853,0.1981776765375853,0.1981776765375853,-0.3542141230068336,01 | Green
JMIA,2022-08-10,DT U,15.75144508670521,6.498142031379038,862009681.16,3191760.966666667,22086985.88933333,-0.8853913292316498,69.89,8.01,2019-04-11,2.56226656986161,3.223923441468241,N/A,N/A,N/A,N/A,25.36231884057971,0.2586267166042446,0.2586267166042446,0.2586267166042446,-0.4594257178526842,01 | Green
KRNT,2022-08-10,DT U,11.18975396022919,5.409624921758359,1274817063.78,1230761.633333333,36516697.661,-0.8181166611533797,181.38,32.99,2015-04-02,2.864465710297538,1.158524088972658,3.12,-6.64,N/A,N/A,23.62500000000001,0.1333737496210972,0.1333737496210972,0.1333737496210972,-0.1412549257350714,01 | Green
BROS,2022-08-11,DT U,14.74664848897977,5.92477359041775,7687742321.16,800275.8333333334,35220139.425,-0.3796068796068797,81.4,50.5,2021-09-15,0.4581337140822072,8.216889385014126,-28.57,2.41,N/A,N/A,19.62489807012775,0.07287128712871294,0.07287128712871294,0.07287128712871294,-0.2934653465346535,01 | Green
ENVX,2022-08-11,U,24.08712635869566,5.64283288043478,3101071137.792,2495918.247619067,35270319.94075456,-0.4924012158054711,34.545,17.535,2021-07-15,1.137359266316846,7.082488385532231,27.78,N/A,N/A,N/A,68.05251641137858,0.3058910749928714,0.3123752495009979,0.3123752495009979,-0.3208554319931566,01 | Green
AOSL,2022-08-11,DT SW,11.26686061888389,5.678297502550338,1143865930.0,343996.1333333334,13006493.80133333,-0.3989141305900843,69.99,42.07,2010-04-29,1.137064533544883,3.73439081291999,10.47,2.08,2933.962264150944,40.68675912411487,10.6850117096019,0.0908010458759212,0.0908010458759212,0.0908010458759212,-0.1238412170192537,01 | Green
WRBY,2022-08-11,DT U,9.379407616361068,5.360366713681239,1752762205.72,1386545.5,19661215.19,-0.7427860696517412,60.3,15.51,2021-09-29,1.121727472548027,4.849484564336331,50,0.06,N/A,N/A,20.3735144312394,0.1998710509348807,0.1998710509348807,0.2243713733075434,0.06576402321083186,01 | Green
HUT,2022-08-11,DT U,11.43911439114391,8.274644175013195,1670165791.4,2914771.046666667,39495147.68233334,-0.8177429088714544,82.85,15.1,2023-12-04,2.364744140114792,1.250125084152693,N/A,N/A,N/A,N/A,78.28947368421055,0.2251655629139073,0.2251655629139073,0.2251655629139073,-0.4701986754966887,01 | Green
VERU,2022-08-11,SW,20.81563296516567,7.601529311809675,2006822664.0,833339.0966666669,98084011.6776667,-0.4212454212454213,245.7,142.2,1990-06-01,4.887527604564998,7.082775335525777,-75,N/A,N/A,27.93616425988789,-24.69609724888037,0.7264416315049227,0.7264416315049227,0.7264416315049227,-0.5365682137834036,01 | Green
DDS,2022-08-11,DT U,16.26971355004827,5.015127132281953,3881774196.56,194480.5,48340073.08,-0.3064721268988025,416.71,289.0,1972-06-01,1.245308733383787,3.213047066415399,N/A,N/A,N/A,44.10413126129927,25.78947368421054,0.1683737024221454,0.2422145328719723,0.4458823529411766,0.2237024221453285,01 | Green
LZ,2022-08-12,DT U,22.83894449499544,5.572598466138032,1882200283.88,1317160.733333333,14475596.45933333,-0.6702491450903761,40.94,13.5,2021-06-30,0.7690784335391285,2.625886053592751,150,1.4,N/A,-82.31655327321096,10.12024048096192,0.03259259259259251,0.03259259259259251,0.03259259259259251,-0.2266666666666667,01 | Green
TOST,2022-08-12,DT U,19.61432506887053,5.561393152302239,10490700000.0,4576962.3,83071865.74499999,-0.6895466895466895,69.93,21.71,2021-09-22,0.791861989619377,4.530065279322926,0,3.64,N/A,N/A,29.73552537526805,0.03477660064486399,0.05941962229387365,0.1395670198065406,-0.05665591893136801,01 | Green
PGY,2022-08-16,UDS,5.731922398589062,25.78898966994207,22705177430.88,755635.8694444667,205653858.2280061,-0.3049275362318841,414.0,287.76,2022-06-23,0.905757547387884,0.05936016073453017,N/A,N/A,N/A,N/A,740.0,0.0,0.0,0.0,-0.9503753127606338,01 | Green
DNA,2022-08-16,DT SW,19.48424068767909,10.40933278755629,9400702669.199999,622341.6875,86878899.575,-0.7371406959152799,634.56,166.8,2021-04-19,0.9241745285663141,3.231971263374511,-925,231.42,N/A,N/A,8.38509316770184,0.02158273381294951,0.02158273381294951,0.02158273381294951,-0.4436450839328537,01 | Green
NU,2022-08-16,DT SW,10.68376068376069,7.519841269841283,22607622924.12,21627632.43333333,101217319.788,-0.576797385620915,12.24,5.18,2021-12-09,0.4477132342826347,5.265992630079421,N/A,27.56,N/A,7.545030027426976,14.98771498771496,0.1351351351351351,0.1351351351351351,0.1351351351351351,-0.07722007722007718,01 | Green
IONQ,2022-08-16,DT SW,11.79245283018868,5.8456873315364,2576662772.16,2645741.5,16826915.94,-0.8019498607242339,35.9,7.11,2021-01-04,0.6530507648035798,8.060414065395278,90,9.120000000000001,N/A,N/A,34.46088794926003,0.210970464135021,0.210970464135021,0.210970464135021,-0.2616033755274262,01 | Green
GLBE,2022-08-16,DT U,20.08046817849305,6.050501619813969,4592228469.94,1194645.666666667,32661612.52666667,-0.6080935895905455,83.77,32.83,2021-05-12,0.7112366629941086,4.812101328790098,-3.330000000000001,4.61,N/A,N/A,16.38995317156238,0.1466950959488273,0.1466950959488273,0.1466950959488273,-0.2525129454766981,01 | Green
MLCO,2022-08-18,DT SW,6.871609403254975,5.198785843451294,2102749668.39,3095806.0,17119807.18,-0.7500845737483085,23.648,5.91,2006-12-19,0.8141628762261568,1.594573109555315,N/A,N/A,N/A,N/A,-4.325259515570934,0.05746192893401014,0.3840947546531301,1.409424703891709,0.2571912013536379,01 | Green
BILL,2022-08-19,DT U,16.73360107095048,5.850305985848168,14879751013.8,1486941.3,222149030.22,-0.499562404051708,348.495,174.4,2019-12-12,1.492962012697466,6.627911942455293,76.92,9.35,N/A,169.4306759280633,15.30446862699699,0.03125,0.03125,0.03125,-0.3502866972477064,01 | Green
SNOW,2022-08-25,DT SW,19.91347419900933,5.159956289243395,55279234000.0,5895451.9,940265623.5310001,-0.5541958041958042,429.0,191.25,2020-09-16,1.700938228505482,4.284395399782669,200,6.419999999999999,N/A,N/A,11.31351200446677,0.07534640522875824,0.07534640522875824,0.07534640522875824,-0.2432941176470589,01 | Green
YMM,2022-08-25,DT SW,5.428571428571427,6.025510204081629,7262810303.0,5437318.733333333,38061231.13333333,-0.6763157894736842,22.8,7.38,2021-06-22,0.5240565228257668,2.282086375391322,100,6.32,N/A,N/A,-21.17117117117118,0.1775067750677506,0.1775067750677506,0.3794037940379404,-0.1355013550135501,01 | Green
PAGS,2022-08-26,DT SW,9.302325581395344,6.662126245847205,4148472631.1,3536130.3,53218761.015,-0.738182396944135,62.83,16.45,2018-01-24,1.282851925212982,2.689070875018378,13.64,15.6,N/A,N/A,38.70967741935485,0.1848024316109422,0.1848024316109422,0.1848024316109422,-0.3993920972644376,04 | Downtrend
PDD,2022-08-29,DT SW,12.97550807712351,6.100635251495083,81944934317.34,9069737.033333333,522144761.009,-0.6940683407299744,212.5965,65.04,2018-07-26,0.637189797464407,8.281491152825081,189.74,34.5,N/A,N/A,20.71713147410359,0.1226937269372692,0.230012300123001,0.6356088560885607,0.2058733087330873,04 | Downtrend
PD,2022-09-02,DT,7.925311203319496,5.804653230586833,1858653816.5,750065.6,18076580.96,-0.5543180260452365,58.36,26.01,2019-04-11,0.9725630883775714,3.319297672096947,50,2.41,N/A,33.34564855010314,-15.73426573426573,0.02845059592464438,0.02845059592464438,0.2983467896962706,-0.08996539792387537,04 | Downtrend
NCNO,2022-09-02,DT,17.02997275204359,5.346486959906573,3216474612.0,493026.2,14475249.232,-0.6694564694564695,103.95,34.36,2020-07-14,0.4500346179632771,6.694431249292633,50,2.22,N/A,N/A,-17.4353205849269,0.1172875436554133,0.1172875436554133,0.1172875436554133,-0.2246798603026775,04 | Downtrend
ASAN,2022-09-08,DT,18.43487394957983,6.964585834333746,4388907106.08,2904775.133333333,55306918.53866667,-0.8453253620449701,145.7899,22.55,2020-09-30,1.260152407009239,9.567071020781482,12.82,6.02,N/A,59.43699412115532,-30.30746705710104,0.2824789356984478,0.2824789356984478,0.2824789356984478,-0.3685144124168515,04 | Downtrend
AEHR,2022-10-07,CPH,6.777217015140602,8.263827376660856,452445641.5,1160517.766666667,16096381.42366667,-0.4533038021410114,27.09,14.81,1997-08-15,3.557638740932963,7.564294362519167,400,25.25,477.7777777777778,206.1987951807229,-4.41075120606479,0.5685347738014854,0.8906144496961512,1.747461174881836,0.5401755570560431,04 | Downtrend
NFLX,2022-10-19,DT SW,10.02241966287471,5.24643835778933,100292651036.136,127086558.3333333,3061006844.016666,-0.6219626841505359,70.0989,26.5,2002-05-23,3.052074915153822,3.673500613459842,45.54000000000001,1.1,49.01734104046243,20.17745241838336,1.684468273736628,0.1800377358490566,0.270377358490566,0.431811320754717,0.191622641509434,04 | Downtrend
WING,2022-10-26,DT U,14.9425287356322,6.165315959531769,3673657328.1,749001.0333333333,101002789.345,-0.1726714705097411,187.35,155.0,2015-06-12,2.749379714118252,5.687057574597917,25,3.59,3.47222222222221,16.99600732186138,2.120408936009066,0.1024167741935482,0.1024167741935482,0.3233387096774194,0.002967741935483881,01 | Green
VICR,2022-10-26,DT,10.73632250102841,7.334577187518375,2241709309.84,220935.0,10741859.7,-0.6732216557416848,164.76,53.84,1983-03-23,0.479181651824727,4.396691334555412,-18.18,-1.54,118.3673469387755,23.14578005115089,-21.99582865393872,0.1025260029717681,0.3430534918276373,0.3827080237741454,0.3059063893016345,01 | Green
EDU,2022-10-26,DT,9.449192782526117,6.951668701668699,3351609431.82,1861996.566666667,39213647.694,-0.8845999799739661,199.74,23.05,2006-09-07,1.169994550131878,5.812653038010436,33.33,10.32,N/A,N/A,-16.36219221604448,0.2967462039045552,1.022993492407809,1.027687635574837,0.9362255965292843,01 | Green
TDOC,2022-10-27,DT U,13.38818249813014,5.686798803290963,4858230721.54,4749490.533333333,127001376.8613333,-0.9015584415584416,308.0,30.32,2015-07-01,2.61414873316423,2.480662908434334,18.18,0.43,N/A,87.45134482391379,1.944338543652302,0.1454485488126649,0.1454485488126649,0.1454485488126649,-0.02803430079155678,01 | Green
PI,2022-10-27,UDS,21.59587582651574,5.267318806935531,2726370271.99,300703.1333333334,26831740.58733334,0.0,0.0,108.5,2016-07-21,0.9841561457368969,8.482492256482416,112.5,5.53,N/A,53.8387839830399,8.77727660611971,0.1476497695852534,0.2676497695852533,0.3354838709677419,0.1847926267281108,01 | Green
SHOP,2022-10-27,DT,6.779077770130781,5.595467505653338,37389872634.86,27933509.46666666,811747785.1013333,-0.8239850066764307,176.2918,31.03,2015-05-21,2.171036507742767,3.074587391265184,80,-25.36,N/A,N/A,8.554351886440049,0.3448275862068964,0.6168224299065421,0.761682242990654,0.6139220109571382,01 | Green
PINS,2022-10-28,DT SW,11.58063042485153,5.402173203680735,12396592161.03,13594208.3,297577219.687,-0.7283092324805339,89.9,24.425,2019-04-18,2.400476000351657,3.343974360022128,83.33,2.87,N/A,13.74774362953629,-6.051502145922749,0.07963152507676563,0.1320368474923233,0.1983623336745137,0.09477993858751277,01 | Green
TAL,2022-10-28,DT,7.808564231738035,10.32727599856064,2202163978.38,5274477.033333333,20939673.82233333,-0.9529463500439753,90.96,4.28,2010-10-20,0.9508680565076446,3.445583872135039,300,21.2,-40.74074074074075,-72.5887784434615,-19.63562753036437,0.3574766355140184,1.441588785046729,1.441588785046729,0.7406542056074765,01 | Green
JELD,2022-10-31,DT U,10.52123552123552,5.097145615002732,898868637.52,1212925.3,12565906.108,-0.6361614235780109,31.47,11.45,2017-01-27,1.397969134029377,2.03071945156062,54.35,5.35,108.2191780821918,17.18088231562002,12.48642779587403,0.0,0.1048034934497817,0.3432227074235807,0.1048034934497817,01 | Green
SOFI,2022-11-01,DT SW,18.75,5.351234243697486,7026142562.56,36382531.56666667,197920971.7226667,-0.7410821643286574,24.95,6.46,2021-06-01,2.816922229522105,4.372901558773425,10,6.75,N/A,N/A,0.7407407407407307,0.001547987616099089,0.1563467492260062,0.2755417956656347,0.1424148606811146,01 | Green
MTCH,2022-11-02,DT,18.10933940774488,5.200618288317614,10077288241.5,3955320.933333333,173638588.9733333,-0.7151098901098901,182.0,51.85,1992-12-28,1.723068595559864,4.293833113988862,7.32,1.77,-33.97129186602871,29.63095729004641,-13.98902821316614,0.009739633558341287,0.05303760848601735,0.05303760848601735,0.01388621022179359,01 | Green
CZR,2022-11-02,DT U,6.51047533228204,5.509847777813534,9043147313.08,5094651.1,226151562.329,-0.6053751773641599,119.81,47.28,2014-09-19,2.500805908601031,1.683086404091538,71.43,2.38,N/A,44.25770308123249,15.23883696780892,0.1618020304568528,0.1740693739424704,0.2002961082910322,0.136844331641286,01 | Green
CHGG,2022-11-02,DT SW,26.14874467077215,5.723962915341403,2343790145.02,1431192.766666667,30212479.30433333,-0.7688568700633626,115.21,26.63,2013-11-13,1.2890437042125,7.590847475635882,50,4.04,413.6363636363637,4.228401595151467,-1.722532588454384,0.1284265865565153,0.1284265865565153,0.1284265865565153,-0.2155463762673676,01 | Green
FRSH,2022-11-02,DT SW,9.042553191489366,6.209346504559269,3433717359.52,1125949.466666667,14817494.98133333,-0.7310512989191449,53.3559,14.35,2021-09-22,0.4315292561937792,1.71048262556721,80,2.65,-7461.764705882353,186.0538325858782,-11.85532484929671,0.0710801393728222,0.2327526132404183,0.2641114982578399,0.224390243902439,01 | Green
AMD,2022-11-02,DT,5.5982232651693,5.319141803553483,97393461005.72,91701149.3,5470890567.238,-0.6169285035440251,164.4599,62.9999,1973-01-02,5.617307887761264,1.555808635868428,-1.47,-0.98,107.6923076923077,106.7442794058611,-12.18722402119518,0.2576210438429269,0.4117292249670239,0.6258755966279312,0.4017482567432649,01 | Green
TXG,2022-11-03,DT,8.35809806835066,7.144157291445559,3507438242.56,1163205.933333333,31313503.72533334,-0.860423943729365,208.99,29.17,2019-09-12,0.8927742004226514,3.333731275671508,19.57,1.15,N/A,22.73464498222816,-14.13078149920255,0.4384641755227974,0.7795680493657866,0.927322591703805,0.6400411381556395,01 | Green
VCYT,2022-11-03,DT SW,17.84615384615385,6.745128205128208,1567619254.5,972987.8333333334,18973262.75,-0.7328838777170754,86.03,22.98,2013-10-30,1.210323405733595,2.80169998699881,52,13.77,N/A,114.059339740911,5.46241211465659,0.3529155787641427,0.4099216710182767,0.4099216710182767,0.1605744125326372,01 | Green
HUBS,2022-11-03,DT,8.646331284619468,6.513338319621065,13143733259.58,693419.9666666667,182771634.814,-0.6693187066974595,866.0,286.37,2014-10-09,1.390561046883573,2.82145178109716,35.29,4.37,N/A,56.27723000431579,-10.5598914149983,0.1224464853161993,0.3952229632992283,0.5071411111499111,0.2772287599958096,01 | Green
RUN,2022-11-03,DT SW,5.817174515235468,6.98562194961089,5216745630.12,7877827.866666666,170633751.592,-0.7729119191518874,100.93,22.92,2015-08-05,3.270885024694503,3.080288679913443,1300,12.22,493.3333333333334,90.8614267435897,-20.39691289966924,0.4245200698080278,0.4541884816753925,0.4541884816753925,0.1762652705061081,01 | Green
DDOG,2022-11-03,DT,5.800214822771199,6.238290240908407,26743907787.52,4306373.166666667,320738673.4533334,-0.6053587079003381,199.675,78.8,2019-09-19,1.199296213558609,2.463711013742074,43.75,5.75,N/A,78.70559358579831,-20.47832585949178,0.1025380710659898,0.1274746192893401,0.142258883248731,0.00837563451776635,01 | Green
BTU,2022-11-03,UDS,9.431524547803626,6.551371969976627,2830518000.0,5370960.166666667,124713695.07,-0.2367077200360468,33.29,25.41,2017-04-03,4.406037872573147,3.598406318472975,25.81,5.75,105.3734551316496,22.19876931883228,-16.02169981916818,0.2943722943722944,0.2943722943722944,0.2943722943722944,0.09248327430145609,01 | Green
UAA,2022-11-03,DT,5.774647887323936,5.241448692152946,3049773341.1,9075575.233333332,64436584.15666666,-0.7247067448680352,27.28,7.51,2005-11-18,2.112831904203921,2.25401932925045,25,1.55,140.5797101449275,22.28625417939066,-2.73972602739726,0.3615179760319573,0.737017310252996,0.737017310252996,0.6857523302263648,01 | Green
UA,2022-11-03,DT,5.44,5.113028571428572,2684659631.25,3288565.366666667,20553533.54166667,-0.7134159599913025,22.995,6.59,2016-03-23,0.7655917831228672,2.404966639910994,N/A,N/A,140.5797101449275,22.28625417939066,-4.141104294478525,0.3619119878603945,0.7321699544764795,0.7321699544764795,0.6874051593323216,01 | Green
MELI,2022-11-04,DT SW,8.752066874885166,5.878317662266076,44150830925.76,661752.6,576307104.288,-0.531138613861386,2020.0,947.1,2007-08-10,1.305314287871649,2.024957665447782,14.8,0,2499.999999999999,108.8455454725709,-1.259651469971312,0.09744483159117312,0.320326998205047,0.4124696441769613,0.2535635096610707,01 | Green
TDW,2022-11-04,UT,5.740181268882161,5.345468277945606,1646931246.1,493325.2,16329064.12,-0.01352874859075526,35.48,35.0,2017-08-01,0.9914842625439214,1.794816076697481,205,35.52,72.67552182163188,52.74299689732464,33.14561544650041,0.04285714285714293,0.2806428571428572,0.4822857142857144,0.2485714285714287,01 | Green
PGNY,2022-11-04,DT SW,7.014388489208634,5.333559682865938,2986206978.16,584655.9333333333,22754808.92533334,-0.3903688524590163,68.32,41.65,2019-10-25,0.7619970448047805,2.999210133732216,160,5.57,-41.02564102564102,37.12003875443599,3.758997600639846,0.02352941176470602,0.02352941176470602,0.02352941176470602,-0.1457382953181272,01 | Green
FATE,2022-11-04,DT,5.501285347043705,6.83947851634229,2330508997.3,1236239.733333333,24044862.81333333,-0.8306371739848135,121.16,20.52,2013-10-01,1.031742972938118,1.86182981984724,3.37,-4.15,N/A,76.08909705404902,-9.408476944573819,0.1676413255360625,0.1676413255360625,0.1676413255360625,-0.6652046783625731,01 | Green
DASH,2022-11-04,DT,13.88363789119933,5.975635370720435,20629206086.94,5506363.666666667,262157974.17,-0.7892321824031807,257.2499,54.22,2020-12-09,1.270809807537711,3.728375247766357,-28.33,4.36,N/A,N/A,-3.603968414658842,0.2078568793803024,0.2078568793803024,0.2934341571375876,0.08889708594614532,01 | Green
COIN,2022-11-04,DT,8.24372759856631,10.32937788018436,14722100303.4,11044037.63333333,616257299.9399999,-0.8593844577920566,429.54,60.4,2021-04-14,4.185933305981336,1.711453421975995,-1.25,-10.54,98.2613949117272,73.8197209345696,-16.71641791044777,0.05016556291390728,0.4508278145695364,0.4508278145695364,0.2355960264900663,01 | Green
TMDX,2022-11-04,UDS,25.08309328606249,5.659792345921299,1564889293.85,317311.1,14320249.943,0.0,0.0,56.45,2019-05-02,0.9150966780384048,5.203221696310026,39.02,36.1,N/A,71.79547124440585,9.37954435288415,0.1401240035429583,0.2435518157661647,0.5969884853852967,0.2286979627989369,01 | Green
SNDX,2022-11-04,UDS,5.060456784594725,5.850873264666383,1994003930.38,738063.2333333333,16480952.00033333,-0.1576301615798923,27.85,23.46,2016-03-03,0.8265255523940985,1.615291137882179,7.94,-100,N/A,716.292875989446,-7.80346820809249,0.07715260017050296,0.2728047740835464,0.2728047740835464,0.1918158567774937,01 | Green
IOVA,2022-11-04,DT,5.744431418522855,6.523195444649128,3863846314.96,2044636.333333333,17440747.92333333,-0.8336042030619041,54.2081,9.02,2010-05-26,0.4513830649994133,1.446610799084238,1.56,N/A,N/A,N/A,-12.69191402251791,0.03298226164079843,0.03298226164079843,0.03298226164079843,-0.1152993348115299,01 | Green
BL,2022-11-04,DT SW,12.19910240718074,6.343693536165973,2849300735.4,561639.7333333333,27531579.728,-0.6442662182265054,154.61,55.0,2016-10-28,0.9662574183884794,2.711286096092917,133.33,0.08,15.00000000000001,29.68696725399639,-21.59309021113244,0.2705454545454544,0.4163636363636365,0.4163636363636365,0.3818181818181818,01 | Green
BE,2022-11-04,SW,12.18804410911201,5.503233562722806,5074706171.58,2846612.166666667,49047127.63166667,-0.5699666295884316,44.95,19.33,2018-07-25,0.9665018224374544,2.155747127008814,-233.33,5.44,N/A,16.42397716366615,-3.904071388733965,0.1859803414381791,0.3734092084842215,0.3734092084842215,0.2772891877909986,01 | Green
RILY,2022-11-04,DT,13.06400839454356,6.074970019487322,1532414660.6,281897.9,10745947.948,-0.5276194651468653,91.24,43.1,2009-08-03,0.7012428309575519,3.163961136283739,N/A,N/A,-112.5510204081633,1.105453227586636,-13.89202620284619,0.06728538283062635,0.09860788863109038,0.09860788863109038,0.02621809744779569,01 | Green
PRM,2022-11-04,DT,9.916201117318435,5.072825219473258,1171998368.68,2432213.933333333,17414651.76266667,-0.4801849405548216,15.14,7.87,2021-11-09,1.48589385685583,1.149686284449375,275,0.36,N/A,N/A,-4.533333333333333,0.4294790343074968,0.4294790343074968,0.4294790343074968,0.1944091486658195,01 | Green
FOUR,2022-11-07,DT SW,9.865470852017943,6.719410634208861,3169459216.8,867260.8333333334,34811849.85,-0.5764095668043415,104.11,44.1,2020-06-05,1.098352982915088,3.453252914107924,2.33,-0.5700000000000001,N/A,65.9251968503937,-13.3419689119171,0.2303854875283446,0.5727891156462583,0.7324263038548753,0.5170068027210886,01 | Green
SPWR,2022-11-08,DT SW,12.09964412811388,6.554143365531254,3391102531.74,3819738.633333333,64400793.358,-0.6714180657476804,57.5199,18.9,2023-07-18,1.899110768701985,2.797037448260312,62.5,11.15,-108.8709677419355,17.66170680165607,-16.98670605612999,0.320899470899471,0.320899470899471,0.320899470899471,-0.1396825396825395,01 | Green
GFS,2022-11-08,DT SW,8.619157632841645,5.019358196450793,30878223384.14,1610032.1,90596506.267,-0.2310982513523714,79.49,61.12,2021-10-28,0.2933993485957264,3.040203981026217,8.06,1.17,N/A,N/A,12.49500199920033,0.1202552356020943,0.1337532722513091,0.1861910994764397,0.02617801047120416,01 | Green
LPSN,2022-11-08,DT,8.300395256916993,6.948757763975141,1872801684.6,66402.85999996666,10079954.14799494,-0.8482624948082514,1083.45,164.4,2000-04-07,0.5382285925350315,2.382545972674662,212.5,5.94,-50.57471264367817,34.45564548613535,10.1196953210011,0.322536496350365,0.6578467153284671,0.6578467153284671,0.4324817518248174,01 | Green
SEDG,2022-11-08,DT SW,13.84761003312824,5.564867148941944,13000390552.4,1180254.266666667,249387726.5466667,-0.3827204844628056,389.71,240.56,2015-03-26,1.91830949648376,2.990283619111679,-36.81,1.75,-8.650519031141883,58.58429246813964,3.787022938258278,0.3409544396408379,0.4203317259727304,0.4374792151646159,0.3452361157299635,01 | Green
XP,2022-11-09,DT SW,5.040871934604896,5.0550797975866,9095935795.400002,4156526.333333333,76272258.21666667,-0.6368688771665411,53.08,19.275,2019-12-11,0.83853118505123,3.369925720828265,12.9,N/A,N/A,N/A,-4.027196652719667,0.09727626459143979,0.09727626459143979,0.09727626459143979,-0.1922178988326847,04 | Downtrend
ABCL,2022-11-09,DT SW,6.127450980392157,5.259278711484624,3966339723.12,1774660.733333333,21721847.376,-0.819357530246141,71.91,12.99,2020-12-11,0.5476547369198415,2.872876997973434,100,35.27,N/A,N/A,15.03759398496241,0.1524249422632795,0.1524249422632795,0.1524249422632795,-0.2471131639722864,04 | Downtrend
ARRY,2022-11-09,CPH,20.73027090694934,6.686437826013814,2615050610.16,2746060.266666667,46628103.328,-0.6257758305951078,54.78,20.5,2020-10-15,1.783066956595043,4.886196112617485,80,28.97,-2266.666666666667,345.3178618034187,4.492307692307684,0.1463414634146341,0.1995121951219512,0.1995121951219512,-0.006341463414634152,04 | Downtrend
FVRR,2022-11-09,DT,11.98099929627023,6.716422036795011,1021719689.76,592747.6333333333,16845887.73933334,-0.9052827380952381,336.0,31.825,2019-06-13,1.64877783096168,3.353794917443506,50,1.74,N/A,N/A,-1.999999999999991,0.3032207384131973,0.4975648075412411,0.4975648075412411,0.2769835035349568,04 | Downtrend
COHR,2022-11-09,DT,16.72787979966612,5.492034342952571,5865175767.7,1448904.633333333,43394693.76833333,-0.8743982180067543,278.34,34.96,1987-10-02,0.7398703037564781,2.60329832152054,25.3,-0.37,84.5142857142857,23.10835572288159,-7.902829028290292,0.2053775743707094,0.3442505720823799,0.3442505720823799,0.2259725400457666,04 | Downtrend
TTD,2022-11-09,DT U,8.047037122434864,7.451381797819466,20378704013.78,5820912.866666666,252452991.0273333,-0.5892716276623718,114.09,46.86,2016-09-21,1.238807879326504,3.58545291401201,18.18,2.25,-93.50649350649351,73.0228999957877,-17.57886735081718,0.1730687153222363,0.246052069995732,0.4159197609901835,0.06444728979940262,04 | Downtrend
U,2022-11-10,DT,13.95348837209303,9.123687707641198,9461912059.5,8868200.9,190666319.35,-0.8833333333333333,210.0,24.5,2020-09-18,2.015092913049918,3.203103574254841,0,0.17,N/A,23.73561327214438,-29.5774647887324,0.7240816326530612,0.7240816326530612,0.7546938775510206,0.4583673469387755,01 | Green
BROS,2022-11-10,DT U,10.4830421377184,7.093207066999447,5098959290.04,1096719.766666667,32013249.989,-0.6038083538083538,81.4,32.25,2021-09-15,0.6278389013917557,4.939097629710513,12.5,2,N/A,N/A,-13.125,0.2111627906976745,0.2849581395348837,0.2849581395348837,0.1578294573643413,01 | Green
APP,2022-11-10,DT,13.90101892285298,8.396392181326675,4598098158.54,2331769.166666667,32038508.35,-0.8651908002411922,116.09,15.65,2021-04-15,0.6967773902454695,4.565132411977601,-14.29,-2.6,N/A,417.4848033031311,-25.08178844056707,0.1115015974440894,0.1115015974440894,0.1539936102236421,-0.02300319488817903,01 | Green
ZLAB,2022-11-10,DT,12.00560028001401,10.48674933746685,3207446133.96,673715.2666666667,19248045.16866667,-0.8346595019117495,193.54,32.0,2017-09-20,0.6001050170374181,1.665139645046884,-34.4,7.109999999999999,N/A,N/A,0.2456140350877156,0.255625,0.5565625000000001,0.5565625000000001,0.1828125,01 | Green
BYND,2022-11-10,DT,8.20642978003383,10.17331399564905,6096979989.0,93547.0677778333,33171790.23401969,-0.9421266968325792,6630.0,383.7,2019-05-02,0.5440691997327743,2.325143607745883,-40.35,-15.91,-262.0689655172413,2.1239616444512,-20.02706359945872,0.3471462079749805,0.6692728694292416,0.7881157154026583,0.2501954652071932,01 | Green
FSM,2022-11-10,U,6.29139072847682,5.328287606433297,893791308.74,5258437.733333333,15880481.95466667,-0.6741116751269036,9.85,3.21,1992-03-17,1.77675502092919,1.477066078155583,-66.67,3.41,N/A,N/A,9.025270758122739,0.2616822429906542,0.3084112149532712,0.3084112149532712,0.09345794392523366,01 | Green
CELH,2022-11-10,UDS,16.97391357417219,7.477077043040743,6633743916.6849,2929508.4,76802042.87028,-0.2215901879857652,39.3966,30.6667,2006-11-01,1.157748080644339,3.574933937721428,633.33,16.26,-1685.714285714286,213.5156320773511,-13.14170418741489,0.3220626934101161,0.3286952948964186,0.4619538457023418,0.0557608089556425,01 | Green
MQ,2022-11-10,DT,18.26923076923077,7.566391941391967,2598306896.64,1359326.9,33928799.424,-0.8052770448548813,151.6,29.52,2021-06-09,1.305804155308791,2.714932294799728,-11.11,5.949999999999999,N/A,N/A,-8.905109489051089,0.08401084010840121,0.08401084010840121,0.08401084010840121,-0.1924119241192412,01 | Green
PAYO,2022-11-10,DT U,5.726872246696035,5.334591986574342,2307574193.16,6430516.966666667,43791820.543,-0.3571428571428571,11.2,7.2,2021-06-28,1.897742688959064,1.343534593685778,-300,6.43,N/A,N/A,-10.7470511140236,0.01805555555555549,0.01805555555555549,0.01805555555555549,-0.2236111111111112,01 | Green
CPNG,2022-11-10,DT SW,16.63597298956416,6.128869595720446,29281465625.58,7126306.4,116087531.256,-0.7246376811594203,69.0,19.0,2021-03-11,0.3964539642257082,3.824226951566382,266.67,-1.33,N/A,N/A,-7.548240635641323,0.0721052631578949,0.0721052631578949,0.0721052631578949,-0.1763157894736842,01 | Green
RKLB,2022-11-10,DT SW,8.860759493670889,6.846443640747426,3030808087.86,2796340.733333333,13254655.076,-0.7582005623242737,21.34,5.16,2021-08-25,0.4373307280356005,1.894103582179101,0,4.9,N/A,N/A,15.32846715328466,0.1162596899224806,0.1162596899224806,0.1162596899224806,-0.07558139534883734,01 | Green
RIVN,2022-11-10,DT SW,17.15354470965442,8.254593109064057,40641447884.1,15119940.93333333,424416741.9986667,-0.8167659312230073,179.4699,32.885,2021-11-10,1.044295329263379,1.937831247436002,13.74,-2.82,N/A,N/A,-13.63076923076924,0.08666565303329787,0.08666565303329787,0.08666565303329787,-0.4267903299376614,01 | Green
RNG,2022-11-10,DT,18.61777150916786,6.739572839008634,2368234754.32,1968750.966666667,55833777.41466666,-0.9250779510022271,449.0,33.64,2013-09-27,2.357611605556325,3.834573863235691,10,1.26,N/A,43.02152389741997,-15.57011015183091,0.2583234244946491,0.4302913198573128,0.4661117717003567,0.2277051129607608,01 | Green
JXN,2022-11-10,U,16.23794212218648,5.03100597152044,2106363938.4,875133.6666666666,27216657.03333334,-0.2430904522613065,47.76,36.15,2021-09-01,1.292115599643582,3.097084597743355,46.21,181.26,N/A,N/A,-1.64452877925364,0.07441217150760737,0.3145200553250347,0.372060857538036,0.260027662517289,01 | Green
NIO,2022-11-10,DT,11.35135135135137,10.5749806949807,23177419953.5,65863094.83333334,609233627.2083334,-0.8462457083146738,66.99,10.3,2018-09-12,2.628565338293116,1.275779011184182,-87.5,2.12,N/A,N/A,-27.62128325508607,0.3621359223300968,0.3621359223300968,0.3621359223300968,0.000970873786407811,01 | Green
HUT,2022-11-10,DT,10.98265895953756,13.05904211395539,1066194398.2,1616809.126666667,13985398.94566667,-0.884127942063971,82.85,9.6,2023-12-04,1.311711913819607,1.730621230329604,N/A,N/A,N/A,N/A,-9.895833333333325,0.015625,0.328125,0.328125,-0.1249999999999999,01 | Green
WIX,2022-11-10,DT SW,17.01668584579976,7.201421995725752,2909378004.72,778383.1,54113193.112,-0.7753196895627917,362.07,81.35,2013-11-06,1.859957455655814,3.569000919984003,166.67,0.72,N/A,N/A,-3.911541119557704,0.1773816840811311,0.193362015980332,0.2483097725875845,0.04081130915795961,01 | Green
TGTX,2022-11-10,DT SW,12.98449612403101,9.170819490586947,789836313.48,2224958.566666667,11480786.204,-0.8972506168487839,56.74,5.83,1995-12-14,1.45356525245287,5.910325790785886,23.53,N/A,N/A,96.10604805302403,-9.790209790209781,0.6638078902229845,2.27958833619211,5.11835334476844,2.070325900514579,01 | Green
WRBY,2022-11-10,DT SW,20.40816326530612,8.671687722708144,1635334554.42,1126477.5,14903297.325,-0.735820895522388,60.3,15.93,2021-09-29,0.9113301791807191,4.404563784008114,0,2.87,N/A,N/A,-11.02891728312036,0.192090395480226,0.192090395480226,0.192090395480226,-0.1004394224733207,01 | Green
APPS,2022-11-10,DT,28.87650882079853,8.6464385196976,1303345012.5,2585052.266666667,27841012.912,-0.8646644546260283,102.5599,13.88,1995-05-24,2.136119956341951,7.882886262209425,3.03,-0.09,-32.5,143.3669208929466,-22.0130340333092,0.4697406340057635,0.4697406340057635,0.4697406340057635,-0.111671469740634,01 | Green
PAAS,2022-11-10,DT,5.278592375366564,5.928728529534989,5655389520.0,3939130.3,53729737.292,-0.6375540450836327,39.6197,14.36,1995-06-12,0.9500625394941851,3.292722507808386,-102.63,-28.8,N/A,N/A,-15.17412935323382,0.2245821727019499,0.3384401114206128,0.3819637883008355,0.1476323119777159,01 | Green
DOCS,2022-11-11,DT,17.0338017470566,6.376349628343574,4693216653.4,2056934.066666667,54159073.97533333,-0.714120048241952,107.79,30.815,2021-06-24,1.153986231087325,8.419046716486877,13.33,2.06,N/A,N/A,8.309337721102427,0.1773486938179458,0.3019633295472983,0.3019633295472983,0.02936881388933954,01 | Green
LZ,2022-11-11,DT SW,16.80761099365751,5.413772274237388,1620165121.52,1306133.666666667,12356024.48666667,-0.7300928187591598,40.94,11.05,2021-06-30,0.7626398274192289,1.806278377327895,25,2.99,N/A,-70.2337282728076,23.49869451697128,0.0352941176470587,0.0352941176470587,0.0352941176470587,-0.2778280542986425,01 | Green
TOST,2022-11-11,DT SW,7.499999999999996,6.971428571428576,11560000000.0,5729977.6,114599552.0,-0.6925496925496926,69.93,21.5,2021-09-22,0.9913456055363322,3.835732097800871,-111.11,4.22,N/A,N/A,17.78563015312131,0.01372093023255827,0.1506976744186046,0.2109302325581395,0.0604651162790697,01 | Green
SNDL,2022-11-14,DT SW,7.692307692307687,7.815384615384609,646521613.4,4520421.9,11753096.94,-0.9292929292929293,39.6,2.8,2019-08-01,1.817896988499967,2.201100078733801,-66.67,36.67,N/A,N/A,17.11711711711712,0.2,0.2,0.2,-0.2535714285714286,01 | Green
MNDY,2022-11-14,DT,20.32776552158841,9.54223883060945,4024073482.8,656777.5,62518650.225,-0.7454666666666667,450.0,114.54,2021-06-10,1.553616018500208,3.77021441812486,109.26,4.98,N/A,N/A,1.449429819887027,0.08621442290902737,0.4492753623188406,0.5006984459577437,0.431639601885804,01 | Green
YOU,2022-11-14,DT SW,9.230164964650434,5.313629222309533,2620115307.54,675858.8666666667,17207366.74533334,-0.5767123287671233,65.7,27.81,2021-06-30,0.6567408196049647,7.458512788123516,N/A,3.53,N/A,N/A,-1.202949165696543,0.2117943185904352,0.2585400934915498,0.2585400934915498,0.06616325062926998,01 | Green
SHLS,2022-11-15,DT U,24.47708055184692,7.608366711170474,3781699876.5,1421821.766666667,31948335.097,-0.3648955495004541,44.04,27.97,2021-01-27,0.8448141349220046,7.264437246740702,25,9.33,N/A,N/A,6.040585181689462,0.1594565606006435,0.1594565606006435,0.1594565606006435,0.003575259206292536,01 | Green
DLO,2022-11-15,DT SW,7.320319432120681,6.162885029788328,6632826257.82,968691.1,21834297.394,-0.6705706114667029,73.43,24.19,2021-06-03,0.3291854263219649,4.233115179854548,-9.09,1.6,N/A,N/A,7.435653002859866,0.01901612236461347,0.01901612236461347,0.01901612236461347,-0.3021909880115751,01 | Green
NU,2022-11-15,DT SW,12.18390804597702,7.879638752052569,21013495666.65,32635362.16666667,141963825.425,-0.6013071895424837,12.24,4.88,2021-12-09,0.6755840516830679,2.152162940349985,-80,7.13,N/A,7.545030027426976,-1.136363636363658,0.07581967213114749,0.1147540983606559,0.2602459016393444,0.07377049180327866,01 | Green
DAVA,2022-11-15,DT,6.19074978454468,5.556428776624113,3678909957.54,327587.9333333333,22806671.91866667,-0.5711965663244591,172.41,73.93,2018-07-27,0.6199301472960472,2.483293544186304,10.34,5.52,N/A,N/A,-3.197997775305894,0.1757743811713781,0.2849993236845663,0.2849993236845663,0.1087515217097252,01 | Green
SE,2022-11-15,DT,21.6703056768559,7.662227074235815,28051791107.6,5695958.466666667,260874897.7733333,-0.8504829220506901,372.6999,55.725,2017-10-20,0.9299759034019583,7.528337899748497,39.45,5.2,N/A,-6.07565915170042,-14.69547401750791,0.2340960071781066,0.3402135486765367,0.5942575145805293,0.1809780170480035,01 | Green
GRAB,2022-11-16,DT SW,8.306709265175716,6.469648562300323,12805775260.0,14556220.36666667,45560969.74766666,-0.744920993227991,13.29,3.39,2021-12-02,0.3557845489447287,3.904409082054499,33.33,12.11,N/A,N/A,31.5126050420168,0.05899705014749257,0.1887905604719764,0.1887905604719764,0.08259587020648951,01 | Green
BBWI,2022-11-17,DT SW,21.65655920842644,6.260544434818289,6314931569.96,3639601.266666667,114028707.6846667,-0.5351829268292683,82.0,38.115,1973-02-02,1.805699815134955,6.162753103045958,100,3.55,N/A,N/A,-4.277421326000608,0.1772268135904498,0.3000131181949361,0.3000131181949361,0.125278761642398,01 | Green
JMIA,2022-11-17,DT,5.274261603375519,8.413652802893287,590451718.02,2527003.266666667,11977995.484,-0.9286020889969953,69.89,4.99,2019-04-11,2.028615569816037,2.339402990878603,-17.11,N/A,N/A,N/A,-5.765407554671964,0.08617234468937873,0.08617234468937873,0.08617234468937873,-0.278557114228457,01 | Green
TWST,2022-11-18,DT SW,12.99212598425197,13.09850956130483,1592768569.6,1392634.466666667,35372915.45333333,-0.8659317045826131,214.07,28.7,2018-10-31,2.220844642998996,2.543251718074669,20.8,0.5,N/A,76.10865991867809,-13.45826235093698,0.04216027874564454,0.09790940766550538,0.09790940766550538,-0.2153310104529617,01 | Green
CLFD,2022-11-18,UDS,16.04168905125176,7.771730955195009,1264258691.85,240902.9,22420832.903,-0.1692946696407968,130.01,108.0,1986-08-07,1.77343711754051,5.469174509729854,41.86,33.06,259.7402597402597,108.0107356699448,-12.23950966525225,0.2490740740740742,0.2490740740740742,0.2490740740740742,-0.4313888888888889,01 | Green
STNE,2022-11-18,DT SW,14.79229989868289,7.986684035316245,2275978887.84,5846155.0,57701549.84999999,-0.8808837938879613,95.1172,11.33,2018-10-25,2.535240997106137,2.897128796619317,66.67,3.04,N/A,N/A,-5.278310940499042,0.08455428067078552,0.08455428067078552,0.2886142983230362,-0.180052956751986,01 | Green
ANF,2022-11-22,DT SW,18.84057971014494,5.251092707614448,827762757.3,1376097.266666667,25636692.078,-0.5478864610986318,48.97,22.14,1996-09-26,3.097106248367814,6.757994674698141,106.67,5.89,172.1115537848606,21.65792559103257,2.418911489829556,0.1097560975609755,0.4313459801264679,0.4313459801264679,0.3238482384823846,01 | Green
AEO,2022-11-22,DT U,7.769230769230773,5.005769230769206,2178453329.0,4671476.866666666,60729199.26666666,-0.6406770966914594,38.99,14.01,1994-04-29,2.78772092375024,3.958088957249537,90.91,2.56,247.6190476190476,34.84179191776624,17.43450767841011,0.1798715203426124,0.2198429693076374,0.2198429693076374,0.05353319057815842,01 | Green
YMM,2022-11-23,DT SW,8.957654723127039,7.765239646347144,6370522180.059999,5997089.0,36822126.46,-0.706578947368421,22.8,6.69,2021-06-22,0.5780079782981495,1.81427005668917,250,8.6,N/A,N/A,15.63088512241055,0.4319880418535127,0.521674140508221,0.521674140508221,0.03736920777279518,01 | Green
PDD,2022-11-28,DT SW,13.73384030418252,5.237914177077697,93588317376.5,14841279.7,975814140.275,-0.6482538517802503,212.5965,74.78,2018-07-26,1.04266661441231,1.711655700417802,86.15,15.8,N/A,N/A,24.17374881964116,0.2457876437550146,0.4225728804493178,0.4225728804493178,0.173174645627173,01 | Green
BILI,2022-11-29,U,13.50277998411438,8.033416543742215,5268987581.35,10989156.96666667,138353486.2103333,-0.9093619180515032,157.66,14.29,2018-03-28,2.625807787060393,3.149641970261055,3.08,2.19,N/A,N/A,41.14349775784753,0.8407977606717985,1.061581525542338,1.061581525542338,0.3505948215535342,01 | Green
BZ,2022-11-29,DT SW,11.00795755968169,8.182550208412273,6739053321.0,3035770.533333333,45779419.64266667,-0.6276690391459074,44.96,16.74,2021-06-11,0.6793152904727799,1.257152659627897,50,3.36,-81.08108108108108,-0.5296059172068238,37.96889295516925,0.3010752688172045,0.5686977299880529,0.5686977299880529,0.2037037037037037,01 | Green
BEKE,2022-11-30,DT SW,5.890138980807413,6.101446534934303,16672115075.04,14065727.86666667,212533148.0653333,-0.7948717948717949,78.0,16.0,2020-08-13,1.274782156365505,1.688254260646912,83.33,3.95,N/A,N/A,42.41281809613573,0.1525000000000001,0.3174999999999999,0.3174999999999999,0.140625,01 | Green
WOOF,2022-11-30,DT,12.22339304531086,6.173942495860349,2710014250.97,2560853.533333333,24302500.03133333,-0.6573359073359073,31.08,10.65,2021-01-14,0.8967665030777863,4.867981256145249,0,0.74,-71.55963302752293,67.02548442974427,-10.30245746691871,0.08873239436619729,0.18075117370892,0.18075117370892,-0.03286384976525814,01 | Green
XPEV,2022-11-30,DT,16.34877384196185,8.329116387699507,7021397163.46,35495671.6,260538229.544,-0.8651933701657459,63.35,8.54,2020-08-27,3.710632278428359,4.888190367413698,0,-5.029999999999999,N/A,N/A,14.50858034321372,0.5339578454332554,0.5339578454332554,0.5339578454332554,0.04449648711943799,01 | Green
OKTA,2022-12-01,DT,16.19467366841709,5.193615368127745,9267408701.8,4134987.3,220477522.836,-0.7892687074829932,294.0,61.955,2017-04-07,2.379063338311354,4.868580128408134,100,3.37,N/A,79.98684967535135,4.692715491851551,0.1973206359454445,0.3251537406181908,0.4768783794689695,0.1530949882979582,01 | Green
PATH,2022-12-02,DT,8.049535603715174,5.632187085360472,6694113836.72,6190068.6,79975686.31199999,-0.8448888888888889,90.0,13.96,2021-04-21,1.194716556406616,2.997624937468383,266.67,5.73,N/A,385.2537630828549,20.29795158286778,0.06876790830945545,0.313753581661891,0.398997134670487,0.08452722063037243,01 | Green
PD,2022-12-02,DT,5.772646536412074,5.672703628520694,1736800163.8,903897.1666666666,20355764.19333333,-0.59184372858122,58.36,23.82,2019-04-11,1.172026846703901,2.92711283713505,200,1.46,N/A,38.31707078981211,1.624548736462095,0.1742233417296388,0.4177162048698573,0.4832073887489503,0.2413937867338372,01 | Green
IOT,2022-12-02,DT,19.1919191919192,6.282828282828282,5768829811.8,1363514.3,13498791.57,-0.6243234638650111,31.41,11.8,2021-12-15,0.2339953163878843,3.64863206788517,66.67,9.3,N/A,N/A,-2.077151335311567,0.2245762711864405,0.4601694915254237,1.123720338983051,0.4305084745762711,01 | Green
GTLB,2022-12-06,DT SW,14.41429689538221,7.492620476314722,6473937000.0,1729193.566666667,66279989.41033333,-0.6798905109489051,137.0,43.855,2021-10-14,1.023797256759424,6.696850036472686,33.33,6.54,N/A,N/A,6.64997217584864,0.1930224603808004,0.3385018811994074,0.3385018811994074,0.1672557291072854,01 | Green
MDB,2022-12-07,DT,27.58310871518419,6.034996001303269,11637695517.63,2091129.6,302565541.824,-0.6871186440677965,590.0,184.6,2017-10-19,2.599875047131471,5.997745429073358,235.29,9.959999999999999,N/A,68.83494806407012,0.4721894312895047,0.1982665222101843,0.3442578548212352,1.160834236186349,0.2115384615384617,01 | Green
DOCU,2022-12-09,DT,8.640000000000004,5.687118367346947,8353826600.0,4495017.833333333,196657030.2083333,-0.8489960604905324,314.76,47.53,2018-04-27,2.35409519044043,6.721551308639599,35.70999999999999,2.96,N/A,40.78112416136887,-3.846153846153844,0.2960235640648012,0.4611824111087734,0.4611824111087734,0.3551441195034715,04 | Downtrend
FLNC,2022-12-13,DT SW,10.5232558139535,9.293978405315626,3175057546.8,748476.1666666666,12873790.06666666,-0.5175126903553299,39.4,19.01,2021-10-28,0.405466353819054,6.351965782922948,-28.57,27.35,N/A,N/A,11.254851228978,0.2296159915833771,0.4087322461862177,0.554445028932141,-0.04629142556549193,04 | Downtrend
AEHR,2023-01-06,CPH,21.59814707585408,8.198734386632463,563355171.5,1121874.1,19374765.707,-0.25,28.0,21.0,1997-08-15,3.439174199007065,8.18110517035735,100,15.92,260,173.4094075499237,-28.57733664185277,0.7761904761904761,0.9376142857142857,1.107142857142857,0.3109523809523811,04 | Downtrend
SI,2023-01-17,DT,21.96969696969699,13.25373376623376,274810232.4,6745559.066666666,89041379.67999999,-0.9327091866588648,239.26,16.1,2025-07-31,32.40104231286259,3.760984337883297,-40.73999999999999,-19.66,42.5925925925926,120.5336487907466,-30.30623020063359,0.5347826086956522,0.5347826086956522,0.5347826086956522,-0.9024844720496894,02 | Light Green
CALX,2023-01-26,UTU,5.729076790336496,6.227018365586086,3648763162.55,659299.0333333333,38206378.98166667,-0.2430803061281216,80.9465,61.27,2010-03-24,1.047104930618887,2.674904574156057,30.77,1.37,252.3255813953489,32.53175627837241,-13.59773371104814,0.04292475926228168,0.04292475926228168,0.04292475926228168,-0.2707687285784234,01 | Green
MBLY,2023-01-26,UT,8.538438880706911,6.927687776141379,28863868952.1,2293393.033333333,77860693.48166667,-0.01235865011699311,37.3099,36.8488,2022-10-26,0.2697514100097863,2.935537390298459,58.81999999999999,5.45,N/A,N/A,-1.078088578088565,0.3056056099520201,0.3056056099520201,0.3056056099520201,0.1693732224658606,01 | Green
TSLA,2023-01-26,U,10.75607560756076,5.146610814927647,570433130115.42,174899113.0,25260678890.59,-0.6140741289375766,414.4967,159.965,2010-06-29,4.428333060788179,1.342574504651719,5.31,0.65,230.2752293577981,90.83005867470528,32.38313473877179,0.3606101334666958,0.3606101334666958,0.8709717750757979,-0.03885224892945338,01 | Green
SOFI,2023-01-30,DT U,10.94276094276094,5.121212121212133,7671927724.56,35668470.56666667,211870715.166,-0.7358717434869739,24.95,6.59,2021-06-01,2.761635963901774,4.60306490274454,44.44,4.12,N/A,N/A,29.41176470588236,0.2503793626707134,0.2503793626707134,0.5523520485584219,-0.054628224582701,01 | Green
PTON,2023-02-01,DT U,6.341840680587785,6.747873163186393,5674612386.93,11284288.26666667,145905847.288,-0.9128809478552873,157.83,13.75,2019-09-26,2.571203764050146,7.033247567278265,-53.12,11.58,-853.3333333333331,-12.77055164258907,59.23645320197046,0.2967272727272725,0.2967272727272725,0.2967272727272725,-0.3403636363636363,01 | Green
ENPH,2023-02-08,DT,8.071434824476942,5.221579895198907,30189766282.08,4199185.7,959345965.0220001,-0.2736526241468581,339.92,246.9,2012-03-30,3.177719085528156,3.357321635001758,21.77,2.57,N/A,112.3681458628934,-0.5960927642170266,0.0004050222762250755,0.0004050222762250755,0.0004050222762250755,-0.3386391251518834,01 | Green
FLNC,2023-02-09,DT U,12.21719457013575,9.294214608920456,4079579754.9,1255723.7,27751493.77,-0.3705583756345178,39.4,24.8,2021-10-28,0.6802537378186457,2.978929202339655,57.69,-3.03,N/A,N/A,3.512880562060894,0.07983870967741935,0.07983870967741935,0.2629032258064516,-0.2036290322580645,01 | Green
PI,2023-02-09,UDS,7.123440997761432,5.81924711042076,3821745978.04,493806.8666666666,61765362.88266666,-0.06156324415184189,142.78,133.99,2016-07-21,1.616155632466795,2.207927984800536,2.5,1.92,N/A,53.8387839830399,6.45106382978724,0.08142398686469132,0.08142398686469132,0.08142398686469132,-0.2919620867228898,01 | Green
APP,2023-02-09,DT,36.198738170347,5.99791572780533,4243368606.28,2926633.833333333,37109717.00666667,-0.8512361099147213,116.09,17.27,2021-04-15,0.8745343723320644,5.01653293035235,-520,1.8,N/A,169.7353146371907,17.84386617100371,0.006369426751592355,0.0373480023161552,0.8546612623045746,0.003474232773595709,01 | Green
NET,2023-02-10,DT U,9.412068076328017,6.361231857363848,20713157021.55,5044963.966666667,293465553.941,-0.7128451543042772,221.64,63.645,2019-09-13,1.416807460280816,3.70106508656332,50,0.25,27.71084337349399,48.56830777574319,33.78564857405706,0.1377170241181553,0.1377170241181553,0.1952235053814124,-0.2268049336161522,01 | Green
BE,2023-02-10,SW,8.50253807106598,5.489485134155168,6962626459.440001,2287353.766666667,54073043.044,-0.4159836065573771,43.92,25.65,2018-07-25,0.7766184694668951,2.951090512700608,125,16.27,N/A,44.47115094998856,0.04231908590774935,0.001169590643274931,0.001169590643274931,0.001169590643274931,-0.4074074074074074,01 | Green
MNDY,2023-02-13,DT U,10.17685622808355,6.99658048918607,5545519061.6,536876.5,70427459.27000001,-0.6788222222222222,450.0,144.53,2021-06-10,1.269988588763054,5.604260942693524,218.92,6.15,N/A,N/A,13.13497197067701,0.1893032588389953,0.1893032588389953,0.3087248322147651,-0.09292188472981389,01 | Green
EMBC,2023-02-14,DT SW,8.336264509321145,5.044972614441497,1610832399.57,1099214.833333333,31250677.71166667,-0.1593886462882096,36.64,30.8,2022-03-21,1.94003285009718,2.498184992348326,88.24,4.87,N/A,N/A,20.61943148069581,0.1000000000000001,0.1000000000000001,0.1000000000000001,-0.003571428571428559,01 | Green
BTU,2023-02-14,UDS,5.542900531511008,5.10402429764618,3210846000.0,4441856.766666667,116998507.234,-0.1649143887053168,33.29,27.8,2017-04-03,3.64385296691277,3.921747574285808,80.08999999999999,16.98,120.5580865603645,50.98039215686274,-8.54166666666667,0.1230215827338128,0.1230215827338128,0.1230215827338128,-0.187769784172662,01 | Green
PLTR,2023-02-14,DT SW,12.87779237844939,5.947531443589281,18287275032.8,36703203.4,279311377.874,-0.7178055190538766,30.44,8.59,2020-09-30,1.527353732981147,5.886549864473138,33.33,1.27,33.33333333333334,23.60623884079853,7.637906647807635,0.20023282887078,0.20023282887078,1.356216530849825,0.1059371362048893,01 | Green
RBLX,2023-02-15,DT SW,17.94224838800111,5.461472225559705,25481789815.47,12483234.56666667,445276976.993,-0.7028952704062643,141.5999,42.07,2021-03-10,1.747432108252742,4.043197356458657,7.69,2.04,-55.00000000000001,15.93757962380828,-0.251677852348986,0.09460423104349891,0.1326360827192774,0.1326360827192774,-0.0736867126218208,01 | Green
UPST,2023-02-15,DT,9.851632047477743,12.5287833827893,1639724825.1,7133093.166666667,120192619.8583333,-0.953896723180334,401.4899,18.51,2020-12-16,7.330048189701788,4.111970405358741,46.81,9.969999999999999,-197.1830985915493,-0.7241432542726809,2.245145631067968,0.1869259859535384,0.1869259859535384,2.921123716909778,0.09454349000540252,01 | Green
TXG,2023-02-16,DT U,7.60752107196887,5.520392725925462,6028572343.360001,1094531.1,50643953.99700001,-0.7617589358342505,208.99,49.79,2019-09-12,0.8400654601545978,2.344318950827436,51.61,5.07,-177.3584905660377,5.284307529205488,2.867941307247679,0.064470777264511,0.129142398071902,0.2767624020887729,0.04800160674834308,01 | Green
ROKU,2023-02-16,DT U,8.867538194991331,6.070472290349453,9423120341.81,7233857.9,459277638.071,-0.8591575986126045,490.7613,69.12,2017-09-28,4.87394431368136,6.009481330840076,1.73,8.15,-276.2499999999999,45.01114433967198,27.13255907088508,0.1085069444444444,0.1085069444444444,0.4241898148148147,-0.244357638888889,01 | Green
CYH,2023-02-16,U,15.94488188976377,5.448537682789654,716327533.5600001,2555487.666666667,12981877.34666667,-0.6543427230046948,17.04,5.89,2000-06-09,1.812282334332371,7.672499560749201,305.41,-0.5700000000000001,-280.1801801801802,4.457779682811831,15.45454545454545,0.3599151103565366,0.3599151103565366,0.3599151103565366,-0.4176570458404074,01 | Green
DOCN,2023-02-16,DT U,6.060606060606055,6.163419913419914,3880125150.0,1124560.6,37110499.8,-0.7376311844077961,133.4,35.0,2021-03-24,0.9564253307654267,4.191846130835456,40,1.18,4.166666666666671,34.47840564120393,24.76370510396977,0.08685714285714274,0.1331142857142857,0.4768571428571429,-0.07514285714285718,01 | Green
TDS,2023-02-17,DT U,7.097933513027854,5.16916955461431,1281241080.0,2637698.2,29357580.96600001,-0.5503583553376085,26.51,11.92,1981-12-15,2.291339344661038,1.441138337964518,-5.56,-3.07,-107,1.576280728091574,-8.770491803278679,0.1585570469798658,0.1585570469798658,0.5847315436241611,-0.401006711409396,01 | Green
DKNG,2023-02-17,DT U,12.3526108927569,5.475936472286835,8841846594.88,13046752.33333333,232362659.0566667,-0.7309760688357085,74.38,20.01,2020-04-24,2.627987904599246,6.272726798906813,10.17,6.859999999999999,N/A,103.3148241008397,28.31412103746396,0.08045977011494254,0.2663668165917041,0.7236381809095451,0.1424287856071962,01 | Green
FVRR,2023-02-22,DT U,16.41514429441355,7.15520632399104,1357858996.56,632496.9,23889407.913,-0.8556230504022329,304.55,43.97,2019-06-13,1.759343788531904,4.336574614041586,30,-0.4,N/A,N/A,2.971646673936768,0.06618148737775775,0.06618148737775775,0.06618148737775775,-0.3436433932226518,04 | Downtrend
SPT,2023-02-22,DT SW,9.96077093638068,6.575156550766326,3552521389.56,641129.3333333334,37589412.81333334,-0.5566634575711731,145.42,64.47,2019-12-13,1.058105179149646,3.309316684933045,250,-0.3,N/A,35.11623079011386,-7.552822453484708,0.05940747634558696,0.05940747634558696,0.05940747634558696,-0.2832325112455405,04 | Downtrend
GLBE,2023-02-22,DT SW,5.287356321839076,7.071291735084843,4383948905.1,1020279.5,26629294.95,-0.6719589351796585,83.77,27.48,2021-05-12,0.6074271285192493,2.094928889583688,37.93,0.84,N/A,N/A,2.232667450058745,0.1204512372634643,0.3136826783114992,0.6637554585152838,0.2714701601164482,04 | Downtrend
IQ,2023-02-22,DT U,7.872928176795568,6.79646803472767,6986779081.400001,21026519.83333333,152232003.5933333,-0.7304107697618225,28.97,7.81,2018-03-29,2.178858123603778,1.569468616850439,600,0.9199999999999999,N/A,N/A,25.25951557093424,0.02048655569782332,0.02048655569782332,0.02048655569782332,-0.3700384122919333,04 | Downtrend
VRT,2023-02-22,DT SW,11.46788990825689,5.088747425575735,5874919519.98,2997209.233333333,45737412.90066667,-0.4093749999999999,28.8,17.01,2018-07-30,0.7785198204863644,3.995942914762808,-9.68,-1.49,-87.87878787878786,13.87327184330046,0.06557377049181135,0.05114638447971775,0.05114638447971775,1.156966490299823,-0.02939447383891824,04 | Downtrend
VCYT,2023-02-23,DT SW,10.0418410041841,6.175582785415457,1921338470.9,692251.3333333334,16544806.86666667,-0.5951354679802956,64.96,26.3,2013-10-30,0.8611083948637478,1.499741423394393,66.67,7.19,N/A,92.58039587002986,-7.18446601941748,0.0,0.03650190114068441,0.1604562737642585,-0.01140684410646386,04 | Downtrend
ENVX,2023-02-23,DT SW,15.94202898550725,7.232968549738763,1589904636.075,3843604.0,27846910.98,-0.756838905775076,34.545,8.4,2021-07-15,1.751483098303664,3.670641854438178,-18.75,21.44,N/A,N/A,3.888841090940387,0.269797619047619,0.6124999999999998,1.489583333333333,0.2635476190476189,04 | Downtrend
LMND,2023-02-23,DT,5.911029859841554,7.556803342909381,1270078452.15,1175777.833333333,19294514.245,-0.8729439286497551,136.79,17.38,2020-07-02,1.519159246607016,2.767403762643935,22.5,12.96,-16.53944020356234,99.9221183800623,9.036544850498341,0.08630609896432673,0.08630609896432673,0.4275028768699656,0.03509781357882624,04 | Downtrend
ACVA,2023-02-23,U,9.023941068139973,6.899434359379086,1844114662.8,1048171.166666667,11383138.87,-0.6865228660917821,37.7699,11.84,2021-03-24,0.6172684974326098,4.672978188835889,21.05,-1.29,N/A,17.60263367137696,12.77258566978192,0.1181165540540541,0.5219594594594594,0.5777027027027026,0.4915540540540542,04 | Downtrend
RUN,2023-02-23,DT SW,7.142857142857162,6.356252966302828,5799595326.559999,7219076.866666666,173835370.9493333,-0.6254355400696864,68.88,25.8,2015-08-05,2.997370698490491,2.090970671014603,680,2.7,305.1282051282051,44.19182162968631,-0.7419620774938296,0.007751937984496138,0.007751937984496138,0.007751937984496138,-0.3550387596899225,04 | Downtrend
KYMR,2023-02-23,DT SW,6.755470980019007,6.223098183136267,2621738985.54,597655.1333333333,18844066.354,-0.5130208333333335,69.12,33.66,2020-08-21,0.7187621062940667,0.8294566085882081,4.760000000000001,-25.21,N/A,-35.70683216168717,-14.25074789230352,0.03357100415923964,0.05317884729649447,0.05317884729649447,-0.1295306001188353,04 | Downtrend
NEO,2023-02-23,U,12.95880149812734,5.26720171214553,1715147124.0,818638.6333333333,10928825.755,-0.7305699481865284,55.97,15.08,1996-01-25,0.6371946524046411,6.530307491392519,62.5,6.72,N/A,9.492347857800471,21.91780821917808,0.2937665782493371,0.3620689655172413,0.3620689655172413,0.1876657824933687,04 | Downtrend
BYND,2023-02-24,DT SW,14.06067677946323,7.970036672778795,8841136803.0,99194.27000000002,51005693.63400001,-0.8798992505221772,4883.4,586.5,2019-05-02,0.5769132948682867,8.633472477795339,11.02,5.609999999999999,-99.65277777777779,-9.848719604045622,5.867819641754179,0.1698209718670076,0.1698209718670076,0.1698209718670076,-0.4148337595907928,04 | Downtrend
RLAY,2023-02-24,DT SW,12.10556511761331,5.690271289238598,3819638628.33,1283483.133333333,22371111.014,-0.5739206279982556,45.86,19.54,2020-07-16,0.58568658427724,0.7884279689534421,20,-92.33,N/A,-95.44073951799274,-13.6701337295691,0.0,0.0,0.0,-0.4078812691914022,04 | Downtrend
HIMS,2023-02-28,UT,10.46632124352331,5.096965210954845,2251474435.45,2284215.466666667,22042679.25333333,-0.3845265588914549,17.32,10.66,2021-01-21,0.9790330685645865,7.09048083963591,28.57,3.74,49.2063492063492,93.80604535857995,29.53020134228188,0.1295872420262663,0.1575984990619137,0.1575984990619137,-0.149155722326454,04 | Downtrend
FOUR,2023-02-28,DT U,8.044164037854884,5.016236042261298,4505464447.2,1222957.7,69781966.362,-0.4078378637979061,104.11,61.65,2020-06-05,1.548829586378542,4.036600775317086,23.68,-1.45,N/A,45.78427787934186,-7.505268276868204,0.1941151662611516,0.2392538523925387,0.2392538523925387,0.04947283049472828,04 | Downtrend
SDGR,2023-03-01,DT SW,22.7335480901979,5.073630924988491,1625526296.44,511796.4333333333,11121336.49633333,-0.7662576687116565,114.1,26.67,2020-02-06,0.6841683533935887,4.097203230477117,26.42,19.85,N/A,31.19240779810195,-10.13234077750207,0.05961754780652417,0.5256842894638167,1.221222347206599,0.3157105361829771,04 | Downtrend
BLNK,2023-03-01,DT,6.519337016574589,6.471270718232056,1311695379.8,2220121.0,20092095.05,-0.803265306122449,49.0,9.64,2008-07-15,1.531765329009814,3.285114640147992,14.58,18.29,-139.7260273972603,393.475990382651,-33.50477590007347,0.09439834024896276,0.09439834024896276,0.09439834024896276,-0.299792531120332,04 | Downtrend
ALLO,2023-03-01,DT,6.141732283464574,5.812823397075366,2193867094.35,1651663.633333333,10488064.07166667,-0.8276986003706781,39.1175,6.74,2018-10-11,0.4780628734838687,1.621467559102884,5.71,-21.67,-22.75132275132275,-99.3686507833407,-17.7461139896373,0.05934718100890191,0.05934718100890191,0.05934718100890191,-0.2106824925816023,04 | Downtrend
PSNY,2023-03-02,DT,6.930693069306937,5.109759547383288,21952946455.5,69439.77111106667,10520125.3233266,-0.595808383233533,400.8,162.0,2022-06-24,0.04792124530823939,3.475572612141531,7.69,N/A,N/A,N/A,-11.71328671328671,0.04074074074074074,0.04074074074074074,0.04074074074074074,-0.3907407407407407,04 | Downtrend
AI,2023-03-03,UDS,18.67667761614267,10.04856874706712,3312624092.87,25651162.9,546626281.3989999,-0.7507392075694855,101.46,25.29,2020-12-09,16.5013073042469,2.946268139757516,72.72999999999999,3.76,N/A,134.510077206624,-2.78284671532848,0.3712930011862396,0.7406089363384738,0.9323843416370106,0.2756030051403717,04 | Downtrend
AZUL,2023-03-06,DT,24.27884615384615,6.576923076923078,766600481.9200001,3094146.733333333,12871650.41066667,-0.8244482173174873,29.45,5.17,2017-04-11,1.679055872548996,14.98487725242765,-76.6,-5.48,N/A,N/A,-38.55243722304284,0.5841392649903288,1.401353965183752,1.681818181818182,1.373307543520309,04 | Downtrend
OCUL,2023-03-07,CPH,8.422939068100344,7.938940092165904,1225456543.44,2177258.433333333,12149102.058,-0.718342644320298,21.48,6.05,2014-07-25,0.9913939521589273,0.911375043780211,4,4.04,1.020408163265307,18.31717292403842,31.29411764705883,0.0446280991735537,0.2793388429752066,0.315702479338843,0.2247933884297522,04 | Downtrend
FCEL,2023-03-09,DT SW,8.484848484848495,5.773376623376649,7915465404.0,306021.1500000333,30296093.85000329,-0.8075268817204301,558.0,107.4,1992-06-25,0.3827455784810009,3.515072297018958,28.57,31.89,-22.58064516129032,87.51742473234174,-11.05121293800538,0.1229050279329609,0.1229050279329609,0.1229050279329609,-0.3491620111731844,04 | Downtrend
ZIM,2023-03-13,DT,13.9499233520695,5.72476093145484,2358569863.62,4393025.566666666,85971510.33966666,-0.7555628630932807,91.23,22.3,2021-01-28,3.645069483238252,4.248014657961586,12.79,3.74,N/A,N/A,-12.8673196794301,0.126457399103139,0.126457399103139,0.126457399103139,-0.404932735426009,04 | Downtrend
AMLX,2023-03-14,UDS,19.31344241257618,5.893945643705053,3473056406.16,787825.2666666667,24556513.562,-0.1130392060997336,41.9297,37.19,2022-01-07,0.7070577235211397,5.222039929497057,20.73,363.67,N/A,N/A,-13.07863915225878,0.03038451196558212,0.03038451196558212,0.03038451196558212,-0.3307340682979295,04 | Downtrend
S,2023-03-15,DT,7.118175535590865,5.396041070194475,4960369871.81,5724757.5,82837241.025,-0.8026232013243346,78.53,15.5,2021-06-30,1.669981133781327,2.72623268321846,18.75,1.15,N/A,-98.67025067270924,-13.09309309309308,0.1587096774193548,0.4164516129032256,0.4164516129032256,0.07419354838709658,04 | Downtrend
PATH,2023-03-16,DT SW,17.21311475409835,5.037568306010922,7585280694.240001,5472049.3,80110801.752,-0.8093333333333333,90.0,17.16,2021-04-21,1.056134966934491,6.199897906621565,150,10.74,N/A,154.323122141364,-13.06413301662708,0.05594405594405605,0.162004662004662,0.162004662004662,0.05477855477855487,04 | Downtrend
MARA,2023-03-17,DT SW,10.09174311926606,9.401329339075074,2947463636.11,32275300.5,246260542.815,-0.8993409227082085,83.45,8.4,2011-03-09,8.3549985078021,1.893714049230928,12.5,-18.69,-1580.555555555555,-21.73996437813568,5.825242718446599,0.4619047619047618,0.5267857142857142,1.366071428571428,0.1880952380952381,04 | Downtrend
CSIQ,2023-03-21,DT SW,8.756274400446173,5.114911162457163,2434777419.14,1026174.533333333,36798618.76533333,-0.2352941176470589,51.0,39.0,2006-11-09,1.511375063529674,4.425543465055782,46.05,2.18,N/A,N/A,-3.054879697215473,0.07228205128205145,0.1612820512820512,0.1612820512820512,-0.02410256410256406,04 | Downtrend
GME,2023-03-22,DT,50.70821529745044,5.346499392958328,7919400686.049999,3982707.633333333,70294789.72833332,-0.691289966923925,86.165,26.6,2002-02-13,0.8876276439978267,16.7636332230898,223.08,2.11,-7.25388601036269,13.39944178447435,-13.98635477582847,0.01503759398496229,0.03947368421052611,0.03947368421052611,-0.08571428571428574,04 | Downtrend
LOVE,2023-03-28,DT SW,8.333333333333325,6.012678571428539,351322032.0,477150.3666666666,11451608.8,-0.7277771961051198,95.51,26.0,2018-06-27,3.259576046172931,4.515767251846746,1.16,9.76,N/A,64.3767722693613,-16.63772143105244,0.1898076923076923,0.1898076923076923,0.1898076923076923,-0.004615384615384688,04 | Downtrend
BMEA,2023-03-29,CPH,5.405405405405395,6.94843466530215,2225979094.92,761155.7,23375091.547,0.0,0.0,32.37,2021-04-16,1.050103821745014,8.076990029766577,-6.17,N/A,N/A,N/A,117.0318021201414,0.1331479765214705,0.3497065183812171,0.3497065183812171,-0.3308619091751621,02 | Light Green
RUM,2023-03-31,DT SW,7.230851633636837,5.552758435993551,4628388160.990001,1162593.433333333,10852809.70016667,-0.4190365641323274,17.23,10.01,2022-09-19,0.2344835679867714,7.150601200425382,100,96.04,N/A,N/A,10.08254716981132,0.03796203796203801,0.1238761238761239,0.1238761238761239,-0.1088911088911089,01 | Green
IONQ,2023-03-31,DT SW,5.31496062992125,5.805539932508436,2058089132.48,2829504.666666667,14373883.70666667,-0.850974930362117,35.9,5.35,2021-01-04,0.698409193257151,11.88053421364446,30.77,19.34,N/A,N/A,0.994035785288272,0.3738317757009346,1.766355140186916,3.037383177570094,1.528971962616823,01 | Green
KRUS,2023-04-05,DT SW,7.057949479940562,5.042443218000422,817683962.8,156150.7,10508942.11,-0.2541654934826176,96.6032,72.05,2019-08-01,1.285208294169568,3.372095033835903,54.55,5.149999999999999,80.64516129032259,51.81692197512952,0.1637148385176257,0.02345593337959739,0.3058986814712006,0.5267175572519085,0.2154059680777238,01 | Green
MCB,2023-04-19,DT,14.35064935064934,10.70834879406309,381851562.4,789803.6,24325950.88,-0.6958023838314045,115.78,35.22,2017-11-08,6.370525428024281,1.353712492574103,26.4,-1.7,-17.98449612403101,15.98704103671706,-18.66913123844731,0.06473594548551964,0.3574673480976718,0.4111300397501421,0.3489494605337875,01 | Green
WAL,2023-04-19,DT SW,20.48600430636729,6.612888342048624,3546869088.64,13491790.7,438618115.6569999,-0.6864644200752421,124.93,39.17,2005-06-30,12.36634633800884,1.319763728620546,12.75,-17.19,11.88004613610149,62.28371616326038,-3.186420488385944,0.059739596630074,0.1955578248659688,0.3752489149859586,0.1850906305846312,01 | Green
CUBI,2023-04-28,DT SW,18.76675603217159,5.349789352738412,629858952.6999999,714726.1666666666,13329643.00833333,-0.7090499265071937,76.1299,22.15,2011-12-28,2.116290155310725,1.31205074577513,33.90000000000001,9.64,-26.93602693602694,13.38086066560462,2.02407002188183,0.1474040632054177,1.031602708803612,1.031602708803612,0.8866817155756208,04 | Downtrend
LUMN,2023-05-03,DT,5.55555555555558,5.815018315018346,2413582245.36,20837549.4,48759865.59599999,-0.8401294498381877,15.45,2.47,1978-10-24,2.020228052710388,1.720663467269333,66.67,0.48,-178.1553398058252,-14.45122581979932,-3.70370370370372,0.09311740890688247,0.09311740890688247,0.09311740890688247,-0.3198380566801621,04 | Downtrend
LMND,2023-05-04,DT,16.50135256988279,5.793958521190261,858328460.35,1109147.366666667,12300444.29633333,-0.8884764782045749,115.85,12.92,2020-07-02,1.433069607329295,7.424741064615369,15.93,7.969999999999999,-16.53944020356234,99.9221183800623,-17.91265729089563,0.4449226006191949,0.9202786377708978,0.9202786377708978,0.3258513931888545,04 | Downtrend
W,2023-05-04,DT SW,12.17641418983701,6.314135049993162,4285730910.3,4192538.0,131184514.02,-0.8966302339779071,339.5577,35.1,2014-10-02,3.060960120121427,3.423657459992014,35.8,0.8699999999999999,-895.2380952380953,-10.8695652173913,-9.14634146341463,0.279202279202279,1.584330484330484,1.584330484330484,1.367236467236467,04 | Downtrend
OPEN,2023-05-05,DT SW,9.628779181017988,9.600896615821991,1268730456.825,19613286.94222217,25624759.39001327,-0.9415580971189117,24.5081,1.4323,2020-12-21,2.019716579843071,2.046914610399893,3.03,N/A,-73.19587628865979,272.2259700860117,-19.63956206175421,0.9120994205124626,2.655309641834811,2.655309641834811,1.391817356699016,04 | Downtrend
FUBO,2023-05-05,DT SW,21.42857142857144,7.940051020408147,405945482.88,970811.7611110668,13047710.06933274,-0.9612535612535612,421.2,16.32,2013-01-09,3.21415328402354,5.053003523964085,37.21,6.92,N/A,58.01613534894651,1.81818181818183,0.5661764705882353,1.845588235294117,1.845588235294117,1.323529411764706,04 | Downtrend
SG,2023-05-05,DT SW,10.71878940731399,5.080165735903432,943997627.9499999,1887946.233333333,14971413.63033333,-0.8437722419928826,56.2,8.78,2021-11-18,1.585958818863294,1.951667338266536,14.29,-0.75,44.19354838709678,-70.43736636901019,5.5925432756325,0.2277904328018223,0.8883826879271071,0.8883826879271071,0.6765375854214124,04 | Downtrend
STEM,2023-05-05,DT,12.15189873417721,6.356057866184443,760512776.0,366339.5766666667,28940826.55666667,-0.8827732204286849,755.8,88.6,2021-04-29,3.805435946636441,1.774964108209511,-20.83,6.94,15.62499999999999,184.9785272942821,-19.71544715447155,0.2954401805869076,0.7573363431151241,0.7573363431151241,0.5665914221218964,04 | Downtrend
COIN,2023-05-05,DT,9.802925639983751,7.638024612526878,12986053350.06,16110194.4,792943768.368,-0.8534968826240174,368.9,54.045,2021-04-14,6.10611820999747,1.588163641277972,75,18.95,97.72168313732504,-40.50332934798205,-19.88932291666666,0.2278638171893792,1.117309649366269,1.117309649366269,0.615505597187529,04 | Downtrend
RILY,2023-05-05,DT,8.434163701067598,6.195958312150464,1129613115.5,435282.0,12231424.2,-0.6660455940377028,91.24,30.47,2009-08-03,1.082797643915989,2.528868641478398,N/A,N/A,-139.4300861497681,-37.9125465869912,11.19905025722201,0.3088250738431244,0.992658352477847,0.992658352477847,0.7709222185756484,04 | Downtrend
FIVN,2023-05-05,DT,11.85840707964603,5.041390644753473,4221879501.5,1182625.2,66818323.8,-0.7014361300075586,211.68,63.2,2014-04-04,1.582667714136796,4.173153929072372,70.83,5.050000000000001,-71.11111111111111,43.93169565891614,-22.06896551724138,0.1349683544303797,0.4174050632911392,0.4174050632911392,0.2731803797468355,04 | Downtrend
CVNA,2023-05-05,DT,39.30555555555555,8.295138888888893,1583316000.0,49570400.16666666,71381376.24,-0.9733832232040973,75.366,2.006,2017-04-28,4.508346801270245,8.006167363298234,24.5,0.23,N/A,26.10554523981035,-20.08879023307437,0.6879361914257232,4.701894317048854,4.701894317048854,3.530408773678963,04 | Downtrend
NSSC,2023-05-08,DT,14.55441928414902,5.179745382448083,978214487.06,511336.5666666667,14000395.19533333,-0.2002804691483937,39.22,31.365,1981-12-29,1.431219367585854,3.164676859605255,52.63,3.35,-45.83333333333333,37.81153961899377,-19.42319011183048,0.2606408417025348,0.3151602104256337,0.3151602104256337,0.1592539454806312,04 | Downtrend
SHLS,2023-05-09,UDS,21.19675456389452,5.337293538104892,3318875014.0,2595107.966666667,51175529.10266667,-0.3645307099175752,37.61,23.9,2021-01-27,1.541954092479924,3.914944630627378,40,8.4,1228.571428571428,54.53086797066015,-14.37255753365177,0.0493723849372385,0.1857740585774059,0.1857740585774059,-0.08619246861924679,04 | Downtrend
NVAX,2023-05-09,DT,20.4026845637584,7.228954937679783,1228845658.7,4851077.266666667,36140525.63666667,-0.9677105715300833,277.7999,8.97,1995-12-05,2.941014225895533,8.844383348583783,1.45,-7.6,64.07849829351537,72.89446824102103,-17.58849557522123,0.2664437012263097,0.2664437012263097,0.2664437012263097,-0.2062430323299889,04 | Downtrend
UPST,2023-05-10,DT SW,39.38963804116396,5.646152286322646,1371140818.14,4455760.3,62781662.627,-0.9510822065511486,401.4899,19.64,2020-12-16,4.578790288816979,6.729276258419916,41.98,-5.54,-197.1830985915493,-0.7241432542726809,-14.03294691885296,0.7240325865580448,2.695519348268839,2.695519348268839,0.6318737270875763,01 | Green
GH,2023-05-10,DT,8.33680700291788,5.110641338652997,3219366118.3,1469517.0,35253712.83,-0.8057838888058586,133.82,25.99,2018-10-04,1.095051371436308,2.663769796470541,19.08,9.2,N/A,32.70873883462604,-2.041649652919564,0.2962677953058868,0.5151981531358216,0.5798383993843788,0.38822624086187,01 | Green
FLNC,2023-05-11,SW,10.69465267366316,5.172413793103449,3693773343.69,1258450.766666667,25181599.841,-0.4378172588832487,39.4,22.15,2021-10-28,0.6817310510948711,2.714819753377718,-16.67,67.2,N/A,N/A,-8.1267217630854,0.2370203160270881,0.4139954853273138,0.4139954853273138,0.1273137697516931,01 | Green
FVRR,2023-05-11,DT,6.62482566248257,7.074143255628621,1031066879.04,735354.1333333333,21089956.544,-0.8836820083682009,262.9,30.58,2019-06-13,2.045449909479812,3.808943028991383,50,0.34,N/A,N/A,-19.88826815642457,0.05461085676913013,0.1278613472858079,0.1278613472858079,-0.02877697841726612,01 | Green
BFLY,2023-05-11,DT SW,5.381165919282527,6.49391415759129,593815958.09,4519518.9,10078527.147,-0.8498402555910542,15.65,2.35,2021-02-16,1.697247608403356,1.51363146196822,19.05,-2.05,N/A,17.30388082603414,-20.92198581560283,0.05531914893617018,0.1531914893617021,0.1531914893617021,-0.1829787234042554,01 | Green
LUNR,2023-05-12,DT,16.12121212121211,11.25904761904761,1323731549.25,1278012.0,10543599.0,-0.9295588235294118,136.0,9.58,2023-02-14,0.7965058327705338,1.924923240157369,-392.31,-59.48,N/A,N/A,-18.55873642645608,0.07828810020876831,0.115866388308977,0.115866388308977,-0.1137787056367432,04 | Downtrend
CRDO,2023-06-01,UT,7.153502235469444,5.95976154992548,2502533391.16,1832286.4,24589283.488,-0.2610483042137718,19.46,14.38,2022-01-27,0.9825756401436915,5.099162445346972,0,2.88,N/A,N/A,79.41176470588233,0.3261474269819193,0.3261474269819193,0.3504867872044506,0.1689847009735743,01 | Green
GTLB,2023-06-06,DT U,28.36158192090394,5.360996771589982,5979060000.0,2634150.2,93248917.08,-0.6683211678832117,137.0,45.44,2021-10-14,1.559591592658378,7.620327420964832,57.14,7.720000000000001,N/A,N/A,17.17974180734856,0.1837588028169015,0.2015845070422535,0.3690580985915495,0.1001320422535212,01 | Green
SFIX,2023-06-07,DT U,15.4891304347826,8.35559006211179,491007150.08,2747226.766666667,10109794.50133333,-0.9385838150289018,69.2,4.25,2017-11-17,2.058991299757273,8.889205760626265,36.67,1.54,-570.9677419354838,-11.08143016080286,16.45569620253164,0.2047058823529413,0.223529411764706,0.223529411764706,-0.04941176470588238,01 | Green
DBI,2023-06-08,DT,8.183079056865461,5.637012086387962,366102739.59,1743865.133333333,12573267.61133333,-0.5975232198142415,19.38,7.8,2005-06-29,3.43435496424151,5.374339919329389,-8.7,-1.62,12.99999999999999,3.717876244727573,-3.480589022757696,0.3397435897435896,0.723076923076923,0.723076923076923,0.5397435897435898,01 | Green
TOP,2023-06-30,DT,35.8974358974359,9.496245421245419,4824515007.0,774815.8066666668,30217816.46,-0.9586647948837935,1282.2,53.0,2022-06-01,0.6263389463221957,8.51243604383187,N/A,N/A,N/A,N/A,-8.018867924528294,0.1084905660377358,0.1084905660377358,0.1084905660377358,-0.5160377358490567,01 | Green
AEHR,2023-07-14,UDS,7.482500603427478,5.987052170614782,1351465243.5,1194669.733333333,49495167.052,0.0,0.0,44.53,1997-08-15,3.662333699667949,5.640486079109395,9.520000000000001,1.18,840,161.0663304363489,-3.695955369595549,0.2149112957556703,0.2149112957556703,0.2149112957556703,-0.130024702447788,01 | Green
CVNA,2023-07-19,UT,35.65326633165829,11.28526561378319,8752219000.0,183550823.3333333,1461064553.733333,-0.8567258445452857,75.366,10.798,2017-04-28,16.69364710518936,3.26746020044185,52.17,14.59,N/A,26.10554523981035,69.21768707482994,0.05927023522874619,0.05927023522874619,0.1592887571772552,-0.4148916466012225,01 | Green
APLD,2023-07-24,UDS,6.217616580310881,11.56393412287193,2194825428.64,7418694.833333333,57272324.11333333,-0.6976401179941003,27.12,8.2,2002-07-22,2.609425030619474,4.005843840141782,75,-25.47,N/A,N/A,-4.573547589616811,0.3500000000000001,0.3500000000000001,0.3500000000000001,-0.3817073170731706,01 | Green
TLRY,2023-07-26,DT SW,17.85714285714286,6.887755102040824,2311359338.4,1587902.606666666,26676763.79199999,-0.8812237552489501,166.7,19.8,2015-01-23,1.154159085037229,6.113535653410415,100,19.87,N/A,40.74840926354049,5.000000000000004,0.5555555555555556,0.7171717171717171,0.7171717171717171,-0.1060606060606061,01 | Green
QS,2023-07-27,U,8.964781216648898,6.926284494587598,5763909362.12,6516568.333333333,61060245.28333332,-0.7629990714948932,43.08,10.21,2020-11-27,1.059354709576401,8.414351111691968,-30,N/A,-58.06451612903225,N/A,28.7087912087912,0.3574926542605288,0.3574926542605288,0.3574926542605288,-0.4828599412340843,01 | Green
ENVX,2023-07-27,UDS,12.44897959183675,6.81199500208247,3763542375.25,9865918.933333399,169200509.7066678,-0.4417426545086119,34.545,19.285,2021-07-15,4.495777988827037,2.741980654811937,13.64,-30,N/A,N/A,14.01939991888998,0.08439201451905642,0.08439201451905642,0.08439201451905642,-0.60208452164895,01 | Green
ROKU,2023-07-28,UT,9.955711981228932,5.778779879747745,10120689496.11,6884807.7,469475037.063,-0.8419335933382524,474.35,74.9788,2017-09-28,4.638765345418886,8.903918696233157,40.16,9.54,-300.6134969325153,27.62963233936701,8.238095238095244,0.3129044476572043,0.3129044476572043,0.4516103218509764,-0.2484542297289367,01 | Green
SIMO,2023-07-28,DT,7.636640639878123,9.642476263024712,1780495952.5,1666963.566666667,87532256.88566667,-0.4270653826659909,98.65,56.52,2005-06-30,4.916172753033353,2.205759665973103,-20.83,5.35,N/A,N/A,-29.2508757747238,0.1307501769285206,0.1307501769285206,0.1673743807501769,-0.06864826610049546,01 | Green
SYM,2023-07-31,UDS,9.459459459459474,11.75575763733659,5478059210.58,1201236.633333333,50668161.194,-0.1422998328069849,53.83,46.17,2022-06-08,0.9249290532702258,4.861148784479017,-16.67,19.47,N/A,N/A,-1.471618780658734,0.3892137751786875,0.3892137751786875,0.3892137751786875,-0.2629413038769763,01 | Green
SOFI,2023-07-31,UT,8.795811518324603,5.07284966342559,12334496594.2,45903290.93333333,438376428.4133334,-0.5784989858012171,24.65,10.39,2021-06-01,3.554068259417002,4.595725027784646,0,2.14,N/A,N/A,14.50839328537172,0.1260827718960538,0.1260827718960538,0.1260827718960538,-0.2733397497593841,01 | Green
CHRS,2023-08-03,DT SW,9.447004608294929,7.318630678077677,670534192.4399999,3221895.4,13983026.036,-0.7541407867494824,19.32,4.75,2014-11-06,2.085356152401015,2.31509905628842,26.92,15.51,28.66666666666667,-37.20710512456311,-6.465517241379304,0.1505263157894736,0.1505263157894736,0.1505263157894736,-0.24,01 | Green
CSTL,2023-08-03,DT SW,11.1971411554497,6.564962137326651,512926222.53,988416.2666666667,16595509.11733333,-0.7624228542342686,78.585,18.67,2019-07-25,3.235457340331766,0.7478650695348059,30.69,15.23,-92,52.0126311204675,26.43072289156627,0.09212640599892863,0.09212640599892863,0.3245848955543651,-0.0369576861274773,01 | Green
FSLY,2023-08-03,UT,11.5501519756839,5.294311767260091,2620485000.0,2580938.733333333,42456442.16333333,-0.6869669054930058,58.62,18.35,2019-05-17,1.620174973843901,4.03601134171311,60,3.49,44.16243654822335,25.74464825415396,7.586657946370168,0.3247956403269754,0.3247956403269754,0.3247956403269754,-0.0430517711171664,01 | Green
EVGO,2023-08-03,DT SW,14.85849056603774,6.069407008086262,1333546652.8,3396109.466666667,14399504.13866667,-0.7513885485583599,19.5888,4.87,2021-07-02,1.079790055220981,7.94298513188876,63.63999999999999,70.32000000000001,N/A,N/A,1.678657074340539,0.2217659137577002,0.2217659137577002,0.2217659137577002,-0.48870636550308,01 | Green
RUN,2023-08-03,DT SW,12.38789237668161,6.666800128123006,4296710158.88,8924550.966666667,159213989.2453333,-0.6691419141914192,60.6,20.05,2015-08-05,3.705485903355296,3.085943382794807,173.53,-5.09,104.7619047619047,43.46094513708098,8.0557238037553,0.1052319201995011,0.1052319201995011,0.1052319201995011,-0.4593516209476309,01 | Green
SABR,2023-08-03,U,14.90514905149052,5.962059620596199,1489222059.66,5622409.766666667,20746692.039,-0.6648221343873517,12.65,4.24,2014-04-17,1.393122798875046,4.290980914097136,26.09,4.69,64.6376811594203,80.58949831685875,18.64951768488747,0.3596698113207546,0.3596698113207546,0.3596698113207546,-0.02594339622641517,01 | Green
STEM,2023-08-04,DT SW,7.058823529411762,6.742121848739512,1309237184.0,250871.2199999999,34118485.91999999,-0.7528013582342954,589.0,145.6,2021-04-29,2.605982043357546,2.38474943439108,-52.94,1.01,N/A,364.1758866011662,12.39669421487604,0.06936813186813184,0.06936813186813184,0.06936813186813184,-0.4958791208791208,04 | Downtrend
NET,2023-08-04,DT SW,10.43972939729396,5.212188104023898,23159424663.6,3640201.9,236758731.576,-0.6759158996571015,221.64,71.83,2019-09-13,1.0222997117373,4.059228143362049,42.86,0.96,15.18987341772152,46.11612541949734,4.297626683771649,0.04586384519003195,0.04586384519003195,0.2135597939579563,-0.103160239454267,04 | Downtrend
TWST,2023-08-04,DT,12.23996129656506,8.241101665629948,1296162454.08,1129648.2,23349828.294,-0.8342738767054789,139.99,23.2,2018-10-31,1.801458468458216,2.590024929885251,11.4,4.99,N/A,60.30894201655413,6.000000000000005,0.04396551724137931,0.06163793103448278,0.7129310344827589,-0.1956896551724138,04 | Downtrend
FUBO,2023-08-04,DT U,20.24922118380061,9.81397418780596,1163468750.04,1419491.636111167,54678817.82300214,-0.89002849002849,421.2,46.32,2013-01-09,4.699637856291567,3.644094678034369,47.83,3.58,N/A,43.43685458075932,47.92626728110601,0.002590673575129543,0.002590673575129543,0.002590673575129543,-0.2227979274611399,04 | Downtrend
AAOI,2023-08-04,UDS,27.01062215477996,16.88153045740298,557311271.83,3809024.4,25101470.796,-0.2709059233449478,11.48,8.37,2013-09-26,4.504030703268612,8.340920315448754,25,-8.4,-7.281553398058247,-2.751684583020931,-8.344923504867873,0.9426523297491043,0.9426523297491043,1.876941457586619,0.1314217443249703,04 | Downtrend
TRUP,2023-08-04,DT SW,12.55129958960328,6.681673832323634,1282835145.64,1370207.766666667,40064875.09733333,-0.7920377832782202,158.2499,32.91,2014-07-18,3.12315072076897,1.987584705219766,19.51,2.95,N/A,44.23394440488269,14.53192322757539,0.07005773321178999,0.07005773321178999,0.113947128532361,-0.2057125493770889,04 | Downtrend
GENI,2023-08-07,UDS,13.51351351351351,5.489285714285731,2054439481.8,2433971.833333333,18011391.56666667,-0.652029826014913,24.14,8.4,2021-04-21,0.8767058716612067,1.743289277998355,-25,8.36,N/A,N/A,-0.9370816599732157,0.005952380952380931,0.005952380952380931,0.005952380952380931,-0.3571428571428571,04 | Downtrend
AMC,2023-08-08,DT SW,6.640625,7.165178571428537,45701357465.60001,3295222.493333333,168715391.6586667,-0.8965713203258193,527.9,54.6,2013-12-18,0.3691693223459738,0.9232466718575083,10000,4.49,88.3424408014572,162.5804702852884,16.62870159453305,0.0,0.0,0.0,-0.8152014652014652,04 | Downtrend
NVAX,2023-08-08,DT,7.978723404255317,7.399316109422482,1240391859.52,5714215.0,42970896.8,-0.97077032785109,277.7999,8.12,1995-12-05,3.464300129849984,5.280157641950819,146.77,64.75,N/A,57.74691660638933,-21.82952182952182,0.2684729064039411,0.2684729064039411,0.2684729064039411,-0.1625615763546797,04 | Downtrend
RKLB,2023-08-09,DT SW,10.51051051051051,5.720720720720711,4258477186.74,5097619.466666667,33950145.648,-0.6551077788191191,21.34,7.36,2021-08-25,0.7972367623270027,1.568903887843492,-11.11,0.41,N/A,79.73895239720184,9.71993410214167,0.01766304347826075,0.01766304347826075,0.01766304347826075,-0.4184782608695652,04 | Downtrend
SOUN,2023-08-09,DT,10.05025125628141,13.26238334529791,883778589.56,18809157.56666667,37430223.55766667,-0.8792723263506064,18.14,2.19,2022-04-28,4.235248963917735,1.617857359753771,9.09,8.57,N/A,N/A,-44.72222222222222,0.2237442922374431,0.2237442922374431,0.2237442922374431,-0.2100456621004566,04 | Downtrend
CLOV,2023-08-09,DT U,10.52631578947367,7.899570354457581,706437829.7900001,8173485.3,10870735.449,-0.8679245283018868,11.13,1.47,2021-01-08,1.538809926449083,2.519746625102513,60,4.65,40,8.399598802919686,44.56521739130434,0.1088435374149659,0.1088435374149659,0.1088435374149659,-0.3993877551020408,04 | Downtrend
BLNK,2023-08-09,DT,7.281553398058249,5.175566343042082,895721264.88,1822953.9,11265855.102,-0.8646938775510205,49.0,6.63,2008-07-15,1.257741168343177,4.296776786291743,10.2,38.22,-95.9183673469388,331.8273318251295,-7.761194029850749,0.09351432880844657,0.09351432880844657,0.09351432880844657,-0.6289592760180995,04 | Downtrend
AZUL,2023-08-10,DT SW,5.958291956305861,5.236558377074737,1855689147.34,1731241.4,17433600.898,-0.5356832027850305,22.98,10.67,2017-04-11,0.9394677402187668,1.306383962398312,-32.79,-12.97,N/A,N/A,-10.72695035460992,0.04732895970009388,0.04732895970009388,0.05529522024367384,-0.1274601686972821,04 | Downtrend
FLNC,2023-08-10,DT SW,5.839942321557312,5.009372746935852,5120703276.059999,1086949.2,30151970.808,-0.2548223350253807,39.4,29.36,2021-10-28,0.5888247996903991,3.046325440048164,-25,12.17,N/A,N/A,-3.108627314006285,0.02826975476839233,0.02826975476839233,0.02826975476839233,-0.4158719346049047,04 | Downtrend
PGY,2023-08-11,UDS,11.25541125541125,12.61410018552878,2312564367.96,819901.3388888334,22727665.11399846,-0.9255072463768116,414.0,30.84,2022-06-23,0.9827905951023274,2.825033806066329,100,4.16,N/A,N/A,39.15662650602408,0.09727626459143979,0.09727626459143979,0.09727626459143979,-0.5175097276264591,04 | Downtrend
IONQ,2023-08-11,UT,5.285412262156441,10.7308970099668,5748874958.639999,11426136.56666667,162136877.881,-0.5838440111420613,35.9,14.94,2021-01-04,2.820323611967313,4.505290891601661,-69.23,26.78,N/A,N/A,4.723247232472305,0.3420348058902276,0.4457831325301207,0.4457831325301207,-0.286479250334672,04 | Downtrend
RGTI,2023-08-11,UT,16.46341463414633,26.28397212543552,547380745.0799999,8138483.5,13347112.94,-0.8319830399634057,11.3679,1.91,2022-03-02,2.438359964241949,9.813423471338364,23.53,20.98,N/A,N/A,-6.818181818181824,0.4973821989528795,0.4973821989528795,0.4973821989528795,-0.4921465968586387,04 | Downtrend
ACHR,2023-08-11,UT,17.66723842195541,8.225067385444767,4489256244.0,7453315.766666667,43452830.91966667,-0.3139999999999999,10.0,6.86,2021-09-17,0.9679293976088452,5.004183529538104,-3750,N/A,N/A,N/A,18.97959183673468,0.09183673469387754,0.09183673469387754,0.09183673469387754,-0.2755102040816327,04 | Downtrend
NVTS,2023-08-15,UTU,13.93728222996518,5.453791272606611,2248014931.68,1523267.966666667,13115337.193,-0.5579089680036052,22.19,9.81,2021-01-25,0.583418597811473,5.695713551297026,28.57,9.47,N/A,N/A,-19.07894736842106,0.02956167176350655,0.02956167176350655,0.02956167176350655,-0.3282364933741081,04 | Downtrend
CAVA,2023-08-16,DT,6.704031041172676,6.380315954793186,5418639525.22,1628786.666666667,75559413.46666667,-0.1480206540447504,58.1,49.5,2023-06-15,1.394435136624057,5.172821691402189,800,5.94,N/A,N/A,-4.389942291838422,0.03353535353535353,0.03353535353535353,0.1381818181818182,-0.3074747474747475,04 | Downtrend
AFRM,2023-08-25,DT SW,9.268645908761751,5.653977449053479,4624949182.650001,12030625.56666667,166142939.0756667,-0.9145768468723464,176.65,15.09,2021-01-13,3.592319234532003,7.126467740592719,18.82,9.74,-31.496062992126,17.69024051132001,-20.03474232773596,0.6984758117958914,0.7996421471172963,2.477799867461895,0.7382372432074222,04 | Downtrend
NSSC,2023-08-29,DT U,5.355575065847229,6.427034993101739,813868736.86,994369.5333333333,22651737.96933334,-0.4181818181818182,41.25,24.0,1981-12-29,2.783217605424478,1.632874847399119,370.37,-253.6,-9.302325581395344,34.49104193774397,-38.99303695768614,0.05958333333333332,0.2695833333333333,0.9275,0.2637499999999999,04 | Downtrend
TLRY,2023-10-04,DT,5.58035714285714,8.880420918367351,3081812451.2,3506118.61,78537056.864,-0.8304659498207885,139.5,23.65,2015-01-23,2.548404813972996,1.046102801410931,N/A,1.69,-161.1111111111111,-0.1986084675956281,-24.83221476510068,0.002114164904862603,0.06553911205074003,0.2558139534883721,-0.03171247357293872,04 | Downtrend
VFS,2023-10-05,DT,10.55900621118011,18.12999112688559,18833264880.5,6166626.133333334,49641340.37333334,-0.9043010752688172,93.0,8.9,2023-08-15,0.2635832963021302,1.440308169809376,N/A,N/A,N/A,N/A,-55.25291828793774,0.04494382022471921,0.04494382022471921,0.04494382022471921,-0.2112359550561799,04 | Downtrend
APLD,2023-10-09,DT,6.769825918762074,8.833932025421424,1469850708.04,3130281.166666667,16183553.63166667,-0.7964601769911505,27.12,5.52,2002-07-22,1.101033835827241,4.538895148236684,100,5.04,N/A,N/A,-0.7677543186180413,0.1221014492753625,0.5570652173913047,0.5670289855072466,0.5434782608695652,04 | Downtrend
VRT,2023-10-25,UDS,6.430950550858316,5.537132608616062,15026088392.19,5900129.033333333,230282036.171,-0.03686529098075597,43.13,41.54,2018-07-30,1.532548126701371,2.903404807457572,18.18,-0.4,N/A,26.67789890981169,7.877280265339981,0.0869041887337505,0.3464130958112663,1.272267693789119,0.2833413577274917,04 | Downtrend
NXT,2023-10-26,UDS,9.390178089584445,5.799475753604183,5623096011.200001,1828208.033333333,67753389.71533334,-0.1291084854994629,46.55,40.54,2023-02-09,1.204912553162584,2.957849928129076,80.56,6.600000000000001,N/A,N/A,-6.177215189873408,0.006783423778983666,0.2289097187962505,0.5328071040947213,0.07400098667982236,04 | Downtrend
MBLY,2023-10-26,UDS,6.007067137809186,5.299112401144195,28872370828.08,2707721.266666667,91954214.216,-0.2517148202036998,48.11,36.0,2022-10-26,0.3184851523400682,1.843831217585444,29.41,0.5,N/A,N/A,-17.35215380871259,0.221111111111111,0.2355555555555555,0.2355555555555555,-0.2116666666666667,04 | Downtrend
JKS,2023-10-30,DT,7.184241019698723,6.112674502013996,1355864167.32,958144.3,24806355.927,-0.6392355694227769,76.92,27.75,2010-05-14,1.829560550746925,3.824934302693237,129.86,4.130000000000001,N/A,N/A,-9.601955307262566,0.3927927927927928,0.3927927927927928,0.3927927927927928,-0.02882882882882887,04 | Downtrend
SOFI,2023-10-30,DT,10.62590975254729,5.156997296735311,8873088125.880001,25825388.76666667,177420420.827,-0.691683569979716,24.65,7.6,2021-06-01,1.999534077763981,4.876100961645027,57.14,3.56,68.35443037974683,34.80451687790607,-12.37244897959183,0.1157894736842107,0.3802631578947369,0.3802631578947369,0.1052631578947369,04 | Downtrend
COCO,2023-10-31,UDS,11.0397946084724,5.929182712879784,1352285255.61,591835.9333333333,13831205.762,-0.2204866326224091,33.29,25.95,2021-10-21,1.022802378760013,4.59032452574976,8.33,-0.19,155.7692307692308,-58.61758315820846,-12.0767494356659,0.2109826589595376,0.2109826589595376,0.2109826589595376,-0.2412331406551059,04 | Downtrend
WOLF,2023-10-31,DT,18.68686868686869,6.083487940630813,1440666639.72,3578100.533333333,99184946.784,-0.7688489944579966,142.3312,32.9,2025-09-29,6.88465631461259,3.79312064419729,20.9,-4.93,N/A,N/A,-18.03666469544648,0.1571428571428573,0.4416413373860182,0.4416413373860182,-0.0106382978723405,04 | Downtrend
RGEN,2023-10-31,DT,17.9381623894193,6.115053992167081,6443254849.57,648869.6,74081442.232,-0.561372076356766,306.98,134.65,1986-04-29,1.14975185619026,3.509322982614689,35.29,0.39,-3.921568627451001,8.660033921725113,-24.47575577164781,0.2129223913850724,0.5150389899740067,0.5679910880059413,0.4066097289268473,04 | Downtrend
HRMY,2023-10-31,DT,13.2927447995941,8.833659491193773,1147839306.03,976140.4,19239727.284,-0.6403318031730691,62.085,22.33,2020-08-19,1.676169058066491,1.673681367967149,49.23,7.66,244.2105263157895,36.94075534058405,-39.12909203211859,0.3629646215853113,0.5454545454545454,0.585087326466637,0.4124496193461711,04 | Downtrend
TGTX,2023-11-01,DT,31.8240620957309,6.276751062650152,1183223779.69,4296540.3,33212256.519,-0.7164718976071229,35.94,10.19,1995-12-14,2.806929432038754,11.8335426761853,508.33,256.13,N/A,284.7901002506266,-0.2580645161290307,0.3581943081452406,1.224730127576055,1.224730127576055,0.6565260058881255,04 | Downtrend
ACLS,2023-11-02,DT,5.098039215686279,5.530140056022397,3937389847.5,566206.4666666667,72191324.5,-0.3333333333333334,201.0,134.0,2000-07-11,1.833481755580719,2.085744458116986,15.03,4.31,90.19607843137256,48.15753726495027,-19.78104945262363,0.05708955223880596,0.08783582089552255,0.08783582089552255,-0.01776119402985066,04 | Downtrend
ELF,2023-11-02,DT,11.68182779775755,5.472951736226552,5578615941.84,1501895.366666667,141989187.9646667,-0.2450196639256346,139.85,105.584,2016-09-22,2.545240422444895,3.391800862470202,60.78,9.8,280.4347826086956,61.83576422725263,-2.081822889694451,0.1773677829974238,0.6132179118048189,1.100980262160934,0.6078193665706924,04 | Downtrend
FSLY,2023-11-02,DT,22.80701754385965,5.361804511278179,2270025000.0,2542231.6,36226800.3,-0.701467076083248,58.62,17.5,2019-05-17,1.595876710608914,2.728155058728717,25,0.9900000000000001,44.16243654822335,25.74464825415396,-9.58121827411167,0.08257142857142852,0.3097142857142858,0.4782857142857144,0.2902857142857143,04 | Downtrend
JOBY,2023-11-02,DT,12.12686567164178,5.32316098081022,5301705910.320001,5744492.1,30790477.656,-0.498330550918197,11.98,6.01,2021-08-11,0.5807654776939815,3.05710717227725,100,N/A,N/A,N/A,-15.85557299843013,0.1089850249584028,0.2628951747088186,0.2628951747088186,-0.04825291181364388,04 | Downtrend
ROKU,2023-11-02,DT,18.6934673366834,5.111605647284041,8860612449.300001,5558403.3,331836677.01,-0.7768188976377952,317.5,70.86,2017-09-28,3.745076075821548,7.256546857620065,-14.22,6.65,-384.4444444444443,18.26849234737865,-14.76299257567105,0.5297530341518488,0.5359864521591873,0.5359864521591873,0.2846457804120801,04 | Downtrend
SABR,2023-11-02,DT,18.85714285714286,6.10204081632653,1412541249.0,4586727.9,16053547.65,-0.6556291390728477,12.08,4.16,2014-04-17,1.136501157850436,2.694664970206757,0,0.27,23.45132743362831,57.97609674996108,-8.854166666666663,0.07211538461538458,0.125,0.125,-0.002403846153846145,04 | Downtrend
MOD,2023-11-02,UTU,10.67087992221682,5.352819640252768,2185056807.12,682008.3333333334,28057822.83333334,-0.1203632148377125,51.76,45.53,1984-06-19,1.284077500498249,2.393844649992058,39.06,0.7000000000000001,186.8085106382979,17.45918367346939,-12.61682242990654,0.1574785855479903,0.5876718647045902,1.328354930814847,0.549308148473534,04 | Downtrend
SITM,2023-11-02,DT,5.726098191214479,5.285706902916221,2909372733.0,150238.6333333333,14535587.775,-0.7007051525879977,341.77,102.29,2019-11-21,0.4996124288279703,2.696117443382849,100,2.54,-171.1934156378601,-30.65999632507168,-13.86217948717948,0.1872128262782284,0.2947502199628507,0.2947502199628507,0.03441196597907914,04 | Downtrend
SDGR,2023-11-02,DT,7.724043089617227,5.154251661700671,1631884774.82,771013.0,16819648.595,-0.6074828795724069,59.87,23.5,2020-02-06,1.030688493117122,3.153129713766175,-17.81,13.19,125.4545454545454,29.5014354191294,-21.72587011123072,0.3987234042553189,0.6170212765957446,0.6170212765957446,0.1276595744680851,04 | Downtrend
PRCT,2023-11-02,DT,7.985480943738654,5.408348457350254,1577889305.45,458660.1,12636085.755,-0.4322519083969466,52.4,29.75,2021-09-15,0.8008220672613215,3.017321541594745,3.77,6.08,-7666.666666666603,104.5196603211655,-7.859531772575245,0.3001680672268907,0.6601680672268908,1.126386554621849,0.6104201680672268,04 | Downtrend
LMND,2023-11-02,DT,26.0,5.24811688311689,851362765.0,1240866.0,13649526.0,-0.825748051294946,79.54,13.86,2020-07-02,1.603256163076383,8.629605452965912,6.38,9.610000000000001,7.505518763796926,111.812865497076,-4.596704249783167,0.398989898989899,0.4855699855699855,0.5829725829725831,0.1580086580086582,04 | Downtrend
INMD,2023-11-02,DT,10.35207566999474,5.101231138803408,1095065593.16,2714346.9,51654021.507,-0.7884557268056814,99.27,21.0,2019-08-08,4.716979679540787,1.360552330286155,-4.69,-6.92,N/A,N/A,-32.61331444759206,0.1914285714285715,0.2090476190476191,0.2761904761904763,0.1428571428571428,04 | Downtrend
PLTR,2023-11-02,UDS,17.15817694369974,5.529442742244332,35853632521.6,55597864.9,829520144.308,-0.3552194762080413,27.11,17.48,2020-09-30,2.313629292117768,3.064987878698198,16.67,0.5,92.59259259259261,17.23403157568878,-5.629348513598986,0.25,0.25,0.5732265446224256,-0.02631578947368429,04 | Downtrend
LNTH,2023-11-02,DT SW,5.916174912997429,5.0573892743661,4313850867.21,1064270.1,70337610.90900001,-0.3059032924973103,100.8505,70.0,2015-06-25,1.630506317305566,2.078048608149378,11.36,1.8,1740,115.1522419062645,-3.363064775551972,0.06485714285714295,0.1314285714285715,0.1321428571428571,-0.2285714285714285,04 | Downtrend
CLDX,2023-11-03,DT,5.78925447730112,6.226542512048525,1885494063.32,466746.9,11206593.069,-0.4752066115702479,48.4,25.4,1986-05-15,0.5943584383006384,2.551933392594573,-19.12,161.55,N/A,-20.42821158690176,-14.00429799426934,0.3208661417322833,0.6948818897637794,1.093700787401575,0.3992125984251969,04 | Downtrend
TRUP,2023-11-03,DT,11.49978137297769,7.290961334249523,1003366613.57,595028.3,13608297.221,-0.8388624574170347,158.2499,25.5,2014-07-18,1.356263706301866,5.248076436028336,N/A,3.94,N/A,37.91877693984473,-10.62915201250488,0.1709803921568627,0.4376470588235293,0.4376470588235293,0.05686274509803924,04 | Downtrend
SPT,2023-11-03,DT SW,17.45360582569886,5.244303500117424,2579410464.84,652661.2666666667,27783790.122,-0.6493934506696586,142.61,50.0,2019-12-13,1.077137218008589,3.218081273195416,80,1.58,N/A,30.86426450046786,-12.40740740740741,0.2028000000000001,0.3533999999999999,0.3681979999999998,0.2368000000000001,04 | Downtrend
PRTA,2023-11-03,DT,10.01144164759726,10.60571265119321,1794740611.04,827014.6,28912430.416,-0.5171374764595104,79.65,38.46,2012-12-18,1.610953150452538,1.179161770541899,218.75,103.56,-339.0476190476191,-54.10688612364285,-25.64866014461932,0.05564222568902766,0.08021320852834113,0.08021320852834113,-0.3299531981279251,04 | Downtrend
FUBO,2023-11-03,DT SW,9.48905109489051,7.163712200208519,993116627.7600001,799848.7444444334,26299026.71733297,-0.9145299145299145,421.2,36.0,2013-01-09,2.648130741366308,6.221063296315124,31.25,8.959999999999999,N/A,38.77638245533696,11.83673469387756,0.1391666666666667,0.2716666666666667,0.2716666666666667,-0.1466666666666667,04 | Downtrend
ATEC,2023-11-07,DT,6.69253152279341,5.774560066509613,1592390593.56,2396546.266666667,24708392.00933333,-0.4252873563218391,19.14,11.0,2006-06-02,1.551653979197055,1.854668137153149,-25,4.3,N/A,54.9289290646758,-13.14237573715248,0.1822727272727274,0.5304545454545455,0.576272727272727,0.4818181818181819,04 | Downtrend
ODD,2023-11-08,DT SW,6.81963033779478,5.422084130019114,1447388504.52,591033.0,18546615.54,-0.4014285714285714,56.0,33.52,2023-07-19,1.281384747915394,1.573165965352189,50,5.390000000000001,N/A,N/A,-3.771849126034965,0.1751193317422433,0.5023836515513127,0.5023836515513127,0.3368138424821001,04 | Downtrend
MQ,2023-11-08,DT SW,7.102803738317776,5.186915887850482,2227715047.6,1225758.791666667,26231238.14166667,-0.8107661822985469,121.12,22.92,2021-06-09,1.177495217349569,4.042833128091983,-11.11,14.54,N/A,31.91747458988973,-8.703071672354955,0.1727748691099475,0.2635253054101221,0.2844677137870855,0.01047120418848158,04 | Downtrend
ENVX,2023-11-08,DT,17.3828125,6.369499362244865,1966258873.6,5574147.123809568,49944358.22933373,-0.6955420466058764,34.545,10.5175,2021-07-15,2.54007032847568,2.093295714401497,17.39,66.67,N/A,N/A,-8.490190270954812,0.0657285476586642,0.2296173044925125,0.2296173044925125,-0.1098169717138102,04 | Downtrend
RIVN,2023-11-08,DT SW,6.659012629161865,5.34176644251275,25221732174.6,43152030.7,751708374.7940001,-0.8964728904401239,179.4699,18.58,2021-11-10,2.980399480853348,2.810377728063676,9.85,0.75,N/A,N/A,-10.06711409395973,0.05220667384284194,0.3248116254036599,0.3248116254036599,-0.1329386437029063,04 | Downtrend
VSAT,2023-11-09,DT SW,10.25930101465615,5.534143984538584,2443788069.4,1640947.366666667,29110406.28466666,-0.6523284749377889,56.26,19.56,1996-12-03,1.191200114656991,1.667387422399756,120.37,14.49,-924.9999999999998,-18.64489440125644,5.595238095238075,0.2448875255623724,0.4882413087934561,0.4882413087934561,0.02556237218813906,01 | Green
MARA,2023-11-09,DT SW,13.09941520467834,9.401670843776111,3302858989.35,34541058.23333333,295326047.895,-0.8841222288795686,83.45,9.67,2011-03-09,8.94152759313288,2.628368458971755,18.18,-5.04,N/A,54.39347400933428,9.89717223650386,0.7362978283350567,2.236814891416753,2.525336091003103,1.47052740434333,01 | Green
SPCE,2023-11-09,DT,16.02564102564104,8.585164835164843,4729792173.599999,448032.4283333333,13978611.764,-0.9165129151291513,433.6,36.2,2017-09-29,0.2955438896876608,4.18396399781434,34.88,61.5,-48.95104895104895,14.77774506917869,0.6451612903225712,0.3011049723756904,0.5082872928176794,0.5082872928176794,-0.01104972375690627,01 | Green
AFRM,2023-11-09,UT,14.75183823529411,6.246586134453795,7287392774.400001,13228397.86666667,287849937.5786667,-0.8500390366944928,166.51,24.97,2021-01-13,3.949971498583957,3.572884447261459,18.57,11.64,-34.36123348017623,19.51931661545954,16.98924731182796,0.6988386063275933,1.101722066479776,1.101722066479776,0.7565078093712456,01 | Green
TPST,2023-11-09,DT,22.34042553191491,26.46301925025331,292902603.63,3031057.415384633,55559282.42400032,-0.7195121951219512,79.95,22.425,2021-06-28,18.96851777192935,2.851258427548892,15.79,N/A,N/A,N/A,-29.14572864321608,0.2840579710144928,0.4260869565217391,0.7391304347826086,0.2115942028985507,01 | Green
BE,2023-11-09,DT,15.05483549351945,6.939894601908528,2954109280.38,5753917.0,57711787.51,-0.6747004933051445,35.475,11.54,2018-07-25,1.95361044675288,2.69203865818711,475,8.3,-3.488372093023258,44.18942399369071,-12.09465381244523,0.3630762564991337,0.3630762564991337,0.3630762564991337,-0.0008665511265164572,01 | Green
NVTS,2023-11-10,U,12.12653778558874,5.611473763494867,1485621946.72,1758441.2,10005530.428,-0.7124831004957188,22.19,6.38,2021-01-25,0.6734910217293509,2.01670377149944,20,4.66,N/A,N/A,-3.395585738539886,0.2061128526645768,0.322884012539185,0.322884012539185,0.05015673981191227,01 | Green
INDI,2023-11-10,DT,16.5991902834008,5.705610179294437,1043765639.54,2116969.466666667,10457829.16533333,-0.6472749540722595,16.33,5.76,2021-06-11,1.001932691513224,4.067387430749276,0,0.76,-6.060606060606078,97.28547520032458,1.437371663244358,0.3472222222222223,0.5086805555555556,0.5086805555555556,0.3003472222222223,01 | Green
NKTX,2023-11-10,DT SW,6.341463414634174,10.2623693379791,146830821.55,4977529.8,10203936.09,-0.8928746928746929,20.35,2.18,2020-07-10,6.949451063668722,0.1185937651242188,28.77,N/A,N/A,N/A,33.1168831168831,0.3073394495412844,4.330275229357797,6.449541284403669,4.096330275229358,01 | Green
MNDY,2023-11-13,SW,11.47587781901227,5.015598874434149,5923449694.400001,733859.1333333333,102828341.7626667,-0.6277140882331911,419.57,156.2,2021-06-10,1.73595365990666,5.076958002930081,220,3.75,N/A,N/A,-3.783561079447906,0.1895646606914214,0.5314980793854034,0.5314980793854034,0.3771446862996162,01 | Green
VRDN,2023-11-14,U,5.218012866333099,7.479832533442275,1584958843.31,892662.2333333333,12488344.64433333,-0.6225641025641026,39.0,14.72,2014-06-18,0.7879286390965771,1.613414286187456,12.1,-34.55,-42.38227146814407,-81.55236576289208,15.52436003303057,0.3586956521739131,0.6426630434782608,0.6426630434782608,0.2438858695652173,01 | Green
TWST,2023-11-17,DT SW,8.02307288935502,6.416510600044958,1195830575.68,911001.0,17372789.07,-0.8278383686431825,119.655,20.6,2018-10-31,1.452780136527375,4.715476711880668,11.96,5.5,N/A,49.82445145075368,13.85074626865672,0.7296116504854369,1.09757281553398,1.451456310679612,0.9849514563106796,01 | Green
SYM,2023-11-21,UDS,29.17115177610334,6.517184376441616,4826094837.959999,1068787.4,39716139.78399999,-0.2516370439663237,64.14,48.0,2022-06-08,0.8229456966243144,9.057972614572366,33.33,27.69,N/A,N/A,-9.60836779372416,0.2462479166666667,0.2462479166666667,0.2462479166666667,-0.148125,01 | Green
EH,2023-11-22,UDS,6.562703053931118,6.075930567158635,1167260121.18,1445560.066666667,22247169.426,-0.3638479441427463,25.78,16.4,2019-12-12,1.905930736630496,0.8200897543701747,N/A,N/A,N/A,N/A,3.811129848229355,0.2060975609756099,0.2060975609756099,0.3402439024390245,-0.3664634146341462,01 | Green
FLNC,2023-11-29,UDS,15.24420325604341,5.766755937698206,3741768399.63,1326839.633333333,26895039.36766667,-0.3635744448985152,36.705,23.36,2021-10-28,0.7187788365075226,6.086566753897338,133.33,30.51,60.9271523178808,85.04692546239247,17.03233256351038,0.1900684931506851,0.1900684931506851,0.1900684931506851,-0.3454623287671234,01 | Green
TLRY,2024-01-09,DT U,5.555555555555558,8.161172161172152,3219393364.2,2203606.376666666,51564389.21399999,-0.7279735682819384,90.8,24.7,2015-01-23,1.601680297518208,2.66064967958063,100,-0.6799999999999999,N/A,18.50944810234998,21.875,0.02834008097165985,0.2024291497975708,0.2024291497975708,-0.1680161943319838,04 | Downtrend
SMCI,2024-01-30,UT,10.42023927209634,6.823361741250664,32063555329.309,55512455.33333334,2751585873.507333,0.0,0.0,54.732,2007-03-29,8.581661781568354,3.234665786655951,13.39,19.77,254.2763157894737,58.38127058781291,74.37205375360587,0.9693597895198423,1.245487100781992,1.245487100781992,0.5691003434919242,01 | Green
TWST,2024-02-02,DT U,14.2513529765484,6.930117687483866,2085648922.24,1122389.0,37330658.14,-0.4255479969765684,66.15,38.0,2018-10-31,1.789882167699952,1.836068421910763,3.85,5.800000000000001,10.89108910891089,20.40822341758161,-0.8939213349225428,0.1371052631578948,0.1371052631578948,0.6026315789473684,-0.1576315789473685,01 | Green
LESL,2024-02-02,DT SW,6.442166910688152,5.270863836017561,1279323885.0,122500.4266666667,16733558.28266667,-0.6692447679708826,439.6,145.4,2020-10-29,1.308000145926039,3.380909448805185,4.760000000000001,2.56,-82.55813953488374,-7.100030727472921,0.4411764705882337,0.1292984869325997,0.1292984869325997,0.1292984869325997,-0.4002751031636864,01 | Green
ULCC,2024-02-06,U,6.796116504854366,6.964632454923699,1185611220.65,2692914.966666667,13868512.07833333,-0.639344262295082,15.25,5.5,2021-04-01,1.169735224901975,2.673392992022808,100,-0.26,66.66666666666669,7.907396271797955,-1.529636711281068,0.5145454545454546,0.5145454545454546,0.5145454545454546,0.1090909090909091,01 | Green
ENPH,2024-02-07,DT SW,18.93343945876031,5.913761246215729,13281858570.48,4139477.833333333,416058917.0283334,-0.64832901859261,339.92,119.54,2012-03-30,3.132535366345925,4.073280418178348,-1.82,-7.82,N/A,60.0260270495844,-14.13804886383051,0.1561820311192905,0.1561820311192905,0.1847917015225029,-0.03860632424293131,01 | Green
LUMN,2024-02-07,DT SW,12.59259259259258,9.417460317460288,1392451295.4,14986407.46666667,20231650.08,-0.8818573271774783,12.8658,1.52,1978-10-24,1.452952081472134,1.912339969652144,900,1.94,-579.8701298701297,-16.71243849410688,-17.17791411042944,0.1842105263157894,0.2368421052631577,4.151315789473684,-0.1447368421052632,01 | Green
VKTX,2024-02-08,CPH,5.18790849673203,6.914711718020568,2855663897.76,2674420.9,65469823.632,0.0,0.0,25.75,2015-04-29,2.29263057474498,3.188094289870379,3.85,N/A,-1.111111111111112,N/A,12.9672358098754,2.860582524271845,2.860582524271845,2.860582524271845,2.103300970873786,01 | Green
REPL,2024-02-08,DT SW,14.55525606469004,6.029938390450481,699109684.28,1598655.966666667,11862027.27266667,-0.712087904643514,29.5229,8.5,2018-07-20,1.69673336522053,0.9190939330515536,17.2,N/A,-28.27868852459014,N/A,-17.73835920177384,0.07058823529411762,0.08235294117647052,0.331764705882353,-0.2141176470588235,01 | Green
CLSK,2024-02-09,U,24.0,7.7252380952381,2696579266.5,24269245.1,254827073.55,-0.06398274622573696,13.91,13.02,2011-04-11,9.450012344000198,3.676588111098684,79.17,4.79,N/A,51.25938617850962,13.39092872570196,0.8010752688172043,0.8986175115207373,0.8986175115207373,0.2741935483870968,01 | Green
SPWR,2024-02-15,DT SW,15.59202813599063,8.9519343493552,857832283.385,8210183.2,35016431.348,-0.826530612244898,28.42,4.93,2023-07-18,4.081967072843821,2.859292226268471,-112.5,-1.64,-345.8333333333334,49.76150886714004,45.06802721088435,0.05476673427991896,0.1419878296146044,0.1419878296146044,-0.3691683569979716,01 | Green
COIN,2024-02-16,U,14.11239210478663,5.078339901180466,43709863033.41,13450117.23333333,2228280922.046333,-0.1166713391271844,214.02,189.05,2021-04-14,5.097890424280505,2.470855638167833,5200,15.98,103.0431107354184,-2.686894529097667,32.80160320641281,0.436921449352023,0.499497487437186,0.499497487437186,0.05353081195450926,01 | Green
PGY,2024-02-21,DT SW,7.692307692307709,6.676923076923082,1301443150.8,678193.4111111666,10579817.2133342,-0.9594202898550724,414.0,16.8,2022-06-23,0.812929647125252,2.747844326021521,300,-2.06,N/A,N/A,10.16949152542372,0.1904761904761905,0.1904761904761905,0.1904761904761905,-0.3053571428571429,01 | Green
TNDM,2024-02-22,DT SW,8.64745011086474,5.314729173265735,1568999842.85,1400839.166666667,31588923.20833334,-0.8023555985801871,123.96,24.5,2013-11-14,2.013315893706773,2.541163243222663,-8,-3.25,-133.3333333333333,-6.67721728320792,-2.549697493517722,0.3775510204081634,1.143265306122449,1.191428571428571,1.097551020408163,01 | Green
DOCN,2024-02-22,DT U,7.391910739191077,5.286750348675032,4215226867.5,1087146.266666667,38974193.66,-0.3974017843167945,63.89,38.5,2021-03-24,0.9246048880665613,2.274210081759008,18.92,1.78,100,20.22515191160497,9.800918836140893,0.07999999999999985,0.07999999999999985,0.07999999999999985,-0.01896103896103885,01 | Green
NVCR,2024-02-22,DT SW,8.70678617157492,5.347951344430241,1818884020.8,1281148.7,20011542.694,-0.8585353661584604,120.03,16.98,2015-10-02,1.100209934506892,1.030927947708178,13.46,1.98,-224.074074074074,-7.145999530736743,11.53159585862191,0.0624263839811543,0.4567137809187278,0.4567137809187278,0.3957597173144876,01 | Green
W,2024-02-22,UDS,7.113571135711361,5.233541263984058,6681302454.6,4508128.766666667,219906521.238,-0.6356345885634589,143.4,52.25,2014-10-02,3.291372045080775,3.111661562048106,26.67,0.13,-23.23717948717949,-11.51736961033167,-10.93664414825635,0.2706220095693781,0.4578947368421051,0.4578947368421051,0.1977033492822966,01 | Green
MRVI,2024-02-23,DT SW,36.00782778864971,5.668157674028509,761336574.95,2017178.0,10307779.58,-0.8338115734098517,41.82,6.95,2020-11-20,1.353905738822143,12.82244402824143,200,15.16,-153.8922155688623,-67.27693400120725,-16.91056910569105,0.2719424460431654,0.6625899280575538,0.6625899280575538,0.5510791366906473,01 | Green
CVNA,2024-02-23,CPH,29.43140622018701,6.798934227383002,11525221050.0,31001029.66666667,324952792.966,-0.5670474853203982,31.336,13.567,2017-04-28,2.819492932554209,6.299979132951164,-11.11,-4.19,104.7649301143583,-20.82475742428698,27.82926829268293,0.3338247217513084,0.9016731775632048,1.356453158399056,0.620255030588929,01 | Green
BEAM,2024-02-27,DT U,11.03351955307263,5.681165203511567,3697698407.0,1363494.966666667,48813119.80666666,-0.503125,80.0,39.75,2020-02-06,1.320094676035775,5.44689212763015,271.29,1593.58,-41.03260869565216,199.0600703980195,26.5464828561329,0.2452830188679245,0.2452830188679245,0.2452830188679245,-0.3881761006289308,01 | Green
FATE,2024-02-27,UT,8.776978417266168,8.311408016444,832752572.3000001,3140899.133333333,21829248.97666667,-0.8246753246753247,43.12,7.56,2013-10-01,2.621336721467689,1.308667303695861,13.46,5.41,43.64261168384881,-34.02596053997923,21.50349650349652,0.1679894179894181,0.1679894179894181,0.1679894179894181,-0.5343915343915344,01 | Green
CAN,2024-02-27,DT SW,6.345177664974622,12.94488759970993,1467343007.02,20085375.83333333,39568190.39166667,-0.6963768115942028,6.9,2.095,2019-11-21,2.696587655535633,2.791746864250445,-57.89,43.4,N/A,N/A,20.12195121951219,0.03579952267303099,0.03579952267303099,0.03579952267303099,-0.4988066825775657,01 | Green
ARQT,2024-02-27,DT U,8.359133126934992,8.701901813356931,1217955102.09,5081004.233333333,49234931.021,-0.6167883211678832,27.4,10.5,2020-01-31,4.042425778792117,1.82137557360954,6.49,19.28,32.44206773618538,1517.09169831796,59.90099009900991,0.1761904761904762,0.2542857142857142,0.2542857142857142,-0.1276190476190476,01 | Green
DNLI,2024-02-27,DT,18.05802249851984,5.089655755730388,2699822636.67,1108063.033333333,18715184.633,-0.4942936850114126,39.43,19.94,2017-12-08,0.6932005228344769,4.593376772699242,-7.5,-100,51.81818181818182,171.9606007570516,-3.595890410958902,0.1795386158475425,0.1795386158475425,0.2988966900702106,-0.03660982948846536,01 | Green
BYND,2024-02-28,DT SW,50.26595744680851,7.108377659574476,3878958504.0,90679.5611111,20457308.98666416,-0.7886665419861605,1604.1,339.0,2019-05-02,0.527391797709836,16.4565540648314,-4.55,10.53,-3.496503496503484,-31.25891719185796,10.26392961876832,0.07255752212389366,0.07255752212389366,0.07255752212389366,-0.3654867256637169,01 | Green
ACMR,2024-02-28,UT,15.6493804497476,5.092375270438592,1517655980.84,1435397.833333333,31277318.78833333,-0.09774436090225569,27.93,25.2,2017-11-03,2.060896486634725,8.530337524312365,152.94,14.09,44.70588235294116,94.83844192359174,20.98833981121597,0.365075396825397,0.365075396825397,0.365075396825397,-0.06468253968253967,01 | Green
RNA,2024-02-29,U,19.98689384010483,6.025042126942511,261032112.18,885800.8666666667,13517321.22533333,-0.2886557886557887,25.74,18.31,2026-02-27,5.178413150950634,4.474908694678029,-19.7,N/A,12.87425149700597,3.642671292281006,24.77514309076041,0.4330966684871655,0.6843255051884218,1.665275805570727,0.4533042053522667,01 | Green
KROS,2024-02-29,UT,5.832231526369935,5.429096098553997,1349636687.16,397161.3666666666,27034774.22899999,0.0,0.0,72.04,2020-04-08,2.003114948356099,1.156930251943773,2.19,N/A,-25,N/A,22.95881502890171,0.01332593003886728,0.01332593003886728,0.01332593003886728,-0.351471404775125,01 | Green
ESTA,2024-02-29,U,19.57878315132606,6.369790505905961,1146180727.86,425663.2666666667,16371009.236,-0.5097014925373133,93.8,45.99,2018-07-19,1.428309588363593,3.760481876989151,13.19,0.35,-16.2162162162162,22.15105740181269,-0.1038961038961062,0.1304631441617743,0.3072407045009784,0.3072407045009784,0.1245923026744944,01 | Green
AI,2024-02-29,DT SW,18.42371168743684,5.639946109801262,4615289034.13,7486018.5,222259889.265,-0.2805402087170044,48.87,35.16,2020-12-09,4.815730664350404,7.51304675509418,53.56999999999999,2.97,N/A,11.76724313326551,19.81436642453591,0.08930602957906708,0.08930602957906708,0.08930602957906708,-0.3196814562002274,01 | Green
NVTS,2024-03-01,DT SW,19.21824104234528,5.138785481619343,1603114016.32,2272186.533333333,13951225.31466667,-0.3443797581728616,11.165,7.32,2021-01-25,0.8702578339806519,5.981873319203429,20,2.59,-257.1428571428571,109.4062145850355,8.098591549295776,0.01092896174863389,0.01092896174863389,0.01092896174863389,-0.4658469945355191,01 | Green
SANA,2024-03-01,UT,14.54183266932272,8.251494023904385,3005580795.48,2453858.933333333,24636743.69066666,0.0,0.0,11.5,2021-02-04,0.8196999304665873,2.173395922460525,7.89,N/A,-2.797202797202816,N/A,72.21269296740994,0.04347826086956519,0.04347826086956519,0.04347826086956519,-0.3478260869565217,01 | Green
SYRE,2024-03-01,UT,9.985422740524786,6.492451062057484,2419488029.28,418965.1666666667,11496404.17333333,0.0,0.0,30.18,2016-04-07,0.4751585473541059,2.389897966855637,-419.23,-100,N/A,N/A,6.10982211910287,0.5894632206759443,0.5894632206759443,0.5894632206759443,0.1580516898608351,01 | Green
FUBO,2024-03-01,DT,12.56038647342996,6.607660455486553,750274240.68,1056965.150000066,26255014.32600165,-0.7361865942028984,105.984,27.96,2013-01-09,3.499389010371169,3.912847867626231,45.16,3.15,65.25974025974025,35.64294891622451,-18.50393700787401,0.04506437768240334,0.04506437768240334,0.04506437768240334,-0.4635193133047211,01 | Green
APGE,2024-03-05,UT,43.53138476281742,5.142360873434185,3159206058.9,402027.6333333334,16780633.41533333,0.0,0.0,59.91,2023-07-14,0.5311661570178224,15.81502482126229,34.69,N/A,N/A,N/A,15.94444444444445,0.2066432982807547,0.2066432982807547,0.2066432982807547,-0.2680687698213987,01 | Green
CIFR,2024-03-05,SW,7.317073170731714,14.35241413638627,1191138172.14,8719210.266666668,25024133.46533334,-0.45,5.6,3.08,2021-08-30,2.100858997774788,1.222806042510547,375,3.92,37.5,N/A,17.14285714285715,0.8668831168831168,0.8668831168831168,1.594155844155844,0.3116883116883116,01 | Green
PCT,2024-03-06,DT U,11.30742049469964,9.041267036850053,1137121224.6,2560564.766666667,14492796.57933333,-0.470142977291842,11.89,6.3,2021-03-18,1.274516407380524,3.079503827690722,34.78,N/A,-22.22222222222222,N/A,18.41004184100419,0.04603174603174609,0.04603174603174609,0.2698412698412698,-0.1365079365079365,01 | Green
JANX,2024-03-11,DT,5.450891735744778,15.62543510245092,2433854933.13,1182236.966666667,47064853.643,-0.2847601782817889,58.6936,41.98,2021-06-11,1.933757554829835,0.4262580296578444,37.5,228.13,12.50000000000002,-6.142591732466326,322.1633085896077,0.3404001905669367,0.5626488804192473,0.5626488804192473,0.001429252024773842,01 | Green
LXRX,2024-03-11,UDS,6.912442396313367,13.21296905859118,965554376.78,5051891.6,10962604.772,-0.3877012404328319,3.789,2.32,2000-04-07,1.135368968919066,5.838586877042255,9.09,-43.39,-19.67213114754098,-126.2757826405612,-9.205020920502104,0.2194396551724138,0.2194396551724138,0.2194396551724138,-0.168103448275862,01 | Green
GCT,2024-03-15,UT,12.34638468133753,11.32319438206831,1249501192.63,2516806.633333333,88063064.10033333,-0.3659677419354839,62.0,39.31,2022-08-18,7.047857546656251,3.580207903404154,50,9.180000000000001,N/A,N/A,7.72783251231528,0.1493258712795726,0.1493258712795726,0.1493258712795726,-0.2070719918595777,01 | Green
LU,2024-03-21,DT U,44.51038575667656,5.839338702840175,2920741566.04,5238486.966666667,17653701.07766667,-0.8273049645390071,28.2,4.87,2020-10-30,0.6044253035917145,10.44481418931849,-950,-8.02,N/A,N/A,27.16981132075473,0.01026694045174525,0.01435318275153996,0.01435318275153996,-0.5503080082135523,01 | Green
ALT,2024-03-27,UDS,7.745664739884384,9.074979355904206,1682578113.65,5652906.133333334,48897638.05333334,-0.6032354193273732,23.49,9.32,2005-10-06,2.906113995935688,1.971518319450366,23.26,N/A,N/A,16.6530422278046,-34.86445783132529,0.1813304721030042,0.1813304721030042,0.1813304721030042,-0.3149141630901288,01 | Green
ANNX,2024-03-27,UT,7.122093023255816,11.27595514950165,1304304441.92,1830607.466666667,12594579.37066667,-0.03660130718954246,7.65,7.37,2020-07-24,0.9656165359773542,3.039329895300329,25,N/A,36.33093525179857,N/A,25.31876138433515,0.1397557666214384,0.1397557666214384,0.1397557666214384,-0.3459972862957937,01 | Green
BB,2024-04-04,DT,5.338078291814941,5.401626842907954,1646942211.11,10136942.63333333,28484808.79966667,-0.5888888888888889,7.2,2.96,1999-02-04,1.729557273322212,2.33803601907201,200,11.77,82.96296296296296,30.03048780487805,5.243445692883908,0.09324324324324329,0.3006756756756757,0.3006756756756757,-0.1587837837837837,01 | Green
KRUS,2024-04-05,CPH,6.894559460760719,6.358642272508422,1261760468.6,104028.4666666667,10803356.26333333,-0.09608338083217971,122.81,111.01,2019-08-01,0.856212928854897,5.870422006284178,-200,1.15,56.24999999999999,45.90669681884849,12.20961642355483,0.07530853076299437,0.09891000810737771,0.09891000810737771,-0.4673452842086299,01 | Green
APLD,2024-04-12,DT,5.863192182410426,9.517449976733356,872812702.8399999,3369838.433333333,10345403.99033333,-0.7537878787878788,13.2,3.25,2002-07-22,1.185294846955247,3.303816553895517,-140,-16.51,N/A,N/A,-27.42316784869977,0.0707692307692307,1.224615384615385,1.703076923076923,0.9076923076923078,04 | Downtrend
CXAI,2024-04-17,UDS,32.73657289002558,23.47314578005116,456962873.0,269867.328,52759062.624,-0.7528571428571429,1050.0,259.5,2021-02-04,11.54559062482085,1.721869495813884,N/A,-4.5,N/A,N/A,52.14007782101167,0.04624277456647397,0.04624277456647397,0.04624277456647397,-0.5491329479768786,04 | Downtrend
VRT,2024-04-24,UDS,13.4141720348617,6.028717587830899,30479513656.41,8470319.766666668,670595215.927,0.0,0.0,89.79,2018-07-30,2.200150643761897,3.398656814975104,19.44,1.17,3833.333333333336,30.33537164343499,-4.23370025402201,0.2169595723354492,0.2169595723354492,0.2964695400378661,-0.1247354939302818,04 | Downtrend
SNAP,2024-04-26,DT SW,27.01754385964912,5.144674185463649,19279653916.8,25337119.83333333,288843166.1,-0.5232136977280211,30.37,14.48,2017-03-02,1.498176094583868,6.307421800553377,160,6.7,7.865168539325849,0.09274536941362892,-0.6968641114982632,0.194060773480663,0.1968232044198894,0.1968232044198894,-0.07941988950276246,04 | Downtrend
ROOT,2024-05-01,UDS,21.57932519741566,9.01905445595325,1079105001.8,573457.8333333334,39941338.09166668,-0.01523432957320603,85.99,84.68,2020-10-28,3.701339352986278,3.934995511149177,83.06,24.78,57.81503515413736,116.5143824027073,2.261048304213786,0.02231931979215851,0.02231931979215851,0.3952527161076995,-0.3181388757675957,04 | Downtrend
ENVX,2024-05-02,DT,35.94438495163528,7.551267614817639,1250044689.9205,4793152.685714266,27303235.64363417,-0.6634959261271048,23.0125,7.7438,2021-07-15,2.184180762799016,6.157642356765817,-6.9,39.47,N/A,N/A,-15.78254827168159,0.2870037965856556,1.110720834732302,1.110720834732302,0.3525400965934038,04 | Downtrend
CAR,2024-05-02,DT SW,16.37994722955145,5.136449302676183,3347115191.5,792052.6333333333,75046987.00833333,-0.6419223899983764,307.95,110.27,1968-12-02,2.242139356270593,3.031804830815326,-33.75,5.850000000000001,-26.38208537438768,0.1167250291812573,-21.238570241064,0.1993289199238233,0.1993289199238233,0.1993289199238233,-0.2342432211843657,04 | Downtrend
CVNA,2024-05-02,UDS,37.73108278792054,5.85022882732148,19151526450.0,20993996.16666667,365673425.231,0.0,0.0,23.99,2017-04-28,1.909369606572535,5.768503958873892,129.87,15.51,N/A,-19.92700217589668,5.640465793304217,0.07544810337640695,0.283868278449354,1.16248436848687,0.1438099208003336,04 | Downtrend
ASPN,2024-05-02,UDS,30.0262812089356,5.129575746198635,1263089292.48,664401.0,10112183.22,-0.159303313508921,23.54,19.79,2014-06-13,0.8005913184605766,17.90265517360751,81.82000000000001,26,68.57142857142856,32.35346299705041,-9.673590504451045,0.5300656897422942,0.6038403233956544,0.675088428499242,-0.04598281960586159,04 | Downtrend
W,2024-05-02,DT SW,18.74134177716207,6.108337338497644,6920996577.1,4117071.066666667,208035600.9986667,-0.3474714518760196,91.95,60.0,2014-10-02,3.005861925824513,3.435406329153155,27.27,3.37,48.40510366826156,-1.759698805041742,-19.43558673469388,0.2695833333333333,0.2695833333333333,0.2695833333333333,-0.2038333333333333,04 | Downtrend
PTON,2024-05-02,DT,12.11180124223601,6.333185448092281,1413167199.22,11850439.86666667,38158416.37066667,-0.8085896076352068,18.86,3.61,2019-09-26,2.700205353742167,5.250350678966076,-21.62,-0.76,54.99181669394435,-18.15960680701156,-15.48556430446194,0.3324099722991689,0.3324099722991689,1.470914127423823,-0.113573407202216,04 | Downtrend
SABR,2024-05-02,DT U,8.275862068965534,5.263546798029562,1170391320.6,5424170.7,15730095.03,-0.7100646352723915,10.83,3.14,2014-04-17,1.344003048650086,2.347493783704115,80,4.19,-11.42857142857144,14.61256634272955,12.84046692607004,0.04458598726114649,0.2292993630573248,0.3694267515923566,0,04 | Downtrend
BMEA,2024-05-03,DT SW,7.544006705783746,6.575200574781483,864732354.36,933877.2666666667,11141155.79133333,-0.7063401235980773,43.69,12.83,2021-04-16,1.288393539938615,0.7331852101336085,-10.1,N/A,-11.21495327102805,N/A,-6.284367635506682,0.04676539360872956,0.04676539360872956,0.04676539360872956,-0.5557287607170693,04 | Downtrend
OPEN,2024-05-03,DT,17.24102825146348,7.108315456495645,1907708367.725,14922411.03111107,29315076.47061769,-0.7099353928692871,7.9403,2.3032,2020-12-21,1.53666445912678,3.288907887003754,25,8.35,72.04968944099379,-51.54361335208824,-24.81533927819664,0.1596908648836401,0.2983240708579369,0.2983240708579369,-0.2184786384161167,04 | Downtrend
TWST,2024-05-03,U,19.5876288659794,5.103315928058186,2007264642.24,855596.0333333333,27387629.027,-0.3485353106455252,58.7599,38.28,2018-10-31,1.364425420079979,5.210905411319306,2.47,6.58,7.474226804123724,35.02177046498522,-1.839926402943881,0.3192267502612329,0.5909090909090908,0.5909090909090908,0.1225182863113896,04 | Downtrend
XPO,2024-05-03,UDS,12.00881380829968,5.090243166675378,12753057767.8,1384185.066666667,150765437.4613333,-0.06520573136158148,130.51,122.0,2002-07-26,1.182190500555864,2.898998187910903,20.9,0.8999999999999999,-72.22222222222223,0.3368748380409433,-15.01248439450686,0.004426229508196711,0.00631147540983612,0.1369672131147541,-0.09073770491803268,04 | Downtrend
FUBO,2024-05-03,DT,5.161290322580636,6.374193548387082,561799552.2,567150.8888889665,10549006.53333478,-0.7997518397031904,97.6788,19.56,2013-01-09,1.877717148763291,4.706253754144344,47.62,5.52,65.25974025974025,35.64294891622451,0.0,0.03680981595092048,0.03680981595092048,0.3374233128834356,-0.1840490797546012,04 | Downtrend
BCRX,2024-05-06,DT,12.35955056179774,5.46548956661317,1137131217.25,3186224.033333333,14178696.94833333,-0.6759559300064808,15.43,5.0,1994-03-03,1.246883097855902,2.792877370487476,19.05,8.37,11.27819548872181,22.37036927632769,-3.470715835141003,0.397,0.585,0.7760000000000002,0.5740000000000001,02 | Light Green
JMIA,2024-05-07,U,12.06581352833638,6.214024549490735,681386265.31,2363127.1,12926305.237,-0.3919615933978734,10.0816,6.13,2019-04-11,1.897059846241414,6.258046805861606,N/A,N/A,N/A,N/A,7.889546351084809,0.33278955954323,1.453507340946167,1.453507340946167,-0.199021207177814,02 | Light Green
OSCR,2024-05-07,UT,8.592514496573544,5.207169214549288,5854995650.0,2685792.5,50949483.72499999,0.0,0.0,20.6,2021-03-03,0.8701882421552268,3.421138825877278,129.63,6.569999999999999,57.54385964912281,47.91635865838404,35.59685489635454,0.1378640776699029,0.1378640776699029,0.1548543689320387,-0.1893203883495147,02 | Light Green
AGL,2024-05-08,DT SW,6.425702811244971,7.293459552495706,2090505645.0,172053.4213333333,21420650.956,-0.8199728260869565,736.0,132.5,2021-04-15,1.024663626583989,1.796920035673261,200,0.25,N/A,49.94360548219272,-7.777777777777772,0.3132075471698113,0.4584905660377359,0.4584905660377359,0.05660377358490565,02 | Light Green
AMRC,2024-05-08,DT SW,7.014388489208634,5.04326181911611,1180192532.64,488930.7666666667,10873820.25066666,-0.6890514763522342,76.54,23.8,2010-07-22,0.9213598586616002,3.181763362133821,9.09,16.82,-72.88135593220339,-30.27134071605325,-3.806228373702436,0.5869747899159665,0.5869747899159665,0.6672268907563024,0.2163865546218486,02 | Light Green
RDDT,2024-05-08,U,11.33603238866396,5.893753614806255,9504387594.0,5210343.2,257390954.08,-0.2656875834445929,74.9,55.0,2024-03-21,2.708127709800973,2.592778149431692,5.970000000000001,14.16,N/A,N/A,17.36754573532904,0.2027272727272729,0.4196363636363636,1.450909090909091,-0.001090909090909142,02 | Light Green
ARCT,2024-05-09,DT,6.872473355384034,5.38536252428203,773391707.49,508665.8666666666,13840798.232,-0.33622460625428,43.81,29.08,2013-05-22,1.789623304459721,1.078739573378097,15.97,116.72,N/A,261.3318654840787,-16.37984019668101,0.5474552957359011,0.5474552957359011,0.5474552957359011,-0.3782668500687758,02 | Light Green
TARS,2024-05-09,UDS,13.78848728246318,5.04243641231593,1639029900.6,569724.9333333333,21279226.26,0.0,0.0,42.5,2020-10-16,1.298281761193637,2.932239581346507,15.83,54.87,-93.06122448979592,53.22389026892753,-2.454949072864976,0.0,0.0,0.2138823529411766,-0.368235294117647,02 | Light Green
PGY,2024-05-09,DT SW,15.71428571428573,5.804149659863931,875971351.5,1090002.8,11445029.4,-0.9706521739130435,414.0,12.15,2022-06-23,1.306552934682362,3.896591825268706,600,8.55,N/A,N/A,-8.37696335078535,0.08806584362139924,0.3415637860082306,0.3415637860082306,0.1703703703703703,02 | Light Green
NTLA,2024-05-09,DT SW,5.608695652173901,5.021242236024833,3222913939.0,1235153.8,28408537.4,-0.6822759973839111,76.45,24.29,2016-05-06,0.8814550415458674,1.352004098598895,18.84,151.61,12.01298701298701,-30.40233303275072,-8.03678528588565,0.1185673116508852,0.1601482091395636,0.1601482091395636,-0.1165088513791683,02 | Light Green
GRPN,2024-05-10,U,12.38095238095238,6.652721088435361,426985608.0,1274710.366666667,13384458.85,-0.3967280163599182,19.56,11.8,2011-11-04,3.13463934128665,4.780050558413126,20,5.5,19.13746630727764,-24.78119732911139,1.2536162005786,0.4889830508474575,0.5652542372881355,0.5652542372881355,-0.09915254237288129,01 | Green
SYRE,2024-05-10,UDS,9.80392156862746,7.912150367393338,3102834684.78,338606.3,11915555.697,-0.1944965603502189,47.97,38.64,2016-04-07,0.3840216095123626,1.267823427975203,-2.56,N/A,N/A,N/A,-6.134969325153383,0.04787784679089024,0.04787784679089024,0.04787784679089024,-0.3581780538302277,01 | Green
OUST,2024-05-10,CPH,15.74879227053141,6.268322981366481,746362646.55,1614458.566666667,16709646.165,-0.575177304964539,28.2,11.98,2021-03-12,2.238810616024123,2.946323986388254,23.61,1.94,-1287.179487179487,102.9759438445977,33.89391979301421,0.182804674457429,0.4089232053422371,0.4089232053422371,-0.1176961602671118,01 | Green
SOUN,2024-05-10,DT SW,16.84210526315788,9.459999999999997,2109521759.0,28375867.33333333,134785369.8333333,-0.5268542199488491,11.73,5.55,2022-04-28,6.389380401424592,3.113082781305176,22.22,14.79,N/A,N/A,8.447488584474883,0.07567567567567557,0.1621621621621623,0.3081081081081081,-0.1225225225225225,01 | Green
NVAX,2024-05-10,DT SW,124.1610738255034,5.623362096516439,737307395.2199999,3848589.266666667,17203194.022,-0.8694802657288003,76.77,10.02,1995-12-05,2.333245825761297,44.39860482903528,0.9400000000000001,-7.22,35.74821852731591,-50.36485706443201,4.439252336448596,1.38122754491018,1.38122754491018,1.38122754491018,0.1576846307385229,01 | Green
BE,2024-05-10,DT SW,6.473594548551964,5.372231686541745,3457751042.04,5381320.833333333,63176706.58333333,-0.6027963139497934,31.47,12.5,2018-07-25,1.827103970621911,2.145283724488334,-54.55,-5.96,-1.290957005378089e-14,28.40448538161027,9.310986964618252,0.4512,0.4512,0.4512,-0.08079999999999998,01 | Green
SG,2024-05-10,UDS,27.33446519524618,6.742723744846028,2804613381.4,2157840.2,50838715.112,0.0,0.0,30.0,2021-11-18,1.812681756749747,9.937953236759608,-35.29,4.52,42.1965317919075,24.23628763786814,3.651561812582482,0.224,0.224,0.4256666666666669,0.167,01 | Green
ARRY,2024-05-10,DT SW,18.70503597122302,5.399680255795388,1926636226.92,5315241.3,66493668.663,-0.4425675675675675,26.64,14.85,2020-10-15,3.451283004747581,2.836795198742906,300,9.49,202.3809523809524,-2.515305502678419,-3.32302936630603,0.0,0.0,0.0,-0.5218855218855218,01 | Green
CABA,2024-05-15,DT,9.349955476402494,9.263706907518134,1903995347.35,1306657.5,14673763.725,-0.533965844402277,26.35,12.28,2019-10-25,0.7706827511644444,0.8458008315109353,-15.91,N/A,7.777777777777785,N/A,-25.87458745874587,0.09934853420195444,0.09934853420195444,0.09934853420195444,-0.6368078175895766,01 | Green
ARQT,2024-05-15,UDS,15.8671586715867,7.398260411175526,1021875642.93,2744460.2,22312461.426,-0.6562043795620438,27.4,9.42,2020-01-31,2.183481089932235,5.063406640037993,56.16,237.66,51.55709342560554,2934.626354820308,-20.68292682926829,0.1433121019108279,0.1910828025477709,0.2144373673036093,-0.09766454352441611,01 | Green
HUT,2024-05-15,DT SW,6.803594351732989,6.282413350449293,960191255.72,2499916.633333333,19474350.57366667,-0.6342857142857143,22.75,8.32,2023-12-04,2.028174122358968,1.789222864618459,-128.81,-20.48,N/A,N/A,4.704301075268802,0.4302884615384615,1.535853365384615,2.421875,0.4002403846153846,01 | Green
XPEV,2024-05-21,DT SW,5.314009661835772,5.494651483781903,7920595165.32,14239509.36666667,117903137.556,-0.7533239038189533,35.35,8.72,2020-08-27,1.48856411791167,4.32622279417909,22.22,4.56,N/A,N/A,15.32033426183843,0.2006880733944953,0.2006880733944953,0.7980275229357798,-0.1903669724770644,01 | Green
WOOF,2024-05-22,U,12.65306122448977,7.631778425655968,699634869.85,4229657.366666666,10362660.54833333,-0.8392076900669968,17.165,2.76,2021-01-14,1.481152669042219,6.193959871658951,42.86,1.27,-1505.882352941176,3.633502303773364,57.05128205128205,0.5869565217391306,0.5869565217391306,1.152173913043478,-0.003623188405797007,01 | Green
CGC,2024-05-30,UDS,6.132075471698117,12.3130053908356,3810056783.52,15742234.86666667,133494151.6693333,-0.8235294117647058,51.0,9.0,2014-04-07,3.503731289432437,0.9321788249438856,-139.39,1.78,49.86910994764399,-18.19043742429958,-25.87412587412586,0.1155555555555554,0.1155555555555554,0.1155555555555554,-0.4211111111111111,01 | Green
AEHR,2024-07-17,DT U,14.3705463182898,5.910671869698001,549328378.0,1376357.4,23177858.616,-0.643992606284658,54.1,19.26,1997-08-15,4.219308439951011,8.849515394765923,740,7.51,73.0769230769231,32.63993648273124,36.79935012185214,0.1131879543094496,0.1131879543094496,0.1131879543094496,-0.2320872274143303,01 | Green
ENPH,2024-07-24,DT SW,5.422616750289477,5.247801455588012,13695471318.72,4189695.333333333,434220024.3466667,-0.6785714285714286,339.92,109.26,2012-03-30,3.17053728375994,3.521445553002024,-10.42,-2.01,N/A,-21.57689443135008,1.757486499754557,0.1368295808164011,0.1905546403075233,0.1905546403075233,-0.2577338458722315,04 | Downtrend
VKTX,2024-07-25,DT SW,17.04026978774053,6.374939779522204,5880474554.17,3646823.6,183836377.676,-0.4064983402072226,99.41,59.0,2015-04-29,3.126216702113553,5.657377560022371,25.93,N/A,1.123595505617954,N/A,6.372652458324524,0.2027118644067796,0.3735593220338984,0.3852457627118644,0.3225423728813559,04 | Downtrend
TLRY,2024-07-30,DT SW,10.92896174863387,5.054644808743192,2517730707.9,1473058.11,26956963.41300001,-0.603515625,51.2,20.3,2015-01-23,1.0706849357803,4.896782992491721,300,1.24,-1360,16.59212635947125,8.92857142857142,0.05911330049261077,0.05911330049261077,0.05911330049261077,-0.1674876847290642,04 | Downtrend
RGEN,2024-07-30,DT U,10.6376811594203,5.369306418219451,7788115698.0,882346.6666666666,121763840.0,-0.4178296347136429,262.26,152.68,1986-04-29,1.563456999377515,2.702909287354932,0,-0.01,-59.06040268456376,-20.00315262487547,11.90398962049952,0.1307964369924024,0.1307964369924024,0.1954414461619072,-0.10675923500131,04 | Downtrend
POWL,2024-07-31,U,26.83675284296223,5.747838087926366,1618214265.4188,1144097.4,50817030.98657999,-0.1918801720762036,69.7133,56.3367,1973-01-05,3.140315350849311,4.614619349716205,75.46000000000001,29.7,1236.538461538461,63.6459163707515,-7.938366769126171,0.174426262099129,0.6830361025761182,1.159515910587592,0.5086666418160808,04 | Downtrend
WGS,2024-07-31,UT,16.16329239960173,8.780972926840827,898553160.3299999,441070.0333333333,13289440.10433333,-0.01823281907433372,35.65,35.0,2021-07-23,1.478982067065759,3.731468645833341,66.67,19.03,N/A,N/A,8.537463976945237,0.07000000000000006,1.545997142857143,1.824857142857143,1.334,04 | Downtrend
EVGO,2024-08-01,UDS,11.19791666666665,9.474702380952357,1207740364.8,3862451.133333333,14831812.352,-0.6624505928853756,12.65,4.27,2021-07-02,1.22806298309456,3.338599908413944,-11.11,11.83,0,164.3250955837535,51.77865612648223,0.1007025761124123,1.124121779859485,1.124121779859485,0.8665105386416863,04 | Downtrend
CVNA,2024-08-01,UT,10.59070779854387,6.521831204898096,29297943150.0,23990636.33333333,639254495.738,0.0,0.0,29.468,2017-04-28,2.181909127426237,3.017437053114709,275,5.57,N/A,-8.681672025723474,4.216207759699619,0.08490566037735836,0.7604859508619519,0.8212230215827339,0.5547712773177684,04 | Downtrend
SDGR,2024-08-01,DT SW,9.156193895870723,5.220473198255982,1666669391.84,704048.6,15686202.808,-0.5894665766374072,59.24,24.32,2020-02-06,0.941170629568139,2.760244108148216,22.35,20.29,-5850.000000000011,-14.40172795324362,10.8457711442786,0.01850328947368407,0.01850328947368407,0.09991776315789469,-0.260279605263158,04 | Downtrend
TMDX,2024-08-01,UDS,15.87234640798538,5.060884497198293,4932886127.7,649881.0666666667,92452080.54399998,0.0,0.0,164.84,2019-05-02,1.874198555382152,4.620803950179192,66.67,15.49,64.23841059602648,281.4436504877398,-4.861900621948778,0.0760131036156273,0.0760131036156273,0.0760131036156273,-0.5001213297743266,04 | Downtrend
COMP,2024-08-01,CPH,7.289293849658329,5.691343963553539,3369959925.7,4469746.833333333,19622188.59833333,-0.08706776244378978,5.1592,4.71,2021-04-01,0.5822677132950611,2.070076302979278,33.33,3.09,51.93798449612403,-10.68982826001219,25.07122507122508,0.2568789808917198,0.4394904458598727,0.6326963906581742,0.3609341825902337,04 | Downtrend
CDNA,2024-08-01,UT,30.06503251625814,6.5111484313585,1034167117.77,772933.5666666667,15450941.99766666,-0.04866447127698492,27.33,26.0,2014-07-17,1.494046922608012,5.933468538283605,278.57,35.98,19.48051948051948,-4.690988439105571,34.25117528542645,0.3400000000000001,0.3400000000000001,0.3400000000000001,-0.1292307692307693,04 | Downtrend
ALGM,2024-08-01,DT,6.073211314475868,5.58447230805799,4481105185.84,2436058.733333333,58562851.94933333,-0.5193213949104618,53.05,25.5,2020-10-29,1.306884117212605,2.153907017184397,50,0.9299999999999999,-18.74999999999999,7.776281693786184,-21.48922273024167,0.0286274509803921,0.0286274509803921,0.0286274509803921,-0.1725490196078431,04 | Downtrend
SABR,2024-08-01,DT SW,9.037900874635563,5.708038317367768,1384290424.02,4097856.7,14055648.481,-0.5496688741721854,8.305,3.74,2014-04-17,1.015368468719316,2.094548596587089,37.5,1.49,8.484848484848479,27.97915738145537,27.03703703703704,0.03208556149732611,0.1497326203208555,0.1497326203208555,-0.1497326203208557,04 | Downtrend
BHC,2024-08-01,DT,6.965174129353224,8.826936744847206,2255163082.83,5256905.7,31699141.371,-0.43717277486911,11.46,6.45,1994-03-31,1.405625234482857,0.7608907650749756,11.36,2.69,-263.1067961165048,5.719970156677443,-15.66433566433566,0.0,0.5193798449612403,0.5271317829457363,0.5162790697674418,04 | Downtrend
DFH,2024-08-01,DT U,10.80824088748018,5.280869368349561,2862338382.45,451383.2666666667,14241142.06333333,-0.2122577737719694,44.38,34.96,2021-01-21,0.4975352372958686,1.011880664901328,5.19,-2.22,17.81376518218621,10.42080651706114,26.75773402973081,0.0,0.1198483981693363,0.1198483981693363,-0.1204233409610984,04 | Downtrend
TVTX,2024-08-02,DT SW,8.441558441558428,6.164888682745833,870972397.6800001,1294531.533333333,11961471.368,-0.6561427590940289,29.14,10.02,2003-07-23,1.373346778825787,1.652374581013167,24.42,4,58.4070796460177,3.013082204490629,17.11026615969582,0.03343313373253509,0.9211576846307385,1.151696606786427,0.7534930139720559,04 | Downtrend
TNDM,2024-08-02,DT,17.15421755183186,7.673205663975343,2449866273.47,1852649.7,65231795.937,-0.4174140244333028,70.805,41.25,2013-11-14,2.662667617551445,2.499433109238082,11.11,7.920000000000001,30.79365079365078,6.002407682185951,-12.88965858485899,0.1255757575757577,0.153939393939394,0.153939393939394,-0.2264242424242424,04 | Downtrend
IESC,2024-08-02,UDS,7.073710413497425,6.592868996582174,2881460364.72,154278.6666666667,22311780.77333333,-0.1601583685866146,184.38,154.85,2006-05-15,0.7743219739030295,2.022256263557718,N/A,N/A,216.6666666666667,17.3815373418815,3.573730573658973,0.2660929932192444,0.5163706813044884,1.067064901517598,0.5022925411688732,04 | Downtrend
LCID,2024-08-06,DT SW,12.16666666666666,7.788571428571416,11822105280.0,3899869.666666667,116996090.0,-0.8292744799594115,197.1,33.65,2021-07-26,0.9896383700619524,1.127589862191121,-11.54,9.9,27.27272727272726,-11.30626589300787,-2.9126213592233,0.3164933135215453,0.3164933135215453,0.3164933135215453,-0.3670133729569093,04 | Downtrend
EVER,2024-08-06,UDS,16.4440734557596,5.975852611495332,844344433.96,454557.9,10891207.284,0.0,0.0,27.9,2018-06-28,1.289900998449166,4.853262917661314,466.67,13.94,-188.8888888888889,-23.64318747608543,5.364995602462641,0.006810035842294004,0.006810035842294004,0.006810035842294004,-0.3161290322580645,04 | Downtrend
PLTR,2024-08-06,CPH,12.28725612287256,5.96809583110953,57889678783.2,42640360.9,1027206294.081,-0.09319477036540391,29.83,27.05,2020-09-30,1.774420441902854,2.336347040627416,12.5,3.99,200,17.6079004383534,-12.04819277108434,0.2245841035120149,1.058780036968577,3.12365988909427,1.052865064695009,04 | Downtrend
ARCT,2024-08-06,DT,12.80949974734715,7.380350826535762,562492535.51,517920.5666666667,10249648.01433333,-0.5038888888888888,45.0,22.325,2013-05-22,1.822183827744522,1.147500289137002,60,129.76,-91.40271493212671,13.92083561524236,-11.96619217081851,0.03135498320268759,0.1592385218365062,0.1592385218365062,-0.1789473684210526,04 | Downtrend
RXST,2024-08-06,DT,23.61451692005885,6.305524416730865,1696172979.68,677703.3333333334,27636741.93333334,-0.2424105801021943,66.54,50.41,2021-07-30,1.629358695393632,2.136029039255131,100,8.08,48.98989898989899,71.90233127369332,-28.44358659413933,0.155127950803412,0.155127950803412,0.155127950803412,0.08569728228526086,04 | Downtrend
STRL,2024-08-06,UDS,8.40483619344774,7.565278861154431,3137158406.08,378147.3666666666,38782793.92533333,-0.1921819370776719,137.63,111.18,1992-10-01,1.23623958070367,1.999247030765167,15.97,2.61,30.72100313479622,-0.755584333833519,-7.670147641339575,0.09731966180967788,0.5849973016729626,0.8534808418780355,0.5778017629069974,04 | Downtrend
DAVE,2024-08-06,UDS,21.64813603662525,9.883420536298221,390063404.06,443936.3666666666,13575574.09266667,-0.4141732283464566,63.5,37.2,2022-01-06,3.480350617710975,2.002208124272465,361.11,6.09,-689.4736842105259,56.11428159070545,-11.59294593813243,0.09731182795698912,0.3368279569892472,2.071505376344086,0.2330645161290321,04 | Downtrend
FUBO,2024-08-06,DT SW,10.68702290076335,8.450926935659723,474811234.44,652930.6388888999,10264069.64333351,-0.8218651334782983,97.6788,17.4,2013-01-09,2.161715835439133,2.11394212665805,71.43,6.17,65.50387596899225,32.55090733613736,5.645161290322576,0.5034482758620691,0.5034482758620691,3.448275862068966,-0.02758620689655156,04 | Downtrend
CELH,2024-08-06,DT,5.441354292623934,5.348833995508693,10462999193.45,5726150.133333334,236776308.0133334,-0.5623364408115246,99.6199,43.6,2006-11-01,2.26298696612305,2.159413691935799,16.67,-0.12,193.6936936936937,132.4575878612588,-25.56255625562556,0.01559633027522933,0.01559633027522933,0.01559633027522933,-0.3110091743119267,04 | Downtrend
TGTX,2024-08-06,SW,10.80766995932596,6.374989623972807,2634318402.13,2647338.833333333,45560701.32166667,-0.4653770675637791,35.67,19.07,1995-12-14,1.729506246656751,3.793242811822413,180,11.5,N/A,5247.824250105618,-13.56102461074836,0.3476664918720502,0.4509701101206083,0.9318300996329314,0.4247509176717357,04 | Downtrend
AAOI,2024-08-07,DT,13.85459533607682,12.09582598471489,616509737.73,2305765.4,16809029.766,-0.6646464646464646,24.75,8.3,2013-09-26,2.726482444201311,1.816490957839857,3.45,-1.97,5.40540540540541,-12.20877048874286,-19.08990011098779,0.6445783132530118,1.450602409638554,4.361445783132529,1.156626506024096,04 | Downtrend
ICHR,2024-08-07,DT,7.198859586600137,6.329599837083771,1050965665.74,368715.7333333333,10346163.47733333,-0.3521430109842775,46.43,30.08,2016-12-09,0.9844435279480278,1.32712807120065,66.67,2.86,-151.5037593984962,-34.81957840935092,-30.68181818181818,0.06582446808510656,0.1299867021276597,0.2127659574468084,0.1246675531914894,04 | Downtrend
UPST,2024-08-07,UDS,25.68077084206115,8.715662217966342,2322862408.02,5428859.0,129586864.33,-0.5866629925599338,72.58,30.0,2020-12-16,5.578757651877426,8.569484121801652,57.49999999999999,2.48,37.87878787878787,-15.23939959227687,-3.827558420628518,0.5236666666666667,0.9133333333333333,1.965,0.849,04 | Downtrend
VCYT,2024-08-07,SW,20.07332722273143,5.526057352363475,1754125750.42,858023.9666666667,18722082.95266667,-0.191358024691358,32.4,26.2,2013-10-30,1.067317035177434,5.073009809865839,1100,14.44,-1.53846153846154,30.03770665451956,1.441190144119009,0.2721374045801526,0.5812977099236643,0.8059618320610689,0.4251908396946567,04 | Downtrend
RUN,2024-08-07,DT SW,12.12856276531231,8.110110023390806,3971566733.18,14748521.36666667,243203117.3363333,-0.5274725274725276,39.13,18.49,2015-08-05,6.123606467556511,1.765331340865422,266.67,2.43,-606.2499999999998,-7.240763835405555,18.46264367816091,0.2038939967550029,0.2038939967550029,0.2038939967550029,-0.3726338561384532,04 | Downtrend
KYMR,2024-08-07,UDS,9.753742153549005,7.404980340760169,3444098597.56,722027.0,29906358.34,-0.06652977412731009,48.7,45.46,2020-08-21,0.8683363002786101,0.614346831905178,14.71,104.38,12.23776223776225,70.1585601028498,14.26206896551725,0.1039375274967005,0.1717993840739112,0.1717993840739112,0.09678838539375278,04 | Downtrend
INSP,2024-08-07,U,16.99884361608055,5.714980516388595,4250114228.75,594720.3333333334,87429836.20333333,-0.4787878787878788,330.0,172.0,2018-05-03,2.057117326680589,3.932162512239646,313.33,5.21,68.28193832599119,66.96845317240287,11.91382460414128,0.1742441860465116,0.308139534883721,0.308139534883721,0.1655232558139534,04 | Downtrend
ACMR,2024-08-07,DT,20.06611570247934,8.366186540732038,1053444089.5,1409220.233333333,21314456.02916667,-0.4720914886380484,34.3999,18.16,2017-11-03,2.023311558877626,3.306646391939637,57.14,24.18,34.48275862068966,55.36663950498556,-36.66247906197655,0.1283039647577091,0.4493392070484581,0.4493392070484581,0.1343612334801763,04 | Downtrend
OCUL,2024-08-07,U,6.337135614702172,5.673818576860401,1732769198.52,1700203.233333333,13414603.511,-0.2581786030061892,11.31,8.39,2014-07-25,0.7741713970018476,1.270431650553462,-18.18,3.93,-37.62376237623764,17.84107643581933,10.19553072625698,0.1191895113230035,0.4034564958283671,0.4034564958283671,0.2848629320619784,04 | Downtrend
LUMN,2024-08-07,UT,44.39999999999999,9.699999999999998,5157227020.0,36620562.3,183102811.5,-0.3652747252747253,11.375,7.22,1978-10-24,3.550412087540796,7.226503209646238,-116.67,0.5499999999999999,80.60941828254846,-12.01488228879338,376.1904761904762,0.08448753462603875,0.2977839335180055,0.4307479224376731,0.2728531855955678,04 | Downtrend
SHLS,2024-08-07,DT,9.818181818181815,6.29207792207793,925649725.0,5089187.5,27990531.25,-0.8137526981190256,32.43,6.04,2021-01-27,3.023879389150145,3.074107016100311,25,9.719999999999999,-83.87096774193547,21.81650872132949,-12.6984126984127,0.1589403973509933,0.1589403973509933,0.1589403973509933,-0.03642384105960261,04 | Downtrend
RVLV,2024-08-07,U,19.46499715424017,5.28734043418163,1248970829.4,915283.9,16081538.123,-0.3559374041116908,32.59,20.99,2019-06-07,1.28758316402998,4.351943697469168,61.53999999999999,1.28,-42.5287356321839,-3.34289473308898,16.66666666666667,0.1738923296808006,0.6112434492615533,0.8855550262029541,0.5693187232015244,04 | Downtrend
STAA,2024-08-08,DT,12.0220082530949,5.970721163293395,1822733818.4,819072.0666666667,29773269.62333333,-0.6373029304355571,112.27,40.72,1983-07-07,1.633440347832487,3.382254276200849,-37.5,4,-57.74647887323944,18.74946831135687,-23.21504013519223,0.006876227897838927,0.006876227897838927,0.006876227897838927,-0.2733300589390962,04 | Downtrend
LESL,2024-08-08,DT,15.21739130434783,10.68840579710142,516974220.0,291793.7516666667,16107015.092,-0.8143065693430657,342.5,63.6,2020-10-29,3.115632166725839,1.991683326598077,-19.05,-7.44,-87.6923076923077,-9.7154970677613,-26.20320855614973,0.1289308176100628,0.1289308176100628,0.141509433962264,-0.05974842767295607,04 | Downtrend
BYND,2024-08-08,DT SW,6.297709923664119,7.285986913849469,2702891298.0,86062.22888896668,13528982.38134556,-0.8750840995738955,1337.7,167.1,2019-05-02,0.5005374204784451,3.421133023557405,-3.92,6.12,34.05017921146953,-22.47887981644579,-23.39181286549707,0.658886894075404,0.658886894075404,0.658886894075404,-0.03590664272890487,04 | Downtrend
DUOL,2024-08-08,SW,8.420074349442386,5.328022658877697,7551303816.6,722395.0666666667,116594563.76,-0.3036609629924393,251.3,174.99,2021-07-28,1.544032217372723,2.225292051643764,59.38,0.74,177.6,44.33004238295176,-16.18632185698706,0.2300131436082062,0.889307960454883,1.352648722784159,0.8680496028344475,04 | Downtrend
AOSL,2024-08-08,UTU,10.54675829100688,8.614644244312581,1012567910.0,480299.1333333334,16075611.99266667,-0.2202318229715491,47.45,37.0,2010-04-29,1.587608281272381,1.933511712908913,125,0.79,-106.2261753494282,-20.81849950994842,-15.52246340232206,0.1856756756756757,0.1856756756756757,0.4402702702702703,-0.2840540540540542,04 | Downtrend
FLNC,2024-08-08,DT SW,14.37861271676302,7.217691990090808,2554813746.96,2541307.733333333,35171699.02933333,-0.4945721583652618,31.32,15.83,2021-10-28,1.376683489009111,2.90975937428121,100,-27.97,79.7752808988764,7.872050987957095,-23.91423859263332,0.2558433354390397,0.4662034112444726,0.5161086544535691,0.3057485786481366,04 | Downtrend
VSAT,2024-08-08,U,15.47552054023635,7.826834954578321,2447920743.7,2404700.866666667,42731534.40066667,-0.5666314677930306,47.35,20.52,1996-12-03,1.745625731986671,3.470935248411909,165.22,5.33,-163.8208537438768,67.5858065111781,14.79328165374676,0.3011695906432748,0.3011695906432748,0.3011695906432748,-0.5618908382066277,04 | Downtrend
KVYO,2024-08-08,DT SW,24.56672443674177,5.361568457538976,6571509245.959999,931019.8666666667,21487938.52266667,-0.271598682543704,39.47,28.75,2023-09-20,0.3269863545558719,6.295713131219971,50,4.68,N/A,N/A,-3.269069572506289,0.141217391304348,0.4260869565217391,0.6949530434782609,0.1600000000000001,04 | Downtrend
IONQ,2024-08-08,DT,6.470588235294117,8.66207983193279,2754922460.8,5269163.666666667,35830312.93333334,-0.6648148148148147,21.6,7.24,2021-01-04,1.300592428395556,1.253250879598793,18.18,31.42,-37.93103448275863,148.3881238557669,-15.21197007481296,0.07596685082872923,2.546961325966851,6.560773480662983,2.424033149171271,04 | Downtrend
FWRD,2024-08-08,DT SW,20.26666666666666,8.535936507936523,760069395.0,788775.4333333333,17747447.25,-0.7770637666831438,121.38,27.06,1993-11-16,2.334977222704777,2.138803934182703,-16535.71,-1.07,-105,-17.66414133488996,4.993000466635555,0.2633037694013305,0.5121951219512197,0.5121951219512197,0.3082039911308203,04 | Downtrend
ALT,2024-08-08,DT,5.454545454545445,8.525064935064917,1069847355.5,3167647.066666667,17422058.86666667,-0.7530864197530864,23.49,5.8,2005-10-06,1.628462114441023,1.767202242606742,-2.94,N/A,33.02325581395349,97.43534493558296,-28.38541666666666,0.3206896551724139,0.4224137931034484,0.9241379310344828,0.3241379310344827,04 | Downtrend
PCT,2024-08-08,UDS,8.771929824561408,8.58828890407837,1259673158.7,1775748.233333333,11133941.423,-0.4264087468460892,11.89,6.82,2021-03-18,0.8838754200724876,2.798241274706228,-81.25,-100,-100,N/A,10.1933216168717,0.04252199413489732,1.284442815249267,1.284442815249267,0.7536656891495601,04 | Downtrend
ACVA,2024-08-08,SW,10.58664868509775,5.028417300838044,2518252343.4,1160318.466666667,17207522.86066667,-0.1645440652063169,19.63,16.4,2021-03-24,0.6833120956192203,2.23143220967439,9.09,2.72,5.882352941176475,21.57009178619741,-12.55896226415095,0.2109756097560975,0.2939024390243903,0.4302439024390246,0.227439024390244,04 | Downtrend
TGLS,2024-08-08,UDS,6.071428571428572,5.037274909963974,2111755721.6,538022.6333333333,25609877.34666667,-0.1550992745801851,59.7585,50.49,2012-05-10,1.212729156346881,1.240228493485311,3.61,0.15,44.92187499999999,30.73418446140829,-11.34289439374184,0.2502475737769856,0.594573182808477,0.7229134482075659,0.5052485640720934,04 | Downtrend
NVMI,2024-08-08,DT U,11.5605658709107,5.627131489200464,5755642894.56,212123.6,38385886.656,-0.1833663686744064,247.21,201.88,2000-04-11,0.6669261342165752,2.045364117901073,18.38,5.899999999999999,N/A,N/A,-21.91248813325278,0.172181493956806,0.172181493956806,0.3182583713096889,-0.02080443828016643,04 | Downtrend
ASPN,2024-08-08,DT,31.94594594594595,7.381235521235512,1535292504.0,1290259.2,23869795.2,-0.2309388783868934,31.74,24.41,2014-06-13,1.55473925247537,4.210677203464234,425,18.58,N/A,64.75554643922902,-29.14592110302566,0.3580499795165915,0.3580499795165915,0.3580499795165915,-0.3244571896763622,04 | Downtrend
SPCE,2024-08-08,DT,10.05692599620494,11.69558145838984,798910408.81,2380804.866666667,12546841.64733333,-0.9606448811203995,147.376,5.8,2017-09-29,1.570494201724348,1.305374095757477,11.38,25.6,-180.1047120418848,434.2779291553134,-31.73575129533679,0.2681034482758622,0.3982758620689655,0.4120689655172414,0.07241379310344831,04 | Downtrend
BOOT,2024-08-08,UDS,9.658599827139147,5.040875416718092,3503956450.8,747979.2333333333,86541197.29666667,-0.07713849287169039,137.48,126.875,2014-10-30,2.469813723766691,2.173220762768949,23.53,2.92,-14.59074733096086,0.5667178446140991,-9.062328067279735,0.1315862068965516,0.3385615763546799,0.3922364532019704,0.06514285714285695,04 | Downtrend
TXG,2024-08-09,DT SW,9.667519181585682,6.333978808914862,2547192334.4,2255920.1,44103237.95500001,-0.6627339940223376,63.57,21.44,2019-09-12,1.731445142927877,1.450244625241825,31.91,1.57,-21.59090909090911,20.24644967661822,11.77815894797027,0.1548507462686568,0.1548507462686568,0.1548507462686568,-0.2705223880597015,04 | Downtrend
TARS,2024-08-09,DT,14.35832274459974,7.548919949174077,1036077535.56,811098.7333333333,19150041.094,-0.3647058823529412,42.5,27.0,2020-10-16,1.848321234341733,3.578420087122974,5.38,28.71,-31.36094674556215,566.9920000000001,-19.77573904179409,0.1888888888888889,0.9107407407407409,1.121481481481482,0.8303703703703704,04 | Downtrend
ONTO,2024-08-09,DT U,6.85563241662448,6.678838567652481,10868358155.16,946825.7666666667,168355089.571,-0.204788013225631,238.93,190.0,1999-11-12,1.549038844391318,1.36827919730251,10,2.88,4.99999999999999,-0.3527360366063594,-22.44853454291695,0.1495263157894737,0.1933684210526316,0.2022105263157894,-0.07347368421052636,04 | Downtrend
ADMA,2024-08-09,UT,23.87202625102542,5.425934606820574,2730373249.2,3424843.9,41748847.141,0.0,0.0,15.1,2013-10-17,1.529052745928873,4.253563790162816,62.5,24.05,161.2903225806452,96.54698972288182,-4.616588419405321,0.2807947019867549,0.5576158940397351,0.5655629139072849,0.4980132450331127,04 | Downtrend
DNA,2024-08-09,DT,8.467459762071371,14.07827651704487,769834046.664,1439947.130833334,16461475.59968667,-0.9368635437881874,196.4,12.4,2021-04-19,2.138314831751188,0.8189665958898974,-37.5,28.59,31.34328358208954,-43.44736817884787,-0.7983339118361577,0.0519354838709678,0.0519354838709678,0.3588709677419355,-0.3153225806451613,04 | Downtrend
FDMT,2024-08-09,DT,6.449422946367944,8.941324798758622,813747228.03,1251109.933333333,18428849.318,-0.5674482758620689,36.25,15.68,2020-12-11,2.264689658312494,0.3705325868246377,11.27,N/A,29.8780487804878,785.2014010507881,-45.88537839823659,0.02933673469387754,0.1103316326530612,0.1103316326530612,-0.4821428571428572,04 | Downtrend
RKLB,2024-08-09,UDS,12.15932914046123,5.637616052710392,3049990417.53,6177399.266666667,29466194.502,-0.3354037267080746,8.05,5.35,2021-08-25,0.9661077730815579,2.885979395277122,20,0.75,1.586032892321652e-14,40.9524549208445,-15.57522123893806,0.3757009345794393,1.598130841121495,5.23177570093458,1.525233644859813,04 | Downtrend
IOVA,2024-08-09,UDS,18.26196473551638,8.035624325296856,3596593170.08,6937803.5,55086159.79,-0.4877250409165302,18.33,9.39,2010-05-26,1.531620541579761,3.405274162060081,2.86,14.91,27.77777777777778,N/A,-9.04925544100802,0.331203407880724,0.3317358892438764,0.3317358892438764,0.1272630457933972,04 | Downtrend
DIOD,2024-08-09,DT,8.358258557660347,5.389984807482321,2771391606.9,445174.6333333334,26790609.434,-0.3308363263211904,97.45,65.21,1972-06-01,0.9666843677847179,2.781786982621576,10,1.15,-51.33136094674556,-24.24755618380724,-28.69668246445498,0.1157797883760161,0.1157797883760161,0.1157797883760161,-0.0150283698819198,04 | Downtrend
FIGS,2024-08-09,DT SW,6.643356643356646,6.052322677322683,950322184.24,3824268.3,21874814.676,-0.5514343071866108,13.5989,6.1,2021-05-27,2.301831425043909,2.91106327450927,100,1.38,42.85714285714283,3.562839968336997,-0.3484320557491372,0.04754098360655745,0.1565573770491804,0.1565573770491804,-0.2163934426229507,04 | Downtrend
PGY,2024-08-09,DT SW,7.615894039735105,6.960217596972551,1259730229.3,1165942.6,17605733.26,-0.9435763888888888,288.0,16.25,2022-06-23,1.397579644475394,3.109924107756248,1100,4.64,N/A,N/A,15.97542242703534,0.003076923076923199,0.003076923076923199,0.05846153846153834,-0.1003076923076923,04 | Downtrend
EVH,2024-08-09,DT SW,32.29516051748922,5.858374974330898,2359548321.45,2436410.933333333,50847896.17866667,-0.305916926225078,39.7791,27.61,2015-06-05,2.154984312735727,3.787829825313541,15.38,1.68,-370.8333333333333,71.76213789331338,5.992889791772482,0.2180369431365448,0.2180369431365448,0.2180369431365448,-0.5161173487866715,04 | Downtrend
BE,2024-08-09,DT,14.80075901328275,9.140146381133125,3104318226.84,6109589.133333334,64395069.46533334,-0.6155068319034,31.47,12.1,2018-07-25,2.074370755825618,1.538766649414734,-100,5.94,7.344632768361575,25.76630359578548,-24.55261274158913,0.01404958677685952,0.106611570247934,1.464876033057851,0.0884297520661157,04 | Downtrend
ROAD,2024-08-09,UT,6.277873070325901,6.031940700808609,3308848856.5,343947.2666666667,20052125.64666666,-0.07217729859239297,66.78,61.96,2018-05-04,0.6060151586336644,2.062272530537142,9.26,2.82,135,21.13523672424824,3.204106921579042,0.07327307940606831,0.527114267269206,0.6734990316333118,0.52453195610071,04 | Downtrend
SG,2024-08-09,UDS,29.25714285714285,5.590857142857133,3124834518.75,2873197.4,75421431.75,-0.0759803921568627,36.72,33.93,2021-11-18,2.413613626495978,5.521715632904304,-30,2.06,39.6103896103896,29.42360107176503,4.54002389486261,0.135573239021515,0.2605363984674332,0.3297966401414676,0.169761273209549,04 | Downtrend
PBI,2024-08-09,UDS,25.17605633802818,5.133048289738435,778672404.16,2593317.933333333,14730045.86133333,-0.0220082530949105,7.27,7.11,1950-09-18,1.891687156580758,3.362346701853165,142.86,2.79,-527.2727272727275,-16.79870463364529,-15.35022354694486,0.08253164556962012,0.2376933895921238,0.3066104078762304,0.06610407876230662,04 | Downtrend
SERV,2024-08-14,UDS,34.04050144648026,38.40405014464799,899156847.5899999,32048885.76666667,332346945.4003333,-0.4229970942299709,24.09,13.9,2024-03-06,36.96206577207515,1.380602256257535,N/A,N/A,-89.6969696969697,-38.49904318460909,343.1623931623932,0.03884892086330938,0.03884892086330938,0.7517985611510791,-0.4352517985611511,04 | Downtrend
GRAL,2024-08-14,SW,12.81565656565657,7.834415584415611,707513146.56,1287513.8,20394218.592,-0.1676758267349789,21.47,17.87,2024-06-12,2.882521503827701,1.167643407006589,N/A,N/A,N/A,N/A,-20.08072653884965,0.001678791270285362,0.001678791270285362,2.095691102406267,-0.1152770005595971,04 | Downtrend
LITE,2024-08-15,U,12.56314517900286,5.894669134950298,4084041000.0,1512196.6,68850311.198,-0.4686916856728177,96.46,51.25,2015-07-23,1.685837904124861,5.19752259726017,100,2.49,-884.1269841269842,-22.67507682354844,-17.96396396396396,0.1547317073170731,0.7502439024390244,1.029268292682927,0.5892682926829269,04 | Downtrend
ANVS,2024-08-15,DT SW,5.670103092783507,9.644237849779087,330623739.52,2066214.333333333,16033823.22666666,-0.6570458262058813,23.9099,8.2,2020-01-29,4.849568046730278,0.3207184217577944,12,N/A,-6.865671641791043,N/A,-31.8700614574188,0.2173780487804879,0.2853658536585366,0.2853658536585366,-0.1658536585365853,04 | Downtrend
ZIM,2024-08-19,UDS,15.63483735571878,5.019112576825044,2297104833.96,4313337.6,82212214.65599999,-0.573941619949739,51.73,22.04,2021-01-28,3.578949181621528,6.30881431585601,569.57,11.09,N/A,N/A,7.380281690140844,0.07808529945553544,0.2468239564428314,0.367967332123412,0.2150635208711436,04 | Downtrend
BTBT,2024-08-20,SW,13.34448160535116,10.90635451505015,1078294173.97,11840241.76666667,35402322.88233334,-0.3569259962049336,5.27,3.389,2018-03-20,3.283178536705911,2.29858026012774,-200,11.15,N/A,N/A,-25.99009900990099,0.1419297727943347,0.6937149601652406,0.6937149601652406,0.1950427854824432,01 | Green
PTON,2024-08-22,DT SW,13.98809523809526,6.016156462585055,1474609251.36,11857426.43333333,39840952.816,-0.7851934941110488,17.83,3.83,2019-09-26,2.70179729167273,11.42523183775857,52.94,2.08,61.98630136986301,-20.00627245252894,-2.60869565217392,0.3733681462140992,1.553524804177545,1.844647519582245,1.490861618798955,01 | Green
IREN,2024-08-29,UDS,11.59029649595686,7.272140931844445,2651749761.08,13272583.7,98482571.05399999,-0.4742857142857143,15.75,8.28,2021-11-17,3.7138712143747,2.097202144598267,N/A,N/A,N/A,N/A,-20.12917115177609,0.136473429951691,0.6618357487922706,0.9227053140096619,0.6316425120772948,01 | Green
VKTX,2024-10-24,DT SW,8.8756416625269,5.127729283466994,7044670865.43,2682269.5,161982255.105,-0.3385977265868625,99.41,65.75,2015-04-29,2.299358737963022,6.102801004895295,12,N/A,-3.409090909090912,N/A,-3.096919127086006,0.2430342205323195,0.2430342205323195,0.2430342205323195,-0.4752851711026616,01 | Green
WGS,2024-10-29,UT,18.80128433820904,6.592337291677286,1671851648.46,541542.5333333333,30358874.41866667,0.0,0.0,66.6,2021-07-23,1.815883272097215,6.037974487199405,119.05,18.29,N/A,N/A,30.25092936802976,0.3379864864864865,0.4845345345345347,0.7680180180180183,0.1361861861861864,01 | Green
DQ,2024-10-30,DT SW,6.663705019991117,8.215396331789025,1523164743.87,2018612.666666667,45438971.12666667,-0.589151266255989,58.44,24.01,2010-10-07,2.98319477978574,2.215699957627664,-90.32,5.62,N/A,N/A,0.7609668755595322,0.04956268221574334,0.04956268221574334,0.04956268221574334,-0.2378175760099959,04 | Downtrend
JKS,2024-10-30,DT SW,6.58112582781456,7.381267738883593,1265263742.08,2223630.3,53722908.04799999,-0.5797290680594092,61.27,25.75,2010-05-14,4.245984948535988,1.702136816538253,200,9.13,N/A,N/A,-5.366235801018416,0.1238834951456311,0.1572815533980583,0.1572815533980583,-0.1856310679611651,04 | Downtrend
ENVX,2024-10-30,UDS,9.124530979540513,8.152777415138598,2041156658.5955,6398088.304761933,59510538.74908216,-0.5146443514644352,20.9125,10.15,2021-07-15,2.915530196983057,2.623248034719569,15,5.04,N/A,151000,3.204438280166433,0.02327093596059115,0.396551724137931,0.396551724137931,0.0672413793103448,04 | Downtrend
ATEC,2024-10-31,DT,24.11032028469751,5.357142857142839,868015047.12,1859089.533333333,10448083.17733333,-0.6355799373040752,19.14,6.975,2006-06-02,1.20367535240307,8.975541898771022,-12,2.38,18.18181818181817,38.25083745812709,7.662835249042144,0.5168458781362009,0.7519713261648748,0.8336917562724013,0.6903225806451612,04 | Downtrend
PTON,2024-10-31,U,18.49624060150374,6.698066595059091,2918497476.65,13768985.26666667,91563752.02333334,-0.5580482333146382,17.83,7.88,2019-09-26,3.137359300664357,8.342527482986291,100,1.94,58.51648351648351,-3.560459967145204,42.70386266094421,0.318527918781726,0.3826142131979695,0.3826142131979695,-0.01649746192893398,04 | Downtrend
TDOC,2024-10-31,DT SW,5.756207674943559,5.471138342470169,1609720426.06,4719978.566666666,41819010.10066666,-0.7302044342067378,34.73,9.37,2015-07-01,2.597905165620848,3.002481430759604,29.63,1.48,90.01135073779795,8.457559806118727,2.073732718894017,0.3223052294557098,0.3265741728922094,0.6232657417289222,0.08431163287086463,04 | Downtrend
MBLY,2024-10-31,DT SW,13.52657004830917,6.401828847481007,10559329967.16,6667246.366666666,82807199.874,-0.7069216379131158,48.11,14.1,2022-10-26,0.7842088478296841,2.370368234630158,11.11,2.94,N/A,N/A,0.2421307506053294,0.3581560283687943,0.59645390070922,0.59645390070922,0.1719858156028369,04 | Downtrend
LTBR,2024-11-01,UDS,6.481481481481466,20.37441211052321,364092644.52,2400708.466666667,23334886.296,-0.2711267605633803,14.2,10.35,2000-11-13,6.40905182986145,1.620813628154822,N/A,N/A,N/A,-100,211.5384615384615,0.07439613526570055,0.07439613526570055,0.6328502415458936,-0.1256038647342994,04 | Downtrend
HIMS,2024-11-05,CPH,6.358381502890165,6.637971373520496,4843586453.88,11885669.2,246746492.592,-0.1421911421911422,25.74,22.08,2021-01-21,5.094293142932163,3.514934859536559,700,5.06,358.8235294117647,56.70187639417399,10.72000000000002,0.5860507246376814,1.012228260869565,2.305253623188406,0.9112318840579714,04 | Downtrend
DJT,2024-11-06,UDS,30.99587507365942,16.97737604175439,9433326839.56,56992267.9,1934317572.526,-0.4399092970521542,79.38,44.46,2024-03-26,20.50514739311442,3.091896927302309,N/A,N/A,N/A,N/A,64.99756927564412,0.0294646873594242,0.0294646873594242,0.0294646873594242,-0.2717049032838507,04 | Downtrend
EBS,2024-11-07,UDS,24.23913043478261,7.422903726708078,471714691.2,1515886.9,13946159.48,-0.443524829600779,20.54,11.43,2006-11-15,2.956481903186483,3.710232603764833,878.57,-1.24,-140.2799377916018,21.89628077527501,8.875739644970416,0.1137357830271217,0.1137357830271217,0.1137357830271217,-0.1251093613298337,04 | Downtrend
ARQT,2024-11-07,UDS,6.62525879917184,5.792073351079548,1214184343.26,1828002.266666667,17658501.896,-0.4878170064644455,20.11,10.3,2020-01-31,1.454350980065198,2.930395709939674,21.43,18.97,68.25396825396825,1777.771389144434,-1.226993865030668,0.3106796116504853,0.5728155339805823,0.7233009708737863,0.1271844660194172,04 | Downtrend
CDE,2024-11-07,UDS,7.952622673434862,5.553178631858797,6075095838.18,9728377.1,57494708.661,-0.1735751295336787,7.72,6.38,1979-07-27,0.9464000271347895,2.106517643112334,71.43,8.4,97.01492537313433,25.47678504195443,-7.656249999999998,0.08463949843260199,0.165360501567398,0.1747648902821317,0.08463949843260199,04 | Downtrend
LB,2024-11-07,UT,6.922326941826462,5.328601606388406,1748011945.36,343528.1333333334,21140721.32533333,0.0,0.0,65.8,2024-06-28,1.209415151964504,2.177772145590405,-115.38,-14.5,N/A,-34.51682370184255,30.96403490104276,0.2282036474164133,0.2872340425531916,0.2872340425531916,-0.005775075987841882,04 | Downtrend
ASPN,2024-11-07,DT,11.38849347568209,6.761142179291656,1399190898.24,2886209.966666667,48661500.038,-0.4334811463046757,33.15,18.7801,2014-06-13,3.477831373775361,2.528403021360227,-112.5,7.3,90.2654867256637,93.0900149694299,-23.36363636363636,0.008248092395674034,0.008248092395674034,0.008248092395674034,-0.3892471286095388,04 | Downtrend
LCID,2024-11-08,DT,5.855855855855863,5.228442728442756,8748357907.199999,4808663.456666666,106752328.738,-0.8680516563728242,178.1,23.5,2021-07-26,1.220255616772853,2.145024286467759,6.67,1.04,13.0718954248366,4.983523345400405,-34.70588235294117,0.02553191489361706,0.5488936170212766,0.5488936170212766,0.2042553191489362,04 | Downtrend
UPST,2024-11-08,CPH,17.66720749954931,5.474593731489385,5397954661.62,6593358.933333334,365733620.032,-0.1007164508128962,72.58,65.27,2020-12-16,6.775411113257449,6.060873737355761,60,7.94,28.96341463414635,-2.311182505310046,17.97107613781368,0.3186762678106327,0.3628006741228744,0.477392370154742,0.05484908840202229,04 | Downtrend
AAOI,2024-11-08,CPH,8.938547486033531,6.971987230646453,1513789342.3,2673035.9,47847342.60999999,-0.2121212121212122,24.75,19.5,2013-09-26,3.160766248842944,7.269061743615191,-23.53,4.08,11.76470588235293,3.930523431399991,0.2239641657334701,1.282051282051282,1.282051282051282,1.282051282051282,0.5184615384615385,04 | Downtrend
SEZL,2024-11-08,UT,39.73721403760931,8.390175042348966,1405763459.43,536807.4,22409024.913,0.0,0.0,58.3333,2020-05-05,1.594082188057887,7.066478591763079,N/A,N/A,N/A,N/A,39.34368772593903,0.3643579224902416,0.3643579224902416,0.4027905158802949,-0.2733704419259668,04 | Downtrend
GCT,2024-11-08,DT SW,7.052896725440805,5.987345567950091,850617845.34,1511847.233333333,36012201.098,-0.4355909694555112,45.18,25.5,2022-08-18,4.233652197081004,2.510081651327337,46.27,8.49,N/A,N/A,-5.625990491283672,0.1450980392156862,0.1450980392156862,0.1450980392156862,-0.2239215686274511,04 | Downtrend
INOD,2024-11-08,CPH,24.63023829087923,5.257688695856332,836873725.34,504858.3666666666,12288252.64466667,0.0,0.0,30.335,1993-08-10,1.468352067054593,19.03220909943654,169.23,44.62,248.6486486486486,73.47389767054908,46.98067632850243,0.6388659963738257,0.8186912806988627,1.340530740069227,0.4135487061150487,04 | Downtrend
EVGO,2024-11-12,DT,17.77777777777778,10.53624338624339,1698384888.0,12612072.2,68105189.88,-0.298787210584344,9.07,6.36,2021-07-02,4.009997401719698,1.99987524651183,0,2.4,23.07692307692308,82.00837556306307,-29.2267365661861,0.1242138364779874,0.1242138364779874,0.1242138364779874,-0.5518867924528301,01 | Green
ENSC,2024-11-13,UDS,16.60243107026387,21.02409893693617,196883298.486,3677586.982222233,37213502.67310677,-0.9860828025477707,847.8,11.799,2021-07-01,18.90129988641619,0.319981790330334,124.14,1267.6,39.29618768328442,40.40883469092872,290.3935185185185,0.02974828375286043,0.02974828375286043,0.02974828375286043,-0.4872446817526909,01 | Green
RKLB,2024-11-13,UT,31.24147339699863,5.054765152991636,9373765098.74,13298687.43333333,194958757.7726667,0.0,0.0,19.24,2021-08-25,2.079834044474536,9.098736368275622,9.09,2.47,-2.77777777777778,53.92299133113051,31.00983020554067,0.4604989604989607,0.7328482328482331,0.7328482328482331,0.470893970893971,01 | Green
HUT,2024-11-13,UT,6.747694886839906,7.419321039396467,2940970906.48,5567666.533333333,132844523.4853333,0.0,0.0,25.47,2023-12-04,4.517029501809413,3.23087040006874,41.03,-17.39,N/A,N/A,84.9612403100775,0.2544169611307421,0.2544169611307421,0.2544169611307421,-0.1963093835885356,01 | Green
CBRL,2024-11-14,DT SW,10.44842058758559,5.284767584966382,1011850594.2,563557.7666666667,25512260.097,-0.5873566064207312,121.17,50.0,1981-11-05,2.521346554841011,2.112441830127677,25,2.12,-58.87640449438202,0.8119534984233799,-9.114635615338285,0.1840000000000002,0.3086000000000002,0.3086000000000002,-0.0534,01 | Green
BTCS,2024-11-14,UT,22.30215827338129,10.56252141144227,207563297.07,3834508.733333333,15989901.418,-0.0573012939001849,5.41,5.1,2008-09-09,7.70362662557218,10.3615108904607,-66.67,23.19,228.125,61.77716079997072,253.3898305084746,0.05096078431372542,0.05096078431372542,0.05096078431372542,-0.4313725490196079,01 | Green
LUNR,2024-11-14,UT,20.83333333333335,6.934523809523796,1886919153.84,11842761.46666667,139270874.848,-0.8955147058823529,136.0,14.21,2023-02-14,7.380860730814828,5.31564138796412,-8200,14.91,N/A,N/A,40.83832335329343,0.2061928219563687,0.7558057705840955,0.7558057705840955,0.3807178043631245,01 | Green
NN,2024-11-14,UT,9.882005899705003,6.075115887062788,2289062379.6,876475.7,11885010.492,-0.02614379084967322,15.3,14.9,2021-10-29,0.5192086767891767,4.364281862007127,26.67,46.09,-19.04761904761906,43.4393063583815,64.36363636363637,0.2147651006711411,0.2441744966442954,0.2441744966442954,-0.1463087248322147,01 | Green
TARS,2024-11-14,UT,9.665627351897644,6.930222556714321,2040778728.98,831802.4666666667,38682973.71233334,-0.0114363248691608,51.59,51.0,2020-10-16,1.895500632333004,1.458311376330775,35.11,10.77,1.308900523560216,801.9622851576091,25.45184785540868,0.0674509803921568,0.1231372549019607,0.1231372549019607,-0.01529411764705879,01 | Green
TWST,2024-11-18,UDS,19.27351585795609,6.525190721449854,2313276871.36,708957.2,26153431.108,-0.277504105090312,60.9,44.0,2018-10-31,1.130579371271893,2.891542677047359,14.49,2.48,-0.7518796992481042,33.54065388291572,-18.65490628445424,0.2252272727272726,0.2575568181818182,0.2575568181818182,0.06136363636363651,01 | Green
SYM,2024-11-19,DT U,24.83638743455499,6.214098728496629,3968930523.36,1432567.966666667,43779277.06133333,-0.405207358902401,64.14,38.15,2022-06-08,1.103049720917535,7.072618008886094,-16.67,22.65,40.625,74.53461800729787,3.698676620291819,0.07470511140235914,0.07470511140235914,0.07470511140235914,-0.2985583224115334,01 | Green
LX,2024-11-26,UDS,6.764705882352939,6.242016806722696,560280131.6,3308896.7,11250248.78,-0.2276595744680852,4.7,3.63,2017-12-21,2.007968540285821,4.726645591565309,N/A,N/A,N/A,N/A,4.615384615384621,0.753443526170799,1.648760330578512,2.205234159779614,1.512396694214876,04 | Downtrend
SMTC,2024-11-26,UT,18.8248502994012,5.027774807527801,4977998417.92,1210129.766666667,64669334.73066666,0.0,0.0,63.5,1972-06-01,1.299103159572477,5.689511314943552,13.04,2.04,-422.707423580786,12.49590217780913,11.892797319933,0.1066141732283463,0.2523228346456692,0.2523228346456692,-0.3877165354330708,04 | Downtrend
ARWR,2024-11-27,DT SW,6.27078384798101,5.085850016966396,2973406530.35,1291977.466666667,27196125.67333333,-0.4733992467043314,42.48,22.37,1995-02-01,0.91464538722635,5.180327964440247,-48.91,-100,-160.4166666666667,-98.52493405611979,6.798579401319116,0.2221725525257041,0.2221725525257041,0.2221725525257041,-0.1533303531515422,04 | Downtrend
IREN,2024-11-27,U,11.9246861924686,11.19874476987446,3416540123.44,18401930.03333334,175922451.1186667,-0.3206349206349207,15.75,10.7,2021-11-17,5.149140497771653,2.420804063449134,-214.29,N/A,N/A,N/A,-7.36434108527132,0.4878504672897197,0.4878504672897197,0.4878504672897197,-0.2654205607476635,04 | Downtrend
CRDO,2024-12-03,UT,34.82217573221757,5.717887029288677,8913643524.4,2623899.866666667,125422413.6266667,0.0,0.0,64.445,2022-01-27,1.407083571194409,6.339658083496987,40,7.82,15.78947368421053,25.90353080047679,19.29124032942351,0.2253859880518272,0.3451780588098379,0.3451780588098379,-0.2176274342462564,01 | Green
CHPT,2024-12-05,DT,9.836065573770503,5.943793911007019,631902196.4,642661.8683333334,15680949.58733333,-0.9018315018315018,273.0,26.8,2021-03-01,2.481546935058784,4.712032873295233,-11.11,11.2,8.490566037735855,-20.9410551788821,0.0,0.1194029850746268,0.1194029850746268,0.1194029850746268,-0.4601492537313433,01 | Green
WOOF,2024-12-06,UDS,21.83673469387755,6.598104956268219,1399269739.7,3292287.033333333,16132206.46333333,-0.5252485089463221,12.575,5.97,2021-01-14,1.152901831979304,5.52756573644637,50,0.73,-2570,1.062186435593713,5.603448275862077,0.05360134003350092,0.05360134003350092,0.05360134003350092,-0.5778894472361809,01 | Green
RR,2025-01-15,U,13.46153846153846,36.28626373626374,581349529.8000001,25428974.43333333,66115333.52666667,-0.7599674532139951,12.29,2.95,2023-11-17,11.37273363744048,1.25589386562664,N/A,N/A,N/A,N/A,207.5831065893765,0.3220338983050846,0.3220338983050846,0.3220338983050846,-0.3220338983050848,04 | Downtrend
NXT,2025-01-29,DT SW,25.94649167087331,5.492355952981911,6011523582.4,2537649.333333333,100541666.5866667,-0.199165463007543,62.31,49.9,2023-02-09,1.672482278552871,4.669975021502839,74.58,5.11,N/A,N/A,6.419554123019067,0.04749498997995993,0.04749498997995993,0.3600981963927856,-0.1368737474949899,01 | Green
CLS,2025-01-30,UTU,16.52900786147875,6.583704135450577,12672906147.33,3176313.833333333,319187777.1116667,-0.1076735502552769,131.23,117.1,1998-06-30,2.518662833930282,3.23664081682105,4.72,0.63,N/A,N/A,7.109358345768491,0.2320239111870197,0.2320239111870197,0.8315106746370624,-0.271135781383433,01 | Green
IESC,2025-02-04,UDS,6.043931056437324,9.219382418481972,4381166640.84,204394.8333333333,44944379.90166666,-0.2715060062170985,320.085,233.18,2006-05-15,1.025854152241274,1.877694233954055,N/A,N/A,117.84140969163,21.33288070512408,-2.561262019763377,0.0664113560339652,0.0664113560339652,0.5905309203190667,0.02165708894416318,01 | Green
LUMN,2025-02-05,DT,8.829365079365093,7.178287981859448,5198484836.16,12540498.9,63204114.456,-0.4690222652468538,10.33,5.485,1978-10-24,1.215818001744666,2.810459398868094,280,4.03,99.4269340974212,-9.953974033111217,-13.40206185567011,0.004557885141294404,0.004557885141294404,0.004557885141294404,-0.2288058340929808,01 | Green
MOD,2025-02-05,DT SW,5.573038270226371,7.679894716997533,5232132865.08,1050465.766666667,103481382.6743333,-0.2917379185130855,146.8383,104.0,1984-06-19,1.977804947672159,1.864419633792286,16.46,0.48,68.62745098039214,8.652593171748762,-19.76706303958299,0.02673076923076922,0.02673076923076922,0.3775413461538462,-0.1311538461538462,01 | Green
COHR,2025-02-06,UDS,14.59489456159824,6.103282067544027,17644485364.6,3371589.3,303780195.9299999,-0.09110915492957739,113.6,103.25,1987-10-02,1.721672180586643,2.705435386213855,41.79,4.74,86.69950738916256,2.294488244319439,-7.52335009750591,0.039903147699758,0.039903147699758,0.0809685230024213,-0.3240677966101694,01 | Green
AMSC,2025-02-06,UDS,9.717868338557988,6.287253694581274,1236243489.36,965815.1,24647601.352,-0.2635455023671752,38.02,28.0,1991-12-11,1.99374973976688,6.820492866595273,128.57,8.35,106.1855670103093,68.81254371044474,-10.61295971978985,0.2657107142857142,0.2657107142857142,1.086282142857143,-0.2553571428571428,01 | Green
PTON,2025-02-06,UDS,17.54617414248021,5.766961929890636,3326648251.58,10704641.2,81141180.29599999,-0.4557116676847893,16.37,8.91,2019-09-26,2.439127138177647,6.078533019864318,-26.32,3.16,72.70992366412214,-15.35997950294645,-13.27231121281465,0.1503928170594837,0.1503928170594837,0.1503928170594837,-0.2154882154882155,01 | Green
LEU,2025-02-07,UDS,16.00048893778268,8.0244818132607,1632343312.98,678784.7,55531376.307,-0.1982081769247861,118.3599,94.9,1998-07-23,3.401942218002053,6.337131641299517,95.12,42.12,-48.96755162241887,14.81854838709678,12.96603148301574,0.2955216016859852,0.2955216016859852,1.7913593256059,-0.2360379346680717,04 | Downtrend
CLSK,2025-02-07,DT SW,11.27167630057804,8.465868428296194,2665761217.74,22843488.23333333,237115407.862,-0.5327669902912621,24.72,11.55,2011-04-11,8.894847981284071,2.523705154446443,618.75,4.399999999999999,N/A,207.6585761743322,2.87413280475719,0.07965367965367953,0.07965367965367953,0.1826839826839826,-0.3047619047619049,04 | Downtrend
ULCC,2025-02-07,CPH,14.95673671199011,5.183736535405264,1862445587.39,2358400.166666667,19079457.34833333,-0.3371347113328581,14.03,9.3,2021-04-01,1.024430323093142,2.490325468514991,76.92,1.57,700,5.182502089718585,-0.85784313725491,0.1032258064516127,0.1032258064516127,0.1032258064516127,-0.624731182795699,04 | Downtrend
BYRN,2025-02-07,UDS,6.363636363636371,7.056051948051964,626927290.0,458408.8666666666,12606243.83333333,-0.1022099447513811,32.58,29.25,2006-09-12,2.010798386736894,2.680371365708023,320,-0.08,245.945945945946,101.0974580245755,0.03637686431430254,0.1890598290598291,0.1890598290598291,0.1890598290598291,-0.2861538461538462,04 | Downtrend
UPST,2025-02-12,UDS,23.90852390852389,5.648012219440805,6553060517.64,4436586.866666666,298759759.6013333,-0.06194491287240023,88.95,83.44,2020-12-16,4.559087449247726,7.964657531105407,750,20.36,37.45928338762215,7.250227332586132,18.14035087719299,0.1556735378715246,0.1556735378715246,0.1556735378715246,-0.3652924256951102,04 | Downtrend
AUR,2025-02-13,UT,5.891472868217051,7.488815060908066,12926801478.6,14523163.0,93674401.35000001,-0.3051881993896236,9.83,6.83,2021-11-04,0.724652587146756,2.732291237108611,8.33,-100,21.66666666666666,N/A,-3.443113772455086,0.5768667642752561,0.5768667642752561,0.5768667642752561,0.07174231332357262,01 | Green
PGY,2025-02-13,U,15.44991511035654,7.748847926267278,982756430.54,2044220.1,24080912.778,-0.5995288574793876,33.96,13.6,2022-06-23,2.450343953971193,7.282240791977341,145.95,5.38,N/A,N/A,33.71169125993188,0.411764705882353,0.411764705882353,2.05,0.1000000000000001,01 | Green
HIMX,2025-02-13,UDS,9.518599562363228,10.15934667083464,1594252853.96,4699900.466666667,42957090.26533334,-0.280373831775701,13.91,10.01,2006-03-31,2.694496682796037,1.914442883166306,40,7.3,N/A,N/A,10.65375302663438,0.1788211788211789,0.1788211788211789,0.1788211788211789,-0.1598401598401598,01 | Green
WGS,2025-02-18,UDS,24.38768827766864,8.68992422116194,2276951005.35,1101832.533333333,84124913.92,-0.03944573682613539,98.87,94.97,2021-07-23,3.694629955687993,4.575150803316268,500,16.29,73.65591397849462,50.79035968523839,9.88773747841103,0.2172254396125093,0.2398652205959777,0.3410024218174161,-0.2807202274402443,01 | Green
ORIC,2025-02-19,DT SW,9.171974522292992,19.98152866242032,813673349.5999999,1282066.633333333,10064223.07166667,-0.4852852852852853,16.65,8.57,2020-04-24,1.236887391803384,1.466020525870223,0,N/A,13.33333333333334,N/A,-21.50000000000001,0.1120186697782963,0.1120186697782963,0.4002333722287048,-0.4002333722287048,01 | Green
SEDG,2025-02-19,DT SW,34.46544595392795,6.011686777487134,1041630913.64,3916330.0,66303466.9,-0.9329455081001473,339.5,22.765,2015-03-26,6.365351299751771,7.88015642195627,-112.05,3.69,-637.8698224852071,-58.39580578316392,23.57664233576642,0.04413353832637812,0.04413353832637812,0.4627717988139686,-0.08807379749615629,01 | Green
W,2025-02-20,DT SW,6.237858838765376,5.298603188307453,6345730683.099999,3498555.166666667,162088060.8716666,-0.4573916877962738,90.71,49.22,2014-10-02,2.554285218932169,3.106426648219687,-2400,1.66,66.34692246203038,0.5886805146749643,-2.973821989528802,0.03616416091019903,0.03616416091019903,0.6647704185290533,-0.2251117431938237,01 | Green
BORR,2025-02-20,DT,7.38255033557047,5.495445829338443,919367968.18,5802508.266666667,17291474.63466667,-0.6448390677025526,9.01,3.2,2018-05-07,1.880800205482167,1.593352146193697,0,6.18,N/A,N/A,-12.6099706744868,0.009374999999999911,0.009374999999999911,0.009374999999999911,-0.471875,01 | Green
SEI,2025-02-21,UDS,19.29107021131562,5.443981887233395,1931497383.6,936908.4666666667,27488894.412,-0.04162102957283687,36.52,35.0,2017-05-12,1.423190869705717,3.84569691510953,-7.69,2.48,N/A,N/A,-12.73051754907792,0.115,0.115,0.115,-0.3791428571428571,01 | Green
MP,2025-02-21,UDS,5.996548748921482,5.00261925305065,4128394809.84,2990505.5,69319917.49,-0.329968175533612,36.6699,24.57,2020-11-18,1.679100974663965,1.558821409958952,7.69,20.26,-514.2857142857141,-19.56637534770858,8.267164876226051,0.1106023606023607,0.2096052096052095,2.357753357753358,-0.2063492063492064,01 | Green
INOD,2025-02-21,UT,8.971774193548377,6.807669145370772,1875917438.56,1637920.766666667,89364957.02933334,-0.04603975329084598,62.3244,59.455,1993-08-10,4.763800111476765,7.842933712931129,24,11.64,248.6486486486486,73.47389767054908,37.5,0.1941804726263561,0.1941804726263561,0.1941804726263561,-0.4145151795475569,01 | Green
PTLO,2025-02-25,DT SW,7.663964627855546,5.122591851773906,984078460.46,1973779.333333333,26784185.55333333,-0.3909962484368487,23.99,14.61,2021-10-21,2.721753054203957,1.710645127841039,183.33,-0.6799999999999999,48.38709677419356,4.507681944268767,1.382144191258883,0.04722792607802884,0.04722792607802884,0.04722792607802884,-0.2176591375770021,03 | Yellow
DOCN,2025-02-25,DT SW,21.06537530266344,5.583458242053867,4370431873.5,1290102.033333333,47953092.579,-0.1294254207777132,51.69,45.0,2021-03-24,1.097216338498772,3.269607279899644,44.12,2.19,N/A,12.66171538092956,-7.399103139013452,0.02444444444444449,0.02444444444444449,0.02444444444444449,-0.378,03 | Yellow
SMCI,2025-02-26,DT SW,20.81686429512517,12.31327247631596,29458597649.58,82333376.23333333,3749461953.666,-0.5523189585028478,122.9,55.02,2007-03-29,12.72790374568104,1.755325721010444,15.52,-7.95,19.22005571030641,171.0316502871162,61.6039744499645,0.02126499454743724,0.02126499454743724,0.1333696837513629,-0.2713558705925118,03 | Yellow
STRL,2025-02-26,DT,6.149732620320858,6.992995145272167,3546432776.92,621081.9,72008235.486,-0.4027757558111321,206.07,123.07,1992-10-01,2.030441291729138,3.11735859634615,9.77,-6.1,57.75401069518716,9.22317190508344,-16.99599083619703,0.09636792069553923,0.554724953278622,1.614690826358983,0.4983342813033234,03 | Yellow
RCUS,2025-02-26,DT,13.18359375,7.453683035714281,1303893770.24,985859.5333333333,10095201.62133333,-0.5449548488417746,25.47,11.59,2018-03-15,0.7742349761725733,1.688081256741579,14.17,22.53,24.33734939759037,120.5128205128205,-21.77234530175707,0.007765314926660993,0.007765314926660993,0.007765314926660993,-0.2217428817946506,03 | Yellow
AXON,2025-02-26,DT,17.77912010470151,6.45801872546059,40346562159.75,752099.3666666667,373530150.455,-0.1830193159122333,715.99,584.95,2001-06-07,0.9258041589170047,3.773421605948256,48.57,1.6,136.3636363636364,46.08061505001844,-22.09778363371136,0.02742114710659016,0.2801094110607742,0.5145140610308572,0.2503119924779895,03 | Yellow
JACK,2025-02-26,DT,11.60530191458027,5.885545970965733,651138253.5,601581.7333333333,20423699.84666667,-0.6194254720771395,99.56,37.89,1992-03-01,3.136614956483534,3.937661116926645,13.61,-0.22,-120.952380952381,-1.550154328622474,-14.02886806786528,0.08445500131960948,0.08445500131960948,0.08445500131960948,-0.4645025072578517,03 | Yellow
SMCI,2025-02-26,DT SW,20.81686429512517,12.31327247631596,29458597649.58,82333376.23333333,3749461953.666,-0.5523189585028478,122.9,55.02,2007-03-29,12.72790374568104,1.755325721010444,-32,-4.41,19.22005571030641,171.0316502871162,61.6039744499645,0.02126499454743724,0.02126499454743724,0.1333696837513629,-0.2713558705925118,03 | Yellow
ARQT,2025-02-26,UDS,13.52459016393444,8.55661592505854,1533441924.2,2173552.333333333,26517338.46666667,-0.2115719604248973,17.5666,13.85,2020-01-31,1.729269172062113,1.820168734530891,66.67,23.57,69.31216931216932,229.7352615508506,-12.41923905240489,0.2815884476534296,0.2815884476534296,0.2815884476534296,0.009386281588447787,03 | Yellow
INVZ,2025-02-26,DT,9.511504860342068,18.46490534198173,242271649.1097,12792690.93333333,10396619.92152,-0.8161157024793388,4.84,0.89,2021-04-06,4.29130686967522,1.97755195774187,15.38,2.85,N/A,N/A,-50.74545454545454,0.1348314606741572,0.3146067415730336,1.348314606741573,-0.02696629213483148,03 | Yellow
ACMR,2025-02-26,U,20.61900610287708,6.084786399302541,1597752556.24,1587521.4,36417740.916,-0.1956371966197576,34.3999,27.67,2017-11-03,2.279310446024388,3.744274565369639,43.59,14.64,42.15686274509805,59.15016730971666,35.73964497041422,0.107336465486086,0.107336465486086,0.1760028912179255,-0.1900975786049874,03 | Yellow
ESTA,2025-02-27,DT SW,5.379922351636157,6.129664844307122,1074656189.46,575234.0666666667,20742940.444,-0.5242864296444667,79.88,38.0,2018-07-19,1.930193176891583,3.150310638764904,-48.48,0.14,2.000000000000002,0.03041159046535816,6.591782441619887,0.229736842105263,0.229736842105263,0.2397368421052632,-0.02907894736842098,04 | Downtrend
CDNA,2025-02-27,DT SW,6.06635071090047,7.658429248476628,1091592105.3,899306.4666666667,18975366.44666667,-0.3576349024110219,34.84,22.38,2014-07-17,1.738320234686171,1.402087104603644,20,2.39,43.55828220858896,2.224635513532495,-6.471631205673745,0.02534852546916877,0.02534852546916877,0.02534852546916877,-0.2122430741733691,04 | Downtrend
MARA,2025-02-27,DT,14.13654618473896,7.438267355134816,4809426247.65,34492687.36666667,429433957.715,-0.5831622176591376,34.09,14.21,2011-03-09,8.929005989536313,2.621188921550165,1650,16.57,118.2879377431907,216.611526765575,-32.41042345276875,0.1428571428571426,0.2132301196340602,0.5130190007037296,0.1569317382125264,04 | Downtrend
CORZ,2025-02-27,DT,18.41317365269461,7.989378386084998,3219831218.82,11756162.7,117796750.254,-0.3630829683071373,18.6288,11.865,2024-01-24,3.658475933939481,2.195048474448214,-30,1.49,9.415584415584432,-20.2465044439204,-12.56544502617802,0.0,0.0,0.5347661188369153,-0.04930467762326174,04 | Downtrend
CERT,2025-02-27,DT,6.082725060827254,5.613254547561135,1880803157.4,1366755.6,16852096.548,-0.4759615384615384,24.96,13.08,2020-12-11,0.8960053305788862,1.575359925359003,15.38,1.24,77.14285714285714,8.695394497328813,-11.23110151187905,0.01452599388379205,0.1758409785932722,0.1758409785932722,-0.1169724770642201,04 | Downtrend
ROOT,2025-02-27,UTU,21.46692331070814,10.30946350782237,1529338904.92,433471.7333333333,42787994.79733333,-0.15100919445005,141.2265,119.9,2020-10-28,2.797809868020821,6.218347801532926,526.32,13.52,116.7641325536062,158.5714285714286,8.27026434134035,0.5107589658048373,0.5107589658048373,0.5107589658048373,0.1042535446205171,04 | Downtrend
PZZA,2025-02-27,DT SW,5.406574394463659,6.908814260998492,1522298806.88,1963319.466666667,90783892.13866666,-0.4443684450524396,87.72,48.74,1993-06-08,5.963605287501416,0.936796090104813,26,2.13,20.75471698113207,-1.12432498086522,18.9606380241832,0.03528929011079196,0.03528929011079196,0.1380796060730405,-0.09089043906442351,04 | Downtrend
JOBY,2025-02-27,DT,5.820895522388048,6.557782515991484,6627132387.900001,11890176.03333333,79664179.42333333,-0.4081803005008348,11.98,7.09,2021-08-11,1.202091263014247,1.608154155699198,-78.95,22.91,-7.4074074074074,-86.82170542635659,-19.56782713085234,0.01551480959097318,0.06629055007052176,1.954866008462623,-0.02961918194640334,04 | Downtrend
ADTN,2025-02-27,UDS,15.78699340245053,5.118015349400851,864517728.27,1160243.7,12310185.657,-0.3063241106719368,17.71,12.285,1994-08-09,1.42393675160764,1.72178827603201,100,2.06,-331.4285714285715,-18.19856241683039,8.04480651731161,0.01261701261701265,0.01261701261701265,0.01261701261701265,-0.3463573463573464,04 | Downtrend
ANAB,2025-02-28,DT SW,18.59756097560976,10.72944250871078,485579088.4,1207964.1,19810611.24,-0.5291503160381812,41.3083,19.45,2017-01-26,4.079790854519015,0.7543444378851987,58.62,327.28,-9.057301293900172,601.1439466158246,-5.855338691159606,0.06529562982005133,0.1575835475578407,0.4652956298200515,0.07455012853470433,04 | Downtrend
HUT,2025-03-03,DT,11.93220338983052,8.903874092009676,1818077153.0,4931775.933333334,72743695.01666667,-0.4832550860719874,31.95,16.51,2023-12-04,4.001133554570699,1.268724509098068,N/A,N/A,N/A,N/A,-31.99631166436146,0.05693519079345832,0.07904300423985466,0.7359176256814051,-0.02725620835857079,04 | Downtrend
ONON,2025-03-04,DT,6.248693834900743,5.024958949096888,15992173538.55,4632120.166666667,221646949.975,-0.2062451209992193,64.05,50.84,2021-09-15,1.385971390572445,2.412391431555046,111.11,16.31,N/A,N/A,-18.23308270676692,0.0717938630999213,0.2055114083398899,0.2055114083398899,0.1414240755310778,04 | Downtrend
OPFI,2025-03-05,DT,20.32085561497328,10.72864782276544,796697109.4499999,2345571.566666667,21931094.14833333,-0.365414229387244,17.7281,11.25,2021-07-21,2.752751815991082,1.615344871094461,53.33,1.67,400.0000000000002,17.67905645320702,-37.66666666666667,0.002666666666666595,0.2542222222222221,0.3360088888888888,0.2044444444444444,04 | Downtrend
EOSE,2025-03-05,UTU,6.598984771573613,10.17313270485862,1434820911.36,6854263.9,27005799.766,-0.3674698795180722,6.64,4.2,2020-11-17,1.88217216184858,1.908642443720324,-480.95,11.62,-109.3023255813953,-4.713640249114666,-33.67003367003367,0.1857142857142857,0.7523809523809524,0.925,-0.06666666666666676,04 | Downtrend
CBRL,2025-03-06,DT,26.48299826259619,5.50733964471866,900540323.4,702054.3,28285767.747,-0.5794338532640093,121.17,50.96,1981-11-05,3.14097736792138,4.032045669401925,26.61,0.5599999999999999,-58.87640449438202,0.8119534984233799,-32.74912368552829,0.001569858712715755,0.1903453689167973,0.4114992150706438,0.08673469387755106,04 | Downtrend
GAP,2025-03-07,SW,15.29774127310062,5.357509533587577,7012389614.84,5884782.366666666,114635560.5026667,-0.1495645588792124,26.41,22.46,1976-05-19,1.634757433615335,5.181135528937233,42.11,1.94,N/A,N/A,-15.78037181150022,0.03806767586821014,0.3040961709706143,0.3040961709706143,-0.02270703472840607,04 | Downtrend
HSAI,2025-03-11,UT,15.55277951280449,9.91433925225309,2515846798.11,3706580.733333333,59342357.54066668,-0.0832507433102081,20.18,18.5,2023-02-09,2.358742892661307,7.235096421569917,N/A,N/A,N/A,N/A,-6.319485078993559,0.307027027027027,0.307027027027027,0.6454054054054055,0.1145945945945948,04 | Downtrend
UEC,2025-03-12,DT,8.893280632411082,7.725719932241691,2504054171.96,7625604.6,38585559.27599999,-0.3829787234042553,8.93,5.51,2006-02-17,1.540923503495849,1.525409801604453,N/A,N/A,-500.0000000000001,-87.20852396593244,-26.56023222060958,0.05535390199637025,0.2938294010889293,1.3502722323049,0.1306715063520871,04 | Downtrend
EH,2025-03-12,UDS,11.06904231625836,8.664333439389111,1702728376.9,2584452.533333333,58020959.37333333,-0.1621303763440861,29.76,24.935,2019-12-12,3.407528773260167,2.347244502175419,200,-3.66,N/A,N/A,8.401738290680827,0.03428915179466618,0.03428915179466618,0.03428915179466618,-0.3210346901945057,04 | Downtrend
GIII,2025-03-13,DT SW,15.62746645619575,5.479760965159542,1069109119.82,469611.1,11899945.274,-0.1901603095632947,36.18,29.3,1989-12-14,1.1130711592848,3.52186734938761,30.93,4.02,-22.80334728033472,-12.08719682899154,-13.36752136752137,0.03238566552901023,0.03238566552901023,0.03238566552901023,-0.2989761092150172,04 | Downtrend
BTBT,2025-03-14,DT,9.691629955947146,10.98646947765892,818638051.8100001,17309970.16666667,39293632.27833334,-0.5662020905923344,5.74,2.49,2018-03-20,4.799878553343023,0.9957240731235228,766.67,4.17,N/A,N/A,-27.93650793650794,0.09638554216867457,0.1004016064257027,0.8032128514056225,0,04 | Downtrend
ALLO,2025-03-14,DT,7.407407407407396,10.69538926681785,652977765.0899999,7872997.566666666,14879965.401,-0.7053701015965167,6.89,2.03,2018-10-11,2.278785924502206,0.7008837425992346,17.65,-100,36.84210526315789,-76.84210526315789,34.04255319148937,0.03448275862068972,0.03448275862068972,0.03448275862068972,-0.3399014778325122,04 | Downtrend
SMTC,2025-03-14,DT,13.9101192295934,8.363584749093752,3046974705.28,3301493.0,107991836.03,-0.5314533622559653,79.5225,37.26,1972-06-01,3.54423145826792,2.454629769016624,25,0.7000000000000001,-640.7692307692307,6.860918649159359,-10.94473182684453,0.1363392377885133,0.1521739130434783,0.701556629092861,0.05045625335480408,04 | Downtrend
TTAN,2025-03-14,DT,5.683750303619139,5.06175613310665,7855036654.860001,280502.1,23096542.914,-0.2230357142857143,112.0,87.02,2024-12-12,0.2940348203176099,3.131470316978019,300,4.58,N/A,N/A,-16.42306130734875,0.2181107791312342,0.5091932888991038,0.5091932888991038,0.1513445185014939,04 | Downtrend
RBRK,2025-03-14,UTU,22.64833574529666,7.269368927020873,11378203128.48,1859523.4,102794453.552,-0.1525000000000001,80.0,67.8,2024-04-25,0.9034331026724445,3.911388262175136,53.84999999999999,10.71,N/A,N/A,-29.77642276422764,0.122566371681416,0.5191740412979351,0.5191740412979351,0.331858407079646,04 | Downtrend
SIG,2025-03-19,DT,21.16977225672878,5.630405205560492,1876444518.9,1396766.933333333,67463842.88,-0.4777351418882742,112.06,58.525,1950-05-08,3.595301763547388,3.572618939432701,5.92,0.9900000000000001,-147.0866141732284,-13.23573845781968,-13.31658291457287,0.05595899188381037,0.4149508756941478,0.6724476719350705,0.391371208885092,04 | Downtrend
KC,2025-03-19,UDS,7.794361525704807,7.051922925057255,5415597239.85,4465116.1,80773950.249,-0.123989218328841,22.26,19.5,2020-05-08,1.49150586115664,1.463043704507482,63.63999999999999,13.43,N/A,N/A,-6.414899120538021,0.003589743589743621,0.003589743589743621,0.003589743589743621,-0.3805128205128205,04 | Downtrend
TRVI,2025-03-19,UDS,6.402439024390261,8.01644163763065,934641516.9599999,3089624.833333333,20267938.90666667,-0.05548037889039237,7.39,6.98,2019-05-03,2.168525422729973,0.5612833575424934,8.33,N/A,-62.06896551724138,N/A,43.5448577680525,0.0,0.07163323782234965,0.4212034383954153,-0.1303724928366762,04 | Downtrend
SPRY,2025-03-20,UDS,5.579399141630903,5.448804414469648,1158561545.95,1207533.1,14067760.615,-0.3354943273905997,18.51,12.3,2022-11-09,1.214243702820698,7.344529106489917,500,444.65,112.280701754386,297063.3333333333,-1.103565365025461,0.2292682926829266,0.3195121951219513,0.5365853658536583,0.2845528455284552,04 | Downtrend
FIVE,2025-03-20,DT,5.966397671649681,5.201321036418278,4179775582.09,1724141.566666667,130327861.0243333,-0.6362232617285073,220.19,80.1,2012-07-19,3.118058815951212,4.015831491949994,2.96,0.8,-42.51968503937008,15.1064469030137,-15.2198295199641,0.04094881398252181,0.7141073657927592,0.9453183520599251,0.5399500624219726,04 | Downtrend
HROW,2025-03-28,DT SW,8.270541801219956,6.921933466605156,1044786379.5,515355.3,14362952.211,-0.4905453317575552,59.23,30.175,2007-04-30,1.374726211292459,3.289480092666166,207.69,8.14,34.66666666666667,53.32160715245827,-0.7478632478632341,0.0183927091963545,0.07572493786246892,0.6808616404308201,0.02336371168185569,04 | Downtrend
KULR,2025-03-28,DT SW,18.15068493150687,10.8385518590998,540554160.96,1584631.2875,18508493.438,-0.6857923497267759,43.92,13.8,2018-05-21,3.42398500922271,3.040335652845047,0,17.46,50.00000000000001,9.229905171489476,7.352941176470584,0.07246376811594213,0.07246376811594213,0.07246376811594213,-0.5471014492753623,04 | Downtrend
LEVI,2025-04-08,DT,16.37037037037037,5.154444444444471,5195482587.0,2257698.566666667,30478930.65,-0.3545603944124897,24.34,15.71,2019-03-21,0.5866429179507516,6.675421698234678,35.70999999999999,-0.84,-45.94594594594594,-0.1891358391767222,-16.82070240295749,0.09929980903882862,0.2558879694462126,0.5798854232972628,0.2425206874602164,04 | Downtrend
PLAY,2025-04-08,DT,14.45336627547869,7.738242301244163,563228955.86,1391385.266666667,22526527.46733334,-0.7346032655399599,69.82,18.53,2014-10-10,3.999532913384638,3.077150594139299,-2.82,-2.88,-49.30555555555555,-3.292069106244048,-13.42245989304812,0.1602806260118725,0.9174311926605505,0.9174311926605505,0.7441985968699405,04 | Downtrend
LBRT,2025-04-17,DT,11.11111111111112,8.961317335333078,1865277884.88,3943741.2,45076961.916,-0.4868686868686869,24.75,12.7,2018-01-12,2.416635198508235,1.361892103873347,33.33,3.06,-22.25806451612902,-0.00956858331130089,-21.55113246396706,0.05078740157480333,0.08582677165354324,0.2322834645669292,-0.08661417322834641,04 | Downtrend
RF,2025-04-17,DT U,5.842462180490338,5.522021014978748,16331488630.02,11211948.9,214933060.413,-0.2743204577968527,27.96,20.29,1981-11-01,1.316065334166276,1.66357741783857,5.88,-1.15,-16.14349775784754,20.31303164341613,-11.57749077490774,0.1177920157713159,0.2336126170527355,0.3605224248398227,0.207984228684081,04 | Downtrend
FNB,2025-04-17,DT U,5.560098119378565,5.425183973834839,4353439096.27,3291055.733333333,40249611.61866667,-0.2706214689265536,17.7,12.91,1986-09-30,0.9245474836928875,1.65365689340296,6.67,0.48,-3.05343511450382,14.1409021794222,-9.741697416974171,0.1301316808675446,0.2486444616576298,0.3125484120836561,0.2292796281951974,04 | Downtrend
EFX,2025-04-22,DT,12.06512146407171,5.148620133640328,25293323259.84,1239032.266666667,266751256.6906666,-0.2207957885217841,309.63,241.265,1971-05-11,1.054631113319168,1.610039587884825,9.29,1.55,9.999999999999988,7.899035174352351,-12.25546136289535,0.1648187677450106,0.1648187677450106,0.1648187677450106,-0.01183346113195027,04 | Downtrend
MMM,2025-04-22,UDS,5.706241573479254,5.0773313846119,65027439559.53,4533329.233333333,571607483.031,-0.1475215861848417,156.35,133.285,1946-01-14,0.8790250498910024,1.752312614223908,6.21,0.52,159.778305621536,-24.80340258866008,-17.66895200783546,0.1608958247364669,0.2315714446486852,0.2693101249202836,0.134411224068725,04 | Downtrend
CALX,2025-04-22,SW,12.78195488721805,5.660580021482242,2093552634.25,854045.4,28397009.55,-0.3042026161981631,53.895,37.5,2010-03-24,1.356402943276037,4.158619670570206,46.15000000000001,6.41,-89.4736842105263,-6.337792289867285,-10.95340117836101,0.2624933333333332,0.4927999999999999,0.7146666666666666,0.4778666666666667,04 | Downtrend
IVZ,2025-04-22,DT,6.90208667736758,6.917851410227003,5501090000.0,6836443.4,85182084.76400001,-0.3186700767263427,19.55,13.32,1994-03-01,1.548458301245753,1.766522926233837,15.79,-0.12,261.6438356164383,6.133230704639284,-21.43757881462799,0.1996996996996998,0.6280030030030028,0.8423423423423422,0.5953453453453452,04 | Downtrend
DHR,2025-04-22,DT,7.17722750865053,5.308004819574889,130024300547.84,4305064.466666667,796264723.7546667,-0.2962903798367056,281.7,198.235,1978-12-29,0.6123968522804674,1.553438293846997,14.63,2.89,-17.0846394984326,-0.06278777731268313,-13.0827067669173,0.03468106035765639,0.05001639468307806,0.1854112543193684,-0.04199561126945306,04 | Downtrend
TSLA,2025-04-23,U,7.097533302517123,9.25758048733635,939873793350.18,138378744.0,32929989709.68,-0.4783230602044991,488.5399,254.86,2010-06-29,3.503660804532176,1.086741349524028,-34.15000000000001,-9.4,-52.55813953488372,0.9475783534663594,-17.41167488026654,0.3928819744173271,0.4427921211645607,0.8470925213842893,0.3048732637526486,04 | Downtrend
PEGA,2025-04-23,U,28.64310645724257,5.240255962769053,5652242009.1,1784663.4,61356727.692,-0.2218263394035366,56.835,44.2275,1996-07-19,1.085529027122633,4.318079252367702,232.61,33.6,132.843137254902,20.57327473285635,-9.25168272403325,0.1926968515064158,0.3123056921598553,0.514894579164547,0.3116273811542591,04 | Downtrend
MANH,2025-04-23,DT SW,9.996918335901395,5.030372000880483,9459981707.0,904616.6666666666,146774054.1666667,-0.4290785121812259,312.5999,178.47,1998-04-23,1.551525771535688,2.320679109014868,16.67,2.29,24.46808510638298,12.23473040997066,-9.63519910888333,0.1056199921555443,0.3852188042808316,0.3852188042808316,0.2198688855269795,04 | Downtrend
EWBC,2025-04-23,DT U,11.09708370155285,6.489034573556729,10852709113.76,1521469.2,120515575.332,-0.2277314611671786,113.95,88.0,1998-10-05,1.110465360019647,2.09605754753366,1.95,-10.59,-1.315789473684225,42.72630966361517,-14.85542298183382,0.1054545454545455,0.2502840909090909,0.259090909090909,0.2088636363636363,04 | Downtrend
BDN,2025-04-23,DT U,7.969151670951158,6.021850899742915,669859128.1,2710404.666666667,10543474.15333333,-0.3577981651376146,6.54,4.2,1986-07-23,1.573983799136846,1.070813903065397,-6.67,0.38,0.8695652173913052,-1.774794958136679,-13.74722838137472,0.04404761904761889,0.1023809523809522,0.1023809523809522,0.03095238095238084,04 | Downtrend
VRT,2025-04-23,U,19.01280980228348,8.55135855511793,27649850584.86,11200150.56666667,804394813.698,-0.4515207905544149,155.84,85.475,2018-07-30,2.909219387024303,2.165481870590448,3.23,4.95,135.5555555555556,27.15093632348387,-21.57676348547718,0.2863410353904652,0.5620941795846741,1.158525884761626,0.5231354197133666,04 | Downtrend
BA,2025-04-23,DT SW,7.063746000492244,5.240801132168362,128450935650.4,10028175.16666667,1629779028.086667,-0.3496299618748598,267.54,174.0,1952-05-23,1.26879498373011,1.621897775984534,61.41999999999999,0.34,-400.2724795640327,-14.49597655346171,-10.99183964072512,0.2049425287356321,0.3521264367816093,0.394769540229885,0.3441379310344828,04 | Downtrend
GEV,2025-04-23,UDS,8.577912718128022,7.361716809274096,86843390756.67,4022853.033333333,1311731688.579,-0.2088491620111731,447.5,354.04,2024-03-27,1.510456555357671,1.353166758739243,116.67,6.529999999999999,N/A,N/A,-3.013087447947649,0.327000621398712,0.7899672353406395,0.9130321432606483,0.7767201446164274,04 | Downtrend
OII,2025-04-24,DT,7.585408222350898,7.822855488460601,1718876969.15,1116133.866666667,19275631.87733333,-0.4001614205004036,30.975,18.58,1975-10-30,1.121408467463806,1.609962795382728,38.71,3.57,51.57894736842105,9.751903942168658,-22.1370604147881,0.1108719052744889,0.3027448869752423,0.4155005382131325,0.2890204520990314,04 | Downtrend
ESI,2025-04-24,DT U,5.046826222684708,6.970938011000433,4683739367.08,5318626.966666667,102224010.2993333,-0.322028206850235,29.78,20.19,2013-09-27,2.182529861029889,0.9031436177240455,3.03,2.95,-15.38461538461538,-0.9731666598802882,-22.21772561715906,0.1456166419019316,0.2555720653789004,0.3585933630510152,0.1733531451213473,04 | Downtrend
PI,2025-04-24,U,19.20332165563774,9.50510667482249,2354828609.91,741005.2333333333,57109273.33299999,-0.6170168417542103,239.88,91.87,2016-07-21,2.425198721157999,3.095735221303205,162.5,3.57,200,14.29980534673841,-15.44706527701593,0.3740067486665941,0.3740067486665941,1.689272885599216,0.3149014912376182,04 | Downtrend
TXN,2025-04-24,U,8.202431810713096,6.346579972771289,138950635424.9,9212346.9,1401658580.835,-0.2529890872790798,220.385,164.63,1953-10-01,1.008745715015149,2.057068541350739,19.63,4.07,-33.56481481481482,-16.51087124928988,-17.5294053878259,0.1534957176699265,0.3465953957358927,0.3465953957358927,0.1279232217700297,04 | Downtrend
NOW,2025-04-24,DT U,10.78011566383661,5.183871222907731,168043929480.0,10276442.83333333,1670333018.13,-0.2485456017494512,239.618,180.062,2012-06-29,0.993985931713646,2.959709939838618,5.21,0.26,-2.306648575305303,32.8750747160789,-3.08270228370402,0.1618220390754295,0.1744732369961457,0.1744732369961457,0.1064855438682231,04 | Downtrend
MTDR,2025-04-24,DT U,5.852105778648364,7.98044634112215,5054122181.440001,2236156.8,91324643.712,-0.3918120427687113,71.08,43.23,2012-02-02,1.806933834076408,2.228612501592017,11.8,6,1.276595744680849,24.87529326257622,-21.82235834609494,0.0818875780707844,0.2269257460097156,0.2269257460097156,0.1716400647698357,04 | Downtrend
HAS,2025-04-24,U,7.51565762004176,5.902312718596638,7431632966.23,2139700.8,112740835.152,-0.2300373768263677,73.575,56.65,1972-06-01,1.517039870837329,2.863429316846542,55.22,15.12,125.6290773532153,-5.144604560989747,-14.31127012522362,0.2158852603706973,0.3915269196822595,0.450838481906443,0.3248014121800529,04 | Downtrend
NVCR,2025-04-24,DT,6.58413055711875,5.754723048476552,2069242576.8,776345.7333333333,13795663.68133333,-0.7734449760765549,83.6,18.94,2015-10-02,0.6667011319024649,1.842086506819213,32.61,5.44,7.23684210526315,9.840087522135294,-3.633405639913245,0.01610348468848999,0.05913410770855321,0.05913410770855321,-0.3379091869060191,04 | Downtrend
PTEN,2025-04-24,DT SW,5.612244897959195,10.41010689990282,2242543059.12,13321049.03333333,78327768.316,-0.6160741885625967,16.175,6.21,1993-11-02,3.492810004135962,1.498303770976035,100,8.559999999999999,-377.2727272727273,29.69897666826803,-31.38856476079347,0.0837359098228665,0.0837359098228665,0.1223832528180353,-0.01771336553945257,04 | Downtrend
MBLY,2025-04-24,DT SW,6.060606060606055,7.932305194805189,11222476293.6,4001867.533333333,52824651.44,-0.7047036490191942,47.41,14.0,2022-10-26,0.4707040590508982,2.000345072224863,0,0.64,N/A,N/A,-18.01242236024846,0.2557142857142856,0.4414285714285715,0.4414285714285715,0.1014285714285714,04 | Downtrend
STM,2025-04-24,DT,7.116620752984382,5.594877344877332,19437636794.4,8417877.6,183341374.128,-0.5822739480752015,55.85,23.33,1994-12-08,0.943228727171303,1.29763766106554,-61.11,-11.37,N/A,N/A,-5.632582322357004,0.1266609515645094,0.4344192027432492,0.4344192027432492,0.1457351050150022,04 | Downtrend
CHTR,2025-04-25,UDS,7.207825127486367,5.282237966012157,39997321727.68999,1419126.966666667,475875845.7323333,-0.2155793148592625,458.3,359.5,1999-11-08,1.189769277483613,1.904212282250808,-3.11,0.4,16.6055351783928,0.875345651656381,-12.221873200356,0.2157440890125173,0.2157440890125173,0.2157440890125173,-0.1383866481223922,04 | Downtrend
SES,2025-04-25,DT U,30.04948785821151,9.913190733768479,322611621.86,24894543.8,21630869.10782,-0.64797507788162,3.21,1.13,2022-02-04,6.704925564401054,3.267118234960385,33.33,189.65,-82.35294117647058,N/A,62.13845866766186,0.1061946902654869,0.1504424778761064,2.300884955752213,0.04424778761061954,04 | Downtrend
RVTY,2025-04-28,DT SW,7.360271502810467,5.433465145523686,10521481750.29,1294494.166666667,122057854.975,-0.2328735980600182,131.96,101.23,1972-06-01,1.160082371208178,1.593628656753314,6.32,0.54,-60.36036036036035,0.1619663698919243,-10.72713501230828,0.0,0.03141361256544495,0.03141361256544495,-0.06114788106292601,02 | Light Green
SEI,2025-04-29,UTU,17.4039863879436,8.766511563303004,1354154777.8,1662272.566666667,34192946.69633333,-0.3811659192825112,39.025,24.15,2017-05-12,2.525039770703628,1.734547063952228,66.67,N/A,N/A,N/A,-5.46875,0.2074534161490684,0.5072463768115942,1.32463768115942,0.3995859213250517,02 | Light Green
NE,2025-04-29,U,12.57142857142857,6.950510204081592,3352486578.0,2819157.633333333,59202310.3,-0.5728225514998193,55.34,23.64,2022-09-30,1.765922366058165,2.258021660347265,-25.71,N/A,217.2727272727274,63.08954239168798,-11.39240506329113,0.08883248730964466,0.3202199661590523,0.3532148900169203,0.1996615905245347,02 | Light Green
LEG,2025-04-29,DT U,22.07702888583218,5.308115543328765,993001993.65,3354684.433333333,24388555.83033333,-0.7350746268656716,33.5,8.875,1972-06-01,2.456042987455419,3.220905338408731,9.09,0.2,-273,-7.231286902418894,-8.091024020227566,0.1432225352112677,0.1943549295774647,0.2090140845070423,0.1323943661971831,02 | Light Green
NOV,2025-04-29,DT SW,5.228758169934644,5.3571428571429,4363292250.0,5080734.766666667,62188193.544,-0.4120063912348779,21.905,12.88,1996-10-29,1.42525849704429,1.581347653239368,-24,0.14,-36,3.343819177443784,-19.57950065703022,0.04386645962732905,0.1055900621118011,0.201086956521739,0.01164596273291907,02 | Light Green
SOFI,2025-04-29,UDS,7.045454545454555,5.956493506493528,17048728276.8,56966403.93333333,751956531.92,-0.2328990228013029,18.42,14.13,2021-06-01,4.410631219592293,3.003511845336668,50,4.29,208.3333333333334,19.37791550204767,13.49957007738605,0.04600141542816694,0.7770700636942673,1.304670912951167,0.5852795470629863,02 | Light Green
ZBRA,2025-04-29,DT U,7.647131299026655,5.232467745815321,11519672603.4,697833.9,169915576.311,-0.3872426973384296,427.755,262.11,1991-08-15,1.475003519291424,2.292548413024933,11.05,1.4,77.97202797202797,8.660558464223387,-13.82715175537939,0.1647399946587311,0.2903075044828507,0.3454656441951853,0.2651176986761283,02 | Light Green
KNSA,2025-04-29,UDS,5.030274802049384,5.091822476545346,1675175559.11,591754.9666666667,12704979.13433333,-0.1989342806394315,28.15,22.55,2018-05-24,0.7584267252014667,3.408970120459206,-60.70999999999999,4.61,-400,56.60496042684981,-3.33183250787934,0.2665188470066517,0.4155210643015521,0.8647450110864743,0.3467849223946784,02 | Light Green
CLVT,2025-04-29,DT U,19.22005571030643,6.494826900119373,2296393770.77,6362091.266666667,22839907.64733333,-0.5732801595214356,10.03,4.28,2019-05-14,0.9945989201875826,2.138225691805804,16.67,4.09,-925.0000000000002,-1.640970844145932,-8.651399491094159,0.07710280373831768,0.07710280373831768,0.1144859813084111,-0.01168224299065412,02 | Light Green
PII,2025-04-29,DT,7.379964433906316,7.516004742145857,1919924899.76,1773624.866666667,59842103.00133334,-0.7383926637302333,138.49,36.23,1987-09-16,3.116898114546767,2.267237607892507,1.1,0.38,-77.61194029850746,-19.68794770773639,-17.58671226184659,0.1518078940104886,0.691415953629589,1.076869997239857,0.5956389732266081,02 | Light Green
QRVO,2025-04-30,U,8.45969672785316,5.432094402006622,5527085307.45,2881940.966666667,180553601.5616667,-0.4812581113062065,130.99,67.95,2015-01-02,3.266705533173101,2.102631549392482,42,2.23,-126.7379679144385,14.56784824379992,-13.26318704139555,0.1788079470198674,0.3456232523914644,0.5643855776306106,0.2729948491537895,02 | Light Green
NOG,2025-04-30,DT SW,5.331179321486257,5.756692822524817,2638156409.28,2036227.833333333,50417001.15333334,-0.411419544120966,44.31,26.08,2007-01-10,1.911069448952537,1.510174819173395,27.88,5.72,-48.75373878364906,2.745239604313242,-17.1074656846334,0.1480061349693254,0.2507668711656441,0.2507668711656441,0.09662576687116586,02 | Light Green
XPO,2025-04-30,U,6.743302884121927,6.271293676045808,11407734284.95,2099405.333333333,204545061.6266667,-0.3540372670807453,161.0,104.0,2002-07-26,1.793038446701191,1.992429443512258,N/A,-1.31,101.875,4.235537190082645,-10.76204433046345,0.2436538461538462,0.3612499999999998,0.3612499999999998,0.2720192307692306,02 | Light Green
XPRO,2025-04-30,DT,9.01741293532341,6.90156361051885,903287157.9599999,1471810.533333333,11833356.688,-0.6499600638977636,25.04,8.765,2021-10-04,1.310032649498158,1.331778075783124,127.27,4.68,314.2857142857143,13.22334481783014,-19.11468812877264,0.05191100969766116,0.3804905875641755,0.657159155733029,0.2413006274957217,02 | Light Green
EVR,2025-04-30,U,5.829145728643215,5.455782483847789,7653097822.0,847243.7333333333,168601502.9333333,-0.3501203480836882,324.06,210.6,2006-08-11,2.203049103183583,1.712788118586261,126.62,N/A,-4.206241519674351,12.8483669205048,-0.7134660479968136,0.1534662867996202,0.5225546058879391,0.7303656220322889,0.4731718898385566,02 | Light Green
ODD,2025-04-30,SW,8.678124336940375,5.270103967748784,2173850230.02,426216.8333333333,20087599.355,-0.08535714285714291,56.0,51.22,2023-07-19,0.9240562701881808,15.95082706337658,9.520000000000001,2.83,N/A,N/A,4.686805864060406,0.4545099570480282,0.5458883248730966,0.5458883248730966,0.3566966028894962,02 | Light Green
W,2025-05-01,DT,7.427055702917773,6.110695339143625,4130956991.2,7542180.266666667,227472156.8426667,-0.6428177709183112,90.71,32.4,2014-10-02,5.506524452499526,1.313861330495557,150,0.74,38.02163833075734,-1.26635007914688,-10.55753262158956,0.3577160493827161,1.114197530864198,2.355555555555556,1.012962962962963,02 | Light Green
TNDM,2025-05-01,DT,10.74183976261127,5.635862653666817,1172401212.95,1429333.366666667,24084267.22833334,-0.6524492456695846,53.69,18.66,2013-11-14,2.054268364985091,3.326641713464512,-9.02,6.45,8.021390374331558,18.06930529247395,-10.7993647432504,0.2861736334405145,0.2861736334405145,0.2861736334405145,-0.1747052518756699,02 | Light Green
SMMT,2025-05-02,UDS,5.107417916497758,14.27146910649142,19680482681.34,5208385.333333333,128490866.1733333,-0.2974803576266594,36.91,25.93,2015-03-05,0.6528847297793241,1.412048750105279,22.22,N/A,80.24691358024691,N/A,30.46007403490218,0.1565753952950251,0.1565753952950251,0.1947551099112996,0.04396451986116467,01 | Green
ADPT,2025-05-02,UT,19.70108695652175,6.410423136645954,1174625397.12,2212272.566666667,16282326.09066667,-0.02972499697133224,9.0799,8.81,2019-06-27,1.386171806823556,7.038927406428535,35.48,24.38,24.28571428571429,6.74260976543912,-0.6747638326585648,0.1668558456299658,0.4108967082860384,1.030181611804767,0.1725312145289444,01 | Green
TWST,2025-05-05,DT SW,7.212028542303761,5.501492645988091,2460639317.76,1211616.366666667,47543826.228,-0.3091954022988506,60.9,42.07,2018-10-31,1.932173719441364,1.711093591203002,-17.86,0.8200000000000001,8.527131782945737,35.30067100343185,8.427742470295673,0.0,0.0,0.0,-0.3458521511766104,01 | Green
ARRY,2025-05-06,DT SW,12.57606490872212,6.911764705882351,759257921.56,4651419.133333334,22931496.32733333,-0.7916666666666667,26.64,5.55,2020-10-15,3.020251178969252,2.622920156252815,44.44,14.38,-284.313725490196,-45.53039018086861,13.85681293302539,0.5981981981981981,0.5981981981981981,0.8684684684684685,0.03243243243243255,01 | Green
CRMD,2025-05-06,U,6.20155038759691,5.313241575700032,703837245.7199999,2179018.633333333,19676538.259,-0.3075812274368231,13.85,9.59,2010-05-13,2.79560912393484,1.922725641676095,20,8.559999999999999,67.03296703296704,N/A,48.7644151565074,0.4588112617309699,0.8175182481751824,0.8175182481751824,0.246089676746611,01 | Green
SEDG,2025-05-06,DT SW,14.93808049535603,7.005804953560364,794912664.16,3381614.4,43690458.048,-0.9529079723473076,315.34,14.85,2015-03-26,5.496258899607365,4.213225198000103,1.72,7.470000000000001,-5373.333333333334,-69.71451301650782,-3.22097378277153,0.5218855218855221,1.185185185185186,1.822895622895623,0.7367003367003366,01 | Green
SHLS,2025-05-06,DT SW,14.09574468085106,5.739171732522819,632807812.0,5580339.7,20982077.272,-0.8486238532110092,28.34,4.29,2021-01-27,3.315710848398945,2.843232464862309,-25,N/A,-83.9080459770115,-11.90456224594729,11.24260355029585,0.5046620046620047,0.5046620046620047,1.648018648018648,0.07692307692307687,01 | Green
UFPT,2025-05-06,DT SW,10.36369162192281,5.362233526781208,1529173861.8,121637.3666666667,24013648.92733333,-0.405364600362327,366.4094,217.88,1993-12-23,1.570367472738954,1.76478664313954,22.89,5.87,7.175572519083952,18.51232193018301,0.2182851921417317,0.1661465026620159,0.1928584541949696,0.2116752340738022,-0.01964384064622726,01 | Green
OPEN,2025-05-07,DT,14.08782788093133,10.98164287819461,658982386.53,51869051.9922222,35198338.68192199,-0.8521249164358705,5.2355,0.7742,2020-12-21,5.341317067253602,1.822184158050654,10,8.77,70.45454545454545,-44.66461799300625,-27.60827821634307,0.1497029191423405,5.212477396021701,12.58744510462413,1.312451562903643,01 | Green
AGL,2025-05-07,DT SW,5.605381165919288,8.916399743754004,1872219915.0,236864.0386666667,26410340.31133334,-0.8239252336448598,668.75,117.75,2021-04-15,1.410643060664876,1.696454059729534,-100,1.51,N/A,44.69102658735086,-16.7910447761194,0.0148619957537155,0.0148619957537155,0.0148619957537155,-0.8142250530785563,01 | Green
ANGI,2025-05-07,DT,33.24444444444445,5.460317460317488,456257823.75,1507635.5,16960899.375,-0.6413875598086124,41.8,14.99,2011-11-17,3.71739365159763,3.103427851095308,600,2.57,480,-28.96097836257167,-6.015037593984962,0.1446030687124749,0.2955303535690461,0.2955303535690461,0.2608405603735824,01 | Green
ALGT,2025-05-07,DT U,8.54078121837687,5.743198311504321,1350758474.55,482709.1666666667,23850659.925,-0.5903918124188497,130.93,53.63,2006-12-08,1.765723508264181,1.550938021686626,16.77,0.59,-150.6306306306306,-2.909454449058098,16.72572643515238,0.1353719932873392,0.1476785381316426,0.3561439492821181,-0.07738206227857558,01 | Green
PRCH,2025-05-07,UT,26.34069400630914,6.687809824245179,719715760.24,2369178.5,15020591.69,-0.05598114319387149,8.485,8.01,2020-12-24,2.087017197593555,10.1440668147208,180,31.85,74.28571428571428,1.753652086209221,21.22370936902485,0.5230961298377028,1.169787765293383,1.426404494382023,0.8589263420724096,01 | Green
EOSE,2025-05-07,UDS,6.349206349206349,6.344387755102045,1835405429.76,5531283.1,27877666.824,-0.1927710843373494,6.64,5.36,2020-11-17,1.518883314388218,6.728136189594057,-6.25,-11.16,-186.5384615384615,37.59898190045249,52.72727272727273,0.3731343283582089,0.3731343283582089,2.553171641791045,0.2238805970149251,01 | Green
BLMN,2025-05-07,DT,6.116015132408559,5.137272563502076,678973871.81,2881932.8,22853727.104,-0.7206639004149378,30.125,8.415,2012-08-08,3.365921437164706,1.421401984112884,3.51,0.9199999999999999,-158.203125,-15.43400685437346,26.67731629392971,0.08318478906714222,0.2715389185977422,0.2715389185977422,-0.1978609625668448,01 | Green
PTCT,2025-05-07,DT,8.86985355070462,6.118501559231046,3020446424.38,1349221.766666667,48828335.73566666,-0.341577540106952,59.84,39.4,2013-06-20,1.616593340028851,2.393052113276263,1534.29,215.61,178.6717752234993,108.7178452941586,-9.001760120694001,0.3445558375634517,0.3445558375634517,0.8776649746192895,0.2781725888324873,01 | Green
PCT,2025-05-08,DT SW,7.469512195121952,6.211890243902435,1317935553.6,2729725.2,17906997.312,-0.547493886353571,15.5799,7.05,2021-03-18,1.358715702227338,2.250844883580223,121.74,-63,-14.70588235294117,N/A,0.9230769230769154,0.4914893617021279,1.463829787234043,1.463829787234043,0.75177304964539,01 | Green
APP,2025-05-08,UDS,13.35925657417782,5.309603054297577,101553047102.66,8842048.633333333,2683208078.271333,-0.3449490621727125,525.15,344.0,2021-04-15,2.642173873481982,1.623526356310963,-14.8,7.539999999999999,685.9649122807017,58.41632639647707,10.3651440209485,0.2470639534883721,0.351686046511628,1.167470930232558,0.3255232558139536,01 | Green
CORZ,2025-05-08,U,6.179775280898858,5.826645264847493,2859929924.9,16698638.36666667,148617881.4633333,-0.4927209482092244,18.6288,9.45,2024-01-24,5.196556746701753,1.192356080945211,-1020,-14.76,-32.38341968911914,-34.47363595046923,18.50865512649802,0.3502645502645503,0.9269841269841272,1.500529100529101,0.5248677248677249,01 | Green
AOSL,2025-05-08,DT,10.56829511465605,5.601053980914394,606875180.0,577186.7666666667,11578366.53933333,-0.5837868267967723,53.29,22.18,2010-04-29,1.907866217124473,1.043256766743843,41.18,4.71,-125.6578947368421,-7.526243630931674,-12.17162872154116,0.1357078449053202,0.3552750225428314,0.4882777276825969,0.1645626690712352,01 | Green
IONQ,2025-05-08,U,8.922443376801636,6.701269732326693,11805653015.84,17328813.83333333,504961635.1033333,-0.4201680672268908,54.74,31.74,2021-01-04,4.277286774613916,2.261416065571636,0,0.75,-79.76190476190474,69.92383282686767,10.50436101630641,0.5419029615626969,0.5419029615626969,1.666666666666667,0.3185255198487713,01 | Green
QDEL,2025-05-08,DT,10.87040618955513,5.096546007184337,1772674787.95,1578038.0,40792282.3,-0.6831398562741846,90.45,28.66,1981-08-04,2.301171234413167,4.374640534638583,21.31,-0.31,-20260,-7.168590299553006,-10.39861351819757,0.3604326587578508,0.3604326587578508,0.3604326587578508,-0.1657362177250523,01 | Green
SEZL,2025-05-08,UDS,30.4644549763033,6.729844278943799,1776356988.5,819460.1666666666,43226523.79166666,-0.1352913460028272,79.5875,68.82,2020-05-05,2.433436751256188,7.669555221415075,212.5,62.01,N/A,N/A,38.26998689384011,0.9296716070909623,1.713455390874746,1.713455390874746,0.3297006684103461,01 | Green
RUN,2025-05-08,DT,14.2083897158322,6.319060506475918,1779859196.98,11600617.4,85728562.586,-0.6461215932914046,23.85,8.44,2015-08-05,4.816592387277661,1.881718467846375,180,3.330000000000001,99.58592132505177,-14.80471165987195,14.93001555209954,0.5675355450236967,0.5675355450236967,1.658767772511849,0.4040284360189574,01 | Green
GRPN,2025-05-08,CPH,10.10011778563016,6.512661955241461,690496726.08,1630002.9,27677449.242,-0.07534263513747441,20.2183,18.695,2011-11-04,4.008338953194881,5.07611612224739,263.64,1.46,98.23399558498896,-8.094381729500904,-3.522727272727277,0.7678523669430328,1.304359454399572,1.304359454399572,0.7641080502808235,01 | Green
NTLA,2025-05-08,DT,8.024691358024683,8.131883205957317,1021523591.97,3558546.0,25941800.34,-0.8341406908171862,47.48,7.875,2016-05-06,2.539520432413259,1.508950284751132,13.39,38.67,0.5565862708719733,6.540675938387917,2.966101694915246,0.2425396825396826,0.8552380952380951,2.587301587301587,0.3701587301587301,01 | Green
NVAX,2025-05-08,DT,20.84033613445377,8.03709483793515,981427069.7,6641599.966666667,39517519.80166667,-0.698657580291619,23.8599,7.19,1995-12-05,4.026536563103591,5.550834615909994,1442.11,828.88,77.26432532347503,-30.65380373180984,-11.85185185185185,0.2211404728789985,0.2695132127955493,0.4804589707927678,0.164116828929068,01 | Green
QBTS,2025-05-08,UDS,25.8345428156749,7.249533485382529,2566111138.37,31939960.13333333,220066325.3186667,-0.2744769874476987,11.95,8.67,2022-08-08,8.575868832339559,7.166992915595416,50,42.87,-20.96774193548387,0.7878511075588034,-4.305555555555562,1.279700115340254,1.371395617070358,4.392156862745098,0.9492502883506342,01 | Green
TPC,2025-05-08,UDS,21.79432924248836,5.041593615863609,1242208234.71,597577.3,14120751.599,-0.1670043415340086,34.55,28.78,1995-08-14,1.136745933929231,2.583910064856881,488.89,16.45,64.45182724252491,14.66337479724822,6.778129236330765,0.4152189020152883,1.222376650451702,1.675469075747047,0.9600416956219595,01 | Green
CDE,2025-05-08,UDS,9.598603839441534,5.054849164796773,5890067538.54,17493512.5,100237826.625,-0.1865284974093264,7.72,6.28,1979-07-27,1.701811158685736,1.930962349613893,466.67,38.46,122.2222222222222,49.38829740644569,2.68817204301075,0.5429936305732483,0.8662420382165605,2.760350318471337,0.855095541401274,01 | Green
ROOT,2025-05-08,UDS,7.903951975987988,6.795229247276689,2167970752.36,610293.1333333333,85398318.14733334,-0.1664458429943689,181.14,150.99,2020-10-28,3.93908995563574,2.466814581015003,3466.67,14.47,141.1538461538462,98.6558299468584,8.590718609343462,0.04473806212331932,0.07947546195112265,0.07947546195112265,-0.4154579773494933,01 | Green
AMN,2025-05-09,DT U,10.42793900639449,5.044093879558726,787380717.03,961214.5,19541490.785,-0.8003379580220562,112.44,22.45,2001-11-13,2.481835071947216,2.09848894289464,125,2.9,-71.09004739336493,-33.74495351521499,5.66528066528067,0.05746102449888646,0.05746102449888646,0.05746102449888646,-0.2320712694877506,01 | Green
KYMR,2025-05-09,U,9.327266818329537,7.12080412275409,2558544515.86,832713.1,25622582.087,-0.3685000938614605,53.27,33.64,2020-08-21,1.001451486506089,0.6435866086410794,9.89,105.96,2.614379084967323,16.92582840677629,37.36607142857144,0.485731272294887,0.4943519619500596,0.9013049940546967,0.2074910820451843,01 | Green
SOC,2025-05-12,UTU,17.60869565217391,5.031832298136631,4413000156.0,1720398.466666667,39569164.73333333,-0.1633158057531704,32.33,27.05,2021-04-19,0.8966499735907404,2.206319101966184,N/A,N/A,N/A,N/A,23.98921832884096,0.2939001848428835,0.2939001848428835,0.2939001848428835,0.05286506469500929,01 | Green
DJT,2025-05-12,DT SW,6.227400562474883,5.152729151122049,6917958309.860001,5713957.166666667,142220393.8783333,-0.6669186192995716,79.38,26.44,2024-03-26,2.055814555511704,0.7364880199924494,N/A,N/A,N/A,N/A,31.76283748014823,0.05068078668683818,0.05068078668683818,0.05068078668683818,-0.3396369137670197,01 | Green
FTRE,2025-05-12,DT,28.29268292682925,7.37804878048781,584865000.0,2678130.0,16470499.5,-0.8076548025353486,41.02,7.89,2023-06-16,2.816119873817035,3.19658642410936,128.57,7.07,N/A,N/A,18.72586872586874,0.01267427122940434,0.01267427122940434,0.6185044359949303,-0.07351077313054499,01 | Green
APGE,2025-05-12,DT SW,5.899705014749279,5.974543155959081,2822395638.15,695594.9333333333,25938735.064,-0.4537280398395352,72.29,39.49,2023-07-14,0.9190325662847927,1.014235392168852,20.17,N/A,N/A,N/A,17.26415094339622,0.1119270701443402,0.2081539630286149,0.6426740947075209,-0.07065079767029625,01 | Green
IBRX,2025-05-12,DT,8.937198067632846,9.074189095928228,2193861085.11,8556167.733333332,17711267.208,-0.7858499525166192,10.53,2.255,2021-03-10,0.8073103319170254,1.484395513954238,-7.140000000000001,-5.62,12.38095238095239,1218.705035971223,-21.29277566539924,0.6674057649667406,0.6674057649667406,0.6674057649667406,0.09534368070953447,01 | Green
RDW,2025-05-12,UDS,13.96993810786915,6.272325375773639,2827416407.79,1391100.733333333,15733349.294,-0.5165041260315079,26.66,12.89,2021-09-03,0.5564567444205254,1.705636366328803,55.00000000000001,-14.93,-221.9178082191781,24.733798195242,22.4025974025974,0.726144297905353,0.726144297905353,0.726144297905353,-0.2692009309542281,01 | Green
LUNR,2025-05-13,DT U,16.84210526315788,5.444887218045106,1524296935.5,6498649.1,61737166.45,-0.5551102204408818,24.95,11.1,2023-02-14,4.050206033494974,5.505702100456539,-120,-5.37,-315.0406504065041,186.7167163390803,22.89780077619663,0.181081081081081,0.2342342342342343,0.3045045045045045,-0.05495495495495495,01 | Green
ARWR,2025-05-13,DT U,12.74158911954186,5.478576541568693,1973324903.99,1946309.5,27189943.715,-0.6148202494497432,40.89,15.75,1995-02-01,1.377874655107367,2.307778387764125,697.83,366.77,43.67088607594938,112.5111845944369,13.20907617504052,0.1104761904761904,0.2698412698412698,1.773968253968254,0.269206349206349,01 | Green
OKLO,2025-05-14,U,7.867624102403981,6.424758039338116,5958145329.5,11724417.46666667,375533091.4573333,-0.4157930334798783,59.14,34.55,2024-05-10,6.302852157667117,3.349193093101621,30,N/A,N/A,N/A,39.26086956521739,1.054992764109986,1.470332850940666,4.61041968162084,1.131982633863965,01 | Green
NUTX,2025-05-14,UDS,21.49606924481855,10.48571768896551,862365239.8900001,151188.6,19039180.398,0.0,0.0,153.0,2022-04-04,2.207786158035378,3.207318541212763,-34.36,57.77,14962.5,141.2498322936007,-9.383320141037633,0.2044117647058823,0.2044117647058823,0.2044117647058823,-0.2736601307189542,01 | Green
CAPR,2025-05-14,DT,6.02739726027397,14.88796477495107,424414619.7,2157564.133333333,15750218.17333333,-0.6692307692307692,23.4,7.74,2002-06-20,3.711045153078484,2.037690992391358,-65.62,-100,-38.55421686746988,-11.54815068004032,-25.66191446028514,0.9379844961240309,0.9379844961240309,0.9379844961240309,0.005167958656330685,01 | Green
IXHL,2025-05-15,DT,6.357142857142861,9.253061224489793,251255634.0,1769858.176666667,37167021.70999999,-0.9412854889589906,380.4,22.335,2022-02-25,14.79251275615177,7.448910562707743,N/A,N/A,N/A,N/A,12.9032258064516,0.4237743451981195,1.229684351914036,1.229684351914036,-0.4894560107454667,01 | Green
QUBT,2025-05-16,UDS,13.96103896103895,6.742578849721724,2091444995.64,11058060.86666667,102176482.408,-0.6121546961325968,27.15,10.53,2004-12-30,4.885449180877603,8.330346261493116,N/A,N/A,-77.4193548387097,45.54775100371241,44.14976599063962,1.064102564102564,1.077872744539411,1.453941120607787,0.4548907882241218,01 | Green
PONY,2025-05-20,U,8.042578356002373,14.04882994001858,7345934229.65,14477727.56666667,244818373.1523333,-0.2349246231155778,23.88,18.27,2024-11-27,3.332705759387092,1.584179070533553,N/A,N/A,N/A,N/A,306.4903846153846,0.1735084838533116,0.1735084838533116,0.3639846743295021,-0.1850027367268746,01 | Green
GPUS,2025-05-21,DT,14.0997830802603,35.80260303687636,2128008279.22,15260227.83333333,70349650.31166667,-0.4708249496981891,9.94,5.26,1996-12-17,3.305891757970632,3.479525311150061,N/A,N/A,N/A,N/A,128.2178217821782,0.8973384030418252,0.8973384030418252,0.8973384030418252,-0.889809885931559,01 | Green
EVLV,2025-05-21,SW,8.303249097472932,5.923285198555956,1003438848.84,3068418.4,16999037.936,-0.2771084337349399,8.3,6.0,2021-07-19,1.694078115039228,2.958159812886013,N/A,N/A,66.66666666666667,42.12200673526162,70.46153846153847,0.02583333333333337,0.4850000000000001,0.4850000000000001,0.3049999999999999,01 | Green
KSS,2025-05-29,DT SW,12.34567901234569,5.816402116402116,918539943.3,9700834.6,78576760.25999999,-0.6930860033726813,29.65,9.1,1992-01-01,8.554528394018506,2.909088048980858,40.91,5.65,-65.6140350877193,-7.181277180132753,20.8955223880597,0.09449450549450544,1.350549450549451,1.737362637362637,0.6549450549450551,01 | Green
CRDO,2025-06-03,U,19.63288108539505,5.03283548056093,11682840309.7,3804814.7,238371640.955,-0.135425077863652,86.69,74.95,2022-01-27,2.040356922084139,5.95187197946854,29.63,6.54,250,126.3434730787169,28.67118504826454,0.276984656437625,0.792528352234823,1.85256837891928,0.6647098065376917,01 | Green
PLAY,2025-06-11,DT U,11.51913413219947,5.071152465624833,899983513.7800001,1080206.266666667,27944936.11866667,-0.5867946147235749,69.82,28.85,2014-10-10,3.105049780444953,5.059101366689597,-24.75,0.48,-7.462686567164186,4.348325606221263,20.38157282456958,0.2315424610051993,0.2315424610051993,0.2315424610051993,-0.201733102253033,01 | Green
APPS,2025-06-17,U,15.1767151767152,10.55360855360854,582088162.5,4074218.733333333,19596992.10733333,-0.5165751882651681,11.4599,5.54,1995-05-24,3.366670784570942,18.92113998919482,150,2.15,78.60576923076923,-9.913275369984682,3.663793103448265,0.4025270758122743,0.4025270758122743,0.4945667870036101,-0.0631768953068591,01 | Green
GRRR,2025-06-20,DT SW,17.49069643806487,9.340358471937414,517454240.4899999,1369297.6,25756487.856,-0.6833810888252149,69.8,22.1,2022-07-14,4.977539237403883,8.98335832911706,N/A,N/A,N/A,N/A,21.59017453135099,0.2624389140271493,0.2624389140271493,0.2624389140271493,-0.02760180995475126,01 | Green
NRIX,2025-07-10,DT SW,9.863429438543259,5.237047474528483,1367842581.94,826821.6666666666,10897509.56666667,-0.510148849797023,29.56,14.48,2020-07-24,0.796693253342853,5.336099884497464,30.67,160.84,2.651515151515146,11.19202173109051,3.049257232212677,0.005552486187845318,0.005552486187845318,0.5538604972375691,-0.3259668508287293,01 | Green
SEI,2025-07-24,U,15.43692621557293,5.518021081264875,1936105591.4,1433842.866666667,42169318.70866667,-0.1300448430493273,39.025,33.95,2017-05-12,2.178048495700794,3.195242733013562,70,20.92,N/A,N/A,7.296607077708872,0.07216494845360821,0.6536082474226803,0.7614138438880704,0.4998527245949926,01 | Green
MBLY,2025-07-24,DT SW,5.652173913043468,5.116015971605999,13688020327.8,7430097.066666666,119624562.7733333,-0.6175809352517985,44.48,17.01,2022-10-26,0.8739361858659654,2.964852922154736,62.5,1.42,N/A,N/A,-10.15625,0.00646678424456204,0.00646678424456204,0.00646678424456204,-0.2098765432098767,01 | Green
AUR,2025-07-31,UDS,7.426597582037986,5.62978040957319,11604059001.72,23696967.8,137205443.562,-0.4224698235840297,10.77,6.22,2021-11-04,1.182391812568885,1.583268683008465,8.33,98.68,2.083333333333324,N/A,11.99226305609285,0.06591639871382649,0.06591639871382649,0.06591639871382649,-0.157556270096463,01 | Green
TMDX,2025-07-31,DT,14.77251624883937,5.363761772118325,3734513116.5,1012032.466666667,108995896.66,-0.3030952246715904,177.37,123.61,2019-05-02,2.918610626333838,3.823074977765865,104.44,6.619999999999999,487.037037037037,103.6436208457864,-15.65510220064218,0.0803333063667988,0.1396327157996926,0.2620338160343014,0.06415338564841022,01 | Green
APLD,2025-07-31,U,25.32402791625126,7.253525138869109,2851567234.36,31268311.16666667,313621161.0016667,-0.1848249027237354,15.42,12.57,2002-07-22,10.99820327652401,4.418799923780128,78.57,-10.14,-31.7073170731707,0.1952582133526044,-5.018939393939403,0.4001591089896579,2.198090692124105,2.362768496420048,1.757358790771678,01 | Green
WRD,2025-07-31,DT,8.770053475935825,6.130786860198635,3075739740.7,8164197.666666667,76335248.18333334,-0.7688636363636363,44.0,10.17,2024-10-25,2.481850046452903,2.082963653542114,N/A,N/A,-1.923076923076933,-7.330549948269514,16.58354114713216,0.003933136676499638,0.2340216322517208,0.2340216322517208,0.04916420845624381,01 | Green
SQNS,2025-07-31,DT,5.185185185185182,50.03439153439155,202510422.0,1074263.673333333,14502559.59,-0.8087542087542088,74.25,14.2,2011-04-15,7.161389249388854,0.9877904525128035,-14.29,-4.21,N/A,N/A,-6.25,0.0,0.0,0.0,-0.4830985915492958,01 | Green
RKT,2025-08-01,UDS,7.752200406228837,5.137730921752567,41823358558.17,19486341.13333333,287813258.5393333,-0.2556127221702525,21.38,15.915,2020-08-06,0.6881639075901291,2.872750282721966,100,5.69,-400,-0.7158621219417797,3.721910112359539,0.2356267672007539,0.4172164624568018,0.530631479736098,0.04681118441721654,01 | Green
CABO,2025-08-01,DT SW,8.454446007188633,5.799455272029135,726148921.5,216412.2333333333,27696437.622,-0.8127487352445194,741.25,138.8,2015-06-11,3.814153929305258,1.927183105945798,-57.44,0.25,-34.86066452304394,-6.981438026616456,-6.828771112405363,0.1851585014409221,0.3021613832853025,0.3021613832853025,0.07024495677233422,01 | Green
ZEPP,2025-08-04,UT,25.3076923076923,14.89186813186812,190644753.0,1000791.6,13010290.8,0.0,0.0,16.29,2018-02-08,6.824363427405736,1.30397277515119,N/A,N/A,N/A,N/A,273.5632183908046,2.302025782688766,2.796807857581339,2.796807857581339,1.275629220380602,01 | Green
AMRC,2025-08-05,U,29.64071856287425,5.760906757912716,886205723.6999999,710398.9333333333,11863662.18666667,-0.5837338973274371,52.01,21.65,2010-07-22,1.338702952304873,4.539122806490701,285.71,14.16,-75.23809523809524,15.67984250971765,1.334951456310662,0.2346420323325635,1.075288683602771,1.075288683602771,0.7293302540415705,01 | Green
SNDX,2025-08-05,DT,19.55684007707128,5.670244976603379,926903752.6800001,1952065.933333333,20262444.388,-0.51026045777427,25.34,12.41,2016-03-03,2.186035424866309,4.676975221021394,16.16,36.21,-27.75800711743772,N/A,18.62857142857144,0.3892022562449635,0.3892022562449635,0.8315874294923449,0.2167606768734891,01 | Green
TDUP,2025-08-05,UT,11.98347107438016,5.847402597402624,1271309732.0,2439239.366666667,23611837.06933333,0.0,0.0,10.84,2021-03-26,1.857284379644262,2.39981367962234,33.33,5.37,32.81250000000001,-7.357962221512613,39.68253968253968,0.1328413284132841,0.1328413284132841,0.1328413284132841,-0.2666051660516605,01 | Green
EVGO,2025-08-05,DT SW,16.14730878186968,6.057668959935245,1110240491.6,4106068.1,14494420.393,-0.5479603087100331,9.07,4.1,2021-07-02,1.305520786051648,3.754228528260406,9.09,15.13,-7.89473684210527,45.14572011047581,2.318840579710124,0.05731707317073176,0.2634146341463415,0.2634146341463415,-0.07560975609756093,01 | Green
LMND,2025-08-05,UDS,11.83783783783785,5.463108108108084,2863674755.0,2260923.633333333,83654174.43333334,-0.2315691736304549,53.85,41.38,2020-07-02,2.921217721644976,5.865050373439563,25,1.65,21.1031175059952,36.20911666237446,-11.29225605370415,0.459884001933301,0.9262928951184144,1.414209763170614,0.9026099565007251,01 | Green
SHLS,2025-08-05,DT SW,7.806691449814118,5.333377588953789,905453731.0,5053450.3,27187562.614,-0.746614242027086,22.89,5.8,2021-01-27,3.002645158242768,2.254415364488694,25,5.96,-38.88888888888888,-13.47577396452338,-5.861767279090113,0.3137931034482759,0.9586206896551723,0.9586206896551723,0.6086206896551725,01 | Green
AXGN,2025-08-05,U,18.72509960159363,6.104154809334097,674706988.1500001,1234182.4,15488989.12,-0.2904761904761904,21.0,14.9,1986-12-17,2.29566158229215,4.010871488687572,500,7.470000000000001,41.50943396226415,21.85247861795895,9.320557491289193,0.1100671140939598,0.6275167785234899,1.416100671140939,0.5691275167785235,01 | Green
PRCH,2025-08-06,UT,16.2613981762918,5.271819366044292,1493921041.76,2017862.966666667,26555076.64133333,0.0,0.0,15.3,2020-12-24,1.777542179207047,3.473984663874351,100,22.4,128.4090909090909,-4.180964699257382,2.094647013188511,0.2222222222222221,0.2702941176470588,0.2702941176470588,-0.3052287581699347,04 | Downtrend
QDEL,2025-08-06,DT,15.11824324324325,5.138151544401529,1623866111.36,1749393.666666667,41425642.02666667,-0.6777777777777778,84.6,27.26,1981-08-04,2.551050344413702,1.603751090139612,1100,0.37,-28290.00000000001,-3.510423202956146,-24.99208108964207,0.07300073367571525,0.203591342626559,0.3050256786500367,-0.2201027146001467,04 | Downtrend
LEU,2025-08-06,UT,10.8512628624883,7.510951490044116,4265921040.4,1222324.533333333,261332985.2266667,-0.05533429208266494,250.8824,237.0,1998-07-23,6.126062408369435,2.321934905667169,152.38,16.08,100.7142857142857,45.5164131305044,19.1949601382617,0.1177215189873417,0.9588607594936709,0.9588607594936709,0.172067510548523,04 | Downtrend
NVAX,2025-08-06,DT SW,7.132243684992567,5.143175546593108,1110084735.98,5019861.733333333,33783669.46533334,-0.6978193538112063,23.8599,7.21,1995-12-05,3.04334150090881,4.649743008857906,616.67,63.63,133.8141025641026,-11.66369994533758,-4.403409090909083,0.476352288488211,0.476352288488211,0.476352288488211,0.05270457697642161,04 | Downtrend
GERN,2025-08-06,DT,8.333333333333348,6.397023809523803,770968090.8,9865166.4,11838199.68,-0.7565543071161048,5.34,1.3,1996-07-31,1.535498008447537,2.880607974336855,33.33,3.13,23.52941176470587,13414.6771037182,-16.66666666666666,0.1923076923076923,0.1923076923076923,0.2153846153846155,-0.1692307692307692,04 | Downtrend
HNGE,2025-08-06,UDS,13.73911240149315,5.338611720092463,3891084787.74,901546.1,43472552.94199999,0.0,0.0,54.845,2025-05-22,1.11723478961376,3.309137491693436,135.05,11.04,N/A,N/A,7.585899152164211,0.133740541526119,0.133740541526119,0.133740541526119,-0.1970097547634242,04 | Downtrend
U,2025-08-06,U,11.81496758986449,5.425141005135123,14936618386.02,14548246.46666667,493767485.0786666,-0.128387689480937,43.54,37.95,2020-09-18,3.305751491521071,3.166262003159079,166.67,3.42,50.22222222222221,-12.29152450244772,15.63884156729129,0.1652173913043478,0.2368906455862976,0.3741765480895913,0.05217391304347818,04 | Downtrend
FTRE,2025-08-06,DT SW,13.56707317073171,8.885888501742189,623856000.0,2311535.933333333,15163675.72266666,-0.818381277425646,41.02,7.45,2023-06-16,2.430637153873116,1.2349650112873,171.43,12.53,N/A,N/A,30.15873015873014,0.6080536912751677,0.7140939597315434,1.506040268456376,0.479194630872483,04 | Downtrend
ALAB,2025-08-06,U,21.72790320200679,6.366338877295065,23514170996.16,5716573.333333333,774824349.5999999,0.0,0.0,164.99,2024-03-20,3.295137854217923,3.014866948265045,83.33,11.22,N/A,N/A,35.73002203084317,0.2089823625674283,0.5934299048427174,0.5934299048427174,-0.01309170252742586,04 | Downtrend
RUN,2025-08-07,DT SW,23.48401323042997,7.327453142227163,2184482126.74,17996458.26666667,163227876.4786667,-0.4968553459119498,22.26,11.2,2015-08-05,7.472154360093525,2.681435440515603,864.29,1.84,123.4248788368336,-3.032827581946306,-16.55933762649493,0.6357142857142859,1.003571428571429,1.003571428571429,0.5294642857142857,04 | Downtrend
SRPT,2025-08-07,DT SW,12.23862238622384,12.8946143032859,1717495361.46,16484492.23333333,268037843.714,-0.8946608946608947,173.25,18.25,1997-06-04,15.60632125877462,1.00559852043729,100,15.2,63.02250803858522,73.49341557547942,-14.71282454760031,0.2104109589041097,0.3873972602739726,0.3873972602739726,-0.03397260273972613,04 | Downtrend
CRNC,2025-08-07,DT SW,15.85081585081585,5.268814518814523,388075605.06,1807141.466666667,15505273.784,-0.6385454545454545,27.5,9.94,2019-09-16,3.995426041171215,3.00678840048014,75,14.25,-2272.413793103448,-20.85977400680593,-12.26993865030675,0.3621730382293762,0.382092555331992,0.382092555331992,-0.0663983903420523,04 | Downtrend
NAGE,2025-08-07,DT,19.14893617021276,5.087613981762923,743784418.8000001,1208252.2,11357570.68,-0.2375765827093261,14.69,11.2,2008-06-24,1.526997661274482,2.565057195840405,300,9.55,N/A,N/A,-20.27141645462255,0.008035714285714368,0.008035714285714368,0.008035714285714368,-0.3892857142857142,04 | Downtrend
ASPN,2025-08-07,DT U,8.373786407766982,6.153432732316197,683827580.16,2164993.1,17839543.144,-0.7306184012066366,33.15,8.93,2014-06-13,2.608777952451985,3.694488910842256,66.67,7.85,-160.7142857142857,113.5582228498209,17.71428571428573,0.09518477043673013,0.09518477043673013,0.09518477043673013,-0.5677491601343785,04 | Downtrend
JMIA,2025-08-07,DT SW,14.62882096069869,6.424516531503444,570520858.34,3803644.2,17420690.436,-0.6509308510638298,15.04,5.25,2019-04-11,3.053471258997896,5.501775376361437,N/A,N/A,N/A,N/A,2.921348314606731,0.7809523809523808,1.502857142857143,1.803809523809524,1.074285714285714,04 | Downtrend
HTZ,2025-08-07,DT,13.10592459605027,7.896383688125161,1985434259.01,7210794.9,40164127.593,-0.649025069637883,17.95,6.3,2021-06-30,2.022939183744472,2.11473023591338,20.93,0.7100000000000001,-379.0909090909091,-8.891872353609418,-30.1129234629862,0.03968253968253976,0.1968253968253968,0.1968253968253968,0.04444444444444451,04 | Downtrend
IDR,2025-08-07,U,6.052767718572172,5.797686793289479,305919866.1,533401.9666666667,10310660.01566667,-0.06644200555580859,21.959,20.5,2022-03-11,3.370379356892202,1.078164378721513,66.67,28.05,N/A,67.41609373337671,19.46847960444993,0.4482878048780488,1.668292682926829,1.668292682926829,0.5453658536585366,04 | Downtrend
SEDG,2025-08-07,DT SW,6.630476929042262,8.678917631418637,1586749040.92,5086173.933333334,131172425.7406667,-0.8527758445312918,186.79,27.5,2015-03-26,8.266740508922107,1.917958592817294,17.35,5.56,-847.7211796246647,-72.83011843451074,-6.456293072179909,0.3007272727272727,0.5243636363636364,0.7672690909090909,0.4545454545454546,04 | Downtrend
NBIS,2025-08-07,CPH,16.84516246142675,5.541438684749625,14976503959.62,11130593.2,613184379.388,0.0,0.0,64.37,2011-05-24,4.094309199538705,3.958907509080469,9.520000000000001,6.44,N/A,N/A,18.65173379280638,0.1800543731551965,1.192014913779711,1.192014913779711,0.7287556315053596,04 | Downtrend
PGY,2025-08-07,UT,14.79591836734695,6.95476494169099,2616234436.48,3302755.966666667,103574427.1146667,0.0,0.0,36.0,2022-06-23,3.958912308104177,2.77612245425863,8.469999999999999,-2.07,N/A,N/A,33.16348195329086,0.152222222222222,0.2497222222222222,0.2497222222222222,-0.3208333333333333,04 | Downtrend
GRPN,2025-08-07,UTU,27.16009129442451,5.593972704830234,1247204628.32,1145364.566666667,35128331.25966667,-0.05466004120712642,41.255,39.0,2011-11-04,2.816565178000098,3.686210594315283,725,2.52,123.6666666666667,-3.656966726500066,-13.45936794582392,0.1046153846153846,0.1046153846153846,0.1046153846153846,-0.5397435897435898,04 | Downtrend
PACB,2025-08-08,DT SW,15.07936507936507,10.57653061224487,391646756.34,8530051.533333333,10747864.932,-0.8842777334397446,12.53,1.45,2010-10-27,2.744275232211923,1.223574905639687,23.53,9.04,-105.0420168067227,-15.51327815045255,-14.28571428571428,0.04137931034482767,0.6344827586206898,0.8827586206896552,0.2137931034482758,04 | Downtrend
TXG,2025-08-08,DT U,13.203125,6.76032366071426,1667726950.4,3632630.166666667,46497666.13333333,-0.7497409326424871,57.9,14.49,2019-09-12,2.788086270488163,1.319298904682516,247.37,23.96,34.27230046948356,6.155137676292814,0.0,0.00552104899930983,0.0531400966183575,0.6259489302967562,0.05244996549344383,04 | Downtrend
SOUN,2025-08-08,UDS,22.76119402985075,7.049440298507472,4760857527.68,42611242.63333333,456792521.0293334,-0.4731785428342674,24.98,13.16,2022-04-28,9.594753011899762,4.849740379041235,57.14,29.57,-58.97435897435896,101.3947990543735,-7.346585998271394,0.2978723404255317,0.6846504559270519,0.6846504559270519,0.07446808510638303,04 | Downtrend
AMPX,2025-08-08,UT,11.39896373056994,8.919133974833452,1127742370.96,10222482.73333333,78917566.70133333,-0.05338470005503593,9.085,8.6,2022-09-15,6.997836450372446,2.113541256425763,37.5,19.42,24.44444444444444,260.9192626579731,19.87577639751552,0.1232558139534885,0.8639534883720932,0.8639534883720932,0.480232558139535,04 | Downtrend
ARRY,2025-08-08,DT SW,12.15753424657535,6.127323874755389,899404921.28,7638499.066666666,44608834.54933333,-0.7541291291291291,26.64,6.55,2020-10-15,4.959816595827348,1.994579415017013,31.58,25.62,-269.7674418604651,-17.03913813557064,-21.82061579651941,0.5251908396946565,0.583206106870229,0.8404580152671757,0.3038167938931298,04 | Downtrend
REAL,2025-08-08,UDS,27.94918330308531,7.200155561317088,670407843.65,2802023.533333333,15439149.66866666,-0.3802197802197802,11.375,7.05,2019-06-28,2.302948841500576,5.642458677422957,45.45,3.34,63.63636363636363,12.40224764475716,4.15879017013232,0.2562127659574467,0.8209929078014184,1.466978723404255,0.5588652482269505,04 | Downtrend
RKLB,2025-08-08,UDS,7.532232526577687,6.018337803341209,28268359823.69,23125728.8,1022388470.248,-0.1104041916167664,53.44,47.54,2021-08-25,3.616723703195536,1.693793062210433,-44.44,6.819999999999999,-28.57142857142857,54.36464934031285,13.27184217268766,0.07109802271771137,0.5559528817837611,1.09465713083719,0.08624316365166185,04 | Downtrend
PCT,2025-08-08,CPH,6.882591093117396,6.190514748409464,2481174403.5,3584529.0,44268933.15,-0.2400690846286702,17.37,13.2,2021-03-18,1.78419272291191,2.078918597115548,-285.71,-53.87,-45.68965517241377,N/A,-19.01639344262296,0.147348484848485,0.1734848484848486,0.1734848484848486,-0.2015151515151515,04 | Downtrend
OUST,2025-08-08,UT,27.44588744588745,8.593382807668497,1665794892.3,2964526.433333333,68480560.61,-0.07333962858042176,31.77,29.44,2021-03-12,4.110983946855988,2.493101399568113,-26.67,3.51,63.48314606741572,28.04126400921809,-1.028277634961428,0.2313179347826086,0.4147418478260869,0.4147418478260869,-0.1266983695652174,04 | Downtrend
TEM,2025-08-08,SW,9.295199182839632,5.540104090665863,10598737567.44,8630586.0,506960621.64,-0.2979770366320393,91.45,64.2,2024-06-14,4.783217042729839,3.029704935447025,35.29,5.45,N/A,N/A,3.270042194092815,0.328347352024922,0.6249221183800622,0.6249221183800622,0.1146417445482866,04 | Downtrend
STEM,2025-08-08,UDS,5.301204819277117,16.64945496270803,119852962.8,808382.4333333333,10064361.295,-0.9052745664739884,138.4,13.11,2021-04-29,8.397256988794274,0.6550884558641036,35.84,17.28,-305.5555555555556,-69.18865220837822,48.56801909307873,0.3123874904652939,1.458428680396644,1.458428680396644,0.4065598779557591,04 | Downtrend
MP,2025-08-08,UT,8.25946250175884,5.428109107720763,12657679859.16,19449466.9,1382273612.583,0.0,0.0,76.94,2020-11-18,10.92043429730677,1.255091264223803,35,22.04,-357.1428571428572,4.627256829224576,57.5482154732875,0.07226410189758248,0.3029698466337407,0.3029698466337407,-0.2383675591369898,04 | Downtrend
AAOI,2025-08-08,UDS,7.36677115987463,8.743010683897424,1888431062.21,4734028.2,105710849.706,-0.4612359550561798,44.5,23.975,2013-09-26,5.597813540637715,2.58192272703403,-77.78,-2.35,29,57.29512546433174,-21.37323943661972,0.1248383733055265,0.6262773722627737,1.048383733055266,0.1916579770594369,04 | Downtrend
ABCL,2025-08-08,DT SW,13.67924528301887,7.919642857142849,1373960819.12,6430441.6,27265072.384,-0.2149837133550487,6.14,4.82,2020-12-11,1.984414111711195,2.066206152933572,29.41,159.49,-9.615384615384624,-1.785514697664021,5.735660847880308,0.03941908713692932,0.3516597510373443,0.3516597510373443,-0.1887966804979253,04 | Downtrend
PSIX,2025-08-08,UDS,25.54960701674449,8.637584820920031,2024915855.5,684154.0666666667,60061885.51266667,0.0,0.0,110.22,1995-05-01,2.966142289297051,3.182362140457447,157.47,40.59,N/A,7.206655222500991,21.89669536239936,0.1048811467973145,0.1048811467973145,0.1048811467973145,-0.4040101614951914,04 | Downtrend
RUM,2025-08-11,DT,13.95939086294418,5.584028281363355,3906984328.72,3182406.9,25077366.372,-0.4839080459770114,17.4,8.98,2022-09-19,0.641859917063343,2.867370291335153,-50,-6.43,-123.076923076923,25.13518368153182,-11.0609480812641,0.04677060133630295,0.04677060133630295,0.04677060133630295,-0.3162583518930958,04 | Downtrend
GPRE,2025-08-11,DT SW,9.662162162162158,5.426158301158322,518705427.2,1487379.7,11006609.78,-0.7655979202772963,34.62,8.115,2006-03-15,2.121938426481149,2.585864255105808,-43.75,-12.76,45.51495016611295,-30.01527840268059,-6.565656565656564,0.4479359211337031,0.5169439309919901,0.9235982747997533,0.2680221811460257,04 | Downtrend
ASTS,2025-08-12,CPH,11.57447735191637,6.922831632653094,13766324885.6,10249229.6,470644623.232,-0.1593929450369156,60.95,51.235,2021-04-07,3.418810954580251,2.104456026626626,-241.67,-79.62,N/A,674.8000000000001,-10.17214397496087,0.08324387625646534,1.006245730457695,1.535181028593735,0.2587098663023324,01 | Green
FWRD,2025-08-12,DT U,7.630381519075957,5.545652282614125,965119227.34,523027.9666666667,14942909.00766667,-0.6132561941894101,79.51,30.75,1993-11-16,1.548296685462516,2.428577592313578,-86.36,-2.06,-8718.749999999996,60.83449800523467,4.767143381004768,0.04065040650406515,0.04065040650406515,0.04065040650406515,-0.272520325203252,01 | Green
HNRG,2025-08-12,U,12.18144750254842,5.383792048929664,924952664.34,689522.0666666667,13528422.948,0.0,0.0,22.01,1981-06-30,1.462607057589613,2.980990891178634,226.67,11.55,-87.0748299319728,-33.33514675951409,27.15489306545691,0.0,0.1222171740118128,0.1222171740118128,0.032258064516129,01 | Green
CRCL,2025-08-12,DT,15.59223180492648,7.432210000088644,40917175740.77,17331609.53333334,2793335508.487333,-0.3769022375330279,298.99,186.3,2025-06-05,6.826804289192534,1.93236652000426,-38.71,2.03,N/A,N/A,-17.48835304356731,0.01943102522812645,0.01943102522812645,0.01943102522812645,-0.5367686527106817,01 | Green
VG,2025-08-12,DT,6.4623032311516,6.227482542312685,30176120711.57,5312887.6,64126553.33199999,-0.496078431372549,25.5,12.85,2025-01-24,0.2125076113823102,1.637036702978621,-30,5.1,N/A,215.1105452793115,-27.1135265700483,0.09571984435797676,0.1906614785992218,0.1906614785992218,-0.3673151750972762,01 | Green
LQDA,2025-08-12,UT,7.995283018867916,6.162331536388126,1897588489.2,2464748.233333333,52252662.54666667,0.0,0.0,22.895,2018-07-26,2.75363509233215,4.338134360092249,-19.51,125.89,-1.282051282051283,-11.41729817749107,46.10613370089594,0.307709106791876,0.307709106791876,1.038436339812186,0.2365145228215768,01 | Green
ONDS,2025-08-12,UT,14.86880466472302,9.037900874635582,1956994529.63,24412351.8,83734366.67400001,-0.002531645569620267,3.95,3.94,2018-02-01,4.278722572097903,2.988459473208148,0,10.1,21.33333333333334,-21.16972419559478,49.78165938864629,0.7055837563451777,1.969517766497462,2.878172588832487,0.398477157360406,01 | Green
CAI,2025-08-13,UDS,22.61244608749229,6.013819206055808,9173039737.56,574194.6333333333,18638357.798,0.0,0.0,39.8,2025-06-18,0.2031862755557815,3.193009640923731,N/A,N/A,-142.560553633218,40.99562923604324,3.375796178343959,0.06783919597989962,0.06783919597989962,0.06783919597989962,-0.3894472361809045,01 | Green
SRFM,2025-08-13,UDS,10.7398568019093,11.53324241391068,518069378.1700001,8237516.633333334,34515194.69366667,-0.7348571428571429,17.5,4.64,2023-07-27,6.662272689342546,1.579760937579331,-204.55,8,N/A,N/A,-32.5281803542673,0.1939655172413794,0.3300215517241378,0.3300215517241378,-0.4202586206896551,01 | Green
VOR,2025-08-13,UDS,24.69879518072286,12.06497418244406,1964188160.8,558865.0783333334,18554320.60066667,-0.3708206686930091,65.8,41.4,2021-02-05,0.9446305079605828,2.473824101021019,-277.59,N/A,-658.8888888888889,N/A,-21.69811320754717,0.21256038647343,0.21256038647343,0.21256038647343,-0.7644927536231884,01 | Green
DFDV,2025-08-13,DT U,16.25519478117179,10.44263323215366,502728357.778,2700792.746666668,43801996.92398935,-0.6150713122016749,48.9818,18.8545,2023-07-25,8.71285580896789,3.513751883298895,4300,181.5,N/A,N/A,-41.23840579710145,0.05111246651992896,0.05111246651992896,0.05111246651992896,-0.5661513166618048,01 | Green
AIRO,2025-08-14,DT,10.39558417663293,6.351623077934036,686025635.5799999,959322.8666666667,20855679.12133333,-0.3857179421551062,39.07,24.0,2025-06-13,3.040072854376777,2.221152100130627,185.71,76.53,N/A,N/A,-17.30696082160518,0.07916666666666661,0.07916666666666661,0.07916666666666661,-0.5791666666666666,01 | Green
HSAI,2025-08-15,UT,7.547169811320753,5.398370497427104,3664556360.52,2793381.066666667,65141646.47466667,0.0,0.0,25.08,2023-02-09,1.777613442556607,4.22108359675763,N/A,N/A,N/A,N/A,7.218390804597696,0.2137161084529506,0.2300637958532696,0.2300637958532696,-0.2188995215311005,01 | Green
BZAI,2025-08-15,DT,11.11111111111112,8.552343159485991,547465107.42,4310680.033333333,16294370.526,-0.7818181818181817,19.25,4.2,2025-01-14,2.976330419081743,0.5273181916594892,-86.67,-5.96,N/A,N/A,-21.41372141372141,0.003428571428571558,0.6095238095238094,0.6095238095238094,-0.4035714285714286,01 | Green
KULR,2025-08-15,DT,18.02656546489565,5.656004337218738,243897296.94,2234877.033333333,11777801.96566666,-0.8583788706739527,43.92,6.22,2018-05-21,4.829000613550901,4.034676568558709,320,15.07,175,35.81016970862289,-23.62318840579711,0.01286173633440524,0.01286173633440524,0.01286173633440524,-0.5723472668810289,01 | Green
WKHS,2025-08-15,DT,18.64406779661017,8.939063761097678,232123145.4,527504.5138888999,11204195.87500023,-0.9903448275862069,2610.0,25.2,2009-07-15,4.826832695073515,1.103705563341628,58.04000000000001,146.48,-1036.507936507937,-47.911899137471,-17.28971962616823,0.04761904761904767,0.04761904761904767,0.04761904761904767,-0.7052380952380952,01 | Green
UI,2025-08-22,CPH,15.87167473180224,5.374851407649613,23638110738.45,114283.7333333333,44635797.728,-0.07412294753622506,488.7906,452.56,2011-10-14,0.1888298021017176,6.142098963048693,68.57,21.05,36.82539682539684,22.77426124415764,-12.51847869909958,0.436052457132756,0.7756651051794237,0.7756651051794237,0.1724854162983913,01 | Green
KSS,2025-08-27,DT SW,26.18865030674846,6.660933391761614,1478735908.72,16158591.9,210708038.376,-0.4440878378378379,29.6,16.455,1992-01-01,14.24920008592946,2.931125267171331,80.65,3.89,-53.87596899224807,-6.955148452305748,14.68777484608619,0.1090853843816471,0.5138255849285933,0.5326648435126102,0.4646004254026135,01 | Green
MDB,2025-08-27,DT SW,31.58999720070916,5.046331595995693,17239779233.18,2466530.933333333,528676240.2506666,-0.4465484086181861,509.62,282.05,2017-10-19,3.066606788288602,8.411421369024524,51.52,7.03,48.77049180327869,43.78718024985127,-12.28515305287281,0.2226555575252616,0.3665662116645985,0.5767417124623293,0.1567807126396028,01 | Green
BMA,2025-08-28,DT,5.014800626850091,5.837852292231558,3672018492.9,377222.8,21663905.404,-0.4906895241312333,118.415,60.31,2006-03-24,0.5899726661477348,1.97358431144671,-2.01,-17.89,N/A,N/A,-17.83977110157369,0.01442546841319836,0.5776819764549825,0.7600729563919748,0.4223180235450175,01 | Green
WOOF,2025-08-29,DT SW,23.21981424148607,5.394294559929241,922375767.1899999,3933470.166666667,12705108.63833333,-0.3672496025437202,6.29,3.98,2021-01-14,1.377433047383628,5.924879308224066,400,N/A,92.2077922077922,-0.3994884600991643,10.61643835616439,0.05276381909547756,0.05276381909547756,0.05276381909547756,-0.1959798994974874,01 | Green
IREN,2025-08-29,UT,19.35763888888889,7.696242559523808,8234004648.96,25141479.63333333,579259690.752,0.0,0.0,27.5,2021-11-17,7.034969197220015,3.044720959800206,230,-1.43,N/A,N/A,49.6103896103896,0.7959963636363636,1.795272727272728,1.795272727272728,0.7385454545454546,01 | Green
CRDO,2025-09-04,UT,10.59950308567765,5.786166546445455,23266847333.46,4253433.266666667,530700868.682,0.0,0.0,137.995,2022-01-27,2.280931580785336,3.305358076304759,62.5,17.18,250,126.3434730787169,6.332026589398332,0.2804811768542337,0.5493314975180261,0.5493314975180261,0.3110619949998188,01 | Green
PL,2025-09-08,CPH,17.99387442572742,5.437212863706004,2327308494.78,5884987.466666667,38428968.15733334,-0.001826637820471322,7.7191,7.705,2021-12-08,1.651219348166648,10.91571959394261,50,11.34,35.08771929824562,19.24806224281344,2.031249999999996,1.17780661907852,1.17780661907852,3.010097339390007,0.6807268007787151,01 | Green
LPTH,2025-09-26,UT,5.230769230769239,8.575494505494543,408131145.5,1589314.9,10330546.85,-0.08556149732620333,7.48,6.84,1996-02-22,2.531183165975751,3.148174726103682,-300,-1.22,-220,4.530105183619539,19.48529411764706,0.5628654970760234,0.5628654970760234,1.228070175438597,0.3187134502923976,01 | Green
RZLV,2025-10-01,DT,21.48594377510038,16.94678714859438,1986161383.26,20999260.73333333,104576318.452,-0.5077298616761594,12.29,6.05,2024-08-16,5.26524779574321,4.489264560173675,-733.33,-44.97,N/A,N/A,21.46341463414636,0.2528925619834712,0.2528925619834712,0.2528925619834712,-0.5752066115702479,01 | Green
NEOG,2025-10-09,DT SW,13.4020618556701,5.130093274423177,1269086013.12,6798873.433333334,39569443.38200001,-0.6840593585447583,20.89,6.6,1989-08-23,3.117948111706001,1.833300343390714,33.33,2.66,-12475,-3.198473959719635,1.393728222996526,0.08636363636363642,0.5606060606060608,0.7310606060606062,0.4575757575757575,01 | Green
TLRY,2025-10-09,UT,15.69767441860466,9.052740863787381,2366391703.6,7359185.213333334,126577985.6693333,-0.32996632996633,29.7,19.9,2015-01-23,5.348987045414747,4.115447420065929,100,1.61,-645.4545454545454,4.10258295286599,62.26415094339623,0.1658291457286432,0.1658291457286432,0.1658291457286432,-0.5386934673366834,01 | Green
BYRN,2025-10-09,DT U,10.41666666666667,5.158239348370916,519779716.8,515559.5666666667,11754758.12,-0.2761644623346751,34.78,25.175,2006-09-12,2.261488422897228,4.979525482571137,80,-0.06999999999999999,576.9230769230771,73.56491416309014,12.25997045790253,0.2162859980139027,0.2162859980139027,0.2162859980139027,-0.3088381330685205,01 | Green
APLD,2025-10-10,UT,26.39125981563675,7.600936448324656,8327258653.48,28106359.63333333,823235273.6603333,0.0,0.0,37.02,2002-07-22,9.886029819865144,3.843545817007259,78.57,44.41,-45.45454545454544,-19.10032972209138,56.79871520342612,0.0858995137763372,0.0858995137763372,0.1418152350081037,0.01782820097244731,01 | Green
CLF,2025-10-20,DT U,17.26726726726726,5.341377091377077,7599593426.04,30762489.43333333,409756359.252,-0.3199825859817153,22.97,15.62,1972-06-01,5.391819486657933,2.522491853858776,2.17,-3.26,N/A,-12.9466105148757,13.36170212765957,0.06914212548015364,0.06914212548015364,0.06914212548015364,-0.1005121638924454,04 | Downtrend
GLXY,2025-10-21,UDS,10.3656998738966,7.694181228607441,7703693342.8,8580591.0,340220433.15,-0.01285810963230316,44.33,43.76,2006-05-25,4.416328869943605,2.69629947401059,348,-99.83999999999999,N/A,N/A,19.6439348219674,0.04936014625228524,0.04936014625228524,0.04936014625228524,-0.2584552102376598,04 | Downtrend
VKTX,2025-10-23,DT U,12.79439847231061,6.388946985541502,3665235280.54,5064757.866666666,159134692.1706667,-0.6434966301176944,99.41,35.44,2015-04-29,4.341731975995312,1.703650051424637,-19.12,N/A,-51.61290322580645,N/A,25.22917497010761,0.21755079006772,0.21755079006772,0.21755079006772,-0.09085778781038367,04 | Downtrend
QS,2025-10-23,CPH,6.111929307805597,13.32889753839682,8353670132.08,52376383.46666667,711271287.4773333,-0.2443589111636663,19.0699,14.41,2020-11-27,8.514476586116192,0.7667115852998336,5.26,N/A,N/A,N/A,8.640000000000004,0.2879875086745316,0.2879875086745316,0.2879875086745316,-0.2810548230395559,04 | Downtrend
DQ,2025-10-27,UT,9.104878985785625,6.314143021788067,1761349546.11,1143003.366666667,29752377.63433333,-0.09003524511374561,31.21,28.4,2010-10-07,1.689180759153824,1.769751567660883,107.14,43.05,N/A,N/A,-8.215796897038075,0.2883802816901411,0.2883802816901411,0.2883802816901411,-0.04154929577464783,01 | Green
CLS,2025-10-28,UT,14.64117686038036,5.329001675549283,38062857332.94,2805527.566666667,846764330.1713334,0.0,0.0,346.01,1998-06-30,2.224647305809421,2.752330111364556,10.49,5.37,N/A,N/A,22.50182644695187,0.05025866304442062,0.05025866304442062,0.2232305424698708,-0.002254270107800327,01 | Green
BBNX,2025-10-29,U,15.73311367380561,6.522887738291357,1092349624.64,854438.7,20745771.636,0.0,0.0,28.1,2025-01-30,1.899187876119523,3.446762184343944,23.26,13.77,N/A,N/A,20.13854527461654,0.1640569395017792,0.1640569395017792,0.1640569395017792,-0.4736654804270464,01 | Green
BE,2025-10-29,UT,14.14194915254239,8.879672366828082,33364057754.88,14615471.66666667,1655640630.4,0.0,0.0,129.3,2018-07-25,4.962347933107259,1.835751018640863,200,23.35,-6018.292682926829,23.91349451599619,25.60150792770817,0.1435421500386698,0.2959783449342612,1.246713070378963,0.2104408352668212,01 | Green
NBR,2025-10-29,U,5.575577697689194,5.039462127865742,698118075.48,386871.4,18248723.938,-0.5300113250283125,105.96,49.8,1972-06-01,2.613988174629751,2.420483912742064,-68.35,-0.53,-52.90148448043185,5.759337718129688,13.36217255467436,0.1067269076305222,0.4178714859437751,1.111847389558233,0.3465863453815263,01 | Green
PUMP,2025-10-29,U,23.28767123287672,5.186888454011743,896614594.1,3320908.133333333,24242629.37333333,-0.20844327176781,11.37,9.0,2017-03-17,2.703795982449683,7.716870497792752,81.82000000000001,12.39,-223.1481481481482,-16.87981872303025,34.43830570902395,0.2955555555555556,0.3188888888888888,1.055555555555555,0.2711111111111111,01 | Green
GKOS,2025-10-30,DT,23.32338824750291,5.7296758890351,4547071703.33,1126421.666666667,86835846.28333335,-0.4192779915704601,163.71,95.07,2015-06-25,1.909709191956222,4.291786231621373,38.46,9.19,28.07017543859649,33.07754239420319,-8.758432950645034,0.1273798253918168,0.3698327548122435,0.5304512464499844,0.255706321657726,01 | Green
PRM,2025-10-30,UDS,9.653233364573556,5.07229883518542,3493078936.82,1071332.0,22862224.88,-0.05835010060362189,24.85,23.4,2021-11-09,0.6545006652730591,3.178943595449403,20.59,28.25,236.8421052631579,56.86540535948284,-2.60155180282976,0.1991452991452991,0.2767094017094018,0.3641025641025644,0.1175213675213675,01 | Green
MSTR,2025-10-31,DT,6.05334485603175,5.391997149254496,101135992186.2,11984353.76666667,3050856938.380333,-0.5027992633517495,543.0,269.98,1998-06-11,3.01658872616135,1.174179707473199,46.18,9.98,-57.02930948832587,-6.972155319153305,-27.60287802519694,0.02348285058152455,0.02348285058152455,0.02348285058152455,-0.4454774427735387,01 | Green
AXTI,2025-10-31,UT,12.70491803278688,6.99756049960969,479995911.84,2316066.866666667,16953609.464,0.0,0.0,8.25,1998-05-21,3.532032053983671,4.606796614363724,69.23,38.76,-71.4285714285714,3.382698870224961,42.69005847953218,0.4400000000000002,2.231515151515151,9.92121212121212,1.247272727272727,01 | Green
BFLY,2025-10-31,DT SW,18.13725490196079,7.243697478991623,543221773.32,6580492.566666666,13424204.836,-0.5160642570281124,4.98,2.41,2021-02-16,2.471219950179002,3.187691162551626,33.33,1.67,50,29.2601431980907,-12.44635193133047,0.4149377593360997,1.087136929460581,1.373443983402489,0.6431535269709543,01 | Green
WDC,2025-10-31,UDS,12.57511040324333,5.188140571511306,49801520594.72,9962740.733333332,1376153377.495333,0.0,0.0,155.5,1978-10-31,2.763275821825477,2.021519734285166,16.34,3.37,296.1685823754789,-26.7861262785511,5.193816160231512,0.1475884244372989,0.8354983922829582,1.842379421221865,0.6091961414790996,01 | Green
LQDA,2025-11-03,UDS,11.30952380952381,5.569434670419865,2180436584.76,2590485.033333333,63104215.41199999,-0.09435537742150979,29.94,27.115,2018-07-26,2.894109182218929,2.811847166176126,89.47,209.56,-12.58278145695366,28.00264988406757,6.561679790026242,0.2480177023787573,0.7211875345749588,0.7211875345749588,0.7197123363451965,01 | Green
CIFR,2025-11-03,UDS,23.00268096514746,11.55679816162389,7740322965.299999,55929212.76666667,1043079818.098333,0.0,0.0,22.94,2021-08-30,13.47592113112693,2.42896116858926,233.33,-5.779999999999999,-816.6666666666666,0.1140746716414148,21.57757496740547,0.1124673060156931,0.1124673060156931,0.1124673060156931,-0.2911944202266783,01 | Green
DAVE,2025-11-04,UDS,8.287868060472281,6.872772598273428,3062724785.77,375722.4,90214705.46400002,-0.09230232152208062,286.45,260.01,2022-01-06,2.945570097684083,5.303644392775091,104.83,13.75,306.0000000000001,58.83499483829217,18.35074921135647,0.05042113764855194,0.05042113764855194,0.1064574439444637,-0.3727933541017653,01 | Green
HTZ,2025-11-04,DT,16.19433198380566,7.539473684210519,1760869881.42,10524821.9,51992620.186,-0.4695009242144177,10.82,5.74,2021-06-30,2.952666788989095,12.33044779598598,300,2.71,-802.2058823529411,-3.668932772202439,-11.46953405017921,0.245644599303136,0.245644599303136,0.4250871080139371,-0.09059233449477355,01 | Green
VITL,2025-11-04,DT,17.86824114356744,5.711067211222572,1381536377.96,1163753.633333333,37449591.92066666,-0.2860235294117647,53.125,37.93,2020-07-31,2.710720652608899,3.156341595668201,20,3.91,48.8095238095238,32.10310449919934,-26.57996805840748,0.01871869232797252,0.01871869232797252,0.01871869232797252,-0.2929079883996836,01 | Green
IBRX,2025-11-05,DT,5.288461538461542,5.752403846153826,2204459447.84,9006046.533333333,18732576.78933333,-0.792022792022792,10.53,2.19,2021-03-10,0.8497582846301895,1.483437927014042,30,3.39,45.87155963302751,16487.74834437086,-17.78656126482212,0.1232876712328768,2.780821917808219,4.675799086757991,1.575342465753425,01 | Green
APPS,2025-11-05,UDS,34.71283783783783,6.593870656370686,716416200.0,2779974.266666667,16457447.65866667,0.0,0.0,7.975,1995-05-24,2.297190886898798,11.54324102376583,650,10.55,62.01923076923077,-4.648812898911037,-13.32357247437774,0.03823197492163,0.03823197492163,0.03823197492163,-0.4689655172413792,01 | Green
LITE,2025-11-05,UT,16.00127415587174,6.413296726632914,16895892000.0,3272513.1,616410567.516,0.0,0.0,218.5,2015-07-23,3.648286622073579,3.407985135338343,29.41,1.41,104.5566502463054,21.02707474985285,15.49451223250966,0.5743707093821511,1.322883295194508,3.672768878718536,1.308558352402746,01 | Green
SLDP,2025-11-05,UT,11.13089937666965,11.59763388881821,1281237505.38,15609427.96666667,87646938.03283334,-0.2248447204968944,8.05,6.24,2021-12-09,6.840803337772903,5.277323946521986,17.65,6.63,-18.18181818181818,14.82194417709336,-10.01602564102564,0.4198717948717947,0.4198717948717947,0.4198717948717947,-0.3990384615384616,01 | Green
RIGL,2025-11-05,UDS,22.86821705426356,5.762810832578275,530134540.32,534765.4,15176642.052,-0.2023898568327536,43.7181,34.87,2000-11-29,2.862790649867686,4.350633006548292,71.76,12.47,3472.222222222222,130.4765435149718,-1.321279554937427,0.498135933467164,0.498135933467164,0.498135933467164,-0.04731861198738163,01 | Green
OUST,2025-11-05,UDS,11.99421965317919,11.53153385631712,1996069377.44,2793820.666666667,77332956.05333333,-0.2557022809123649,41.65,31.0,2021-03-12,3.874261933345945,2.234961275252456,-32.14,7.000000000000001,65.11627906976744,33.11754937115899,-9.690048939641105,0.02064516129032268,0.02064516129032268,0.02064516129032268,-0.4419354838709677,01 | Green
BWIN,2025-11-05,DT,6.040851803563663,5.147389333830045,2228255541.72,916648.4333333333,21092080.451,-0.5628806879254747,55.82,24.4,2019-10-24,0.9465736786508309,1.688145578750239,19.23,0.4,N/A,N/A,-20.51813471502591,0.1803278688524592,0.1803278688524592,0.1803278688524592,-0.2311475409836065,01 | Green
LMND,2025-11-05,CPH,15.41084214115243,5.705688958160842,4540085435.9,2409001.466666667,141312026.0346667,0.0,0.0,67.7,2020-07-02,3.112541119100191,5.539372302028763,28.17,4.22,7.204610951008633,32.41808952468851,5.69369369369368,0.2373707533234859,0.4756277695716395,0.4756277695716395,0.01122599704579019,01 | Green
GPRE,2025-11-05,UDS,13.77245508982037,6.092885657256917,702355186.56,2371812.2,23765558.244,-0.6,28.5,11.4,2006-03-15,3.383695130151899,1.907231103710488,1800,-11.01,24.70588235294117,-23.53861656655343,-2.529182879377434,0.04078947368421049,0.2482368421052632,0.6614035087719299,0.1105263157894736,01 | Green
ESTA,2025-11-05,DT SW,9.129554655870443,5.27904858299595,1472213415.4,376878.6666666667,18617806.13333333,-0.1032934131736527,60.12,53.91,2018-07-19,1.264613264529646,6.340870978811925,26.92,3.1,18.93687707641196,-1.027142158802579,23.13060817547359,0.3576330921906883,0.4513077351140791,0.5453533667223152,0.2309404563160824,01 | Green
FTRE,2025-11-05,U,10.10309278350516,6.62835051546389,922469999.9999999,1159313.7,11245342.89,-0.7396392003900536,41.02,10.68,2023-06-16,1.219047003154574,3.192998581833373,-25,9.1,N/A,N/A,-4.244817374136245,0.4091760299625469,0.7481273408239701,0.7481273408239701,0.2921348314606742,01 | Green
FWRD,2025-11-06,DT,24.0248728094969,7.443672777194561,597583448.7800001,907004.3666666667,16044907.24633333,-0.6777794096049347,68.09,21.94,1993-11-16,2.684965134005954,1.574132443537299,-420,-2.26,79.05405405405406,35.46885424635647,-24.81937951551211,0.1974703737465815,0.3828623518687329,0.4209206927985414,0.3623518687329079,01 | Green
SES,2025-11-06,DT,15.69506726457399,11.33664317745035,827970902.0,21608928.86666667,48187911.37266666,-0.3083109919571045,3.73,2.58,2022-02-04,5.820000588941792,1.032894926801755,-100,49.85,-44.44444444444445,N/A,-25.16778523489933,0.01550387596899228,0.01550387596899228,0.01550387596899228,-0.2713178294573644,01 | Green
EOSE,2025-11-06,UDS,6.325706594885605,10.12382234185731,5411532675.84,23843745.4,354318056.644,-0.170385928065109,19.045,15.8,2020-11-17,6.547462204670164,1.523906978137755,-1285,-23.05,-380.6060606060605,576.6959203036052,1.502732240437155,0.2569620253164555,0.2569620253164555,0.2569620253164555,-0.220886075949367,01 | Green
HL,2025-11-06,UT,14.12056151940546,5.735283708859247,8135115699.41,19150298.93333333,231910120.0826667,-0.104922279792746,15.44,13.82,1972-06-01,2.850729217034811,1.899013854906439,20,27.7,824.9999999999998,53.41539846734622,-5.316653635652857,0.3110492040520985,1.472503617945007,1.472503617945007,0.6476121562952242,01 | Green
AQST,2025-11-06,UTU,8.000000000000007,6.255357142857128,753069888.0,3353889.833333333,20123339.0,-0.1417218543046357,7.55,6.48,2018-07-25,2.672174166124672,1.161736429525935,-16.67,-2.31,-96.96969696969697,-22.81530952992551,-10.31390134529149,0.05709876543209869,0.05709876543209869,0.05709876543209869,-0.3657407407407407,01 | Green
SITM,2025-11-06,UT,17.89156842369299,5.105367828860098,8391924016.52,292788.7333333333,81708551.81133333,0.0,0.0,329.0,2019-11-21,0.9736569545968863,5.315539236368612,155.88,7.02,4.000000000000004,71.87938757772281,-9.959992256565787,0.1732522796352585,0.337386018237082,0.905775075987842,0.2726139817629178,01 | Green
ARRY,2025-11-06,DT SW,6.370192307692291,6.430288461538463,1281343997.44,6254478.366666666,52037260.01066667,-0.5607940446650124,20.15,8.85,2020-10-15,4.061146742376131,2.55131268580986,50,25.93,-264.2857142857142,1.749423197709834,-8.470847084708467,0.0824858757062148,0.3621468926553673,0.3819209039548024,0.3401129943502825,01 | Green
DNUT,2025-11-06,DT SW,12.20159151193636,10.01743084501708,654095000.0,11402325.6,42986767.512,-0.7628923766816144,17.84,4.23,2021-07-01,6.571945590778099,1.06471428951301,116.67,-0.33,-754.8387096774193,-11.54962785503216,9.912536443148689,0.07092198581560272,0.1229314420803782,0.1229314420803782,-0.2529550827423168,01 | Green
IOVA,2025-11-06,DT SW,24.86187845303867,7.872533543804253,819878291.9200001,13395711.86666667,24246238.47866667,-0.8767048554282597,18.33,2.26,2010-05-26,2.95729728639193,6.250254546631584,7.41,-6.08,29.18918918918919,13889.94374120956,-17.35159817351598,0.2123893805309736,0.3407079646017699,1.491150442477876,0.1194690265486726,01 | Green
OSCR,2025-11-06,SW,9.39518496770404,6.60414394765542,5256224350.0,15937558.6,271416622.958,-0.2172268907563026,23.8,18.63,2021-03-03,5.163718381959857,1.931466717869825,7.02,-3.22,-260.8695652173913,46.46830635686285,-17.0886075949367,0.02469135802469147,0.02469135802469147,0.07756307031669363,-0.3429951690821256,01 | Green
MRNA,2025-11-06,DT SW,7.130730050933787,6.187454523405278,9405997544.84,10952940.26666667,258051272.6826667,-0.8519387575526486,170.47,25.24,2018-12-07,2.743475866886974,1.610944328227384,76.5,17.33,50.40548970679974,-44.02949571836346,-14.42063203777698,0.0994453248811411,1.187004754358162,1.359350237717908,0.6248019017432647,01 | Green
AFRM,2025-11-07,UDS,5.988477865372954,5.671694966646455,22089909347.4,5862644.133333334,386700007.0346667,-0.3009000000000001,100.0,69.91,2021-01-13,1.750573082728298,2.790990486181309,-43.9,5.58,N/A,N/A,-7.281416924374485,0.1354598769846946,0.210842511800887,0.210842511800887,-0.1842368759834072,01 | Green
AMPX,2025-11-07,UDS,5.150976909413862,10.69525501141843,1644867758.68,9257334.233333332,104237583.4673333,-0.2613849033063007,16.03,11.84,2022-09-15,6.33714065567092,1.223432655074602,50,28.33,40,234.1418764302059,-5.61609388097234,0.2238175675675675,0.2550675675675675,0.9256756756756757,0.03378378378378377,01 | Green
GRND,2025-11-07,DT,8.97718910963945,5.187690528750147,2362222320.93,3095505.3,42067917.027,-0.4106645443692797,25.13,14.81,2022-11-18,1.780861888157842,1.191467512589948,33.33,1.89,-5.714285714285703,28.97013798139147,13.628762541806,0.05266711681296421,0.05266711681296421,0.05266711681296421,-0.3092505064145847,01 | Green
LASR,2025-11-07,UT,16.70023497818061,5.277993574066102,1718590968.63,702359.0666666667,20923276.596,0.0,0.0,34.765,2018-04-26,1.217466923655446,3.407606043100841,366.67,5.390000000000001,24.17582417582419,8.633168111534587,6.127538297114343,0.1108873867395368,0.4767726161369195,1.308931396519488,0.4704444124838199,01 | Green
INOD,2025-11-07,DT,8.21018062397374,8.595191179920262,2093903445.9,1685172.366666667,102626997.13,-0.2978156632924879,93.85,65.9,1993-08-10,4.90122872336594,1.915494856104828,60,4.62,11600,129.4892001467075,-26.87319884726225,0.1001517450682852,0.1001517450682852,0.1001517450682852,-0.2778452200303491,01 | Green
PCT,2025-11-07,DT,18.10613943808532,7.699494574104386,1930695224.1,3292879.866666667,31644575.51866667,-0.3465745538284399,17.37,11.35,2021-03-18,1.639024902722173,3.036684727318122,-19.23,-56.92,-38.79310344827585,N/A,-29.23416789396171,0.005726872246696102,0.08458149779735691,0.08458149779735691,-0.1497797356828193,01 | Green
AMN,2025-11-07,DT SW,5.670103092783507,5.198317959848094,713793734.13,744358.7666666667,13718532.06966667,-0.7572301171777611,80.22,19.475,2001-11-13,1.921918253651716,4.355653678291243,95,2.85,-145.2865064695009,-26.79318846698839,1.486784140969166,0.0177150192554556,0.1681591784338896,0.1712451861360718,0.04236200256739409,01 | Green
TXG,2025-11-07,DT SW,10.07692307692307,6.167032967032959,1693785184.0,2710609.9,35237928.7,-0.7528497409326425,57.9,14.31,2019-09-12,2.080424898792833,2.888545489338027,-46.67,4.590000000000001,72.56637168141593,9.864456000305687,13.3391455972101,0.421383647798742,0.6464011180992311,0.8480083857442346,0.3004891684136966,01 | Green
WLDN,2025-11-07,UDS,12.59528556350418,5.607850692757465,1298840399.57,243588.8,20770816.976,-0.2065289256198347,121.0,96.01,2006-11-21,1.599181622536262,2.704418265536018,55.13,-28.31,759.0909090909091,23.85938291401946,-5.234496554789958,0.109780231225914,0.4269346943026768,0.4269346943026768,0.1998750130194771,01 | Green
CGC,2025-11-07,DT,13.76146788990824,5.929882044560928,489736072.41,25643383.7,27951288.233,-0.9168900804289544,14.92,1.24,2014-04-07,5.707418711358388,1.131344222720498,90.91,-7.46,-21.36986301369861,-23.48825157888028,-20.43795620437956,0.04032258064516125,0.9193548387096773,0.9193548387096773,-0.1129032258064515,01 | Green
TNDM,2025-11-07,DT SW,20.03000750187547,5.993355481727563,927484164.3100001,1801765.266666667,24017531.00466667,-0.7019929223319054,53.69,16.0,2013-11-14,2.589535425926594,3.349654980954049,6.06,5.36,-56.42201834862385,21.7829191206895,-4.785714285714282,0.3828437499999999,0.53125,0.8531249999999999,0.1981250000000001,01 | Green
VSAT,2025-11-10,UT,16.97849762636135,5.780947061874192,4933035556.1,2346591.333333333,84031435.64666668,0.0,0.0,41.89,1996-12-03,1.70344273198592,1.927825665994391,164.29,-0.76,66.38141809290954,67.68290659735663,3.198847262247839,0.04058247791835767,0.1859632370494151,0.6793960372403915,0.07424206254476018,01 | Green
VG,2025-11-10,DT,12.1401752190238,5.385213659932059,19975741879.49,9161020.3,73196552.19700001,-0.6486274509803922,25.5,8.96,2025-01-24,0.3664272027471191,2.061074354348936,-30.43,2.51,N/A,411.7733889112966,-11.6150442477876,0.007812499999999778,0.1489955357142856,0.966517857142857,0.1316964285714286,01 | Green
EU,2025-11-10,DT SW,6.439393939393945,8.08198051948056,512901763.44,4836008.466666667,12767062.352,-0.4435643564356435,5.05,2.81,2010-05-12,2.489182775737037,0.6202970943240835,0,-67.06,N/A,N/A,-27.86885245901639,0.09430604982206403,0.3078291814946619,0.3078291814946619,-0.01779359430604988,01 | Green
SPRY,2025-11-10,DT,12.99435028248588,6.039951573849907,880108985.55,2213385.333333333,19588460.2,-0.4708994708994708,18.9,10.0,2022-11-09,2.225685741381078,1.855143764694685,-10.64,13.63,N/A,N/A,-19.03019213174748,0.05000000000000004,0.3149999999999999,0.3149999999999999,-0.008000000000000007,01 | Green
RUM,2025-11-10,DT,11.37521222410867,5.114358476837269,2920322042.66,3734059.333333333,21993609.47333333,-0.6229885057471265,17.4,6.56,2022-09-19,0.7531227430417321,3.240456811166543,0,-7.06,-128.5714285714286,32.45171511401533,-24.87244897959184,0.2026829268292683,0.2026829268292683,0.319359756097561,-0.03506097560975607,01 | Green
CRSP,2025-11-10,DT,5.333817126269969,6.276539498237629,5329699033.36,2616528.8,144223067.456,-0.3626783754116355,91.1,58.06,2016-10-19,2.706026485797219,0.8979954663598582,10,-88.97,-44.32071269487751,-98.31323605311313,-19.28540049787672,0.0294522907337238,0.04822597313124355,0.06372717878057177,-0.1589734757147778,01 | Green
PGY,2025-11-10,DT,20.65439672801637,6.878469179082656,2039761861.35,5029442.333333333,122969865.05,-0.3442987330517893,44.99,29.5,2022-06-23,6.028638312151467,2.634646770314562,82.14,0.29,N/A,N/A,-12.58491240614944,0.008474576271186418,0.008474576271186418,0.008474576271186418,-0.536271186440678,01 | Green
EVGO,2025-11-10,DT,5.555555555555558,6.850459482038408,1075643762.4,4238979.7,14497310.574,-0.6019845644983461,9.07,3.61,2021-07-02,1.347779913830698,1.647321170233488,47.06,-0.5700000000000001,-2.499999999999988,49.05644872823596,-28.75,0.01939058171745156,0.01939058171745156,0.01939058171745156,-0.1440443213296398,01 | Green
USAS,2025-11-10,UDS,6.426735218508983,6.732280572897522,1315433118.46,3289602.366666667,12796553.20633333,-0.1914062500000001,5.12,4.14,2000-10-11,0.9728015074848104,1.247317621599879,-200,-35.37,N/A,N/A,-14.5054945054945,0.2693236714975846,1.536231884057971,1.536231884057971,1.004830917874397,01 | Green
BKKT,2025-11-10,DT,5.663567202028741,14.44436058447047,1066343376.28,3057792.266666667,72347365.02933334,-0.6363636363636364,68.75,25.0,2021-10-15,6.784621786813294,0.9668688197785574,-130,41.75,8.582834331337336,111.8286683021559,-37.25802174489525,0.0,0.0,0.0,-0.5752,01 | Green
BBAI,2025-11-11,DT SW,21.89141856392294,7.895046284713494,2737913555.03,137460127.4333333,784897327.6443334,-0.3281853281853282,10.36,6.96,2021-12-08,28.66771765683935,1.147211340077367,57.14,5.07,-70.65217391304348,-6.951578349637353,-35.91470258136925,0.06321839080459779,0.06321839080459779,0.06321839080459779,-0.3635057471264368,04 | Downtrend
RKLB,2025-11-11,UTU,7.899807321772645,7.4536195981283,33185430329.1,22604287.4,1173162516.06,-0.24293632553738,73.97,56.0,2021-08-25,3.535173431309295,1.470520234139299,70,2.71,-2.702702702702705,52.42140966474904,-23.71012788475673,0.1455357142857143,0.7782142857142857,1.213214285714286,0.2432142857142858,04 | Downtrend
REAL,2025-11-11,UDS,21.23104371097233,5.577099528482185,1363933199.15,3330939.466666667,37339831.42133334,0.0,0.0,13.59,2019-06-28,2.737658372463067,6.727817849666916,55.56,2.21,17.69911504424778,16.96718835084241,8.624031007751952,0.1949963208241352,0.2797792494481235,0.2797792494481235,-0.1295069904341427,04 | Downtrend
INVZ,2025-11-12,DT,6.832298136645965,6.463176574977803,479952448.71,7648162.7,12313541.947,-0.4522292993630573,3.14,1.72,2021-04-06,2.565575398166199,1.510477934785566,11.11,-9.87,N/A,N/A,-30.60344827586206,0.02325581395348841,0.02325581395348841,0.02325581395348841,-0.445,04 | Downtrend
UPXI,2025-11-12,DT,10.59190031152648,9.836448598130842,235782069.18,4913541.8,15772469.178,-0.8924242424242425,33.0,3.55,2021-06-24,6.689426907166138,1.181058030278688,-1200,26.09,93.61424847958297,-47.35681088652446,-46.67774086378738,0.028169014084507,0.028169014084507,0.028169014084507,-0.7905633802816902,04 | Downtrend
KOPN,2025-11-12,DT,12.5,8.553061224489829,520443319.2,6087529.966666667,17045083.90666667,-0.2427884615384616,4.16,3.15,1992-04-15,3.275108600273231,1.209666324489934,300,-17.35,66.66666666666666,-35.86144671201583,-29.82456140350877,0.04126984126984135,0.1285714285714286,1.047619047619048,-0.3174603174603174,04 | Downtrend
FLY,2025-11-13,DT,23.81212452211907,7.572754934852114,3065179049.95,1987302.266666667,36387504.50266666,-0.6928184281842817,73.8,22.67,2025-08-07,1.187124925157642,4.108506862267622,21.43,9.15,N/A,N/A,-34.72370766488414,0.07410674900749892,0.5161005734450814,1.042165857962064,-0.1486546096162329,04 | Downtrend
ORKA,2025-11-13,UDS,5.265017667844507,6.838339222614828,1873734481.7,455986.7,12904423.61,-0.04304529392868617,31.13,29.79,2024-09-03,0.6887007596877914,0.9792566318272002,-1.85,N/A,N/A,N/A,6.551204819277112,0.08358509566968797,0.2255790533736153,2.054716347767708,0.08123531386371274,04 | Downtrend
CSIQ,2025-11-13,UT,10.1194659170766,8.775825720309188,1932341476.54,4704945.233333333,133902741.3406667,-0.07140465601379553,33.7499,31.34,2006-11-09,6.929558929741001,3.024071969891934,43.69,8.72,N/A,N/A,81.9693094629156,0.1037013401403957,0.1037013401403957,0.1037013401403957,-0.3813018506700702,04 | Downtrend
ONDS,2025-11-13,UTU,14.7005444646098,12.1208192896033,3143743398.91,67894716.33333333,374099886.9966666,-0.4598244429439567,11.6999,6.32,2018-02-01,11.89982258495953,3.252557163886131,25,40.81,15.8730158730159,66.01194564503045,-32.80487804878048,0.5601265822784809,1.417721518987342,1.417721518987342,0.4731012658227849,04 | Downtrend
LGN,2025-11-14,UDS,5.042016806722693,8.511747556165309,2562452808.72,809228.5,26963493.62,-0.2012779552715654,43.82,35.0,2025-09-12,1.052253275777159,3.477646919257046,-166.67,10.48,N/A,N/A,-1.478415138971023,0.4342857142857144,0.5591428571428572,2.063928571428571,0.3657142857142857,04 | Downtrend
TRVI,2025-11-14,UT,5.933682373472937,5.618673647469461,1632773137.86,1572892.5,18025348.05,-0.01300813008130086,12.3,12.14,2019-05-03,1.103971374346897,0.9372337906118823,20,N/A,-2.631578947368423,N/A,10.61776061776063,0.185337726523888,0.185337726523888,0.3278418451400329,-0.14332784184514,04 | Downtrend
OMER,2025-11-14,DT,5.73248407643312,6.712693357597818,454598624.48,6022770.4,37822998.112,-0.5117647058823529,13.6,6.64,2009-10-08,8.320086352057148,0.8002687600377394,34.62,-100,26.88172043010752,N/A,-22.51696483652067,0.7628012048192772,1.658132530120482,1.658132530120482,0.7605421686746987,04 | Downtrend
QMCO,2025-11-14,DT,5.97439544807965,8.137370453159916,277052307.03,1702295.8,11967139.474,-0.9178067078552515,90.64,7.45,1982-12-10,4.319451298669088,1.29490127391491,-74.19,3.32,-3130.769230769231,-23.47984753641505,-31.68124392614188,0.3436241610738255,0.3436241610738255,0.4281879194630873,-0.2241610738255033,04 | Downtrend
DFLI,2025-11-17,DT,11.99555720103664,15.26859540558169,121373240.709,3313275.186666667,26847468.83756,-0.9309360730593608,131.4,9.075,2022-10-10,22.11975941379739,1.705075637162389,64.91,-0.2,-1595.238095238095,18.23576354075014,-35.6904761904762,0.08352617079889813,0.08352617079889813,0.08352617079889813,-0.7399449035812672,04 | Downtrend
QUBT,2025-11-17,DT,10.47169811320756,11.04973045822102,2399276726.6,41761938.2,442676544.92,-0.5686924493554327,27.15,11.71,2004-12-30,18.45041632806209,1.709123931417532,120,249.08,-134.4827586206896,41.48999852290661,-38.65740740740742,0.1648163962425278,0.1648163962425278,0.2339880444064901,-0.3125533731853117,04 | Downtrend
GRRR,2025-11-18,DT,14.34231378763868,6.265338465021498,347170255.98,1305650.666666667,16477311.41333333,-0.6731596828992072,44.15,14.43,2022-07-14,4.746176012925073,2.663108968401962,N/A,N/A,N/A,N/A,-30.19911504424778,0.09494109494109493,0.1122661122661124,0.1226611226611227,-0.2085932085932086,04 | Downtrend
CAN,2025-11-18,DT,6.682297772567414,15.09546139675098,635352073.5979999,64202111.43333333,54764401.05263333,-0.74,3.5,0.91,2019-11-21,8.6195360538453,0.7422989826352767,-66.67,16.89,N/A,N/A,-56.25641025641026,0.2174725274725275,0.2174725274725275,0.2174725274725275,-0.503956043956044,04 | Downtrend
NUTX,2025-11-19,DT SW,21.78427419354838,9.19676699308754,679318921.6,111044.9333333333,11015657.38666667,-0.3444037444037444,184.275,120.81,2022-04-04,1.621573761072558,2.714288630308212,-251.28,14.11,6535.714285714284,187.0985074383021,-13.21844108127023,0.5975498716993626,0.5981292939326215,0.5981292939326215,-0.1423723201721712,04 | Downtrend
POWL,2025-11-19,UTU,6.447770938257791,7.248134676366365,3906299512.08,752845.0,80720040.9,-0.1709447527978806,137.6667,114.1333,1973-01-05,2.06640685514201,3.360647942139484,12.23,1.75,107.4820143884892,34.63614512371238,-3.367710106735333,0.08271030452987871,0.7888442724428364,1.873832615021207,0.5664727121707687,04 | Downtrend
NUTX,2025-11-20,U,11.41812995810678,8.796601428698748,768274090.87,115536.5333333333,12962043.67466667,-0.321665988332655,184.275,125.0,2022-04-04,1.687163972949855,4.575626295405551,297.95,25.25,1099.459459459459,236.0254813358297,-4.356351236146628,0.544,0.5445599999999999,0.5445599999999999,-0.19136,04 | Downtrend
VNET,2025-11-20,DT SW,5.709134615384603,6.983173076923093,2368634469.76,4818196.7,40087396.544,-0.4547427154370738,16.13,8.795,2011-04-21,1.692426461566348,1.494468044444927,-1700,9.78,N/A,N/A,-11.395101171459,0.08811824900511667,0.6463899943149518,0.6463899943149518,0.3473564525298465,04 | Downtrend
PACS,2025-11-20,U,52.64408793820561,7.099864188099477,2664788349.96,1200619.5,20206426.185,-0.4150728597449909,43.92,25.69,2024-04-11,0.7582750872242183,11.12967597144641,-15.79,32.68,N/A,N/A,32.10361067503924,0.4390813546126897,0.6769170883612299,0.6769170883612299,0.5056442195406772,04 | Downtrend
PACS,2025-11-20,U,52.64408793820561,7.099864188099477,2664788349.96,1200619.5,20206426.185,-0.4150728597449909,43.92,25.69,2024-04-11,0.7582750872242183,11.12967597144641,-61.36000000000001,16.21,N/A,N/A,32.10361067503924,0.4390813546126897,0.6769170883612299,0.6769170883612299,0.5056442195406772,04 | Downtrend
PACS,2025-11-20,U,52.64408793820561,7.099864188099477,2664788349.96,1200619.5,20206426.185,-0.4150728597449909,43.92,25.69,2024-04-11,0.7582750872242183,11.12967597144641,-50.98,9.93,N/A,N/A,32.10361067503924,0.4390813546126897,0.6769170883612299,0.6769170883612299,0.5056442195406772,04 | Downtrend
ODD,2025-11-20,DT,14.77395048439183,5.334288020913442,1713988426.64,964086.3,35825446.908,-0.4613565983500968,79.1804,42.65,2023-07-19,2.090180210739816,2.707107237184057,29.03,1.51,N/A,N/A,-21.13752122241087,0.08909730363423218,0.08909730363423218,0.08909730363423218,-0.2497069167643611,04 | Downtrend
CRNC,2025-11-20,DT,32.32323232323233,6.988365800865788,358223635.44,1603458.033333333,12699387.624,-0.6189090909090909,27.5,10.48,2019-09-16,3.545100425437188,7.192082836135343,29.55,9.8,-2272.413793103448,-20.85977400680593,-30.95030514385354,0.2566793893129771,0.2566793893129771,0.2566793893129771,-0.2442748091603054,04 | Downtrend
WRD,2025-11-24,DT,6.944444444444442,8.052678571428576,2368484078.4,7060665.466666667,50836791.36,-0.825,44.0,7.7,2024-10-25,2.146385184668083,1.410873670056898,N/A,N/A,-1.923076923076933,-7.330549948269514,-35.48387096774194,0.2415584415584415,0.3006493506493506,0.3006493506493506,-0.03506493506493513,04 | Downtrend
PONY,2025-11-25,DT,8.816521048451143,7.55645069783276,5469267412.85,6255466.866666666,78756327.85133332,-0.4502407704654896,24.92,13.7,2024-11-27,1.439979469028996,2.668528082044673,N/A,N/A,N/A,N/A,-42.43255601280293,0.1985401459854017,0.2895182481751826,0.2895182481751826,-0.0094890510948904,04 | Downtrend
SYM,2025-11-25,DT,32.47024882798413,9.37910205553551,7202777710.26,2183212.966666667,121080991.1313333,-0.1253809523809524,84.0,73.468,2022-06-08,1.681031901885011,4.66398750624252,-200,2.66,15.78947368421054,34.02449506442287,-19.1545189504373,0.196167038710731,0.196167038710731,0.196167038710731,-0.2358577884248925,04 | Downtrend
FLNC,2025-11-25,CPH,14.84177215189872,14.18304701627487,2916622630.2,8188936.1,129385190.38,-0.3473021582733813,27.8,18.145,2021-10-28,4.436130647835224,1.446113982987363,-31.58,-24.98,-441.6666666666667,-16.14682189996005,-12.70718232044199,0.4246348856434281,0.8467897492422154,0.8467897492422154,-0.100027555800496,04 | Downtrend
AMTM,2025-11-25,U,11.7461568782026,5.239793907314604,6203127697.81,1779015.233333333,45133616.46966667,-0.1775456919060051,34.47,28.35,2024-09-24,0.7275945082607437,5.930255009808142,8.62,8.67,N/A,N/A,15.95063985374772,0.1241975308641974,0.3442680776014109,0.3442680776014109,0.04162257495590826,04 | Downtrend
KSS,2025-11-25,UDS,23.90336935791479,6.253155934974115,1783781889.89,4076809.733333333,64128217.10533334,-0.3415540540540541,29.6,19.49,1992-01-01,3.595070533499357,8.714399327866596,155.56,-0.29,0.5000000000000115,-9.976577831233778,-4.260499087035907,0.2939969214982043,0.2939969214982043,0.2939969214982043,-0.1195484864032836,04 | Downtrend
DELL,2025-11-26,UTU,6.083227445997474,5.064842757306217,81362254533.76,6785051.5,854373684.88,-0.2566499721758485,179.7,133.58,2018-12-19,1.050086050068206,2.420750822598767,8.37,-1.01,N/A,10.56502400140926,-23.03178484107579,0.06557867944303042,0.06557867944303042,1.310526276388681,-0.09080700703698164,04 | Downtrend
CRDO,2025-12-02,UDS,14.31952316952025,7.831940629930453,31911962684.74,6084987.5,1041323910.875,0.0,0.0,195.635,2022-01-27,3.263114591735692,2.769692460337839,59.52,14.01,518.75,175.811277224492,-5.264614703277237,0.09285148363022988,0.09285148363022988,0.2571876198021827,-0.4161576405039997,04 | Downtrend
MRVL,2025-12-03,UDS,7.691893637635916,5.024122233671145,83372901452.47,17117566.16666667,1590050721.221667,-0.2152886727329778,127.48,100.035,2000-06-27,1.907155314881464,3.086519104736044,13.43,0.5700000000000001,95.1219512195122,13.36586901763224,6.050919054686599,0.02734043084920268,0.02734043084920268,2.240865697006048,-0.2251711900834708,04 | Downtrend
TIGR,2025-12-04,DT,8.545034642032334,5.309798746288359,1547547724.26,3636864.766666667,31495248.87933333,-0.350828729281768,14.48,9.4,2019-03-20,2.035171412525814,2.544725634239741,46.19,19.56,N/A,6.206674189908109,-17.20841300191205,0.1154255319148936,0.2074468085106382,0.2074468085106382,-0.1904255319148936,01 | Green
RH,2025-12-12,DT SW,5.505185571717441,5.406403458911431,2901578941.51,956565.9,146651118.129,-0.6462625202291913,457.26,161.75,2012-11-02,5.054183294171615,3.75135262505176,-20.47,0.05,31.25000000000002,13.54425337975085,-3.164477008590194,0.3741885625965997,0.4800618238021639,0.4800618238021639,-0.1879443585780526,01 | Green
FCEL,2025-12-18,SW,17.59493670886074,8.37549728752262,631638148.4,2192020.166666667,17316959.31666667,-0.8317028985507247,55.2,9.29,1992-06-25,2.741594908498194,5.902758650106702,17.82,15.86,-2514.814814814815,23.18248033407789,21.16564417177915,0.1733046286329387,0.1733046286329387,1.980613562970937,-0.2691065662002152,04 | Downtrend
MU,2025-12-18,UT,13.75044341965235,5.096548294734685,254700743413.52,26294821.0,5930008031.92,-0.0310481586402267,264.75,256.53,1984-06-01,2.328225647261783,2.472201617192983,25.13,6.49,984.2857142857143,48.85110111106686,-0.1770538243625941,0.4259930612404008,0.8373679491677388,3.480684520329007,0.7999064436907966,04 | Downtrend
APLD,2026-01-08,UDS,7.07036535859269,7.197008505702684,8404020682.719999,26232961.0,775446327.16,-0.2126865671641792,40.2,31.65,2002-07-22,9.22708732445698,3.480637850984492,100,58.81,-45.45454545454544,-19.10032972209138,-9.795544705523362,0.3355450236966826,0.3355450236966826,0.6026856240126384,-0.1219589257503949,01 | Green
TLRY,2026-01-09,DT,10.07667031763417,9.740103270223747,1256113735.69,15432615.62333333,140899780.6410334,-0.6616161616161615,29.7,10.05,2015-01-23,11.21711964750033,1.097837489996433,116.67,3.3,-318.1818181818182,8.51451184554422,10.53268765133173,0.00776119402985076,0.00776119402985076,0.00776119402985076,-0.3313432835820896,01 | Green
STX,2026-01-28,UT,6.302453195610069,5.330622290878915,84257366011.68,4160897.333333333,1546855192.64,0.0,0.0,395.19,2002-12-11,1.835869391437623,3.544849059802164,13.5,2.92,336.734693877551,42.27467811158798,32.15783860646994,0.1635921961588096,0.5382221210050862,1.897340519749994,0.465193957336977,04 | Downtrend
SNDK,2026-01-30,UT,20.75468199517896,6.601039707557408,78963767239.29999,13072903.7,7050216965.409999,0.0,0.0,651.23,2025-02-13,8.928420226006049,3.131066512790116,80.76,12.82,-515.8273381294964,14.64018370608505,127.188474176426,0.113277950954348,0.7121447107780661,2.615297053268431,0.683752284139244,04 | Downtrend
TWST,2026-02-02,U,5.807158509861199,5.854290584020316,2575393903.68,1235863.6,50756918.052,-0.2864532019704433,60.9,43.455,2018-10-31,1.970840964540339,2.203616968733443,0,0.95,63.88888888888889,20.32053780825244,26.79839456622415,0.3319525946381314,0.5201933034173283,1.427108503049131,0.3899436198366126,04 | Downtrend
LITE,2026-02-04,UT,8.738221098598009,7.778464720753829,39028470000.0,4103674.0,1785508557.4,0.0,0.0,473.12,2015-07-23,4.57488740245262,2.959509454211031,35.77,-100,-4.545454545454537,5.629686110052103,9.481153439685986,0.6566621575921541,1.124070003381806,1.294724382820426,1.063282042610754,01 | Green
SIMO,2026-02-04,UT,8.785915960803848,6.091572353904212,4083171255.0,674992.1666666666,81282556.71,0.0,0.0,131.0,2005-06-30,1.990672240613625,3.098019656030576,7.69,6.660000000000001,N/A,N/A,14.45680068434561,0.1209923664122137,0.8617557251908396,1.709923664122138,0.7340458015267175,01 | Green
ENPH,2026-02-04,DT SW,28.75536480686696,5.769753985285107,4926352477.440001,6073519.566666666,226420809.4453333,-0.6610887523829697,141.63,48.0,2012-03-30,4.596114680835705,8.232827020831145,65.12,1.6,N/A,-17.41172894214698,7.280575539568357,0.1027083333333334,0.1027083333333334,0.5362499999999999,-0.3220833333333334,01 | Green
SMCI,2026-02-04,DT SW,11.05493764745535,5.474553420963941,19192722711.09,29306366.86666667,869519904.934,-0.7318958502847843,122.9,32.95,2007-03-29,4.530466667095499,3.943110196011264,50,22.17,-89.8996235884567,94.4770349913418,-2.848722986247532,0.06039453717754162,0.06039453717754162,0.5599393019726857,-0.1526555386949925,01 | Green
APPS,2026-02-04,DT SW,19.43319838056681,7.790919606709079,597820275.0,2693246.566666667,13304638.03933334,-0.2874310076208649,8.2799,5.9,1995-05-24,2.225524726362507,5.567039121322187,63.63999999999999,3.89,76.78571428571429,6.645299554160847,-3.137254901960773,0.04915254237288136,0.04915254237288136,1.305084745762711,-0.3305084745762712,01 | Green
FORM,2026-02-05,UT,8.63490289227331,6.725613285694354,5591100288.249999,1296444.1,92786504.237,-0.09053584107596346,85.4899,77.75,2003-06-12,1.659539257988198,2.962794924979796,48.39,2.27,72.97297297297295,17.18987318884255,14.11033163265305,0.3767202572347268,1.046173633440515,1.061350482315113,0.864951768488746,01 | Green
SITM,2026-02-05,UT,10.47821588688356,7.284277338938782,10463517686.56,270303.0,94054631.88,-0.03555031485988103,398.59,384.42,2019-11-21,0.898881568297148,4.919930596404775,84.34,11.34,32.04545454545455,93.43566249928641,1.525982551862981,0.1626736382082097,0.5582435877425731,1.345897716039748,0.5520524426408615,01 | Green
AMSC,2026-02-05,DT SW,15.01267656646144,6.864722926475928,1337487568.23,845762.4,23351499.864,-0.5494830866402689,70.4857,31.755,1991-12-11,1.745922759858085,4.19637832090904,2400,7.7,3388.888888888889,63.07117619767069,-10.21138211382114,0.1999622106754841,0.7539033223114471,0.8951346244685876,0.7323256180129114,01 | Green
BILL,2026-02-06,DT,15.30269058295963,6.889273702754608,3553611219.36,2667360.466666667,95171421.45066667,-0.5893801776624413,100.19,41.14,2019-12-12,2.678160765932264,8.794134611027575,68.42,3.95,87.09677419354838,20.99144999068957,-34.59211732355637,0.272484200291687,0.272484200291687,0.272484200291687,-0.09893048128342241,02 | Light Green
RDDT,2026-02-06,DT,6.938099966898381,7.705901546318622,29061492835.5,4522963.266666667,683193601.4300001,-0.4291217529598869,282.95,161.53,2024-03-21,2.35085515151323,4.882112831368119,31.91,8.74,135.8904109589041,69.39682588514889,-40.51978735971647,0.01776697827029028,0.09657648733981294,0.2879960378876989,0.0311397263666191,02 | Light Green
ADPT,2026-02-06,UDS,8.196721311475418,6.53204961401684,2628543517.74,1934800.933333333,31866171.372,-0.1416184971098267,20.76,17.82,2019-06-27,1.212312870490281,2.139918339230351,52.63,17.71,59.84848484848485,46.43297577774158,3.195488721804507,0.008978675645342271,0.008978675645342271,0.4006734006734007,-0.1902356902356903,02 | Light Green
BE,2026-02-06,CPH,12.20351390922403,11.01756431708847,40232435463.6,11324190.3,1546884394.98,-0.1315655277919429,176.49,153.27,2018-07-25,3.844868890374614,1.848877530784695,87.5,20.23,-6018.292682926829,23.91349451599619,12.11424819435325,0.1802694591244209,0.9768382592810072,1.29190317739936,0.8625301755072747,02 | Light Green
RBLX,2026-02-06,DT,11.29271916790491,7.337390032783764,43269750746.37,12105054.86666667,733203173.274,-0.5523607145228767,150.59,67.41,2021-03-10,1.694493637302753,2.815836555508824,6.25,7.02,11.4457831325301,42.26996335834169,-18.02679658952497,0.1360332294911735,0.1360332294911735,0.1360332294911735,-0.3508381545764724,02 | Light Green
VSAT,2026-02-06,UT,10.28311965811966,8.300099206349216,5157577526.4,1769370.033333333,66245214.048,-0.1688808373590982,49.68,41.29,1996-12-03,1.284424978760122,1.602849571639443,690,-1,74.09144196951935,20.48722005691129,-3.305785123966942,0.2167595059336402,0.6342940179220151,1.253085492855413,0.6299346088641318,02 | Light Green
ABAT,2026-02-06,DT,9.915014164305958,13.85167948199111,481542863.77,6935958.0,24483931.74,-0.6623150565709313,11.49,3.88,2015-10-15,5.084476083461242,0.9807027378193467,-40,136.7,N/A,N/A,-22.07505518763798,0.09278350515463929,0.09278350515463929,0.09536082474226815,-0.1198453608247423,02 | Light Green
CLSK,2026-02-06,DT,7.4410163339383,14.53910638665629,2122593108.345,28762041.96666666,237718276.8545,-0.6407766990291262,24.72,8.88,2011-04-11,11.19942752663748,1.422781909831926,-1600,-3.27,N/A,143.2429272000409,-31.06755629691409,0.2454954954954955,0.6475225225225225,1.158783783783784,0.6328828828828827,02 | Light Green
MSTR,2026-02-06,DT,7.439947658659696,9.062636027399092,42505164803.4,21985349.73333333,2352212567.969333,-0.788305709023941,543.0,114.95,1998-06-11,5.533945295469549,2.627705162788919,187.82,3.42,231.0919540229885,-1.30815234497954,-35.92262083008924,0.3009134406263592,0.6564593301435406,0.7137886037407568,0.6252283601565898,02 | Light Green
ICHR,2026-02-10,U,23.77601876282615,7.313921346902838,1277563751.19,919366.2333333333,31359582.219,-0.09067413310359684,46.43,42.22,2016-12-09,2.454639323461532,6.199939472796967,110,1.23,24.81751824817518,11.013915567191,38.37728194726166,0.3105163429654192,0.7846991946944575,1.69019422074846,0.7626717195641877,03 | Yellow
DDOG,2026-02-10,DT,8.91588457152881,5.639536632124996,40938143486.24001,5603571.166666667,638863148.7116667,-0.3843274331895483,201.69,124.175,2019-09-19,1.560557207305698,3.360039239262509,51.28,3.97,10.34482758620691,36.75996140958743,-9.923362566168914,0.07461244211797857,0.6135292933360179,1.357318300785182,0.611918663176968,03 | Yellow
OSCR,2026-02-10,SW,6.635071090047395,5.388117806364234,3907445700.0,8291616.1,104971859.826,-0.4327731092436975,23.8,13.5,2021-03-03,2.686457289118566,3.200241868409706,-39.33,-11.18,-693.5483870967741,42.26453137030601,-28.31257078142695,0.1296296296296295,0.5792592592592594,1.451851851851852,0.5785185185185184,03 | Yellow
AEIS,2026-02-11,UT,7.183557912844019,5.258757065039315,11175675335.68,770435.6333333333,214982359.1253333,0.0,0.0,299.085,1995-11-17,1.923663247794702,1.878478794832482,18.29,3.3,0,10.91598311111052,19.28864569083448,0.1702358861193307,0.3288530016550479,0.3288530016550479,0.1868532357022252,03 | Yellow
HNGE,2026-02-11,SW,16.49016641452345,7.16626323751892,2666950481.85,1022881.033333333,33806218.15166666,-0.380829848825989,62.18,38.5,2025-05-22,1.2675982693243,5.735798014438369,81.47999999999999,8.76,N/A,N/A,-29.87481434330575,0.2270129870129871,0.4675324675324675,1.418961038961039,0.4218181818181819,03 | Yellow
NET,2026-02-11,DT,12.8180908989888,6.296501198545876,64087227105.7,4451774.033333333,801230290.5193332,-0.2190384615384615,260.0,203.05,2019-09-13,1.250218376897244,3.519553751534005,64.71000000000001,4,38.77551020408164,39.32141364547884,-4.626145938212078,0.06072395961585819,0.2749569071657227,0.599261265698104,-0.04693425264713125,03 | Yellow
TSEM,2026-02-11,UT,5.458739108149668,7.12858921118424,15436676446.8,1892575.366666667,258469017.8256667,-0.03709998114648105,149.5742,144.025,1994-10-25,1.674382557129044,2.992847259750695,20,0.12,N/A,N/A,9.448629588074997,0.01923277208817908,0.6154834230168371,1.221419892379795,0.5891685471272348,03 | Yellow
SHOP,2026-02-11,DT U,9.163784973278855,5.246828266043925,163712573780.44,10240219.66666667,1302965550.386667,-0.2376090894121521,182.19,138.9,2015-05-21,0.7958860582902532,5.205003968176594,2.13,2.39,N/A,N/A,-24.00860009555662,0.001439884809215197,0.001439884809215197,0.1203743700503959,-0.2617710583153348,03 | Yellow
ULCC,2026-02-11,DT SW,8.389261744966436,6.679530201342303,1372085995.16,3470961.4,20686929.944,-0.3703703703703703,10.26,6.46,2021-04-01,1.50769922708727,1.429904406312326,76.92,2.28,-266.6666666666667,-1.350993377483444,17.55424063116371,0.004643962848297267,0.004643962848297267,0.3010835913312693,-0.2213622291021672,03 | Yellow
VRT,2026-02-11,UT,16.84700931770364,5.736488614081046,76851339094.26,5184100.533333333,1034850148.464,0.0,0.0,233.25,2018-07-30,1.346560984701557,3.818106896795263,5.43,-0.18,387.4999999999999,41.98496285916617,15.57433997220936,0.1866237942122186,0.594833869239014,0.6288745980707395,0.577363344051447,03 | Yellow
PRCH,2026-02-12,DT,23.38603425559949,6.457368718238289,861615555.24,1627023.166666667,12349105.835,-0.5181497774690644,19.4355,9.365,2020-12-24,1.433250103238932,3.222877895920146,57.14,14.11,91.78082191780821,3.291131651689459,-15.66666666666667,0.04111051788574471,0.2311799252536038,0.8168713294180459,0.1030432461292046,04 | Downtrend
HUBS,2026-02-12,DT,8.751731715473166,8.763862254403545,10438491855.33,1531267.633333333,320540253.6856667,-0.741638577735408,881.13,227.65,2014-10-09,3.070752539046103,4.655205820867935,43.06,1.96,855.5555555555555,19.17087560508049,-39.37735302635389,0.3046343070502964,0.3046343070502964,0.3046343070502964,-0.211157478585548,04 | Downtrend
LPTH,2026-02-12,CPH,5.014605647517056,13.36590624565309,644847209.89,3274752.933333333,33631712.62533333,-0.2923228346456693,15.24,10.785,1996-02-22,5.215454468829963,2.239910964071916,-566.67,14.49,-219.9999999999999,52.42511369633112,-22.37339380196524,0.2758368103847937,0.5326842837273993,0.7561427909133056,0.1321279554937413,04 | Downtrend
FSLY,2026-02-12,SW,44.89795918367348,6.255869264999238,1483083000.0,3824978.333333333,35610548.28333334,-0.4785465790490916,25.87,13.49,2019-05-17,2.401116342331032,30.45551133840845,500,6.959999999999999,12.28070175438597,13.95328126875467,1.140684410646386,0.8695329873980726,1.58117123795404,1.58117123795404,0.4106745737583395,04 | Downtrend
VKTX,2026-02-12,DT SW,18.19614711033273,5.806029522141628,3330441351.35,3344207.433333333,95477122.22166666,-0.6605472286490293,99.41,33.745,2015-04-29,2.866800887605027,2.569777494763259,-53.33,-100,-215.8415841584158,N/A,-16.86080372743157,0.07304785894206556,0.111275744554749,0.2680397095866054,-0.07186249814787371,04 | Downtrend
RIVN,2026-02-13,DT,26.92857142857143,5.040000000000016,20270048820.0,28982544.76666667,405755626.7333333,-0.2168356104010578,22.69,17.77,2021-11-10,2.001749627425581,4.413943566029835,33.33,1.91,34.8936170212766,8.390342052313883,-17.93669402110199,0.039954980303883,0.039954980303883,0.136747326955543,-0.196961170512099,04 | Downtrend
PCOR,2026-02-13,DT,9.544695071010857,6.437313521899987,7275621583.440001,2481082.6,118794234.888,-0.4101439496176338,88.92,52.45,2021-05-20,1.632770939576996,2.44945371830829,76.19,2.52,-64.70588235294112,14.93636574176287,-32.46826516220028,0.1376549094375596,0.1853193517635843,0.188751191611058,-0.123164918970448,04 | Downtrend
COIN,2026-02-13,DT,8.93755758735557,7.251445379342454,37224751466.07,11207041.1,1581201428.799,-0.6543309831438564,444.645,153.7,2021-04-14,4.247715207018238,2.89194281619972,-37.14,-3.330000000000001,-6.860706860706861,44.59415299064398,-41.03560682046138,0.3890696161353286,0.4213396226415096,0.4466623292127523,0.3129472999349383,04 | Downtrend
ROKU,2026-02-13,SW,16.42348969010008,5.701951732097639,12308385099.17,3433490.366666667,284739356.1076667,-0.1723805695016025,116.6599,96.55,2017-09-28,2.313377049982517,4.211735131221328,89.29,3.15,99.45652173913044,22.04853510202136,-20.99647518338572,0.06732263076126355,0.3608493008803728,0.5962713619886071,0.3017089590885553,04 | Downtrend
SPSC,2026-02-13,DT,5.173745173745159,6.678080529509058,2331011266.5,602132.0333333333,38988049.15833333,-0.6884863455468644,218.61,68.1,2010-04-22,1.672580897340477,4.48668705606705,26.67,-0.47,32.7777777777778,26.92846188574771,-29.0333187198597,0.01174743024963298,0.01174743024963298,0.1669603524229075,-0.2671071953010279,04 | Downtrend
AAP,2026-02-13,DT U,8.210237031947788,5.029555381066884,3512366489.76,2036746.933333333,118579406.4586667,-0.2886178861788619,88.56,63.0,2001-11-29,3.376054486465881,2.527076346974738,104.76,1.13,-68.82352941176471,-23.64150113463434,36.28277153558053,0.03491904761904752,0.03491904761904752,0.03491904761904752,-0.2180952380952381,04 | Downtrend
TXG,2026-02-13,UTU,9.880068532267261,6.008403361344528,2281398351.68,2741613.6,48005654.13600001,-0.6243647488573778,51.2199,19.24,2019-09-12,2.104220602274439,1.67170238723648,-30,4.34,75.70093457943925,5.697197820957225,-17.40566037735848,0.2110187110187112,0.3744802494802497,2.154365904365905,0.09511434511434524,04 | Downtrend
BROS,2026-02-13,DT,17.07988980716253,5.762340473379457,8877324807.12,4905998.733333333,249322855.628,-0.3151473296500921,86.88,59.5,2021-09-15,2.808535916451229,4.133743831242462,88.89,4.23,93.93939393939394,27.87976721584056,-16.8792934249264,0.005546218487394894,0.005546218487394894,0.2441008403361344,-0.1865546218487395,04 | Downtrend
ETOR,2026-02-17,DT,14.38455935906773,5.433591717823325,2183813891.4,1424978.1,39129898.626,-0.607177115471919,79.9597,31.41,2025-05-14,1.791814713703217,3.58052730775301,14.52,1677.85,N/A,N/A,-12.35237791254388,0.07863737663164594,0.3330149633874562,0.3790194205666984,0.2922636103151863,04 | Downtrend
DFIN,2026-02-17,DT,9.828732106339476,6.373667104878781,961780182.9599999,258709.5,10120715.64,-0.3949443740318265,71.01,42.965,2016-09-21,1.052289891111316,2.58613232216057,125.81,11.1,18.55072463768116,2.099259798568135,-29.15610286128215,0.2524147561969043,0.2661468637262887,0.2661468637262887,-0.1027580588851392,04 | Downtrend
GLBE,2026-02-18,DT,22.82828282828282,5.627922077922083,4988631512.7,1643204.433333333,48803171.67,-0.4272256241168159,63.69,36.48,2021-05-12,0.9782877638037096,5.125057983757062,-2.78,2.67,N/A,N/A,-17.45414118954974,0.0317982456140351,0.0317982456140351,0.2058662280701755,-0.2086074561403508,04 | Downtrend
CZR,2026-02-18,DT SW,6.174142480211087,5.642668676969476,3860501049.4,6107553.0,115738129.35,-0.5619420857827129,45.93,20.12,2014-09-19,2.998007975363406,2.435253856986587,-57.14,1.38,-87.5968992248062,2.143174744330814,-17.06783369803064,0.5347912524850893,0.5347912524850893,0.5347912524850893,0.3727634194831013,04 | Downtrend
GSHD,2026-02-18,DT,7.159786687734537,8.044355407578841,1798170270.15,405374.6,20524115.998,-0.5839021397346422,130.39,54.255,2018-04-27,1.141388907307867,3.611370816030408,25.49,6.98,18.05555555555552,19.52413780912482,-26.45264381173736,0.02368445304580225,0.02368445304580225,0.3064233711178692,-0.2232973919454428,04 | Downtrend
HL,2026-02-18,DT SW,8.851224105461398,8.976762173796088,14268361474.44,28436642.5,603994286.6999999,-0.3233830845771144,34.17,23.12,1972-06-01,4.233101942237592,0.9799075963345532,25,25.67,716.6666666666667,53.02513643573407,-24.78753541076487,0.09018166089965396,0.09018166089965396,0.09018166089965396,-0.2534602076124567,04 | Downtrend
WING,2026-02-18,DT SW,11.60536976725712,6.409535535558255,6859128231.88,695149.9,175024841.822,-0.3523256349974646,433.86,281.0,2015-06-12,2.551706804496173,4.135086547520182,19.05,-0.7100000000000001,96.77419354838712,30.03090734453606,-6.830965068087624,0.07758007117437726,0.07758007117437726,0.07758007117437726,-0.5409252669039146,04 | Downtrend
SEDG,2026-02-18,UDS,8.429841098841884,7.32942172290409,2284451023.24,2788365.1,103531996.163,-0.5246191994332271,84.69,40.26,2015-03-26,4.532029582151526,3.617917897480498,64.1,1.75,-527.7372262773721,-49.23209350168931,14.28131732840874,0.1281669150521612,0.5779930452061601,1.018132141082961,0.3718330849478391,04 | Downtrend
RSI,2026-02-18,UDS,20.01180637544271,6.100101197503767,1958710318.18,2242562.433333333,37989007.62066667,-0.1024282560706402,22.65,20.33,2020-12-30,1.939490861311508,2.595949130988891,-11.11,6.01,616.6666666666667,35.08263247452081,-10.03717472118958,0.05755041810132822,0.4382685686178063,0.6984751598622727,0.3610427939006398,04 | Downtrend
FUN,2026-02-19,DT SW,5.795314426633791,7.116302624625693,1659570580.64,2537004.833333333,41150218.39666667,-0.7076660988074958,58.7,17.16,1987-04-23,2.479570250082248,1.698072444875778,-295.65,7.07,N/A,148.4099113238641,-6.781609195402294,0.06468531468531458,0.3872377622377623,0.5314685314685315,0.1381118881118881,04 | Downtrend
TROX,2026-02-19,UT,8.451612903225802,7.198709677419367,1237675224.75,3996485.8,30972764.95,-0.5939613526570049,20.7,8.405,2010-12-01,2.502495350204351,3.358810382861864,-15.38,0,-14.12429378531074,-2.557377049180328,25.60777957860616,0.02748364069006537,0.2599643069601429,0.2599643069601429,-0.08506841165972623,04 | Downtrend
DASH,2026-02-19,DT,6.702041757988231,5.546310334030935,75124800490.52,5143488.8,891778088.1439999,-0.3520140105078809,285.5,185.0,2020-12-09,1.187062171641352,3.493924785060289,-17.24,-0.62,948,36.99191051632877,-16.03060829135994,0.03286486486486484,0.03335135135135125,0.2043783783783784,-0.164054054054054,04 | Downtrend
FIG,2026-02-19,DT U,7.482430756510938,8.195830626587169,12893508682.73,12020766.5,290782341.635,-0.8180800447802967,142.92,26.0,2025-07-31,2.255261533460506,5.489657169532409,300,3.63,-1076.315789473684,-9.281443814518916,-10.6390838566679,0.2558653846153847,0.2558653846153847,0.2558653846153847,-0.105,04 | Downtrend
LMND,2026-02-19,DT,12.58177392362696,8.877572754341376,5087279503.950001,2521912.7,165765321.771,-0.2592592592592593,99.9,74.0,2020-07-02,3.258427645705178,2.832964836570274,27.5,4.87,12.31231231231232,40.46066927422859,-22.99671977507029,0.01148648648648631,0.01148648648648631,0.09770270270270265,-0.2706756756756757,04 | Downtrend
APPN,2026-02-19,DT,5.153782211138824,5.993617147607182,1723359983.82,1174341.3,28254651.678,-0.4507045311448359,46.059,25.3,2017-05-25,1.639509559423025,2.313777945134008,400,7.23,102.5906735751295,20.85711128616596,-15.31151003167899,0.09486166007905128,0.09486166007905128,0.508695652173913,-0.141897233201581,04 | Downtrend
ETSY,2026-02-19,DT,10.2383654937571,6.336257499594587,4042985999.4,3727350.266666667,164189779.2466666,-0.3825810553083281,78.65,48.56,2015-04-16,4.061101850736888,3.589318428065092,6.98,-0.14,-70.47619047619047,3.214957314022012,-27.77504508935892,0.2077841845140032,0.4596375617792421,0.8116474464579901,0.1863673805601318,04 | Downtrend
INDI,2026-02-20,DT,11.95335276967928,7.920866305705969,724719867.13,2998203.733333333,10283838.80533333,-0.5089514066496164,7.82,3.84,2021-06-11,1.419008815924819,3.238562774119686,30,1.65,-10.60606060606058,-4.987631443231384,-25.10917030567686,0.015625,0.2552083333333335,0.4283854166666667,0.02083333333333326,04 | Downtrend
WK,2026-02-20,DT,10.05737428282147,6.219866448098,3224721078.88,886140.8,52512703.808,-0.4417529744072584,116.83,65.22,2014-12-12,1.628441732586638,3.828596990455693,73.33,1.64,52.52525252525253,19.74982401039692,-27.45746113355369,0.04093836246550131,0.04093836246550131,0.1803127874885004,-0.2554431156087089,04 | Downtrend
TNDM,2026-02-20,DT SW,22.829373650108,6.118404813329219,1288597653.64,1264596.1,23420319.772,-0.5763084373253864,53.69,22.748,2013-11-14,1.817504455781278,10.04191298707943,85.71,4.93,-106.8027210884354,7.927330587117888,-10.05342399222924,0.3034112889045188,0.3034112889045188,0.3034112889045188,-0.3388429752066117,04 | Downtrend
RNG,2026-02-20,U,16.91051378019734,5.560662032761383,2454246101.18,2458349.033333333,72250878.08966666,-0.1855890021332068,42.19,34.36,2013-09-27,2.943913328615598,5.925869273431488,29.67,0.16,108.3333333333333,11.93954596277189,8.330261702911912,0.2345750873108265,0.4135622817229336,0.9921420256111759,0.2662980209545984,04 | Downtrend
AMN,2026-02-20,DT SW,8.043981481481488,7.960234788359786,669254244.48,1528373.233333333,26410289.472,-0.7335521621235906,70.07,18.67,2001-11-13,3.946226667941476,2.264594095547822,-12,3.4,-155.3805774278215,-21.62483027896634,-11.88169301376848,0.2104981253347615,0.6952329941081947,0.993572576325656,0.4386716657739689,04 | Downtrend
AXTI,2026-02-20,UT,8.525829483410341,14.0471890562189,1561298177.72,7369656.133333334,175471512.5346667,-0.0980802792321116,28.65,25.84,1998-05-21,11.23882132437455,1.962188973050411,-33.33,-7.1,10.25641025641025,26.68024700848131,32.86830357142856,1.35061919504644,4.185758513931889,4.540247678018575,3.048374613003096,04 | Downtrend
OPEN,2026-02-20,DT,18.2795698924731,7.668202764976963,4515573382.5,56455348.06666667,262517368.5100001,-0.4771564918151225,10.5194,5.5,2020-12-21,5.813599874766292,2.343742985053435,30,23.7,-304.7619047619048,-37.07169594010941,-27.57009345794392,0.030909090909091,0.09090909090909083,0.09090909090909083,-0.2,04 | Downtrend
IBRX,2026-02-23,DT,14.36781609195403,10.04220032840724,9220575575.099998,47340541.83333334,411862713.95,-0.05508072174738843,10.53,9.95,2021-03-10,4.466778788324538,1.826027693870846,33.33,2.07,47.94520547945205,1457.223367697595,34.88372093023256,0.249246231155779,0.249246231155779,0.249246231155779,-0.2743718592964823,04 | Downtrend
VIR,2026-02-24,UDS,32.36877523553166,6.323687752355342,1257274567.94,2127933.633193533,15810546.89462795,-0.3193771626297577,14.45,9.835,2019-10-11,1.257525388470473,18.02888722530982,34.04,230.07,31.15468409586056,-20.45022046878626,-0.2684563758389324,0.1123538383324858,0.1855617691916625,0.1855617691916625,-0.06558210472801229,04 | Downtrend
FWRD,2026-02-24,UTU,5.854430379746844,6.649101491862586,853980191.36,582372.9539422333,14722388.27565966,-0.3460410557184751,40.92,26.76,1993-11-16,1.723973041132679,2.088192165947713,-250,0.26,79.05405405405406,35.46885424635647,-6.439674315321975,0.02765321375186836,0.02765321375186836,0.02765321375186836,-0.6711509715994021,04 | Downtrend
TARS,2026-02-24,UTU,7.127460842075006,5.062816907191103,3053817691.64,585176.7131637334,40722447.46906421,-0.1255131964809385,85.25,74.55,2020-10-16,1.333493075914264,3.29013447736649,-185.71,4.8,57.4074074074074,281.1647074719633,2.428613482484554,0.0731052984574112,0.0731052984574112,0.0731052984574112,-0.1648558014755198,04 | Downtrend
SGHC,2026-02-24,DT U,15.22633744855966,5.06040564373896,4938506379.360001,2835152.6075399,27557683.34528783,-0.2211404728789987,14.38,11.2,2022-01-28,0.5580165586190683,2.392628040535393,N/A,N/A,N/A,N/A,-0.3076923076922977,0.04894642857142872,0.2562500000000001,0.4160714285714286,0.20625,04 | Downtrend
BEAM,2026-02-24,SW,5.012354394634677,5.844637184206566,2926139549.45,1848241.923312567,52360693.68744501,-0.398989898989899,49.5,29.75,2020-02-06,1.789412049650427,2.027976555467475,91.07,736.0699999999999,2.380952380952388,-29.36396948186437,-8.465266558966078,0.1495798319327732,0.1554621848739495,0.2860504201680671,-0.03731092436974792,04 | Downtrend
CLVT,2026-02-24,DT,27.38095238095239,11.28826530612248,1074635525.04,7078449.473254467,11891795.1150675,-0.7627494456762749,9.02,2.14,2019-05-14,1.106588684068012,6.363610662187553,33.33,2.15,57.14285714285715,-3.372820654098942,-41.86851211072666,0.2873831775700932,0.4228971962616821,0.4228971962616821,0.1448598130841121,04 | Downtrend
IOVA,2026-02-24,DT SW,14.01384083044981,5.944142362827473,1309087438.48,10942700.32524563,31624403.93995988,-0.8202400436442989,18.33,3.295,2010-05-26,2.415759483314531,6.366805245384906,5.26,10.34,27.81065088757395,623.3337432365961,0.0,0.7086494688922611,0.7086494688922611,1.840667678300455,0.2473444613050078,04 | Downtrend
CCC,2026-02-25,DT,6.521739130434789,6.818181818181814,2980313202.24,13691122.1967858,69277078.31573614,-0.4290254237288136,9.44,5.39,2021-08-02,2.324489864476914,1.833447579075006,42.86,0.8500000000000001,100,-15.7128082121324,-35.0449293966624,0.1966604823747682,0.1966604823747682,0.424860853432282,-0.1539888682745826,04 | Downtrend
CAVA,2026-02-25,DT U,15.85545722713864,5.77588495575221,7919460224.4,3367471.8404332,228314590.781371,-0.5444525572421024,172.4299,78.55,2023-06-15,2.88295646814324,5.276054729154443,33.33,2.49,153.6585365853658,23.31240257124341,8.77587036739933,0.1691177593889241,0.2576702737110121,0.2576702737110121,0.02380649267982182,04 | Downtrend
AXON,2026-02-25,DT SW,12.63700255361462,5.094596732277227,35948368511.65,986438.4611018334,436508883.4221723,-0.4373839476699232,885.915,498.43,2001-06-07,1.214266186463261,4.482823990825211,141.57,5.58,-26.5625,44.29665057017221,-27.4835305299728,0.1804566338302269,0.1804566338302269,0.3343197640591458,-0.225568284413057,04 | Downtrend
ECG,2026-02-25,UT,12.58036656750792,5.4505257241559,5321362349.559999,703112.4412656333,73271347.50429164,0.0,0.0,117.32,2024-10-28,1.376928363285581,4.231815456325981,44,17.06,N/A,N/A,11.03889184869473,0.1732015001704739,0.4624701670644391,0.4624701670644391,0.2670473917490626,04 | Downtrend
CRCL,2026-02-25,DT,20.20531204171419,6.664168160338935,15580362816.97,11171071.87911697,685568681.2214081,-0.7532693401117094,298.99,73.77,2025-06-05,4.400209990454732,5.715642966859248,168.75,3.19,N/A,N/A,-12.27844482561463,0.8523790158601059,0.897790429713976,0.897790429713976,0.5334146672088926,04 | Downtrend
RXRX,2026-02-25,DT,10.76487252124647,8.183528935653573,1893036937.11,21493488.59598853,75872014.7438395,-0.7515883100381194,15.74,3.91,2021-04-16,4.007952156478749,2.07271393335592,30,42.52,15.29411764705884,26.92431890412821,-23.26086956521739,0.04347826086956519,0.04347826086956519,0.04603580562659837,-0.2301790281329924,04 | Downtrend
ACHC,2026-02-25,DT SW,18.25859056493884,5.2513520259589,1598531721.75,3948663.359755733,67798549.88700594,-0.7686567164179104,87.77,20.305,2011-11-01,4.241301499652642,2.962178222256344,75,2.74,1850.000000000004,8.575259655875934,27.3738872403561,0.2681605515882788,0.4872740704260035,0.7645900024624477,0.1415907411967496,04 | Downtrend
BLMN,2026-02-25,DT SW,6.729131175468472,7.617060111949359,502594782.79,2327575.038365766,13662865.47520705,-0.7920331950207469,30.125,6.265,2012-08-08,2.718465440361689,2.551470921768305,0,-0.58,N/A,-14.41949204921931,-12.19147344801794,0.06068635275339185,0.392657621707901,1.015961691939346,0.2474062250598565,04 | Downtrend
CBZ,2026-02-26,DT,9.274193548387078,7.723214285714283,1480318619.12,1182809.7104804,32267048.90190531,-0.6692555198047265,90.13,29.81,1995-04-26,2.179736746207178,5.998336244134655,-6.06,-6.12,20.19230769230769,54.01468070908405,-29.23476005188067,0.07648440120764866,0.221737671922174,0.8636363636363638,0.05501509560550155,04 | Downtrend
IONQ,2026-02-26,DT,16.25483774933014,7.962914132607481,13608506685.04,21089250.2427267,708387915.6531899,-0.5386342155009451,84.64,39.05,2021-01-04,5.205478691000898,3.335091538724338,58.33000000000001,53.37,13.46153846153842,201.850347085181,-26.6593886462882,0.07298335467349548,0.6850192061459668,0.8860435339308581,0.6291933418693982,04 | Downtrend
JOBY,2026-02-26,DT,8.04480651731161,5.89118417224324,9713200007.34,29429881.0915217,289001432.3187431,-0.4935560859188545,20.95,10.61,2021-08-11,2.975347281023273,1.451777211264969,30,79.27,-28.73563218390803,39183.08823529412,-26.55198204936424,0.03298774740810573,0.1112158341187559,0.1757775683317626,0.0857681432610744,04 | Downtrend
SDGR,2026-02-26,DT,10.16949152542372,5.430387409200954,882706410.4000001,1548518.1067781,18272513.65998158,-0.6134403806125484,33.63,13.0,2020-02-06,2.070055620384739,2.458837472185668,-72.72999999999999,4.44,45.13618677042802,23.28718939572803,-19.01166781056967,0.02769230769230768,0.05000000000000004,0.5753846153846154,0.0115384615384615,04 | Downtrend
SNOW,2026-02-26,DT,5.454760356952892,6.108196070816476,58648186000.0,6836047.802262832,1156727648.620894,-0.3642355791498914,280.67,178.44,2020-09-16,1.972316157606126,2.434936762710633,420,2.48,-22.22222222222224,50.81660534439163,-21.66203703703703,0.03530598520511097,0.03530598520511097,0.9163292983635956,-0.00470746469401484,04 | Downtrend
LB,2026-02-26,DT U,6.231861921490767,5.913580920377929,1859641567.48,523670.0269949,34284676.6673561,-0.2060212245196172,87.5968,69.55,2024-06-28,1.84361746192925,2.007051738105752,-45.45,8.200000000000001,N/A,-97.26933199977682,11.79986338797814,0.146511861969806,0.153846153846154,0.3183321351545652,0.06283249460819551,04 | Downtrend
CHYM,2026-02-26,DT,7.768829938417809,6.014786492522185,7991931693.21,3050748.717099301,64401305.41796623,-0.4937694704049844,44.94,22.75,2025-06-12,0.805829027201046,3.523856477947698,36.84,3.16,N/A,N/A,-19.48893974065599,0.08307692307692305,0.08791208791208782,0.4832967032967033,-0.2254945054945054,04 | Downtrend
SEZL,2026-02-26,DT SW,25.03992334717342,7.377115937400186,2108729376.68,749477.3963879,46932274.56181029,-0.5807004391132056,186.74,78.3,2020-05-05,2.225618663107014,5.965441342125554,26.04,1.57,-59.42982456140351,110.6577970872766,-9.665320253894972,0.1070242656449554,0.4577266922094509,1.499489144316731,0.4045977011494253,04 | Downtrend
VECO,2026-02-26,UDS,7.167955024595929,5.676136934042786,1739749554.4,873608.4438549668,24862896.31211235,-0.3807106598984772,49.25,30.5,1994-12-20,1.429107784464241,2.082353553343185,20,-0.27,-52.03252032520326,-7.389784762603147,-11.86125735521832,0.2206557377049179,1.145245901639345,1.840327868852459,1.048524590163934,04 | Downtrend
RXT,2026-02-26,DT,25.55555555555555,17.1174603174603,344078347.5,33728631.65462627,45533652.73374546,-0.5027575686458577,3.4088,1.695,2020-08-05,13.23351296720159,4.553510155965644,0,1.55,58.79396984924623,-6.155409192825112,90.14084507042254,0.6165191740412981,3.513274336283186,4.073746312684365,1.932153392330383,04 | Downtrend
MNKD,2026-02-26,DT,5.714285714285716,10.56408163265307,1125392229.5,4525581.985409233,15839536.94893231,-0.5150720838794234,7.63,3.7,2004-07-28,1.407468128331547,7.367783205177502,0,13.52,450,28.75189193041889,-37.94326241134751,0.00540540540540535,0.1594594594594594,0.2297297297297296,-0.04594594594594603,04 | Downtrend
IBP,2026-02-26,UDS,6.447429673472094,5.306947624431178,7993421690.98,321210.6137536,96600879.98025768,-0.08272206303724927,349.0,320.13,2014-02-13,1.208504739456756,1.661990621130329,19.56,1.11,5.536723163841811,5.473009633924989,2.306436249829913,0.04115515571798967,0.04115515571798967,0.04115515571798967,-0.3217442913816262,04 | Downtrend
PENN,2026-02-26,DT,7.735247208931417,6.266176805650471,1682435507.94,4426361.186667534,55506569.28081087,-0.4146447140381282,23.08,13.51,1994-05-26,3.299179613058332,3.308548202879175,138.89,2.85,-8.555133079847929,3.502384180618821,-5.358490566037744,0.1694374537379719,0.3504811250925242,0.6550703182827535,0.2627683197631383,04 | Downtrend
BFLY,2026-02-26,U,29.19354838709676,6.330414746543801,825484067.3000001,5200651.8371995,16122020.69531845,-0.2037773359840955,5.03,4.005,2021-02-16,1.953038384865559,12.42703747250478,60,21.82,25.00000000000001,18.62671284445114,-28.07424593967517,0.2384519350811485,0.428214731585518,1.50936329588015,0.1335830212234708,04 | Downtrend
PHAT,2026-02-26,DT U,5.519480519480524,6.694225417439725,996699506.88,1001793.2730036,12342093.12340435,-0.3404363267376966,19.71,13.0,2019-10-25,1.238296300761621,1.796111021689336,57.89,0.26,10.69868995633188,1349.523603291468,-10.98265895953757,0.1069230769230769,0.1069230769230769,0.1069230769230769,-0.1461538461538462,04 | Downtrend
QBTS,2026-02-26,UDS,5.190839694656502,8.073973100690687,7318444683.45,31346741.02567564,615963461.1545262,-0.5578609625668449,46.75,20.67,2022-08-08,8.416589696270737,1.394697294103214,-50,-29.43,-44.00000000000001,178.5431063781579,-21.30556668001602,0.04983067247218176,0.5263667150459603,0.5263667150459603,0.3459119496855345,04 | Downtrend
MARA,2026-02-27,DT,14.5562130177515,7.649450549450572,3264229059.65,47393804.06109383,400477644.3162428,-0.7160457612202993,34.09,9.68,2011-03-09,12.26867468544573,2.159667830724637,-4009.09,-15.84,-81.57894736842101,70.71834593678882,-14.30020283975659,0.03615702479338845,0.5361570247933884,0.6973140495867769,0.4803719008264464,04 | Downtrend
RLAY,2026-02-27,UT,5.240174672489095,6.224189020586414,2007337339.96,2229317.343639534,20420546.86773813,-0.1007462686567164,10.72,9.64,2020-07-16,1.017295222941703,3.684564872425432,17.95,-18.13,31.77966101694915,53.44259018686919,18.80674448767834,0.191908713692946,0.796680497925311,1.206431535269709,0.496887966804979,04 | Downtrend
CAI,2026-02-27,DT,9.97920997920998,6.045700920700918,5437131378.639999,2367929.743659867,45558968.26801584,-0.5021176470588236,42.5,21.16,2025-06-18,0.8379228879220423,2.041843548040883,300,4.27,-174.2718446601942,99.40698253343609,-23.65079365079366,0.0146502835538751,0.04725897920604916,0.2570888468809074,-0.273156899810964,04 | Downtrend
BWIN,2026-02-27,DT,9.091400757166035,6.258556748821756,1790545196.28,1561512.566485133,28872367.35431011,-0.6386420637764243,55.82,20.171,2019-10-24,1.612490285880231,2.078740730597831,29.17,-1.59,N/A,N/A,-19.01007446342532,0.1704922909126965,0.3365723067770563,0.6144464825739924,-0.03871895295225813,04 | Downtrend
NIQ,2026-02-27,DT U,7.562349155269499,5.294161590621781,3666301389.52,1352391.367110667,16810224.69318559,-0.3442864149092693,20.39,13.37,2025-07-23,0.4585063503299825,1.159023482516607,-28.57,1.7,N/A,N/A,-27.35242548217417,0.04262528047868375,0.04262528047868375,0.412116679132386,-0.368735976065819,04 | Downtrend
REAL,2026-02-27,DT U,12.9136400322841,6.124754986740451,1507505114.85,3158638.3225202,39135528.81602528,-0.1956164257540736,17.3922,13.99,2019-06-28,2.596046171287409,3.79805004951379,200,1.84,57.57575757575758,26.13143177548315,-19.75388601036269,0.004610436025732634,0.004610436025732634,0.004610436025732634,-0.3123659756969265,04 | Downtrend
AAOI,2026-02-27,UT,22.79754144160926,9.20402841710347,4540522334.53,5108981.967704934,274301241.8460779,0.0,0.0,65.93,2013-09-26,6.041182525632736,4.871077155427981,92.31,2.75,63.42857142857142,109.3835861904193,35.68359868587312,0.9560139541938419,2.544213559836189,2.544213559836189,1.727589868041862,04 | Downtrend
KOS,2026-03-02,U,8.369098712446355,7.494788473329224,1387486226.83,17981615.59986477,41897164.3476849,-0.6162613981762919,6.58,2.525,2011-05-11,3.019645423321258,2.466818692894458,-77.78,-11.03,-207.4074074074074,-16.05666247006779,47.46835443037975,0.196,0.3227722772277228,0.3227722772277228,0.1762376237623764,04 | Downtrend
VG,2026-03-02,U,15.58307533539731,5.854784018870711,24225899726.19,10604455.47984204,102757173.5996693,-0.5607843137254902,25.5,11.2,2025-01-24,0.4241624656300429,4.366608439070534,17.14,-2.61,N/A,612.3083747560431,-1.12244897959185,0.5732142857142859,0.5732142857142859,0.5732142857142859,0.1044642857142857,04 | Downtrend
GLDG,2026-03-02,DT SW,5.263157894736836,5.564745196324148,367306577.28,5862145.268540866,10024268.40920488,-0.2070484581497797,2.27,1.8,2011-06-30,2.729128479930083,0.4194425100920474,-50,N/A,N/A,N/A,7.547169811320753,0.0,0.0,0.0,-0.3666666666666667,04 | Downtrend
XERS,2026-03-02,DT,15.68627450980391,5.322128851540629,1115800272.72,1703183.613001367,10423483.71156836,-0.2976190476190477,10.08,7.08,2018-06-21,0.934171102697341,2.999393297536324,50,1.94,61.70212765957447,48.71994103901594,-16.84782608695652,0.005649717514124353,0.005649717514124353,0.2740112994350281,-0.152542372881356,04 | Downtrend
ASTH,2026-03-02,SW,18.24889326119037,5.582952708874966,1008456760.78,540033.7547736333,10978886.23454797,-0.6196202531645569,63.2,24.04,2007-11-26,1.088681901052083,4.511539681159861,107.69,2.45,-47.77777777777778,56.38778298780068,-10.59806508355321,0.1077371048252911,0.6609816971713811,1.146422628951747,0.5353577371048253,04 | Downtrend
OUST,2026-03-03,UDS,13.38271604938273,7.223033509700179,1460274743.25,1715111.437672833,34731006.61287488,-0.4487394957983193,41.65,22.96,2021-03-12,2.37838850349334,3.17465996001692,0,-0.1,57.37051792828686,64.1031603014978,-0.3935071323167616,0.09189895470383269,1.151132404181185,1.778310104529617,0.9146341463414633,04 | Downtrend
PLUG,2026-03-03,UDS,14.9171270718232,6.478295185477522,2528923453.18,102746441.575689,185971059.2519971,-0.5755102040816327,4.9,2.08,1999-10-29,7.353763872059766,2.187658050851565,40,2.97,38.26086956521738,-20.35373707002939,-12.98076923076923,0.2019230769230769,1.081730769230769,1.081730769230769,0.7740384615384615,04 | Downtrend
TREE,2026-03-03,DT U,11.92368839427662,7.600158982511898,529853032.14,462709.4198772333,17462653.50616679,-0.4538754929213265,77.345,42.24,2008-08-12,3.295754189730244,2.555979279306199,-154.93,11.52,64.00742115027829,47.91789241547399,-29.79910714285714,0.204782196969697,0.209280303030303,0.209280303030303,-0.1472537878787878,04 | Downtrend
BW,2026-03-04,UDS,20.12345679012346,8.89453262786596,1206617034.6,2607904.573033434,21124027.04157081,-0.1590319792566983,11.57,9.73,2015-06-16,1.750681984079028,7.301831825711083,28.57,-2.42,52.08333333333334,-30.60268878341325,-27.3542600896861,0.6690647482014387,1.264131551901336,1.264131551901336,0.9157245632065776,04 | Downtrend
ANAB,2026-03-04,UT,6.151807685027455,6.46141261728999,1564216051.23,402809.8684590333,21280445.35069073,-0.02874956702459308,57.74,56.08,2017-01-26,1.360454352450682,2.766494409312949,71.74000000000001,25.92,92.43421052631578,1267.389403741913,3.163444639718804,0.2195078459343796,0.3070613409415122,0.3070613409415122,-0.0786376604850213,04 | Downtrend
PDYN,2026-03-05,DT SW,14.26648721399733,7.131417035185556,366585129.3,4723450.7430146,35095239.02059848,-0.4321070234113712,14.95,8.49,2021-09-27,9.573557740220773,8.758607861148414,11.11,105.32,N/A,N/A,10.73025335320417,0.1778563015312131,0.1778563015312131,0.1778563015312131,-0.1908127208480566,04 | Downtrend
CBRL,2026-03-05,DT SW,11.03853690398433,5.769315106839574,684401705.2,1226378.111425634,37551697.7718529,-0.541840722274626,74.21,34.0,1981-11-05,5.486791965382277,2.329611028430561,213.64,-0.24,-7.284768211920537,4.399205228117898,-7.909774436090222,0.02529411764705891,0.06617647058823528,0.7723529411764705,-0.0135294117647059,04 | Downtrend
AMPX,2026-03-05,UTU,7.330677290836651,7.390950483779188,1833311755.9,8365056.822964167,104981463.1282003,-0.1597005614472864,16.03,13.47,2022-09-15,5.726329021256035,3.403715102658182,75,9.78,22.22222222222222,202.1103157197832,1.209677419354849,0.4669636228656273,0.7984409799554566,0.7984409799554566,0.4617668893838158,04 | Downtrend
IOT,2026-03-06,DT U,8.823529411764696,5.215493093789257,17236564225.56,9072540.336380534,268365743.1501362,-0.4799668497041192,61.8999,32.19,2021-12-15,1.556956129065317,3.68163176238669,157.14,5.23,39.53488372093023,61.18356839661529,21.97938144329896,0.1045355700528114,0.2044113078595839,0.3047530288909601,0.08108108108108114,04 | Downtrend
DNTH,2026-03-09,UT,21.01226993865031,5.640534618755465,3646921445.6,792545.7529418,51673983.09180537,0.0,0.0,78.9,2023-09-12,1.416920651091892,5.818152542584651,-41.58,-40.45,-60.53639846743297,-67.34562951082597,28.47290640394089,0.1694930291508236,0.2231089987325727,0.4939797211660328,0.0718631178707223,04 | Downtrend
UMAC,2026-03-09,SW,12.46200607902736,8.931350412505434,821784507.25,2776511.910739733,45673620.93166861,-0.2167654530059272,23.62,18.5,2024-02-14,5.557858602677936,2.664159970099401,-414.29,38.46,N/A,N/A,28.8175411119812,0.2637837837837838,0.8572972972972972,0.8879135135135137,0.2918918918918918,04 | Downtrend
TSSI,2026-03-11,DT SW,16.51583710407238,6.793148028442129,311820723.5,913391.2524678669,10092973.33976993,-0.5969004383218535,31.94,12.875,2005-09-27,3.236787223915837,14.79463111529678,4000,48.92,N/A,N/A,29.08878504672898,0.1176699029126214,0.3584466019417474,0.3584466019417474,-0.04776699029126219,04 | Downtrend
SERV,2026-03-11,DT SW,11.43743536711479,6.285788151868818,838461592.6899999,4095107.125816933,39599685.90664974,-0.5574537987679672,24.35,10.776,2024-03-06,4.722898013682867,4.411008729495324,26.09,15.55,-882.3529411764705,-99.86748340044096,-6.2984496124031,0.07646622123236813,0.07646622123236813,0.07646622123236813,-0.309576837416481,04 | Downtrend
BBW,2026-03-12,DT,7.748907794895366,5.483378773445446,545253396.07,366962.3268759333,15959191.59583434,-0.3822017139090309,75.85,46.86,2004-10-28,2.926931168308668,2.455703059122663,1.61,-0.5,20,7.153534248516831,-13.3492727634987,0.002987622705932669,0.002987622705932669,0.002987622705932669,-0.3143405889884763,04 | Downtrend
CTMX,2026-03-16,UDS,47.86324786324787,7.22069597069596,1019768649.12,3026252.3214598,14162860.86443187,0.0,0.0,6.92,2015-10-08,1.388830778103796,40.04158997179266,-144.44,-90.96,N/A,9.273781111489942,-12.03007518796993,0.1864161849710984,0.1864161849710984,0.1864161849710984,-0.5765895953757225,04 | Downtrend
TRVI,2026-03-18,UDS,5.987488829311882,7.434444018894403,1594304660.79,1297953.7152694,14524102.07386459,-0.1758165392633774,14.39,11.86,2019-05-03,0.9109991603905677,1.359448232548696,40,N/A,-2.631578947368423,N/A,9.813542688910704,0.3288364249578415,0.4848229342327151,0.7048903878583475,0.4510961214165263,04 | Downtrend
EQPT,2026-03-19,DT,5.990220048899775,8.066451274886461,6217846132.02,874593.7510377666,21462530.65046679,-0.2673239436619718,35.5,26.01,2026-01-23,0.3451762908692986,2.16043799909726,41.18,1.68,N/A,N/A,-27.28888888888889,0.005382545174932529,0.04767397154940411,0.04767397154940411,0.01191849288735103,04 | Downtrend
FLY,2026-03-20,DT SW,11.28048780487805,8.01561722249878,3843610649.2,3178595.6311119,72980555.69032922,-0.6537940379403794,73.8,25.55,2025-08-07,1.898749960678749,5.034424066339078,19.15,10.67,N/A,N/A,14.91491491491492,0.811972602739726,1.433268101761252,1.433268101761252,0.2113502935420744,04 | Downtrend
SLS,2026-03-20,CPH,7.692307692307687,9.725,1050117686.8,6363868.729021001,33092117.39090921,-0.08794788273615639,6.14,5.6,2008-03-12,3.151277024173364,4.638979443946129,16.67,N/A,50,N/A,25.30120481927711,0.0,0.6982142857142857,1.835089285714286,0.4375000000000002,04 | Downtrend
YSS,2026-03-20,DT,12.5,8.564318034906279,2428482456.4,885421.3080623668,15654248.72654264,-0.4829737457759292,38.47,19.89,2026-01-29,0.6446103279555337,9.818144245559171,-29.41,1.79,N/A,N/A,-31.76379776148206,1.013574660633484,1.239316239316239,1.239316239316239,0.5485168426344897,04 | Downtrend
UAMY,2026-03-20,DT SW,8.781558726673989,12.40465736239608,1363488088.24,12143254.02992806,110625044.2126447,-0.4972095383054287,19.71,9.91,1996-09-04,8.113385453586194,2.446339400155246,-500,217.62,-100,162.8049796886617,23.27469553450609,0.1528758829465187,0.2754793138244198,0.2754793138244198,-0.2078708375378406,04 | Downtrend
PL,2026-03-20,UDS,24.44362017804153,8.401494277236111,9608612100.960001,10250122.81042097,276343310.9689493,0.0,0.0,33.55,2021-12-08,2.875996117496924,6.215022635438715,100,11.05,43.63636363636363,23.85321534592622,12.80334728033474,0.1991058122205662,0.5427719821162444,0.5427719821162444,-0.158569299552906,04 | Downtrend
BRZE,2026-03-25,DT SW,25.08324084350722,5.83439035991755,2029622675.38,2912860.764742434,52489750.98065865,-0.5686949866054344,52.26,22.54,2021-11-17,2.586182723388777,4.043141169188833,900,3.51,N/A,N/A,2.444570778851629,0.09760425909494219,0.2741792369121561,0.3944099378881989,-0.1317657497781721,04 | Downtrend
NAVN,2026-03-26,DT,23.06010928961748,6.432162373145974,2327131047.3,1579594.2954425,14453287.80329887,-0.5050549450549451,22.75,11.26,2025-10-30,0.6210775203256371,13.46173437986061,105.56,9.83,N/A,N/A,-13.59773371104815,0.4600355239786857,1.175843694493783,1.663410301953819,1.02664298401421,04 | Downtrend
PGEN,2026-03-26,UDS,31.12903225806452,5.748847926267294,1109909265.7,4409267.505589867,13668729.26732859,-0.2561756633119853,5.465,4.065,2013-08-08,1.23151771858648,5.339099429311591,88.89,-36.45,-191.4893617021277,N/A,-18.63517060367455,0.07503075030750295,0.4637146371463714,0.8450184501845017,0.4415744157441575,04 | Downtrend
LGN,2026-03-27,UT,11.38165345413364,5.406352801596276,4074392251.08,909513.1317491333,48186005.72006908,0.0,0.0,59.01,2025-09-12,1.182655050143893,2.938921103373664,-2850,19.36,N/A,N/A,-8.733850129198972,0.398745975258431,0.8172767327571597,0.8172767327571597,0.3643450262667345,04 | Downtrend
AGX,2026-03-27,UT,23.06194474869174,6.834944974704003,5759807629.950001,503327.1230070667,206791948.4874534,0.0,0.0,505.6,1995-08-18,3.590257900492563,3.912624316320324,75.25,2.7,58.37398373983739,8.056359166715284,-8.952908587257614,0.3511075949367088,0.5652294303797467,0.5936511075949367,0.5139636075949368,04 | Downtrend
SGML,2026-03-30,UDS,23.90057361376672,8.564531548757163,1177464553.98,3285058.737815133,34361714.39754629,-0.325,19.2,12.96,2018-06-25,2.918280153861001,6.202316410462492,-340,-63,N/A,N/A,-25.39229671897288,0.7561651234567899,0.8888888888888888,0.8888888888888888,-0.0239197530864198,04 | Downtrend
RZLV,2026-03-30,DT SW,19.66527196652719,7.063956963538558,953197932.9300001,13220275.44339967,31596458.30972521,-0.7672904800650936,12.29,2.86,2024-08-16,3.31478460224961,5.209429391373988,-58.33000000000001,14.2,N/A,N/A,-3.629032258064513,0.1486013986013988,0.1713286713286715,0.1713286713286715,0.1013986013986015,04 | Downtrend
ANNX,2026-03-31,UDS,13.70967741935483,7.250720046082927,940312504.64,2830641.698461,14039982.82436656,-0.2815286624203822,7.85,5.64,2020-07-24,1.4931188041301,1.742567317943069,12.5,N/A,24.29378531073446,N/A,-8.655616942909761,0.1728723404255321,0.1728723404255321,0.1728723404255321,0.01241134751773054,04 | Downtrend
NCNO,2026-04-01,DT,22.63017356475301,5.302880030516882,1641103191.0,2398269.8045748,35926081.67253051,-0.5747685185185185,43.2,18.37,2020-07-14,2.189142149595059,5.359747488907723,146.67,1.44,115.1515151515151,10.01078317676457,-8.435207823960877,0.03810560696788245,0.03810560696788245,0.155144256940664,-0.06641262928688096,04 | Downtrend
PLAY,2026-04-01,DT,6.832871652816253,7.949478960559293,376761556.02,1625782.207060566,17607221.30246593,-0.8342881695789172,69.82,11.57,2014-10-10,4.673306238689404,2.74674003082606,-181.4,-4.67,-195.8904109589041,-1.401978712430253,-29.85751295336787,0.2981849611063094,0.2981849611063094,0.2981849611063094,-0.004321521175453813,04 | Downtrend
LAES,2026-04-01,DT,6.679389312977091,8.3830425299891,583667877.38,6416758.778719201,16811908.00024431,-0.7459090909090909,11.0,2.795,2023-05-19,2.880389456365239,1.76450304462403,-33.33,2.83,N/A,N/A,-37.47016706443914,0.1735241502683362,0.3953488372093024,0.3953488372093024,0.1091234347048302,04 | Downtrend
AEHR,2026-04-08,UT,14.12935323383084,8.804392324093829,1639177612.5,2252117.2029218,113168889.4468205,0.0,0.0,57.35,1997-08-15,6.904004092285056,4.797532692692267,50,-11.61,-133.3333333333333,-33.57227712079486,19.75691134413726,0.8104986922406276,1.207846556233653,1.570183086312118,0.1837837837837837,04 | Downtrend
BBNX,2026-04-22,DT,5.623471882640607,7.617242985213624,552023471.76,1119973.087467267,13742069.78322336,-0.6037908896361969,32.71,12.96,2025-01-30,2.489399542995868,2.066213812048081,-2.08,1.27,N/A,N/A,9.163701067615659,0.002314814814814659,0.4043209876543208,0.5999228395061726,0.2584876543209875,01 | Green
GSHD,2026-04-23,DT SW,17.09082931110135,5.113803046448957,1618814949.9,450116.8935206,20516328.00666895,-0.5906894700513843,130.39,53.37,2018-04-27,1.267367095166517,2.272852401466641,85,9.68,89.0909090909091,39.8153676571901,10.65792668123331,0.02932359003185314,0.08469177440509656,0.3671801573917932,0.009930672662544549,01 | Green
MXL,2026-04-24,UT,57.66423357664235,5.841710114702808,3106241791.75,1920234.320996433,65768025.49412784,0.0,0.0,54.0,2010-03-24,2.117286093722773,15.12525155995998,69.23,1.87,29.56204379562044,15.97015036235024,99.5920745920746,0.9309259259259259,1.375925925925926,1.375925925925926,0.3257407407407409,01 | Green
CVLT,2026-04-28,DT SW,10.84718923198733,6.26286619160726,3664113903.24,1153150.745404133,101950057.4011794,-0.5116715482902026,200.6846,98.0,2006-09-22,2.782393235947984,1.618199591298041,30.61,1.63,78.72340425531915,29.92876950146049,17.59776536312847,0.1392857142857142,0.5798979591836737,0.5798979591836737,0.2246938775510203,01 | Green
AXGN,2026-04-28,UT,9.16476263010917,5.020472926413506,2117665997.07,1107083.776741367,43608029.96584243,0.0,0.0,43.0,1986-12-17,2.059249665725305,2.438691247071473,200,6.05,-47.82608695652174,20.21479891959987,25.76628352490422,0.06581395348837216,0.0918604651162791,0.1874418604651162,-0.0430232558139535,01 | Green
SEI,2026-04-28,UT,9.188730001415845,5.230668878056667,4649681670.2,2526363.440353467,178437049.7921653,0.0,0.0,77.12,2017-05-12,3.837618625287312,1.932346941522388,69.23,6.64,N/A,N/A,33.667676003028,0.05342323651452263,0.1176089211618256,0.1176089211618256,-0.3865404564315352,01 | Green
NEO,2026-04-29,DT SW,13.63636363636365,5.566993981628119,1158848468.8,1947230.050055133,17564015.0514973,-0.4637719068794141,19.115,10.25,1996-01-25,1.515643807139429,5.547148745662675,150,1.19,N/A,13.00724411415725,21.5633423180593,0.03902439024390247,0.5707317073170732,0.6658536585365853,0.4897560975609756,01 | Green
PRCH,2026-04-29,DT SW,17.57857974388823,5.375852319973387,975135391.24,1430439.070598534,12287471.61644141,-0.4803323814669034,19.4355,10.1,2020-12-24,1.260078521077615,4.863597778476487,63.63999999999999,26.97,90.41095890410958,-0.8132013540509119,19.80474198047419,0.1415841584158415,0.6445544554455445,0.7297029702970297,0.2237623762376237,01 | Green
FICO,2026-04-29,DT SW,7.746660069272626,6.944375485968751,21824410167.5,394900.5976628333,399047053.9382931,-0.5468165651411125,2402.515,1088.78,1987-07-31,1.828443705354004,1.281116204941654,16.82,10.37,57.98904927824785,34.67151506401869,-5.343125316147401,0.2154429728687155,0.2951835999926524,0.2951835999926524,0.2611179485295467,01 | Green
BE,2026-04-29,UT,22.16724831028847,6.809117815965029,66672155314.02,10297804.31905177,2331113963.703749,0.0,0.0,276.55,2018-07-25,3.496383089348779,1.930751408900514,340,41.27,73.94366197183098,51.78399214080557,67.07506089010258,0.1673473151328873,0.2702223829325618,0.2702223829325618,-0.4078828421623576,01 | Green
CLVT,2026-04-29,DT SW,8.366533864541847,6.206602162777432,1605556647.53,5318290.729796166,13348909.73178837,-0.6273972602739726,7.3,2.72,2019-05-14,0.8314194178277319,1.665407756294374,28.57,2.76,57.14285714285715,-3.372820654098942,-0.7905138339920903,0.119485294117647,0.119485294117647,0.119485294117647,-0.2095588235294119,01 | Green
COCO,2026-04-29,DT SW,17.43172574084835,5.073185578705615,2987526219.39,1491983.3139763,77031098.50059636,-0.0123798664277569,61.39,60.63,2021-10-21,2.57842418254407,3.856614418697449,51.52,21.08,26.59574468085106,18.1714414171736,7.764558547276157,0.3145307603496619,0.4156358238495794,0.4156358238495794,0.1139699818571664,01 | Green
CWH,2026-04-30,DT SW,10.67821067821069,7.139558853844576,715833767.88,3362009.0636033,23298722.81077087,-0.7046592221794379,25.97,7.67,2016-10-07,3.25476721778185,2.116854147787258,32.26,-4.46,N/A,4.412723726363424,5.159332321699539,0.07953063885267264,0.1251629726205998,0.1251629726205998,-0.1786179921773142,01 | Green
PRCT,2026-04-30,DT,10.91662828189772,5.995854444956226,1243411136.89,1249074.902090667,27117416.12438837,-0.7680375378456198,103.8099,24.08,2021-09-15,2.180888952966435,3.275669143905356,0,3.28,8.999999999999986,52.88294917748713,-14.39274447949527,0.2300664451827243,0.2350498338870433,0.2350498338870433,-0.2524916943521595,01 | Green
FMC,2026-04-30,DT SW,10.17064846416382,5.438322769380802,1834573191.35,3464676.285784633,50757507.58674487,-0.7651338766006985,68.72,16.14,1986-05-29,2.766720228228897,1.467306130063953,93.95,2.75,-757.3529411764705,-18.33918183745084,-14.57725947521865,0.01610904584882267,0.01610904584882267,0.01610904584882267,-0.2670384138785626,01 | Green
FTAI,2026-04-30,DT,9.262822016798822,6.938251204944457,21887908163.01,1407496.8314826,299951649.7572569,-0.2802386324997682,323.51,232.85,2015-05-15,1.370398886560423,2.417558120760903,-19.37,10.98,N/A,114.1444671431109,-14.69116528561707,0.23985398325102,0.23985398325102,0.23985398325102,-0.1518144728365901,01 | Green
FORM,2026-04-30,UT,6.249538847487646,6.354407563955265,10587701859.25,1746596.487249466,236716221.9169202,-0.09485197058268902,159.09,144.0,2003-06-12,2.235765844786344,2.650939240549772,33.33,0.38,-34.28571428571429,18.38193822368203,34.30779902883758,0.0946527777777777,0.1129861111111112,0.1129861111111112,-0.2681944444444445,01 | Green
TTMI,2026-04-30,UT,29.97454545454545,6.3402077922078,14485468800.0,1952097.864990133,268413456.4361433,0.0,0.0,178.715,2000-09-21,1.852984257134594,3.003780134527035,15.38,7.57,1033.333333333333,30.17951980836409,41.63576431808818,0.1229051842318776,0.2524410374059256,0.2524410374059256,-0.3536636544218448,01 | Green
CCC,2026-04-30,DT,5.186721991701249,6.046235921754583,2838954473.28,10548015.10795543,50841432.82034519,-0.4629237288135593,9.44,5.07,2021-08-02,1.790850585976649,3.263034394063026,22.22,2.5,N/A,31.99237036553738,-19.66666666666666,0.09664694280078878,0.2673767258382642,0.514792899408284,0.195266272189349,01 | Green
VIAV,2026-04-30,UT,31.75927959587086,5.45478648300962,11234519668.84,6283478.428818834,286086772.8641215,0.0,0.0,59.99,1993-11-01,2.546497592216694,3.388283681434094,22.73,3.32,-500.0000000000001,24.06243665112508,28.98016997167141,0.007334555759293204,0.007334555759293204,0.007334555759293204,-0.4157359559926656,01 | Green
BAND,2026-04-30,UT,27.91322314049587,6.173376623376631,778775069.6,450872.9020694665,10911124.23008109,0.0,0.0,30.955,2017-11-10,1.401062342132413,9.21936441227635,65.22,3.59,-79.16666666666667,0.7121032162215243,34.96932515337423,1.10369891778388,1.554676142787918,1.554676142787918,0.2544015506380231,01 | Green
VISN,2026-04-30,DT U,21.75740210124162,5.758152544685472,2414658533.64,5657280.439200234,59231726.19842645,-0.3610025062656642,19.95,12.748,2013-10-25,2.453006310135994,5.32640197803167,61.9,2.76,N/A,N/A,-42.94277929155314,0.03702541575149043,0.03702541575149043,0.03702541575149043,-0.08142453718230303,01 | Green
RIOT,2026-05-01,UDS,7.3665893271462,6.50592475969505,6469464039.4,17710566.34180347,305330163.7326918,-0.2266555253812408,23.935,18.51,2003-01-24,4.719558867213506,1.857908242344684,-396.55,27.15,-596.4285714285713,130.6682390497296,34.05909797822706,0.5580767152890329,0.6380334954078875,0.6380334954078875,0.0896812533765532,01 | Green
TEAM,2026-05-01,DT SW,20.89225834669777,5.890029783600283,17362791320.85,7098645.840134501,486896118.1748255,-0.745644093755857,325.9999,82.92,2015-12-10,2.80425024512124,3.857706154246193,60.55,5.34,45.86466165413533,20.12458075788713,0.4393029726167841,0.4397009165460684,0.4397009165460684,1.145200192957067,0.218222383019778,01 | Green
BWIN,2026-05-05,DT SW,9.012289485662262,5.15638207945901,2127543426.84,1485961.0857225,32646565.05332333,-0.5709423145825869,55.82,23.95,2019-10-24,1.534472323406938,1.606187021686056,6.78,1.57,N/A,N/A,2.138540213854001,0.0,0.2542797494780793,0.3597077244258873,0.2012526096033402,01 | Green
VOYG,2026-05-05,DT SW,5.748924520922949,7.554025364545512,1548886385.2,1453358.328261433,37162372.45364485,-0.6343475321162948,73.95,27.04,2025-06-11,2.399296217510896,2.047135803786312,3.17,-4.79,N/A,N/A,-6.302674972517397,0.9378698224852071,0.9378698224852071,0.9378698224852071,0.2843934911242603,01 | Green
EVER,2026-05-05,DT SW,30.66392881587954,5.861934096020313,514852762.11,774272.6427646001,11312123.31079081,-0.3643023643023643,30.03,19.09,2018-06-28,2.19715696278501,8.855489328688035,-8.93,5.93,234.2857142857143,93.75877488292608,-4.8828125,0.2561550550026193,0.4821896280775275,0.4821896280775275,0.2346778418019906,01 | Green
FLY,2026-05-05,DT SW,15.94246329038058,10.64469797508452,5586293003.65,6796442.116662433,226797273.4330254,-0.4757452574525746,73.8,38.69,2025-08-07,4.059888611013412,1.259984828315331,11.54,8.260000000000002,N/A,N/A,-6.184987348889526,0.60687516154045,0.60687516154045,0.60687516154045,-0.4096665805117601,01 | Green
TDUP,2026-05-05,DT SW,7.322654462242562,5.662798300098076,573928050.5,2341128.058787,10230729.61689919,-0.6180781758957654,12.28,4.69,2021-03-26,1.782580518235045,3.230740872142162,0,1.92,76.11940298507463,-0.5193805599641236,24.85714285714287,0.0906183368869935,0.528784648187633,0.528784648187633,0.3390191897654584,01 | Green
FTRE,2026-05-05,U,14.04081632653062,5.662507288629754,1164975000.0,1171647.4345848,14352681.0736638,-0.6248657357679914,37.24,13.97,2023-06-16,1.232016229847319,3.608999386291027,220,1.33,-245.2229299363057,-1.887744073780532,28.8117770767613,0.2566929133858267,0.5311381531853971,0.5311381531853971,0.3636363636363635,01 | Green
SHLS,2026-05-05,UDS,11.6082224909311,5.487217135947476,1391840586.5,5016479.342830866,41486284.16521126,-0.1874999999999999,11.36,9.23,2021-01-27,2.980677856904215,2.158139401809755,16.67,8.62,399.9999999999999,11.46753277208452,29.01716068642746,0.4279414951245937,0.4279414951245937,0.4279414951245937,-0.0595882990249188,01 | Green
DOCN,2026-05-05,UT,19.65811965811966,6.459306523822657,12793830835.5,4967586.2027529,540523054.7215431,0.0,0.0,130.2,2021-03-24,4.224872609865321,3.009549588751578,91.3,3.24,181.8181818181818,14.77379003974749,25.66116179697424,0.4167434715821814,0.4400921658986177,0.4400921658986177,-0.04408602150537633,01 | Green
COMP,2026-05-06,DT SW,27.8236914600551,5.020661157024788,5573100013.8,13676936.34082724,99294557.83440574,-0.3350053744177715,13.955,9.28,2021-04-01,1.781675505347733,2.672973211203879,-95,1.12,N/A,N/A,-2.419354838709686,0.03340517241379315,0.4245689655172415,0.4655172413793105,0.3556034482758621,01 | Green
ALAB,2026-05-06,CPH,6.518614678473744,5.845432929535102,37419002081.76,5325204.982224134,1148593462.615923,-0.1260935717002661,262.9,229.75,2024-03-20,3.069545949157764,1.606130080578185,24.49,5.47,175.3086419753086,115.1265487395594,71.91933684042723,0.6207616974972796,1.173998694232862,1.173998694232862,0.4428726877040261,01 | Green
ALIT,2026-05-06,DT U,18.6926605504587,7.577817824377482,469817781.92,1378141.488987334,24034787.5679391,-0.8904761904761904,189.0,20.7,2021-07-06,5.115767962148294,1.278095356654768,50,6.3,-4415.384615384616,-3.145196036191297,77.88657690738474,0.004830917874396157,0.1439613526570049,0.1439613526570049,-0.2468599033816425,01 | Green
SMCI,2026-05-06,DT SW,12.97161336687029,5.022894101945495,18002476341.41,34471805.47751393,959350346.4392127,-0.6899469438472614,101.402,31.44,2007-03-29,5.328991013488947,3.692748176488098,37.7,-17.63,-89.78779840848807,79.67058393192156,19.08429610611895,0.6348600508905851,0.6348600508905851,0.6348600508905851,-0.06552162849872778,01 | Green
VSEC,2026-05-06,UDS,5.557121118187447,6.483764220900006,4979567981.96,563567.7777685667,99993830.80947681,-0.1948325523408281,232.61,187.29,1982-10-20,2.008082451564772,1.64235303068923,30,4.760000000000001,-80.07246376811594,29.26095424921672,-15.87008060692271,0.1350312349831813,0.2844252229163331,0.3233488173420898,0.2037481979817395,01 | Green
AMC,2026-05-06,DT SW,5.031446540880502,9.583108715184188,1419241374.42,32678039.18381497,51958082.3022658,-0.8594276094276094,11.88,1.67,2013-12-18,3.660975732440118,1.134946315395085,-9.09,7.22,-82.8571428571428,-2.759305001372264,18.65671641791045,0.3263473053892216,0.8143712574850299,0.8143712574850299,0.5389221556886228,01 | Green
OSS,2026-05-06,UDS,16.99078812691914,7.960959204562039,243665070.1,1281388.347928467,12519164.15926112,-0.1035294117647059,12.75,11.43,2018-02-01,5.137857532933736,13.35211049757893,120,15.52,133.8461538461538,-41.09904352474528,22.58469259723965,0.826771653543307,0.826771653543307,0.826771653543307,0.1653543307086616,01 | Green
HUT,2026-05-06,UT,26.15824121227175,5.071286619230985,9923619768.68,4578539.247175566,368618194.7901048,0.0,0.0,101.57,2023-12-04,3.714553795717799,4.31990813504248,-482.35,-9.85,N/A,N/A,31.05974279667916,0.3862360933346463,0.3862360933346463,0.3862360933346463,-0.1075120606478289,01 | Green
URGN,2026-05-06,CPH,5.832983634074695,6.369492236676441,1164823840.12,748036.5345429666,17825710.61815889,-0.1593333333333333,30.0,25.22,2017-05-04,1.530335318027359,3.789908450899547,6,14.34,-7.77027027027027,21.44958959269011,24.76439790575915,0.2835051546391751,0.9044409199048375,1.014670896114195,0.808088818398097,01 | Green
ARRY,2026-05-07,DT SW,10.4551045510455,5.070286417149895,1252082535.96,5046549.842104567,41028450.21631014,-0.3952861952861952,14.85,8.98,2020-10-15,3.276816746337948,1.686629134203176,200,11.01,125.531914893617,29.31303625684022,12.7600554785021,0.06291759465478841,0.06291759465478841,0.06291759465478841,-0.3819599109131404,01 | Green
AGL,2026-05-07,DT SW,56.51705565529623,12.524236983842,467635198.5,384948.6523008,10720819.96657728,-0.7744372574385511,193.25,43.59,2021-04-15,2.292560526018077,10.11273921335121,89.47,2.94,N/A,0.5186398188019404,40.37298387096775,1.274260151410874,2.052076164257857,2.052076164257857,1.191098875888965,01 | Green
LIFE,2026-05-07,U,5.968858131487886,5.389427829955511,1474118576.48,448531.4625389,10370047.41389937,0.0,0.0,24.5,2026-01-29,0.7034744408866801,5.076742986277167,445.45,33.23,N/A,N/A,66.63063063063063,0.3265265306122447,0.3265265306122447,0.4567346938775509,0.290204081632653,01 | Green
JMIA,2026-05-07,DT SW,22.45040214477212,5.569130601302149,929276332.58,2065803.212566167,15410891.96574361,-0.3926329787234042,15.04,9.1348,2019-04-11,1.658375601039737,5.441999548061948,-55.56,27.92,N/A,N/A,7.338129496402868,0.0531155580855629,0.0531155580855629,0.0531155580855629,-0.3223715899636554,01 | Green
BOBS,2026-05-07,DT,8.629441624365475,7.95271936185642,1287267698.6,1187854.114537433,11700363.02819372,-0.5444850765648215,23.4899,10.7,2026-02-05,0.9089300571216646,2.51017131178783,28.57,-0.2,N/A,N/A,-14.04886561954626,0.2934485981308412,0.7757009345794394,0.8205607476635515,0.6700934579439255,01 | Green
GCT,2026-05-07,UDS,8.868637474994422,5.723891023402014,1606603562.63,694793.5947677332,31258763.82860032,-0.0555341303509449,51.86,48.98,2022-08-18,1.945642631180894,2.295444310410138,30.53,4.8,N/A,N/A,-3.247311827956989,0.009759085340955487,0.1488362596978361,0.1488362596978361,0.08717844017966514,01 | Green
ROOT,2026-05-07,DT SW,14.35059037238875,5.388607759179942,852903522.5999999,285405.6129247,15711578.99150473,-0.6524787457215413,181.14,62.95,2020-10-28,1.842128514560403,2.988848446771999,211.94,-0.32,249.0909090909091,56.83348875764169,18.08236808236807,0.03256552819698166,0.0721207307386813,0.0721207307386813,-0.181890389197776,01 | Green
EXK,2026-05-07,DT SW,9.237379162191184,5.070047567899323,2757105099.49,7587709.858912466,70641578.78647506,-0.3287128712871288,15.15,10.17,2001-12-18,2.562164888075616,2.761493165367846,133.33,-22.61,N/A,N/A,-2.919708029197077,0.140117994100295,0.140117994100295,0.140117994100295,-0.06194690265486735,01 | Green
PCT,2026-05-07,DT SW,22.24409448818896,6.050337457817745,1530894652.2,3631691.355858267,27673488.13163999,-0.4637305699481866,17.37,9.315,2021-03-18,1.807667698876033,2.428366696042597,12.5,6.22,5.18518518518519,N/A,39.81651376146789,0.5238862050456254,0.5238862050456254,0.5238862050456254,-0.225979602791197,01 | Green
SEZL,2026-05-07,DT SW,17.01929783771217,6.259333377619818,2896724704.28,718696.2067291667,61822247.70284291,-0.4609617650208847,186.74,100.66,2020-05-05,2.134212050302835,4.607925458624244,18.55,4.45,-59.42982456140351,110.6577970872766,24.45023148148147,0.222382276971985,0.9442678323067755,0.9442678323067755,0.172461752433936,01 | Green
FLNC,2026-05-07,DT,41.62979351032448,7.012536873156347,2503126763.64,4622189.626086834,62676891.32973747,-0.4268874962697702,33.51,19.205,2021-10-28,2.503943956821185,9.96931382215242,11.11,-24.61,-52.17391304347822,10.93099145832537,0.0,0.5605311116896643,0.5605311116896643,0.5605311116896643,-0.3129393387138765,01 | Green
HNRG,2026-05-07,UDS,17.03504043126685,5.078937235271475,874509272.35,1069518.485305767,19839567.90242197,-0.1210526315789473,24.7,21.71,1981-06-30,2.268651520310203,2.795734202092971,-66.67,-3.09,381.2500000000001,-0.4389072503489621,21.4800261951539,0.03175495163519115,0.03175495163519115,0.03175495163519115,-0.3201289728235837,01 | Green
ACVA,2026-05-07,DT SW,18.27586206896552,5.214285714285718,886397655.5999999,2798551.762563234,14608440.20058008,-0.7367837653478854,23.456,6.174,2021-03-24,1.648068460954093,4.769760573951646,-700,1.26,25,30.75423694725269,20.27649769585253,0.1013929381276319,0.3564949789439584,0.3564949789439584,0.2082928409459022,01 | Green
RUN,2026-05-07,DT SW,12.47077162899455,5.068366551608956,3090066779.06,8228521.032593734,105571924.8481776,-0.3569518716577541,22.44,14.43,2015-08-05,3.416493312170187,2.058177093984487,1340,11.82,137.9377431906615,21.0327178919789,-3.750937734433613,0.1614483714483714,0.1635481635481635,0.1635481635481635,-0.2931392931392932,01 | Green
WRBY,2026-05-07,SW,12.52837040399455,6.355618961156831,2723085429.62,2178047.1251374,47982378.16677693,-0.2003225806451613,31.0,24.79,2021-09-29,1.762059230491081,4.048390680088132,-70,1.25,107.4074074074074,17.42401286417867,5.205348615090744,0.2182331585316659,0.2476805163372329,0.2476805163372329,0.06736587333602273,01 | Green
HIMX,2026-05-07,CPH,25.14193025141931,6.266886803383144,2150671519.62,2672136.539462666,32947443.53157468,0.0,0.0,15.43,2006-03-31,1.53196074951493,9.295345032816961,53.33,2.05,N/A,N/A,35.94266813671445,0.626053143227479,0.626053143227479,0.626053143227479,-0.05314322747893718,01 | Green
VERX,2026-05-07,DT SW,10.15007898894156,5.216034755134247,2053679626.8,1268193.7743084,16055333.18274434,-0.7703014330423323,60.71,13.945,2020-07-29,0.7817837297125756,3.027207240174805,13.33,0.96,N/A,30.75838549792361,12.33362910381544,0.07565435640014351,0.07565435640014351,0.07565435640014351,-0.1437791323054859,01 | Green
TPB,2026-05-07,DT U,7.186807777504289,5.717529271122678,1629175401.72,516327.0487332999,41956735.98006795,-0.4070796460176992,146.9,87.1,2016-05-11,2.575335714974102,1.788017054713444,8.57,7.35,45.32710280373831,28.3929462651805,-0.6965660515703243,0.1350172215843859,0.1350172215843859,0.1350172215843859,-0.002755453501722127,01 | Green
XMTR,2026-05-07,U,34.75177304964539,5.070225430597772,3233049517.2,710173.7101062998,40053797.24999531,0.0,0.0,76.0,2021-06-30,1.238885981699535,6.519276721123628,140,8.91,N/A,22.40425191572341,38.84785819793206,0.3139460526315789,0.3957894736842105,0.3957894736842105,0.2255921052631578,01 | Green
GENI,2026-05-07,DT,12.72727272727272,5.243506493506517,1221558610.8,4787875.590228567,21066652.5970057,-0.6387367439692344,13.7296,4.96,2021-04-21,1.724571576897905,3.587842231066814,-2000,10.31,N/A,N/A,8.108108108108114,0.3185483870967742,0.7318548387096775,0.7318548387096775,0.530241935483871,01 | Green
AAON,2026-05-07,DT SW,45.47304170905393,5.394136026740322,8105192713.7,847786.3349871666,83337396.72923847,-0.007392496442578,144.065,143.0,1990-12-01,1.028197597182056,9.079670322846761,60,29.36,-36.13861386138614,20.10944208689568,8.295692409386369,0.05216713286713293,0.05216713286713293,0.05216713286713293,-0.3368531468531468,01 | Green
FOUR,2026-05-07,DT,13.98087686567164,5.488206289978692,3385809945.6,1814030.9422375,77785646.803144,-0.6166666666666667,127.5,48.875,2020-06-05,2.297401450551873,1.592533494132524,5.43,14.61,N/A,62.97567061759202,1.539190149183067,0.03570332480818417,0.1741176470588235,0.1741176470588235,-0.1558056265984655,01 | Green
NAMS,2026-05-07,UDS,6.615037108744759,5.350827455861332,3704456867.31,918373.0798943001,28460381.74592436,-0.2133333333333334,42.0,33.04,2022-11-23,0.7682740754001796,2.722518474020134,6.98,155.37,N/A,N/A,-11.633875106929,0.2773910411622276,0.2773910411622276,0.2773910411622276,-0.1537530266343825,01 | Green
RXT,2026-05-07,U,75.1101321585903,10.12555066079295,578561369.5,7057228.814810301,16019909.40961938,0.0,0.0,3.975,2020-08-05,2.768921371895948,27.55113559457125,-50,2.61,75.13089005235602,-1.877899967118483,156.9035762788592,0.9245283018867925,1.163522012578616,1.163522012578616,0.2327044025157234,01 | Green
AAOI,2026-05-08,UT,10.34274833386226,11.87095253207598,13323883289.35,11654178.67990703,1836115851.019353,-0.09394381612550162,191.87,173.845,2013-09-26,13.7806359538363,1.782931431655444,-16.67,-2.58,58.46153846153847,123.2955807239618,4.614873837981426,0.3441283902326784,0.3441283902326784,0.3441283902326784,-0.2198222554574477,01 | Green
MP,2026-05-08,DT SW,6.61073340083902,6.323934202640995,12312162778.44,5824172.954927934,402625076.3741681,-0.2648415718624845,100.2505,73.7,2020-11-18,3.270140946148068,1.995022336106908,175,20.3,-6.382978723404249,14.87115182844128,25.1448225923244,0.04206241519674347,0.04206241519674347,0.04206241519674347,-0.3065128900949797,01 | Green
POWI,2026-05-08,UT,7.503828483920372,6.047264374216901,4013378995.34,1066006.987894067,76571281.9404308,-0.02413749526096298,79.13,77.22,1997-12-12,1.907900600200952,1.466712614367378,25,1.51,-72.00000000000001,2.134169941306912,31.72565560242069,0.1525511525511525,0.1807640507640509,0.1807640507640509,-0.1635586635586636,01 | Green
INOD,2026-05-08,DT SW,59.77212971078001,5.865844497308137,1569224191.64,1101999.648627133,50295263.96334237,-0.2230154501864677,93.85,72.92,1993-08-10,3.205103785124461,17.40687374731681,147.06,17.82,96.36363636363632,101.8606219557887,28.27431141090502,0.7161272627537028,0.7161272627537028,0.7161272627537028,-0.1452276467361493,01 | Green
LASR,2026-05-08,UT,16.27134008158331,6.897772645846359,3818514139.43,1303528.6265141,86280559.7889683,-0.04123582907686563,80.27,76.96,2018-04-26,2.259532285032932,2.908704538472203,340,11.44,47.77777777777778,24.48968897823467,1.25439804191525,0.1298076923076925,0.1298076923076925,0.1298076923076925,-0.270335239085239,01 | Green
RKLB,2026-05-08,UDS,9.48714685670653,7.559557139221186,50244915515.62,22585883.99061101,1774798763.982213,-0.1360212894155453,99.58,86.035,2021-08-25,3.532295249716298,3.5388169932371,12.5,5.55,20.00000000000001,45.82718189933393,15.47391623806025,0.7550985064218052,0.7550985064218052,0.7550985064218052,-0.0372522810484105,01 | Green
WULF,2026-05-08,UT,6.16153205661949,5.886850243844425,11985227621.54,32877576.18620163,789719379.9925631,-0.01009316770186341,25.76,25.5,2021-12-14,6.589106230850965,1.103190182543968,-431.58,3.73,-986.6666666666667,31.24556879182866,27.29199788023318,0.07705882352941185,0.1701960784313725,0.1701960784313725,-0.3301960784313727,01 | Green
TNDM,2026-05-08,DT SW,8.283703302652956,6.417743058241145,1285118718.29,1729521.231527467,31944257.14631231,-0.6274911529148817,53.69,20.0,2013-11-14,2.485704759542983,4.355296742930082,33.33,2.91,-69.69696969696972,15.22776356565703,-3.701772679874871,0.03100000000000014,0.1324999999999998,0.2404999999999999,0.119,01 | Green
IREN,2026-05-08,UDS,12.30430958663149,7.060032667420526,20316977616.9,37381825.5323028,2125156781.511415,-0.1694419149212958,76.87,63.845,2021-11-17,10.4600045419338,2.957108127138203,-36.25,-33.59,N/A,N/A,44.58290946083419,0.1074727856527526,0.1074727856527526,0.1074727856527526,-0.354217244889968,01 | Green
BW,2026-05-11,UDS,14.85557083906466,9.14968559638437,2165952059.64,2995494.590991433,43554491.35301544,-0.1117021276595745,18.8,16.7,2015-06-16,2.010870515770076,3.077848931258967,153.33,43.09,41.46341463414634,-18.07486899389823,-20.28508771929825,0.3191616766467067,0.3191616766467067,0.3191616766467067,-0.4497005988023952,01 | Green
QUBT,2026-05-12,DT SW,24.75442043222003,6.8296379455515,2304211044.98,14586383.93190986,148489388.4268424,-0.5322283609576428,27.15,12.7,2004-12-30,6.444261637854066,9.671951425784723,60,12.87,52.72727272727273,1025.714285714286,25.52404438964242,0.1377952755905512,0.1377952755905512,0.1377952755905512,-0.2976377952755905,01 | Green
PLUG,2026-05-12,U,7.102272727272729,6.929788961038976,4918127378.56,73416425.74869108,258425818.6353926,-0.2306122448979593,4.9,3.77,1999-10-29,5.254557247987713,2.682912823879562,20,16.53,41.55844155844157,1.911312700945673,19.72789115646258,0.1485411140583555,0.1485411140583555,0.1485411140583555,-0.3925729442970822,01 | Green
AMBQ,2026-05-12,SW,16.35647033063279,5.436141261847416,1104507759.12,376090.2205808999,17176040.3739297,0.0,0.0,53.14,2025-07-30,1.555085533089822,8.011509756087554,35.9,16.59,N/A,N/A,52.23333333333333,0.681031238238615,0.7239367707941287,0.7239367707941287,0.2342867896123448,01 | Green
KOPN,2026-05-12,UT,13.88329979879277,10.88574302960621,923786891.5799999,8446588.270286433,41979543.70332357,0.0,0.0,5.66,1992-04-15,4.544288740828939,4.763277626163095,-100,-0.8,85.36585365853658,-36.4868889465731,82.72058823529409,0.167844522968198,0.167844522968198,0.167844522968198,-0.1130742049469966,01 | Green
VPG,2026-05-12,UT,26.03603603603604,5.19301801801799,887140637.9999999,240832.0001621333,16039411.21079808,0.0,0.0,83.94,2010-06-23,1.807989683231948,4.58549417190215,75,9.42,-45.94594594594594,0.2218437828279863,28.57142857142856,0.7277817488682392,0.8081963307124136,0.8081963307124136,-0.1645222778174887,01 | Green
TE,2026-05-12,UDS,7.615894039735105,7.311849574266772,1778943478.64,17462536.7307803,105473721.853913,-0.3353783231083844,9.78,6.5,2021-07-08,5.929009163042522,2.102870305182467,38.46,64.4,-395.9459459459459,-72.46965554948059,24.27983539094649,0.9215384615384616,0.9215384615384616,0.9215384615384616,-0.2461538461538461,01 | Green
VG,2026-05-12,DT SW,8.261617900172125,5.648020654044765,29051078928.62,23860585.65140863,277260005.2693683,-0.5066666666666666,25.5,12.58,2025-01-24,0.9543879797050239,1.753926527339507,58.33000000000001,17.56,N/A,877.2074818224079,-7.114308553157478,0.1883942766295708,0.2281399046104928,0.2281399046104928,0.09062003179650246,01 | Green
VELO,2026-05-13,UDS,19.06116642958746,11.3741617557407,452016599.08,2353867.303517334,33095374.28745371,-0.2978187919463088,23.84,16.74,2021-09-30,7.321716581827638,6.842312987538551,58.33000000000001,40.17,N/A,N/A,24.53498671390613,0.8966547192353647,0.8966547192353647,0.8966547192353647,-0.08124253285543592,01 | Green
NXT,2026-05-13,UDS,19.03166626784716,6.130921045134976,19022329922.4,1915315.6315082,240123120.722183,0.0,0.0,149.23,2023-02-09,1.262322342750573,3.168882423185619,19.32,6.69,-0.254452926208646,30.01566012477583,13.84852887758809,0.09314481002479402,0.09314481002479402,0.09314481002479402,-0.2994036051732225,01 | Green
SLS,2026-05-13,UDS,20.97701149425288,5.051313628899823,1054156600.98,4579267.000415666,23903773.74216978,0.0,0.0,6.315,2008-03-12,2.267573311208938,6.700688845892531,16.67,N/A,67.53246753246754,-100,6.313645621181263,0.5059382422802849,1.51409342834521,1.51409342834521,0.9572446555819476,01 | Green
AIP,2026-05-13,UT,9.250693802035158,5.879696929650665,1594002667.86,693304.8392946667,22483875.93832604,0.0,0.0,35.43,2021-10-27,1.410529379383748,4.310850305711967,66.67,9.01,3.658536585365857,25.56557764765369,59.75369458128079,0.1730172170476998,0.4185718317809766,0.4185718317809766,-0.2212813999435507,01 | Green
TSEM,2026-05-13,UT,14.99796223339218,6.432905725800691,24960688729.2,2523013.8935997,557157158.1236217,0.0,0.0,253.95,1994-10-25,2.232138560631291,2.421654428077592,18.18,0.65,N/A,N/A,2.411538283170245,0.1925969679070685,0.2598543020279582,0.2598543020279582,-0.003937783028155173,01 | Green
NBIS,2026-05-13,UT,13.80994919323319,8.110574507286007,48691988095.98,16190923.30060353,2899956272.371099,0.0,0.0,203.845,2011-05-24,5.955715479628401,2.394549932793876,54.93,6.619999999999999,N/A,N/A,7.399412364334124,0.3679015918958033,0.4710196472810224,0.4710196472810224,0.2511467046039884,01 | Green
CMPS,2026-05-13,UT,5.122732123799367,6.839228540936118,1297527822.14,4597282.702331867,43076538.92084959,-0.0352595494613126,10.21,9.85,2020-09-18,3.319893275953333,1.880351657818056,11.76,N/A,99.45170363513368,N/A,57.21476510067114,0.4984771573604061,0.5634517766497462,0.5634517766497462,0.349238578680203,01 | Green
EOSE,2026-05-13,DT SW,23.08641975308643,8.707142857142863,2949758726.4,26073726.95241883,211197188.3145925,-0.4979859013091641,19.86,9.97,2020-11-17,7.159812306830456,4.951166571794984,150,0.98,-195.2173913043479,1163.726900520084,14.40677966101693,0.00200601805416234,0.00200601805416234,0.00200601805416234,-0.5827482447342026,01 | Green
ARX,2026-05-14,DT SW,10.853950518755,6.286056321970136,2721372556.56,1197591.509448633,15005821.61339138,-0.5545221295702374,31.18,13.89,2025-07-24,0.5514063694520296,2.704008797029549,6.25,11.33,-646.2365591397851,32.65071917159448,-8.540145985401459,0.2850971922246222,0.4154067674586033,0.4154067674586033,0.409647228221742,01 | Green
TRT,2026-05-14,UDS,11.73184357541899,24.77387603085931,108609313.26,1771605.4719441,19027042.76867964,-0.3717277486910995,19.1,12.0,1995-04-24,17.51879484140625,1.348242809304422,N/A,N/A,-76.92307692307693,11.33246783901806,52.77382645803699,0.7816666666666665,0.7816666666666665,0.7816666666666665,-0.04499999999999993,01 | Green
GO,2026-05-14,DT SW,17.70025839793281,5.115909929863427,766913968.08,2932232.383082266,22695478.64505674,-0.6081720430107527,23.25,9.11,2019-06-20,2.959325242422665,3.927416360070909,150,1.36,-356.7567567567567,11.55361665859238,8.251748251748259,0.07519209659714599,0.2288693743139409,0.2788144895718991,0.2217343578485182,01 | Green
FPS,2026-05-14,UT,9.863796133567648,5.972774918403218,11833887612.88,4389951.377223534,199830586.6912153,0.0,0.0,50.01,2026-02-05,1.688630086986121,2.464794699133187,N/A,N/A,N/A,N/A,39.88936693300555,0.3108378324335135,0.3197360527894422,0.3197360527894422,-0.2069586082783443,01 | Green
FRMI,2026-05-14,DT SW,6.416666666666671,7.992142857142855,3842804088.0,17401150.3432522,104406902.0595132,-0.827385313288222,36.9899,6.385,2025-10-01,2.716945742447467,3.253434718600976,-500,-100,N/A,N/A,-10.04497751124438,0.21221613155834,0.5873140172278779,0.5873140172278779,0.002349256068911565,01 | Green
ONDS,2026-05-14,UDS,12.75395033860045,7.832150919058371,5055093741.259999,52381738.20952553,464102200.5363962,-0.3462041884816753,15.28,9.99,2018-02-01,9.180882181241552,4.673403597347603,1966.67,27.21,-11.66666666666666,785.5367280158887,-13.13725490196078,0.4174174174174174,0.4174174174174174,0.4174174174174174,-0.07507507507507505,01 | Green
STUB,2026-05-14,DT SW,18.35106382978724,5.554521276595745,2873316544.32,3828239.808649801,28788363.3610465,-0.6808892076012908,27.89,8.9,2025-09-17,1.00192105244915,4.708604942224754,100,6.069999999999999,N/A,N/A,10.26392961876832,0.2887640449438202,0.5752808988764044,0.5752808988764044,-0.09213483146067414,01 | Green
FIG,2026-05-15,DT U,10.07905138339922,5.468308865047993,10788119708.08,16916921.3441832,342398488.006268,-0.8441085922194235,142.92,22.28,2025-07-31,3.173847688673877,4.576757706772992,400,5.5,-4166.666666666666,15.79499131248329,6.976744186046502,0.2448384201077198,0.2782764811490126,0.2782764811490126,0.1409335727109515,01 | Green
GLOB,2026-05-15,DT,9.888497652582174,6.173143024815539,1471559268.48,1501919.5195765,51185417.22716711,-0.8428583417254112,238.32,37.45,2014-07-18,3.478311633349124,4.337472313449205,4.17,0.88,N/A,N/A,-31.7990794476686,0.1919893190921227,0.1919893190921227,0.1919893190921227,-0.001869158878504695,01 | Green
SHAZ,2026-05-18,UT,11.34804376043019,10.22704034330217,1930883024.65,403979.5319796334,21786616.15966163,-0.3678947368421053,95.0,60.05,2025-12-18,1.128323978279873,4.338870471277659,N/A,N/A,N/A,N/A,48.22042050295452,0.6233139050791008,0.6233139050791008,0.6233139050791008,0.1453788509575356,01 | Green
IMVT,2026-05-20,UT,15.78546976036517,5.0800141281313,5430270009.78,1519216.172596934,39940193.17757339,-0.1169132579054249,34.47,30.44,2019-06-21,0.7355102620245492,12.87939827366704,-17.74,N/A,-40.90909090909091,N/A,-10.85113597829772,0.1920170827858081,0.4921156373193167,0.4921156373193167,0.4569645203679369,01 | Green
CAVA,2026-05-20,DT SW,11.21351766513055,5.064452124935996,9124900187.76,2881736.660490267,225121267.9174997,-0.4961430703143712,172.4299,86.88,2023-06-15,2.467109374187719,3.931131282594952,17.65,4.67,153.6585365853658,23.31240257124341,-19.25581395348836,0.06255755064456725,0.06255755064456725,0.06255755064456725,-0.1709254143646408,01 | Green
ELF,2026-05-21,DT,6.585173501577302,5.920051261829686,2992885557.12,2916692.9108008,147934664.4358166,-0.7540155617236202,219.77,54.06,2016-09-22,4.942877420885129,3.359916863246113,39.13,6.069999999999999,-27.52293577981651,38.71377929176386,-23.41839045749661,0.300406955234924,0.8908620051794303,0.8908620051794303,0.885682574916759,01 | Green
AAP,2026-05-21,DT SW,12.39266198282591,5.083556373368974,3091268617.92,1566733.841034433,80279442.01460437,-0.2128212137780207,73.16,57.59,2001-11-29,2.596973991494192,5.520042202942323,79.07,1.72,N/A,N/A,-11.89821182943603,0.08473693349539846,0.09741274526827581,0.09741274526827581,-0.2606355270012156,01 | Green
FLO,2026-05-22,DT,8.701854493580608,5.758100672508656,1486072542.3,7750831.3460007,54333327.73546491,-0.6857083934831925,24.245,7.62,1987-12-08,3.656169277670188,2.300430631391446,7.41,-0.2,22.66666666666667,7.773562867250352,-20.3409090909091,0.08070866141732269,0.1699475065616796,0.1699475065616796,N/A,01 | Green
PONY,2026-05-26,DT U,15.47085201793723,5.032831518257539,3874969445.8,4019966.852181533,35858104.32145928,-0.586677367576244,24.92,10.3,2024-11-27,0.9253777306637898,4.459533347345483,30.77,55.98999999999999,N/A,N/A,-15.45023696682465,0.09514563106796103,0.09514563106796103,0.09514563106796103,N/A,01 | Green
APPS,2026-05-27,U,34.92723492723495,6.42961092961095,582088162.5,2672430.295958434,12854389.72356007,-0.2161741083829514,8.2799,6.49,1995-05-24,2.208323506932692,20.51073906540594,100,7.000000000000001,62.92134831460675,15.23834570830938,39.01734104046242,0.7280431432973804,1.36286594761171,1.36286594761171,N/A,01 | Green
PHR,2026-05-28,DT SW,18.07228915662649,5.03035518698167,564342546.57,1388071.213519334,12673090.17943152,-0.670940170940171,32.76,10.78,2019-07-18,2.245637912019375,3.994483099341914,-78.25999999999999,0.63,103.921568627451,14.4773982701822,-2.561366061899661,0.01669758812615973,0.2068645640074211,0.2068645640074211,N/A,01 | Green
NCNO,2026-05-28,DT SW,5.102040816326525,5.571804758769876,1664109310.5,3088220.1609265,46910064.24447354,-0.6304398148148149,43.2,15.965,2020-07-14,2.818929258341742,2.843767701486428,-50,2.34,130.3030303030303,15.98145920507109,-13.00114547537229,0.08737864077669899,0.3291575321014719,0.3291575321014719,N/A,01 | Green
KSS,2026-05-28,DT SW,19.95359628770301,5.526461164512235,1466261909.49,4663026.080770833,60292927.22436687,-0.4378397970279087,27.59,15.51,1992-01-01,4.112016198070518,3.606750578838666,35,3.7,142.8571428571429,-4.278404537328155,-7.510729613733913,0.2649903288201161,0.3249516441005804,0.3249516441005804,N/A,01 | Green
ASAN,2026-05-29,DT SW,11.11111111111112,6.454418704418672,1535195447.82,6582019.469495032,43836249.66683692,-0.7335253871083903,27.77,7.4,2020-09-30,2.855418163796996,2.888358149136184,233.33,0.76,38.46153846153847,14.2011004953385,5.379746835443044,0.2621486486486486,0.3351351351351353,0.3351351351351353,N/A,01 | Green
PD,2026-05-29,DT SW,25.4032258064516,5.004416282642091,573791883.6,1966684.546848367,14632133.02855185,-0.5964532871972319,23.12,9.33,2019-04-11,2.550076682289246,4.509766305732217,60,1.37,325.6097560975609,10.21213549430254,11.87969924812029,0.1468381564844587,0.339764201500536,0.339764201500536,N/A,01 | Green
TTAN,2026-06-05,DT U,11.73146777882417,5.115690645961092,7090902047.07,1296129.325174267,96341292.74020326,-0.3676235437447651,131.33,83.05,2024-12-12,1.358660606234323,3.624231962165825,94.74000000000001,4.77,N/A,N/A,13.82848392036753,0.01252257676098734,0.1650692354003613,0.1650692354003613,N/A,01 | Green
ATEX,2026-06-11,UT,5.742513121333737,6.602114850262432,1270321937.08,364830.1994361666,23633700.31947487,-0.04588658725471617,71.7944,68.5,2015-02-03,1.860449672608189,3.610442323765105,0,24.68,405,13.15058344137803,17.16404413094592,0.6335766423357665,0.6496350364963503,0.6496350364963503,N/A,03 | Yellow
NAVN,2026-06-11,U,16.19549592716818,6.333287699363415,5307893437.940001,3561264.730472867,74323594.92496873,0.0,0.0,24.25,2025-10-30,1.400246553438982,4.369652047962111,500,7.35,N/A,N/A,15.49529607083564,0.1637113402061856,0.236701030927835,0.236701030927835,N/A,03 | Yellow
MEI,2026-06-25,UT,16.9213139801375,7.330186620102608,464628790.78,1162855.255565567,15221775.29535327,-0.1229226361031518,17.45,15.305,1982-09-28,3.276115384455528,3.068359617956612,-57.89,26.03,42.93785310734463,-2.757370479916038,14.32314410480351,0.3315909833387782,0.3315909833387782,0.3315909833387782,N/A,04 | Downtrend
BB,2026-06-25,UDS,12.76102088167055,8.750331455087856,5052185715.219999,38551074.5499524,332310262.6205896,-0.1102974828375286,10.925,9.72,1999-02-04,6.577554376504527,1.88528341519686,100,10.87,169.2307692307692,2.65470181342307,-0.5767012687427964,0.3981481481481481,0.3981481481481481,0.3981481481481481,N/A,04 | Downtrend
MU,2026-06-25,UT,17.59544496475951,7.27560265792139,1184180012755.01,55377801.24126306,58064178379.47673,0.0,0.0,1233.0,1984-06-01,4.903323629351729,1.499535162550199,24.31,18.41,1166.666666666667,110.42194092827,12.93609504421538,0.01784266017842651,0.01784266017842651,0.01784266017842651,N/A,04 | Downtrend
AVAV,2026-06-30,DT,26.97841726618706,6.529897225077069,7064343485.0,1489470.952280167,207036462.3669432,-0.577609725745465,417.86,176.5,2007-01-23,2.930724741889347,5.395344044721193,24.32,14.59,-448.3870967741935,140.894462404966,-31.89279239551178,0.1352974504249291,0.1775070821529745,0.1775070821529745,N/A,04 | Downtrend
PENG,2026-07-08,UDS,8.196459894753616,12.06661047451989,3213429654.29,3387468.554886666,212428153.0769428,-0.1233850129198968,77.4,67.85,2017-05-24,6.610636482841518,4.073063430429575,52.73,12.88,N/A,N/A,-2.970756614575265,0.3243920412675019,0.3243920412675019,0.3243920412675019,N/A,02 | Light Green
AEHR,2026-07-15,UTU,36.30745729759754,11.31192096335827,2348998604.5,1925897.542203533,138683882.0140764,-0.2248065076607171,126.62,98.155,1997-08-15,5.903957616168794,6.727845671978982,650,0.7799999999999999,-157.7777777777778,-22.24799473243146,-37.85812909906799,0.5017064846416384,0.5017064846416384,0.5017064846416384,N/A,01 | Green
MAN,2026-07-16,DT U,19.88723731419784,5.341033902028277,1814716484.84,1213181.266683667,47338333.02599668,-0.4019432370237791,78.22,46.78,1988-05-03,2.608580096200008,4.415720143435778,4.21,2.94,-128.525641025641,-2.070624055422564,14.06021631102017,0.2796066695168875,0.3349722103463018,0.3349722103463018,N/A,01 | Green
AMC,2026-07-20,UDS,13.40206185567012,8.192194403534616,1731652997.72,48092240.03333053,93298945.66466123,-0.6180555555555556,5.76,2.2,2013-12-18,5.387854598323354,3.883307360254572,380,10.32,-82.8571428571428,-2.759305001372264,-31.4487632508834,0.377272727272727,0.377272727272727,0.377272727272727,N/A,01 | Green
PKE,2026-07-21,UDS,12.24739742804655,5.930955296999386,710394551.2599999,383456.4701780333,12523688.31601457,-0.08028098344204726,39.86,36.66,1972-06-01,1.762920097543228,2.922548994488707,21.43,2.27,93.10344827586209,18.17786089704317,-1.921921921921921,0.08265139116202946,0.08265139116202946,0.08265139116202946,N/A,01 | Green
NP,2026-07-22,DT SW,6.657877389584699,5.06846219041341,4163651950.6,872584.0172818333,26474199.08433082,-0.06500741117425946,34.6099,32.36,2025-10-01,0.635840829119153,1.164587332891499,7.140000000000001,7.109999999999999,116.88654353562,-25.16973125884017,2.086137281292055,0.08621755253399255,0.08621755253399255,0.08621755253399255,N/A,04 | Downtrend
NVEC,2026-07-23,UDS,23.85786802030456,6.240984903421468,419285548.8800001,272370.2836322667,23609056.18524488,-0.1141914191419142,121.2,107.36,1996-09-11,5.630782231419526,2.993447332282366,N/A,N/A,8.176100628930824,17.1491227222771,-4.924865635625753,0.257451564828614,0.257451564828614,0.257451564828614,N/A,04 | Downtrend
NVCR,2026-07-23,DT SW,15.60693641618498,5.669373337003421,1813061728.8,1592921.597353467,24801789.27079348,-0.472604746557281,34.13,18.0,2015-10-02,1.367950626105206,5.61778420351865,60.61,6.35,37.43589743589744,28.66760383085495,5.774456521739135,0.1917,0.1917,0.1917,N/A,04 | Downtrend
TER,2026-07-29,UDS,14.73413379073756,7.070325900514543,50130661487.5,4775364.911350634,1531220758.824581,-0.2459777417966429,487.91,367.895,1972-06-01,3.054459513179151,1.931106743522723,20.49,9.08,36.44859813084112,22.32095680268868,-33.72809193121693,0.2073281778768399,0.2073281778768399,0.2073281778768399,N/A,04 | Downtrend
BE,2026-07-29,UTU,9.985614960441147,13.30323320889134,49138942406.64,15288311.3827162,2550701871.092371,-0.4776246868594852,351.28,183.5,2018-07-25,5.190795214891931,2.895344006157707,116.67,32.43,-14507.35294117647,122.9525411715825,-44.8827221671622,0.3804359673024524,0.3804359673024524,0.3804359673024524,N/A,04 | Downtrend
STX,2026-07-29,UDS,5.292385922654907,8.48504998948596,169371448301.4,5396083.764384267,4032493397.124362,-0.3127947598253275,1145.0,786.85,2002-12-11,2.380857834992623,1.719784150281427,13.29,4.16,230.1003344481606,39.24445021420226,-22.55958549222798,0.2886700133443476,0.2886700133443476,0.2886700133443476,N/A,04 | Downtrend
NEO,2026-07-29,UDS,15.37313432835821,5.010660980810256,1721570896.0,3612669.670331433,48409773.5824412,-0.1912110907664137,19.115,15.46,1996-01-25,2.81195353005324,2.33407771145387,400,2.52,N/A,15.36001315867627,-8.156271418779982,0.104463130659767,0.104463130659767,0.104463130659767,N/A,04 | Downtrend
ENPH,2026-07-29,DT,7.075991189427322,6.07274622404027,4799493615.36,5812978.733798267,211127387.6115531,-0.701030135301353,130.08,38.89,2012-03-30,4.398951317194675,1.635752238676431,15,0.33,94.11764705882352,3.419356719135665,-26.23883021933387,0.1128824890717408,0.1128824890717408,0.1128824890717408,N/A,04 | Downtrend
PLPC,2026-07-30,UDS,22.42248950654297,6.211554644079065,1385995620.51,94992.74456290001,26931393.01102778,-0.1623504675637668,414.3499,347.08,1995-02-01,1.943108088690636,1.736802001712406,86.31,10.2,-43.69085173501578,-0.05091991834894032,-27.95537710916853,0.4541028005070877,0.4541028005070877,0.4541028005070877,N/A,04 | Downtrend
ARM,2026-07-30,DT,14.72275334608031,8.250204862059558,240182198182.41,7895771.297597867,1775680007.116784,-0.4300861497680583,452.7,258.0,2023-09-14,0.7393054192002262,1.621865520927631,25,1.87,N/A,N/A,-33.3600023705811,0.1600193798449614,0.1600193798449614,0.1600193798449614,N/A,04 | Downtrend
FORM,2026-07-30,UDS,22.18094667465547,8.942463408371177,6519174501.25,1841719.604615533,153691501.0051662,-0.3638235477631497,160.27,101.96,2003-06-12,2.357530097954843,1.341551408372385,38.98,7.59,11.86440677966101,13.04313247639296,-43.28145177733976,0.3711259317379367,0.3711259317379367,0.3711259317379367,N/A,04 | Downtrend
CLB,2026-07-30,DT,5.775075987841949,5.86553770444348,452880429.54,1153665.592985233,11386679.40276425,-0.5845602865101472,25.13,10.44,1995-09-21,2.514279412411336,0.9654223274354481,22.22,-1.74,-51.61290322580645,-0.681679190087216,-14.69317199654279,0.2318007662835249,0.2318007662835249,0.2318007662835249,N/A,04 | Downtrend
LRCX,2026-07-30,DT,26.13037447988906,7.75376885844493,315770854350.0,13131162.01013737,3313648733.258165,-0.2741391106043329,438.5,318.29,1984-05-04,1.04938397182956,1.681941739901506,8.33,0.9900000000000001,-77.50677506775068,37.77241370270045,-35.50324592342687,0.08479688334537672,0.08479688334537672,0.08479688334537672,N/A,04 | Downtrend
MOD,2026-07-30,DT,8.565490900921136,8.578369226819026,9456186532.32,1686923.1554455,300339798.5955168,-0.4020417633410673,323.25,193.29,1984-06-19,3.17611965001954,3.064757457769113,10.87,-2.01,-33.91812865497077,23.13141087671763,-27.17902572702361,0.1380821563453878,0.1380821563453878,0.1380821563453878,N/A,04 | Downtrend
MYRG,2026-07-30,DT,6.377693597466316,6.287138155268292,5014232655.0,322225.9357623666,103776084.8716278,-0.3196508891602871,503.565,342.6,2008-09-09,2.069630430254294,2.081836285905657,21.46,8.66,329.004329004329,16.8359369777919,-30.45712681652307,0.02256275539988306,0.02256275539988306,0.02256275539988306,N/A,04 | Downtrend
ARXS,2026-07-30,SW,5.439133506004246,5.70496821285613,18297194404.98,1131930.433064033,48073085.49222949,-0.08011503697617084,48.68,44.78,2026-04-16,0.2627347364202749,1.806025370378353,100,5.47,N/A,N/A,-8.76476906552094,0.3733809736489504,0.3733809736489504,0.3733809736489504,N/A,04 | Downtrend
PI,2026-07-30,DT SW,7.674084709260587,5.578689365193306,4256229730.900001,379341.9805322999,52842337.88814938,-0.3929091104108863,247.0635,149.99,2016-07-21,1.241529269543813,3.056469375013653,22.86,3.82,-232.7272727272727,3.42344033350388,-3.001183761576498,0.2334155610374025,0.2334155610374025,0.2334155610374025,N/A,04 | Downtrend
PRCH,2026-07-30,DT U,23.7864077669903,5.718908922792414,1403105172.96,2048541.534434834,25319973.36561454,-0.2127807362815467,19.4355,15.3,2020-12-24,1.804567031293838,2.307793517845997,350,14.93,85.00000000000001,12.92308109770437,-22.65331664580727,0.1418300653594771,0.1418300653594771,0.1418300653594771,N/A,04 | Downtrend
SIMO,2026-07-30,DT,23.99370469286533,10.69839074508097,7109777020.0,884528.9607421336,185468032.4884106,-0.2676338028169014,355.0,259.99,2005-06-30,2.608633603651477,2.943002088643767,16.83,11.86,N/A,N/A,-33.85071613351001,0.09619600753875135,0.09619600753875135,0.09619600753875135,N/A,04 | Downtrend
PGY,2026-07-30,DT U,11.14885731933293,5.707579634695124,1350664398.17,3389759.519108733,54880206.61437039,-0.6000222271615915,44.99,17.995,2022-06-23,4.063200798712615,1.953913295863967,50.7,2.47,121.042471042471,23.43204628579865,-13.74533830580713,0.2903306474020562,0.2903306474020562,0.2903306474020562,N/A,04 | Downtrend
BBNX,2026-07-30,DT U,5.273566249176009,7.622374988228661,682493566.96,1049025.214373133,15913712.50204043,-0.511770100886579,32.71,15.97,2025-01-30,2.3317014653961,3.046391221254563,5.36,1.58,N/A,N/A,-9.161676646706585,0.2983719474013775,0.2983719474013775,0.2983719474013775,N/A,04 | Downtrend
CDNA,2026-07-31,UT,11.52230971128609,5.010592425946776,1971073896.3,1120065.947699033,42674512.60733318,0.0,0.0,42.49,2014-07-17,2.165038697303009,2.482244120555188,85,15.63,392.6470588235294,31.48352923098246,30.52415210688593,0.1710990821369733,0.1710990821369733,0.1710990821369733,N/A,04 | Downtrend
COHU,2026-07-31,UTU,24.21959095801938,8.016684607104388,2198870212.85,1280058.6361887,59458723.65096511,-0.2265415549597855,74.6,57.7,1972-06-01,2.704057897710091,2.041716056696116,116.67,3.47,-42.70833333333333,-0.5706046970189395,-21.6298295933862,0.1010398613518197,0.1010398613518197,0.1010398613518197,N/A,04 | Downtrend
AXTI,2026-07-31,UDS,42.10694503621646,13.12990748067439,3078006571.28,9137065.723199902,428893865.0470034,-0.5340528080469404,143.16,66.705,1998-05-21,13.93414390498349,3.242387563787018,171.43,39.58,2.857142857142844,13.06195998706279,-17.09643235605793,0.4660070459485797,0.4660070459485797,0.4660070459485797,N/A,04 | Downtrend
PWP,2026-07-31,DT SW,32.19315895372235,5.399061032863848,1103936176.35,1253034.046174833,18682737.62846676,-0.2708102108768036,27.03,19.71,2021-06-25,1.692374797448748,2.77490272192401,53.84999999999999,-8.61,114.6341463414634,-20.3898875026325,-9.47176684881602,0.0,0.0,0.0,N/A,04 | Downtrend
IESC,2026-07-31,DT U,18.6233684431536,6.851476462089866,11387566428.24,307469.6019806667,175731176.3160302,-0.1567411886494016,803.9999,677.98,2006-05-15,1.543184642859557,1.579333820295945,38.72,15.06,80.73298429319368,24.88405917276941,-12.60856269113151,0.2043275612849935,0.2043275612849935,0.2043275612849935,N/A,04 | Downtrend
NWL,2026-07-31,UDS,28.4046692607004,5.518621456364612,2189126000.0,12167088.08935647,62538832.77929225,-0.4397283531409168,11.78,6.6,1972-06-13,2.856794573692526,3.644063625655074,121.05,1.26,98.98989898989899,-12.68466632705043,-11.83533447684392,0.08028787878787891,0.08028787878787891,0.08028787878787891,N/A,04 | Downtrend
NXT,2026-07-31,DT,6.986584107327132,6.269718413681262,14702590488.0,3687655.341934633,357333802.633466,-0.3644945748789309,163.13,103.67,2023-02-09,2.43041389832027,1.679103462814274,20,-0.58,-0.254452926208646,30.01566012477583,-14.1261963842609,0.0455290826661523,0.0455290826661523,0.0455290826661523,N/A,04 | Downtrend
AMRC,2026-08-04,DT,40.47514298284205,6.757777638111994,1206194976.03,538242.2945021001,12234247.35403273,-0.2893389717338082,44.93,31.93,2010-07-22,1.014284389933361,5.580560713790731,0,11.52,-81.57894736842105,11.45693553208133,-10.82777559827383,0.0,0.0,0.0,N/A,04 | Downtrend
AEIS,2026-08-04,UDS,13.79647749510762,6.331878476473241,11870149999.96,918670.5576362,272275579.8722169,-0.151393921095008,397.44,337.27,1995-11-17,2.293783818006803,1.882813898081806,30.48,5.72,498.7341772151898,35.25334768858085,3.006290619678165,0.03979007916506072,0.03979007916506072,0.03979007916506072,N/A,04 | Downtrend
ENTG,2026-08-04,UTU,9.424920127795522,6.708403696942034,19130560000.0,3377872.665278366,422909657.6928515,-0.2671445383545522,186.94,137.0,2000-07-11,2.210649650051287,1.307960321197279,14.81,6,-19.68911917098445,-1.376276993022355,-7.314184187148365,0.2131569343065693,0.2131569343065693,0.2131569343065693,N/A,04 | Downtrend
VOYG,2026-08-04,DT SW,21.34951802927525,7.878461773856274,1696687823.6,1717585.9935196,48109583.67848399,-0.5403651115618662,73.95,33.99,2025-06-11,2.835500025950914,2.759869739310906,24.73,6.56,N/A,N/A,-12.16682345562872,0.3356869667549278,0.3356869667549278,0.3356869667549278,N/A,04 | Downtrend
LIFE,2026-08-04,U,19.71090670170828,6.132031787747952,1455628334.82,591741.4033116001,13509456.23760383,-0.1590743356133403,32.4999,27.33,2026-01-29,0.9280841760526997,9.010779940972357,103.85,61.6,-158.8957055214724,N/A,17.37789203084832,0.305890962312477,0.305890962312477,0.305890962312477,N/A,04 | Downtrend
WGS,2026-08-04,DT SW,11.99528440907751,6.984958528061989,2023757632.26,820933.2494502667,55708530.3076951,-0.5552174167495757,170.87,76.0,2021-07-23,2.752727373064108,3.239568050170825,105.26,3.330000000000001,-7380.000000000001,25.42082849186219,3.729746254967892,0.1469736842105263,0.1469736842105263,0.1469736842105263,N/A,04 | Downtrend
BLZE,2026-08-04,UTU,29.31366260423349,7.958123339136818,965021000.0,4403642.298533734,68652783.4341409,0.0,0.0,20.16,2021-11-11,7.114123260959182,2.684824020341676,900,6.959999999999999,60.67415730337078,13.85210436606792,-1.578282828282829,0.1899801587301586,0.1899801587301586,0.1899801587301586,N/A,04 | Downtrend
W,2026-08-04,DT U,23.07692307692308,5.130164595230113,12232618331.7,3214626.749590666,287098315.0059424,-0.08384730788464745,119.98,109.92,2014-10-02,2.346989885738089,4.531813510743362,20.25,2.02,39.15211970074813,5.113492532275758,-4.225201072386053,0.07628275109170302,0.07628275109170302,0.07628275109170302,N/A,04 | Downtrend
IPGP,2026-08-04,DT,7.78669724770642,6.322059305373509,3709011800.8,379427.5666044667,33086083.8079095,-0.3968040046207162,155.82,93.99,2006-12-13,0.8920457950760127,2.187688363814387,48.72,-0.44,114.6875,-4.730424689570369,-9.730848861283636,0.06339823385466548,0.06339823385466548,0.06339823385466548,N/A,04 | Downtrend
TPB,2026-08-04,DT SW,6.938572494404371,5.09654670124705,1612334307.24,392498.1481715332,31564701.07595471,-0.414567733151804,146.9,86.0,2016-05-11,1.957702005980837,1.943537000558328,-11.54,11.19,29.18287937743188,26.47356359247657,-8.206825704828214,0.06906976744186033,0.06906976744186033,0.06906976744186033,N/A,04 | Downtrend
UCTT,2026-08-04,DT,7.771672087024784,10.52429548695109,4037352675.93,1572860.299099833,140251952.8707321,-0.3336569130495077,144.22,96.1,2004-03-25,3.473859336264826,2.038029927399507,37.25,10,-404.8780487804878,19.46251768033946,-1.773518396122498,0.02679500520291356,0.02679500520291356,0.02679500520291356,N/A,04 | Downtrend
QLYS,2026-08-05,CPH,23.19632435117347,5.116030405705073,5571870861.06,825496.0846543333,132954399.3944269,0.0,0.0,198.42,2012-09-28,2.386171587780365,1.963501280512695,17.86,1.96,17.89473684210526,13.72363668645474,4.897746515565982,0.01572422134865437,0.01572422134865437,0.01572422134865437,N/A,04 | Downtrend
APPS,2026-08-05,UTU,25.65720294426919,7.12543187622053,1150864537.5,3876496.7152355,36865483.7618896,-0.1213235294117647,13.6,11.95,1995-05-24,3.203286100201832,5.349248235211327,35.70999999999999,10.66,62.92134831460675,15.23834570830938,-9.42857142857143,0.2832635983263601,0.2832635983263601,0.2832635983263601,N/A,04 | Downtrend
AMPX,2026-08-05,DT U,14.7086031452359,6.884828862164638,1579131480.58,6768519.939882933,73167700.55013451,-0.4881320949432405,24.225,12.4,2022-09-15,4.633414091856412,1.812913645683259,0,16.46,26.1904761904762,172.5743620715688,-6.649395509499135,0.08225806451612905,0.08225806451612905,0.08225806451612905,N/A,04 | Downtrend
PGEN,2026-08-05,UT,7.50382848392035,5.543863487201934,2337970162.91,4747874.8725774,31003622.91793042,0.0,0.0,7.02,2013-08-08,1.326091470702995,3.567236067634994,600,97.54,-86.66666666666669,N/A,17.44604316546763,0.06837606837606836,0.06837606837606836,0.06837606837606836,N/A,04 | Downtrend
RARE,2026-08-05,DT,10.3448275862069,5.324625006918696,2544578812.13,2652601.232160766,68463637.80206937,-0.5282425045552426,60.37,28.48,2014-01-31,2.690568571729961,0.9961534015689744,22.41,17.24,11.00278551532032,21.95275686302328,-25.55523507355063,0.000702247191011196,0.000702247191011196,0.000702247191011196,N/A,04 | Downtrend
ECG,2026-08-05,UTU,8.078730904817855,5.19189084270608,6952851909.76,635836.3319564332,86575474.95918795,-0.1423092838783753,171.577,147.16,2024-10-28,1.245179331917863,2.090857996024505,45.13,14.16,N/A,N/A,1.384959046909895,0.06000135906496329,0.06000135906496329,0.06000135906496329,N/A,04 | Downtrend
KTOS,2026-08-05,DT,13.49527665317138,5.361687184995433,9737105231.49,4876410.872039265,252939431.9326767,-0.5606716417910448,134.0,58.87,1999-11-05,2.597686128672671,1.889116799958776,61.53999999999999,11.57,45.45454545454546,32.28067139643537,2.957522826518444,0.1397995583489042,0.1397995583489042,0.1397995583489042,N/A,04 | Downtrend
METC,2026-08-05,DT,7.5207468879668,8.500222288085382,611062623.96,1794315.249497833,17297199.00515911,-0.820674740484429,57.8,10.365,2017-02-03,2.830675339470833,1.85894794422357,-18.18,6.5,N/A,-22.2964734571375,-21.17743254292722,0.1992281717317896,0.1992281717317896,0.1992281717317896,N/A,04 | Downtrend
INTA,2026-08-05,UT,11.34838316046369,5.309596443824632,2508035431.44,784325.0291897333,25710174.45683946,-0.5304862361718549,77.74,36.5,2021-06-30,1.025112091103029,2.417337500600597,36.67,1.84,-178.9473684210526,17.07121872150745,20.64777327935223,0.1347945205479453,0.1347945205479453,0.1347945205479453,N/A,04 | Downtrend
MTRN,2026-08-05,UTU,10.34346103038311,6.166908850726545,4731338947.5,400593.0758063334,90974687.51561831,-0.1615418074748218,298.87,250.59,1972-06-01,1.922810615030837,2.312276529222414,25,10.5,7.969151670951158,11.85298028087114,-8.541742177117317,0.2154515343788659,0.2154515343788659,0.2154515343788659,N/A,04 | Downtrend
LEU,2026-08-06,DT SW,7.658689974950694,5.535647665237816,3743754746.54,804237.0395669334,150898995.7339437,-0.564889606892838,464.25,202.0,1998-07-23,4.030685927634694,1.274523645051158,73.53,19.21,121.3872832369942,10.97453906935909,8.106706614427273,0.005841584158415847,0.005841584158415847,0.005841584158415847,N/A,01 | Green
ALNT,2026-08-06,UTU,10.72386058981234,5.240038299502083,1585484150.75,287906.3601321333,26847268.08232143,-0.01337792642140478,104.65,103.25,1980-10-21,1.693316711467696,2.406692406096885,31.15,5.46,97.67441860465115,10.6192408064603,3.899721448467974,0.1493462469733657,0.1493462469733657,0.1493462469733657,N/A,01 | Green
NNBR,2026-08-06,UDS,13.33333333333333,6.920879120879117,322065369.6,5456938.107175667,21282058.6179851,-0.05353319057815842,4.67,4.42,1994-03-15,6.607993477975318,2.556315671977062,450,10.68,-6.097560975609747,-0.9642583582363285,9.243697478991608,0.01357466063348434,0.01357466063348434,0.01357466063348434,N/A,01 | Green
AEVA,2026-08-06,DT SW,31.56552779194291,6.791177970423269,1366929914.38,1812190.833863567,35537062.25206455,-0.3350515463917525,38.8,25.8,2021-03-15,2.59977207889134,4.653358287401465,10.87,2.91,-122.6495726495727,160.7605516088592,-10.98502042669088,0.1015503875968993,0.1015503875968993,0.1015503875968993,N/A,01 | Green
FWRD,2026-08-06,DT U,14.79558728098638,5.577593399462298,520563083.42,778914.4003953667,12003070.9100926,-0.5676930596285434,40.92,17.69,1993-11-16,2.305786040614851,1.882505958646701,-3856.25,6.77,72.56694970607447,2.077323596354255,19.45736434108527,0.1628038439796495,0.1628038439796495,0.1628038439796495,N/A,01 | Green
CLOV,2026-08-06,UDS,18.1159420289855,5.172532781228451,2198986928.82,5372079.537121366,22240409.28368245,-0.1252236135957067,5.59,4.89,2021-01-08,1.011393428137242,2.166145173129089,25,2.05,N/A,44.15914693906085,-11.53846153846154,0.06134969325153383,0.06134969325153383,0.06134969325153383,N/A,01 | Green
ZVRA,2026-08-06,UTU,7.359924026590692,5.332654999321663,625311213.93,1539185.364337933,16207621.88647843,-0.2480877951446625,15.035,11.305,2015-04-16,2.591928870844268,1.62025368444217,78.57,18.14,538.0952380952386,119.3985811028701,-24.46197991391679,0.08978328173374628,0.08978328173374628,0.08978328173374628,N/A,01 | Green
XNCR,2026-08-06,UDS,10.68548387096775,7.849258352534551,1475171396.48,1064470.260745733,21119089.97319535,-0.1938325991189427,27.24,21.96,2013-12-03,1.431636352466496,0.936296194789672,65.06,198.25,29.85915492957747,64.38865135847665,23.11511014582688,0.2823315118397085,0.2823315118397085,0.2823315118397085,N/A,01 | Green
SOUN,2026-08-06,DT,25.11664074650077,5.582648300377689,2855626296.92,32397702.8767147,208317229.4972755,-0.6779423538831064,24.98,8.045,2022-04-28,7.294975176617498,2.764639694566014,66.67,17.96,-14.51612903225806,79.97613178385569,-3.742514970059885,0.01802361715351153,0.01802361715351153,0.01802361715351153,N/A,01 | Green
DIOD,2026-08-06,UTU,16.40378548895898,5.988984026838921,3941565430.95,577978.5594130666,49469184.90016437,-0.2092229542027145,125.99,99.63,1972-06-01,1.255064409478578,1.370182541825091,14.75,2.29,291.044776119403,23.42471058756763,-9.715189873417717,0.1051892000401486,0.1051892000401486,0.1051892000401486,N/A,01 | Green
ARRY,2026-08-06,DT,10.99290780141844,6.245694022289783,868603382.88,6703401.7360208,37807185.79115731,-0.4881439084219134,12.23,6.26,2020-10-15,4.352640864211379,2.782640489611724,118.18,8.469999999999999,127.2727272727273,40.11642334914915,-12.69349845201239,0.009584664536741228,0.009584664536741228,0.009584664536741228,N/A,01 | Green
VECO,2026-08-06,DT U,5.821374622356501,6.851329844626674,3237425734.4,1259854.1410606,66721875.31056935,-0.3530763015121782,86.63,56.043,1994-12-20,2.060954622112284,1.260739057337908,32,8.23,-54.23728813559322,-2.655659665576216,-7.815491731940815,0.0,0.0,0.0,N/A,01 | Green
SITM,2026-08-06,DT U,26.10104580939756,6.599237474486036,16332181072.32,574788.1199688666,312178923.7174908,-0.2405495614375533,901.81,684.88,2019-11-21,1.911434378146688,2.432312399765197,36.84,8.07,41.87192118226601,92.19898181134116,-16.20458227262207,0.1135525931550052,0.1135525931550052,0.1135525931550052,N/A,01 | Green
RDW,2026-08-06,DT U,14.17910447761193,6.643057036247324,2679920768.48,18595787.5343759,199346842.3685097,-0.5408852213053263,26.66,12.24,2021-09-03,7.43853492659693,1.790508792505058,-18.75,9.46,-17.18061674008809,33.58035894333535,2.387774594078329,0.159313725490196,0.159313725490196,0.159313725490196,N/A,01 | Green
RCUS,2026-08-06,UDS,6.137184115523464,5.385507993811246,3527134515.2,1253347.258653933,34717719.06471394,-0.07357806837876169,31.735,29.4,2018-03-15,0.9843038000138573,2.151609520728685,15.29,89.9,6.230529595015569,-6.153846153846154,-7.543391188251003,0.06394557823129254,0.06394557823129254,0.06394557823129254,N/A,01 | Green
WTI,2026-08-06,UDS,6.461538461538452,5.656263736263758,490564594.0,4113674.298316333,13369441.46952808,-0.3188976377952756,5.08,3.46,2005-01-28,2.725317243243218,1.32424565885189,100,3.18,-7.812500000000008,5.186589700869325,-4.692082111436957,0.2052023121387283,0.2052023121387283,0.2052023121387283,N/A,01 | Green
HTZ,2026-08-06,DT,16.66666666666667,9.484890109890127,556064173.08,29277566.12759749,45673003.15905209,-0.8061767838125666,9.39,1.82,2021-06-30,8.213620903873839,5.322132948789534,52.17,5.140000000000001,55.76642335766423,-12.68533772652389,-28.11059907834101,0.6181318681318679,0.6181318681318679,0.6181318681318679,N/A,01 | Green
EVH,2026-08-06,DT,32.46753246753246,12.48840445269018,348222751.8,3308438.425900966,10189990.35177498,-0.8786797502230151,33.63,4.08,2015-06-05,2.926285057223242,2.199460144321822,166.67,8.41,-82.35294117647055,-21.30683767537721,-45.2930728241563,0.1666666666666665,0.1666666666666665,0.1666666666666665,N/A,01 | Green
IOVA,2026-08-06,DT SW,37.0967741935484,8.426431863067801,1965896014.88,15753577.29272337,68370525.45041941,-0.5241903238704518,12.505,5.95,2010-05-26,3.477830207341501,4.66120475234148,21.43,13.37,24.66666666666667,173.1696846276625,-0.6864988558352492,0.573109243697479,0.573109243697479,0.573109243697479,N/A,01 | Green
RGNX,2026-08-06,SW,7.428571428571429,6.906802721088432,693138516.0,2185106.164020467,22943614.7222149,-0.3032736256948735,16.19,11.28,2015-09-17,3.31010529534834,0.8096694650363124,258.33,3.76,16.56686626746507,60.9361954563431,-32.90734824281151,0.07092198581560294,0.07092198581560294,0.07092198581560294,N/A,01 | Green
PRAX,2026-08-06,UDS,9.78604767722333,5.203664174061696,8912897769.24,465086.4399437333,148469544.223238,-0.0437902433700752,366.52,350.47,2020-10-16,1.665783093974587,3.240513413197626,21.8,N/A,-75.23302263648469,-100,-4.169668587896247,0.1204953348360771,0.1204953348360771,0.1204953348360771,N/A,01 | Green
TROX,2026-08-06,DT,10.94017094017095,6.376068376068365,934245169.65,2715155.1756934,15883657.77780639,-0.5693430656934306,15.07,6.49,2010-12-01,1.700159475671354,1.948782545894348,-45.71,3.97,-1095.238095238095,-4.313725490196078,-4.255319148936176,0.09553158705701081,0.09553158705701081,0.09553158705701081,N/A,01 | Green
ACMR,2026-08-07,DT U,17.18156495315268,8.017508953442103,5500893500.08,1340234.2666007,105851702.3761233,-0.2723484550672223,127.19,92.55,2017-11-03,1.924263801409423,1.064930454402586,96.77,8.88,3.448275862068953,22.12905106598314,-23.32038834951457,0.0,0.0,0.0,N/A,01 | Green
FROG,2026-08-07,UDS,15.91401734104045,6.280045761078999,10238940865.44,3165147.8316559,262833875.9407059,-0.02988308808707929,99.22,96.255,2020-09-16,2.567002577657832,1.380565819565503,50,5.29,-1.818181818181819,34.77531255766171,-8.48578355741678,0.02301179159524191,0.02301179159524191,0.02301179159524191,N/A,01 | Green
NUTX,2026-08-07,CPH,8.438096491805425,5.265296047992027,1040412537.89,132871.6811489,20187194.51695238,-0.1924019607843137,204.0,164.75,2022-04-04,1.940306732355691,2.218425606632285,86.48,-2.44,180.1331853496116,6.88391043632732,-17.38894024250992,0.2139605462822458,0.2139605462822458,0.2139605462822458,N/A,01 | Green
CRSR,2026-08-07,U,19.5287464655985,5.8555271307392,1147757534.99,1633657.843214433,17333109.71650513,-0.03190839694656478,13.1,12.682,2020-09-23,1.510171720776911,5.826888123476859,360,1.35,92.45283018867923,4.889250031041112,9.834368530020686,0.1810439993691846,0.1810439993691846,0.1810439993691846,N/A,01 | Green
CLSK,2026-08-07,DT SW,9.568627450980394,9.565434173669491,3274417680.75,22759639.27267309,290185400.7265819,-0.4083015671325709,23.61,13.97,2011-04-11,8.862198687496564,1.029111600346251,-242.31,-10.88,N/A,38.78469681059811,-0.7782101167315147,0.00286327845382961,0.00286327845382961,0.00286327845382961,N/A,01 | Green
INDI,2026-08-07,DT SW,19.53352769679299,6.579758433985831,724719867.13,5795183.138111367,19877478.16372199,-0.3223140495867769,6.05,4.1,2021-06-11,2.742780909600257,1.627614905254222,28.57,2.6,0,2.831492361927145,-22.74774774774775,0.2532439024390245,0.2532439024390245,0.2532439024390245,N/A,01 | Green
PSIX,2026-08-07,DT SW,21.32041187159297,6.836246430734636,761621159.0000001,462470.1664608333,15270764.89653672,-0.6710461487929053,121.78,40.06,1995-05-01,2.005034224178732,2.790775983713764,188.89,13.88,N/A,39.18001304964422,-4.345307068366166,0.1025961058412381,0.1025961058412381,0.1025961058412381,N/A,01 | Green
OMDA,2026-08-07,CPH,5.962128966223124,5.41833601403712,1196174376.62,1364851.7854381,26669203.88746047,-0.2709507042253522,28.4,20.705,2025-06-06,2.229541478962204,3.60591772591941,33.33,9.25,N/A,N/A,-16.06529209621994,0.2156483941077036,0.2156483941077036,0.2156483941077036,N/A,01 | Green
MP,2026-08-07,DT SW,6.717203621815115,5.497638600607673,8458044414.12,5589221.202329833,265432114.8986438,-0.4944663617637818,100.2505,50.68,2020-11-18,3.13822086882787,2.217091063311208,-150,11.84,-29.78723404255318,34.30150728049747,-9.040413713847917,0.2058011049723756,0.2058011049723756,0.2058011049723756,N/A,01 | Green
ONTO,2026-08-07,UDS,11.64867882396725,6.998309320006397,16423867253.2,1339754.880442767,359992136.3749714,-0.2237230243750969,386.46,300.0,1999-11-12,2.19188410881019,1.563096574159829,14.2,5.47,-1.574803149606301,20.3434891378169,-16.40741662518667,0.179454,0.179454,0.179454,N/A,01 | Green
VSTM,2026-08-07,DT U,12.52115059221659,6.545201837080008,535229936.31,2704768.535438966,15985182.04444429,-0.4086260560248999,11.245,6.65,2012-01-27,2.986600890572352,1.596812936252622,22.22,8.540000000000001,11.18210862619807,621.28,6.871609403254975,0.1819548872180452,0.1819548872180452,0.1819548872180452,N/A,01 | Green
INOD,2026-08-07,DT U,15.94379963347587,5.9048455362597,2251375987.48,1238568.458924633,81101462.69038498,-0.3933194821799585,125.14,75.92,1993-08-10,3.602306462420926,3.873196314419395,64,7.27,67.10526315789471,78.73603537214444,-3.421828908554558,0.04636459430979967,0.04636459430979967,0.04636459430979967,N/A,01 | Green
AAOI,2026-08-07,DT U,14.69972629206246,9.517722013938396,10505190620.14,10273183.8190788,1276134894.005968,-0.3902512089699148,233.67,142.48,2013-09-26,12.14766052468795,2.346149698792042,500,0.69,51.0752688172043,126.8090764120135,3.585723815877251,0.1299129702414374,0.1299129702414374,0.1299129702414374,N/A,01 | Green
TEAM,2026-08-07,DT U,31.73731505854587,5.709954745263813,27888303248.55,4113213.396229133,453152719.8625636,-0.5548004769326618,325.9999,145.135,2015-12-10,1.624884510986248,4.883287328624921,47.24,6.260000000000001,77.55102040816327,26.01965292914852,23.98154400180059,0.2256175285079409,0.2256175285079409,0.2256175285079409,N/A,01 | Green
GRPN,2026-08-07,UDS,9.383697813121294,7.499091167282022,1022732194.4,1712170.348719933,43061084.27030632,-0.3614206128133705,43.08,27.51,2011-11-04,4.210396866949974,1.50633126195837,33.33,-1.95,-3424.999999999999,2.302420910996839,-3.454894433781197,0.006906579425663306,0.006906579425663306,0.006906579425663306,N/A,01 | Green
CAMT,2026-08-10,UDS,9.391696169938847,5.866007632534844,7249901296.95,556717.9288985999,86486130.2543975,-0.213204315014584,215.99,169.94,2000-07-28,1.192928382222001,1.895866362687667,5.41,2.34,N/A,N/A,13.57654627869571,0.04754619277392025,0.04754619277392025,0.04754619277392025,N/A,01 | Green
PLUG,2026-08-11,DT,17.5355450236967,6.037914691943179,2948082036.58,51306098.96201133,108255868.8098439,-0.4585152838427947,4.58,2.48,1999-10-29,3.672077895614769,2.866881650969956,12.5,5.600000000000001,35.15624999999999,21.33365322984564,-7.048458149779746,0.02217741935483875,0.02217741935483875,0.02217741935483875,N/A,01 | Green
ACVA,2026-08-11,DT SW,13.22314049586779,5.253738685556844,1232805934.8,3102560.8264205,22524591.59981283,-0.649556616643929,23.456,8.22,2021-03-24,1.827099542919302,8.270366217471642,-266.67,-0.38,30.95238095238096,22.87582590154451,0.4149377593360981,0.01642335766423364,0.01642335766423364,0.01642335766423364,N/A,01 | Green
RPD,2026-08-11,DT U,10.46511627906976,6.158114925556803,782521430.4,2729553.2856737,31690113.64667165,-0.7116701101386457,44.4803,12.825,2015-07-17,4.049743868416828,2.50589934839421,46.67,1.28,11.42857142857144,1.757519997040569,-10.4857363145721,0.1536062378167642,0.1536062378167642,0.1536062378167642,N/A,01 | Green
RXT,2026-08-11,DT U,9.936575052854124,7.720477197221381,1205548580.5,13023757.1074476,61602371.11822714,-0.3953488372093023,8.6,5.2,2020-08-05,5.10990366665088,1.146781683344834,11.11,3.73,80.91603053435115,-1.148367624866576,1.720430107526894,0.09038461538461529,0.09038461538461529,0.09038461538461529,N/A,01 | Green
APEI,2026-08-11,UDS,6.246043469086304,5.684366804328844,867310122.77,338662.7213464667,16049226.36460906,-0.1824971586296477,61.59,50.35,2007-11-09,1.850459938522488,2.314060193581966,15.56,0.51,427.2727272727274,7.592000000000001,-18.34941419710544,0.01052631578947372,0.01052631578947372,0.01052631578947372,N/A,01 | Green
RIOT,2026-08-11,UDS,21.49484536082475,10.85290868924887,7280023338.999999,18052572.95636046,350219915.353393,-0.2226253298153035,30.32,23.57,2003-01-24,4.810697700338691,4.230400365356601,-106.06,14.57,-146.6666666666667,133.8671496655489,-3.912828132738988,0.003818413237165919,0.003818413237165919,0.003818413237165919,N/A,01 | Green
QMCO,2026-08-11,DT SW,23.25976230899831,9.364419112296861,464249811.78,897662.8438724,10574468.30081687,-0.8398058252427185,90.64,14.52,1982-12-10,2.27775392310292,18.42203282184714,200,7.68,64.34004474272932,2.015266841325559,17.09741550695825,0.9145936639118459,0.9145936639118459,0.9145936639118459,N/A,01 | Green
KOPN,2026-08-11,UDS,13.30166270783848,6.966236851034963,782523704.9399999,4161003.110020001,17517823.0931842,-0.2783661119515886,6.61,4.77,1992-04-15,2.238631620051355,3.394277123764781,100,7.359999999999999,86.48648648648648,14.88090877395837,11.96808510638299,0.158280922431866,0.158280922431866,0.158280922431866,N/A,01 | Green
IMSR,2026-08-11,DT U,5.688073394495397,7.411533420707704,577347134.3000001,1986044.036256433,10823939.99759756,-0.7257142857142858,21.0,5.76,2025-10-29,1.874771581004028,0.6300633606360937,78.57,N/A,N/A,N/A,1.774042950513532,0.06857638888888906,0.06857638888888906,0.06857638888888906,N/A,01 | Green
CCCC,2026-08-11,UDS,6.077348066298338,5.402920284135747,445350992.32,3056458.138633034,11064378.46185158,-0.4681440443213296,7.22,3.84,2020-10-02,2.484417606035431,1.009478024780972,21.74,50.93,12.10191082802549,-25.06328503580125,-4.986876640419946,0.1393229166666667,0.1393229166666667,0.1393229166666667,N/A,01 | Green
BW,2026-08-11,DT,33.55855855855854,9.46637709137708,1322809786.08,3505664.1247778,31130297.42802687,-0.4616432137993646,22.03,11.86,2015-06-16,2.353346471700822,5.770656079995182,133.33,60.61,-145.7142857142858,-0.607509032731712,-19.92786293958521,0.018549747048904,0.018549747048904,0.018549747048904,N/A,01 | Green
CRWV,2026-08-12,DT SW,20.34986713906113,7.58004871567756,49814785892.64,27358724.83769073,2471040027.340227,-0.4187165775401069,187.0,108.7,2025-03-28,4.960454979503016,3.191246027834111,30.87,0.89,N/A,N/A,17.11618257261409,0.08086476540938348,0.08086476540938348,0.08086476540938348,N/A,01 | Green
EROC,2026-08-12,DT,16.62222222222221,9.42526984126982,541957758.75,1574113.190977634,17708773.39849838,-0.366183574879227,20.7,13.12,2026-06-10,3.267556024909179,3.804469288346172,80,83.98,N/A,-68.79344097415543,-6.716417910447769,0.3528963414634148,0.3528963414634148,0.3528963414634148,N/A,01 | Green
QNT,2026-08-12,DT U,6.403853014627181,8.149062229244182,2068269623.42,1753514.695148233,98302033.81000997,-0.3127088374236664,86.79,59.65,2026-06-04,4.752863586879067,2.614265982081478,-7.69,4.63,N/A,N/A,-7.354156337795404,0.2137468566638727,0.2137468566638727,0.2137468566638727,N/A,01 | Green
VELO,2026-08-12,DT U,24.54346238130023,8.388083063758739,440121425.42,1895995.800524367,25956182.50917858,-0.462992125984252,31.75,17.05,2021-09-30,5.897504872526725,2.517804598676721,-11.11,52.79000000000001,N/A,N/A,22.12310437109721,0.03284457478005853,0.03284457478005853,0.03284457478005853,N/A,01 | Green
SLS,2026-08-12,UTU,7.873303167420809,8.866515837104098,2231500084.45,7901915.210715032,87316163.07840112,-0.2492047995464995,15.8765,11.92,2008-03-12,3.91289087044431,0.9867017348363165,-25,N/A,54.90196078431373,-100,-13.60437842064112,0.3145973154362416,0.3145973154362416,0.3145973154362416,N/A,01 | Green
ALM,2026-08-12,DT U,5.116629044394294,8.048478985273574,3833909167.5,6605729.61384,87790146.56793359,-0.4276935682097501,24.41,13.97,2013-05-16,2.28983376320257,1.238390986348831,350,-41.03,N/A,N/A,-5.139186295503217,0.3643521832498209,0.3643521832498209,0.3643521832498209,N/A,01 | Green
LITE,2026-08-12,UDS,9.555319952716946,9.01510672634498,73606923000.0,4548914.791826534,3732793989.024936,-0.1719475351853217,1085.68,899.0,2015-07-23,5.071253948524564,2.588432910725096,11.38,1.84,132.258064516129,75.30624009223231,9.121010638297866,0.1119855394883202,0.1119855394883202,0.1119855394883202,N/A,01 | Green
HYLN,2026-08-12,DT SW,29.84693877551021,9.309766763848366,700101094.56,2892639.7384785,11339147.77483572,-0.4004711425206126,8.49,5.09,2020-10-01,1.619644343216197,4.1402518409494,-14.29,107.73,-1.790682297782511e-14,1955.21472392638,-0.75949367088608,0.07072691552062871,0.07072691552062871,0.07072691552062871,N/A,01 | Green
NRGV,2026-08-12,DT U,16.75977653631284,8.260175578611335,650985660.6,5165297.8564975,18491766.32626105,-0.3709556057185854,6.645,4.18,2022-02-14,2.840579669484205,2.103485959440771,-7.140000000000001,16.88,N/A,N/A,9.81595092024541,0.002392344497607723,0.002392344497607723,0.002392344497607723,N/A,01 | Green
FRVO,2026-08-12,DT U,6.743897393462972,10.30832200484662,7124426519.830001,3135608.685239667,75787661.92224276,-0.3950762016412661,42.65,25.8,2026-05-13,1.063772104481627,2.546480300996389,-442.86,-53.31,N/A,N/A,-1.628001628001619,0.01550387596899228,0.01550387596899228,0.01550387596899228,N/A,01 | Green
SMCI,2026-08-12,DT U,10.72784810126581,6.114466546112107,20441187653.2,44844385.21966077,1417082572.941281,-0.4733586293778286,66.4399,34.99,2007-03-29,6.932486492385588,3.695811171149772,93.17999999999999,-2.89,-86.37071651090342,70.1142402633573,17.51580513201933,0.2092026293226636,0.2092026293226636,0.2092026293226636,N/A,01 | Green
WYFI,2026-08-12,DT U,13.25350949628408,12.21587825881801,940901417.9599999,2467854.0817978,59771425.8611427,-0.4147629928802921,46.8699,27.43,2025-08-07,6.35257049465768,1.110496873791885,7.140000000000001,56.52,N/A,N/A,-16.99794379712132,0.1797302223842507,0.1797302223842507,0.1797302223842507,N/A,01 | Green
NBIS,2026-08-12,UTU,16.9590643274854,11.01877111658202,52530583774.14,21753199.2449223,4203370690.096335,-0.2463149469752551,299.86,226.0,2011-05-24,8.001758952782836,2.920867424864519,85.37,0.96,N/A,N/A,-3.147711894140648,0.2426106194690265,0.2426106194690265,0.2426106194690265,N/A,01 | Green
JACK,2026-08-13,DT SW,17.10175812466703,5.234416622269551,359996024.1,951565.7687747332,17860889.47990174,-0.6094874300435285,56.285,21.98,1992-03-01,4.961412983533487,2.678869130156216,7.870000000000001,-2.27,124.0671641791045,-22.47275828675132,15.57881773399015,0.04858962693357594,0.04858962693357594,0.04858962693357594,N/A,01 | Green
PESI,2026-08-13,UT,6.587750900669076,6.579626498051624,412272559.93,559273.3619372001,10866681.4224398,-0.02860707601818013,21.3199,20.71,1992-12-08,2.635800312367347,1.906527805384247,-3.23,-0.12,N/A,-3.913669558062194,26.41509433962263,0.003380009657170557,0.003380009657170557,0.003380009657170557,N/A,01 | Green
MWH,2026-08-13,DT U,5.649717514124286,6.113207995062443,6089816464.98,2063334.9297729,62085748.03686656,-0.3431818181818181,48.4,31.79,2026-02-11,1.019501135935637,1.611137295384172,25,32.49,N/A,N/A,4.697286012526103,0.04938659955960989,0.04938659955960989,0.04938659955960989,N/A,01 | Green
XE,2026-08-13,DT U,13.51351351351351,8.65342225342228,8269550297.8,5380519.305580501,109493567.8685632,-0.3773584905660378,37.1,23.1,2026-04-24,1.324057100150808,1.37195482778155,-133.33,47.57,N/A,N/A,47.14389009399855,0.03852813852813841,0.03852813852813841,0.03852813852813841,N/A,01 | Green
CAPR,2026-08-14,DT SW,81.94774346793349,18.91058703766543,244765143.69,5200999.243472667,21896206.81501993,-0.8102551399554124,40.37,7.66,2002-06-20,8.945802692703628,12.75406535176678,-20.69,N/A,-72.86821705426352,-100,-77.98117154811716,0.08224543080939939,0.08224543080939939,0.08224543080939939,N/A,01 | Green
ETON,2026-08-14,UTU,34.63235294117648,6.48982843137258,1166191908.0,515575.753553,21035490.7449624,0.0,0.0,54.93,2018-11-14,1.803776085278959,4.496310415299031,138.89,38.43,221.0526315789473,131.2458002956592,-3.591682419659747,0.1651192426724923,0.1651192426724923,0.1651192426724923,N/A,01 | Green
HIVE,2026-08-17,DT,11.89591078066914,7.563462559745085,737806039.22,16543174.20074703,44501138.60000952,-0.6160714285714286,7.84,3.01,2000-07-17,6.031549788756894,3.742912652448399,-315.38,-2.79,-127.0270270270271,22.56667309298888,-12.80388978930308,0.09963455149501654,0.09963455149501654,0.09963455149501654,N/A,01 | Green
JLHL,2026-08-18,DT,6.666666666666665,21.32285714285717,160864740.0,5402928.168251899,40521961.26188924,-0.8619499568593615,57.95,8.0,2025-06-26,25.19008283722663,0.04704426143078599,N/A,N/A,N/A,N/A,-3.350515463917525,0.03125,0.03125,0.03125,N/A,01 | Green
