ticker,date,pattern,status,rs_1m_pct,rs_3m_pct,rs_6m_pct
TSLA,2013-05-09,UT,OK,37.74444444444445,42.42331405813198,77.1
FANG,2013-11-05,UT,OK,15.540099978265598,25.971563981042635,86.26489138051856
CLF,2013-04-25,DT,OK,-15.881809787626967,-50.99515868746638,-60.209652762611924
GRPN,2012-05-15,DT,OK,-10.556402439024382,-39.66580976863754,-51.92544039328144
FSLR,2013-11-01,U,OK,17.045137273150313,6.355179704016911,9.360869565217378
FSLR,2012-08-02,DT SW,OK,-3.141361256544495,-18.725974739154307,-65.32333645735707
PHM,2012-07-26,UT,OK,8.559046587215601,15.172413793103456,25.406758448060064
CIEN,2012-05-31,DT SW,OK,-19.83805668016194,-20.188108834397035,2.857142857142847
BBY,2013-03-01,DT U,OK,2.6266416510319024,27.307990690457707,-5.199306759098777
ILMN,2014-04-23,UTU,OK,-3.027522935779825,4.801699716713892,81.72663637480042
FCEL,2014-03-10,UT,OK,155.79710144927535,133.7748344370861,159.55882352941177
GOGO,2014-05-12,DT,OK,-38.378099173553714,-42.69932756964457,-33.86917960088691
VIPS,2014-03-04,UT,OK,20.699102503542743,58.33436609245257,215.4567901234568
MTZ,2014-10-31,DT,OK,-10.483598241460946,-2.5046040515653734,-33.30813807004284
FANG,2014-11-05,DT SW,OK,-13.96512099499797,-18.950585838003054,-15.953512942419435
PLUG,2014-03-13,UTU,OK,91.5492957746479,304.76190476190476,905.9171597633135
ANGI,2014-04-24,DT SW,OK,1.5847860538827252,-20.864197530864203,-16.536458333333336
GOGO,2013-11-11,UDS,insufficient_history,,,
GBX,2015-01-07,U,OK,-4.178002331908271,-21.854199683042786,-24.786455155582676
W,2015-03-04,DT SW,insufficient_history,,,
PAYC,2015-02-11,UT,OK,24.65591820684232,47.923471768548765,127.89360172537742
CMCM,2015-03-23,DT SW,OK,-15.108958837772391,17.179144385026746,-28.21457821457821
CLF,2015-02-03,DT,OK,-2.3809523809523836,-33.61904761904763,-59.8270893371758
ENPH,2015-02-18,SW,OK,35.540408958130485,30.827067669172912,10.126582278481
CMCM,2014-11-10,U,OK,18.753674309229872,-24.48598130841122,39.3103448275862
FRO,2015-02-26,DT SW,OK,-25.46012269938649,80.0,-5.813953488372093
NOG,2014-11-07,DT SW,OK,-20.666666666666668,-34.814363968350584,-24.52431289640593
FTK,2014-10-23,DT U,OK,-18.573046432616092,-32.467125860989356,-28.147901399067297
SEDG,2015-05-08,UT,insufficient_history,,,
NHTC,2015-07-29,DT,insufficient_history,,,
FRPT,2015-05-08,UTU,insufficient_history,,,
FTK,2015-07-23,DT SW,OK,11.800699300699291,-17.802056555269928,-20.90290661719233
ASPS,2015-07-23,DT SW,OK,-3.1611893583724515,71.22302158273382,25.21246458923512
SHAK,2015-05-14,UT,insufficient_history,,,
SM,2015-07-29,DT,OK,-27.793030623020066,-38.117647058823536,-10.120925341745535
SHOP,2015-07-30,U,insufficient_history,,,
GEVO,2015-05-13,DT SW,OK,60.82474226804124,128.2370153621068,-4.878048780487809
W,2015-05-11,UTU,OK,-6.101281269066505,43.83177570093459,20.99056603773586
ASPS,2015-10-22,DT SW,OK,24.637112593173804,-19.650986342943856,41.325622775800696
HLX,2015-10-20,DT,OK,-13.976705490848584,-45.00000000000001,-68.83664858348403
SHAK,2015-08-11,DT U,OK,39.88118811881187,8.177641653905066,70.21686746987952
AU,2015-08-17,DT,OK,-21.580928481806772,-43.07832422586522,-49.310624493106246
GFI,2015-08-20,DT U,OK,5.902777777777768,-14.804469273743026,-28.904428904428915
RMTI,2015-08-05,DT,OK,-17.625681405208958,41.66666666666667,28.54442344045369
NVAX,2015-08-11,UTU,OK,-6.594323873121866,31.338028169014077,39.352428393524285
MNKD,2015-08-10,DT,OK,-22.41715399610137,4.461942257217832,-42.898134863701586
YELP,2015-10-29,DT SW,OK,4.3992431409650035,-15.213215520553213,-43.97055090124397
LGIH,2015-11-04,UT,OK,1.635434412265746,28.522188711762155,76.61338069863824
RRC,2015-10-29,DT,OK,-7.2095268747988435,-27.653701380175665,-54.641283826305866
LSCC,2015-10-30,DT SW,OK,15.58441558441559,-9.55284552845528,-27.287581699346408
PACB,2015-10-23,U,OK,65.04629629629628,26.19469026548671,23.784722222222232
HUN,2015-10-27,DT,OK,-16.391085549964046,-38.33510074231177,-49.16958041958041
GBX,2015-10-30,DT,OK,10.93117408906883,-22.142076502732245,-42.852558960372214
PCRX,2015-10-27,DT SW,OK,-13.628727425451482,-31.036217303822934,-49.90865911582024
CMCM,2015-11-17,DT SW,OK,-4.078212290502803,-22.025431425976382,-50.56147422977253
SEDG,2015-11-05,DT,OK,-29.50348789495282,-37.2992700729927,-34.89958317544525
ANF,2015-08-26,DT,OK,-13.476953907815636,-12.111959287531803,-30.530973451327437
SUPN,2015-11-04,UDS,OK,18.454363757495006,-7.492195629552533,44.435418359057685
ICON,2015-11-09,DT,OK,-55.79756566303651,-52.642415923129725,-74.88168911539861
SUNE,2015-11-10,DT,OK,-19.999999999999996,-44.569288389513105,-73.19811662441144
LXRX,2015-11-06,DT,OK,-12.82051282051283,-7.381370826010558,44.78021978021975
XPO,2015-11-05,DT SW,OK,-0.781097642337325,-33.95597338179631,-42.95947931480093
TDW,2015-11-04,DT,OK,-23.749246534056656,-27.047289504036907,-56.97278911564625
CMCM,2015-08-18,DT,OK,-15.259984928409942,-25.133155792276952,15.987622485817422
VIPS,2015-11-18,DT,OK,-32.77896995708155,-34.05263157894737,-50.84346802667713
CLLS,2015-11-17,DT,OK,33.75919473480449,5.4317973756484506,10.666239590006409
KMI,2016-01-21,DT,OK,-21.86076772934288,-62.1374527112232,-66.48995535714286
ANF,2015-11-20,DT SW,OK,-7.805108798486293,18.480243161094222,-6.388088376561008
CMPR,2016-01-28,UDS,OK,-14.000000000000002,-7.186101605685713,-10.734177215189877
CRUS,2016-01-28,UDS,OK,-12.075471698113205,-3.652653342522394,-18.293395675043833
FCX,2016-01-26,DT,OK,-38.62928348909658,-67.22129783693845,-67.94141578519121
GFI,2015-11-19,DT,OK,-24.913494809688586,-38.87323943661972,-38.70056497175142
MSTR,2016-01-28,DT,OK,-19.82996452902426,-27.448282890043817,-29.513390426216525
MUR,2016-01-28,DT,OK,-22.31263383297645,-34.77166486875224,-46.83470105509965
CNX,2016-01-29,DT,OK,-14.23125794155019,-3.2951289398280847,-59.53237410071943
ABG,2016-02-04,DT,OK,-32.050511124473836,-43.485871467866964,-46.216087577344126
PTEN,2016-02-04,DT SW,OK,-14.03162055335968,-16.71984684109763,-22.597864768683262
STX,2016-01-29,DT,OK,-27.177463255307575,-31.74744897959184,-45.861999190611094
MTW,2016-01-29,DT,OK,-5.5293324342548855,-4.6938775510204085,-19.34369602763386
MXL,2016-02-09,UDS,OK,-9.23076923076922,-18.055555555555546,22.03237410071943
FTNT,2016-01-29,DT,OK,-17.080843032400118,-22.057953873447666,-44.3412162162162
NHTC,2016-02-03,DT,OK,-32.56784968684761,-54.100690215184734,-28.085241730279908
CRTO,2016-02-10,DT,OK,-23.725834797891043,-29.239130434782602,-43.843001940910064
CSTE,2016-02-10,DT SW,OK,-12.799339388934762,-21.213628450634168,-41.9567607182118
PAYC,2016-02-10,DT,OK,-32.35117257967528,-49.86631016042781,-40.39735099337748
HUBS,2016-02-11,DT,OK,-46.132442960489705,-45.155807365439095,-39.29765886287626
GRPN,2016-02-12,DT,OK,-14.828897338403046,-17.34317343173433,-47.54098360655738
WYNN,2016-02-12,DT SW,OK,7.317511686443723,-11.241635687732343,-38.74807593637763
TSLA,2016-02-11,DT,OK,-30.878203324023758,-36.240181067767274,-39.474366022736604
NBR,2016-02-17,DT,OK,-5.970149253731338,-31.670281995661608,-42.413162705667276
KGC,2016-02-11,DT U,OK,49.41860465116279,40.43715846994533,24.154589371980673
TRIP,2016-02-11,DT,OK,-29.36972059779077,-29.525414937759344,-27.213070845051558
TK,2016-02-18,DT SW,OK,8.252427184466038,-76.68989547038328,-81.05889014722537
P,2016-02-12,DT,OK,-16.27680311890838,-34.0752110514198,-55.675954592363254
SHOP,2016-02-17,DT,OK,-0.6782945736434232,-28.967428967428976,-40.682870370370374
CLDX,2016-02-25,DT,OK,-35.73433115060804,-57.56639901173563,-46.78543764523625
TREE,2016-02-25,DT SW,OK,-0.299358517462589,-30.697582243361076,-32.879078694817665
NXST,2016-02-25,DT,OK,-13.721764830061222,-32.21098026206668,-8.424826349988813
PANW,2016-02-26,UTU,OK,-5.382065984938311,-18.4454133240321,-11.432954545454542
CPA,2016-02-18,DT SW,OK,15.178188063546582,7.947686116700181,-11.94813720663056
ANET,2016-02-19,SW,OK,-7.107987220447287,-14.333529758397168,-27.202804206309462
HALO,2016-03-01,DT,OK,-5.023364485981308,-53.93767705382435,-54.933481152993345
WDAY,2016-03-01,DT U,OK,-2.5471546026116343,-27.474505098980195,-19.795674671620013
PODD,2016-02-26,DT SW,OK,-10.84848484848484,-15.386827725050335,3.774250440917104
EXEL,2016-03-01,DT,OK,-12.91866028708133,-33.697632058287795,-40.22988505747126
SUPN,2016-03-03,DT U,OK,18.633540372670797,-17.264851485148526,-26.336088154269977
SSYS,2016-03-03,DT,OK,29.269801980198018,-16.439999999999998,-31.865622961513374
UNFI,2016-03-08,DT,OK,6.678434833774638,-14.136869524035045,-25.72716099959034
BOX,2016-03-10,DT,OK,35.79175704989153,-8.479532163742686,-9.928057553956837
DDD,2016-03-14,DT U,OK,43.12267657992565,23.003194888178925,-9.695074276778726
PACB,2016-04-22,UDS,OK,11.538461538461542,-30.79291762894534,20.02670226969292
ASPS,2016-03-10,DT SW,OK,-16.64800298618888,-8.10699588477367,-15.767634854771796
KN,2016-04-26,DT SW,OK,2.3603461841069873,6.030969845150769,-39.7406206577119
GNW,2016-04-29,DT SW,OK,4.379562043795615,9.160305343511443,-40.16736401673641
INO,2016-05-09,DT U,OK,-4.06852248394004,49.08485856905156,36.170212765957444
SSYS,2016-05-09,DT,OK,-22.800586510263944,25.059382422802834,-26.543425183118252
CLF,2016-04-28,DT U,OK,43.18936877076411,187.33333333333331,64.5038167938931
PTCT,2016-05-06,DT SW,OK,-0.721500721500723,-74.23220973782772,-75.46362339514978
IRWD,2016-05-10,DT SW,OK,-9.397163120567365,31.025641025641026,-8.217332734620564
HALO,2016-05-10,DT SW,OK,-11.636363636363633,32.78688524590165,-45.301069217782775
CSIQ,2016-05-11,DT SW,OK,-10.324825986078878,-12.99943725379853,-34.40814594823929
GPRO,2016-07-28,DT SW,OK,13.320274240940243,-13.007518796992478,9.048067860508958
TK,2016-08-04,DT SW,OK,-12.855007473841562,-41.051567239636,-15.138282387190682
CLF,2016-07-28,UT,OK,68.81720430107525,82.13457076566127,423.3333333333333
PACB,2016-08-05,DT SW,OK,4.447439353099725,-9.988385598141692,-19.522326064382145
RIG,2016-08-04,DT SW,OK,-13.349917081260376,3.057199211045347,11.764705882352944
BANC,2016-10-19,DT,OK,-45.099951243295955,-43.3031218529708,-41.86886938564791
IAG,2016-11-08,UDS,OK,21.036585365853668,-22.156862745098028,10.277777777777786
NRG,2016-11-04,DT SW,OK,-7.65724703737466,-25.624082232011737,-34.729381443298955
YRD,2016-08-10,UT,OK,71.21116043119848,153.9981185324553,604.9608355091384
MOMO,2016-11-08,UT,OK,13.220338983050839,79.4492948287441,104.28134556574923
EXEL,2016-11-04,UTU,OK,-22.256097560975608,-8.683974932855865,112.94363256784968
AG,2016-11-09,UDS,OK,-0.7317073170731603,-55.397260273972606,-22.254059216809928
ACAD,2016-11-08,DT,OK,-14.408041697691743,-31.033448327583624,-22.878228782287824
YRD,2016-11-16,UDS,OK,4.953238656044334,-14.935429533969668,185.31073446327687
GLNG,2016-11-30,DT SW,OK,-3.7151702786377694,7.506172839506164,30.28126870137642
BANC,2017-01-30,UDS,OK,-15.669515669515665,16.719242902208208,-33.75111906893464
LXRX,2017-03-03,UDS,OK,5.16399162595953,-6.105919003115268,8.183776022972001
UIS,2017-04-25,DT,OK,-22.299651567944245,-14.230769230769225,10.945273631840791
CRC,2017-05-05,DT,OK,-32.75976174718729,-51.82550972024656,-3.3301617507136005
NE,2017-02-10,DT SW,OK,-7.916666666666671,42.88793103448276,-1.9230769230769162
HLX,2017-02-21,UDS,OK,-13.23185011709601,-24.92401215805471,-12.203791469194304
AAOI,2017-05-05,UDS,OK,-8.556358663801511,49.50495049504953,144.43864229765015
ARRY,2017-05-10,DT,OK,-17.798594847775174,-33.333333333333336,19.795221843003397
AMRN,2017-08-02,UTU,OK,-11.414392059553336,12.618296529968465,20.202020202020222
WIX,2017-05-10,UDS,OK,-2.7540983606557323,42.87090558766862,89.88476312419978
TRVG,2017-05-15,UT,insufficient_history,,,
SN,2017-08-09,DT,OK,-30.265210608424344,-40.558510638297875,-64.32561851556264
LITE,2017-08-09,UDS,OK,-3.8149350649350655,15.384615384615374,47.38805970149254
TTD,2017-08-11,UDS,OK,-2.8149873810910386,25.495111556781147,72.38292011019286
EDIT,2017-08-10,DT SW,OK,5.516431924882648,-6.060606060606066,0.6155567991046329
TXMD,2017-08-04,DT SW,OK,-2.0484171322160183,16.629711751662967,-10.54421768707483
NVCR,2017-10-26,UDS,OK,-14.622641509433954,-11.27450980392155,59.471365638766535
TXMD,2017-11-06,SW,OK,-14.173228346456689,-18.656716417910445,4.306220095693769
MBI,2017-11-08,DT U,OK,-9.765625,-32.05882352941176,-13.80597014925372
ROKU,2017-11-09,DT,insufficient_history,,,
CRC,2017-11-07,DT U,OK,37.58519961051607,95.1657458563536,8.027522935779817
EXEL,2017-11-02,UDS,OK,-0.7374027038099085,-5.756514974718008,9.936479128856623
AAOI,2017-11-08,DT,OK,-35.550263650280655,-43.84170742552246,-41.680775742650454
TAL,2018-01-25,UDS,OK,-2.663024923181967,-15.274888558692412,18.39700996677742
OMER,2017-11-10,DT,OK,-32.80877443967572,-39.91471215351812,-5.309139784946238
HTZ,2017-11-10,UTU,OK,-23.742378048780477,7.2922252010724,90.39010466222648
CMCM,2017-11-21,SW,OK,23.79862700228832,4.946653734238615,0.09250693802036469
LITE,2018-02-06,UDS,OK,-15.139442231075694,-27.612574341546303,-27.612574341546303
FOSL,2018-02-14,DT SW,OK,-3.6247334754797578,36.96969696969696,10.109622411693042
CORT,2018-02-23,UTU,OK,-36.753144654088054,-5.851375073142185,10.660247592847316
GPOR,2018-02-22,DT,OK,-33.51778656126482,-36.71933784800602,-29.029535864978897
PRTA,2018-02-15,DT,OK,-22.528160200250326,-45.53932781981348,-46.74810736407433
IMMR,2018-02-23,U,OK,42.005420054200556,75.83892617449666,48.65248226950356
WB,2018-02-13,UT,OK,-1.3507879596431294,8.253271113551097,43.02466150870408
CAR,2018-02-22,UTU,OK,-14.71103327495622,11.282490716938032,20.619195046439632
DQ,2018-02-28,UDS,OK,-5.300051290818953,3.8238050609184615,119.80158730158728
SN,2018-02-26,DT,OK,-33.92539964476021,-24.696356275303643,-19.305856832971802
TROX,2018-03-01,UDS,OK,-7.676767676767671,-33.333333333333336,-9.235352532274078
BKE,2018-03-16,DT SW,OK,-15.313225058004642,-17.420814479638015,22.483221476510074
VYGR,2018-03-14,UTU,OK,33.443344334433455,76.18010167029776,63.367003367003385
CMCM,2018-03-19,UDS,OK,-14.923291492329149,9.123434704830057,26.95109261186266
NOAH,2018-03-07,UDS,OK,-6.465333900467895,8.861386138613847,48.83248730964465
MDB,2018-03-14,UTU,insufficient_history,,,
COLL,2018-03-08,UT,OK,11.288056206088992,40.25974025974026,141.21827411167516
DDD,2018-03-15,DT SW,OK,22.479838709677423,27.760252365930604,-8.64661654135338
GERN,2018-03-19,UT,OK,47.161572052401745,67.66169154228858,56.01851851851851
LITE,2018-05-02,UDS,OK,-14.390243902439027,17.130144605116794,-15.894568690095856
RIGL,2018-05-02,SW,OK,4.815864022662897,-7.268170426065157,-3.141361256544506
MTSI,2018-05-02,DT,OK,7.28720146968771,-44.76670870113493,-56.30922693266833
RGNX,2018-05-09,CPH,OK,26.073131955484886,57.029702970297016,37.67361111111109
ACAD,2018-05-04,DT,OK,-28.200537153088632,-46.99272967614012,-53.94774619580821
BMA,2018-05-16,DT,OK,-29.0566037735849,-22.257831076191458,-35.8252261478068
CRC,2018-05-04,CPH,OK,47.371428571428574,12.37472766884531,133.81686310063463
ICHR,2018-05-09,UDS,OK,0.9278785322648586,-14.321518080916572,-19.61706415854887
CVNA,2018-05-10,UTU,OK,3.252710592160124,33.910221741481884,51.34474327628362
OMER,2018-05-11,U,OK,9.952283571915466,15.296640457469612,14.559659090909083
WTI,2018-08-02,UTU,OK,-1.881331403762665,0.5934718100890191,40.08264462809918
PS,2018-08-02,UDS,insufficient_history,,,
VCEL,2018-08-07,UDS,OK,0.990099009900991,-19.047619047619047,43.661971830985905
DDD,2018-08-08,U,OK,-9.713905522288746,23.028105167724398,39.89690721649486
AAOI,2018-08-08,DT SW,OK,-17.86896095301126,5.977796754910325,11.400359066427267
PTCT,2018-08-08,UT,OK,2.188417400587128,26.620370370370374,54.39516129032258
PRLB,2018-10-25,DT,OK,-28.11475409836065,-16.59839063643013,-8.31523924406915
SHOP,2018-10-25,UDS,OK,-24.107752467258393,-28.198954724293845,-1.5142972211035
BZUN,2018-08-14,UDS,OK,-13.11799604482532,9.741881765195659,52.41399248337668
VICR,2018-10-17,DT,OK,-26.423777564717167,-25.35019455252918,26.217105263157904
TSLA,2018-10-25,SW,OK,-4.1498056413834306,-5.9188095855365885,1.057692307692304
IRDM,2018-10-25,UTU,OK,-12.796208530805696,1.377410468319562,46.031746031746025
AXGN,2018-10-30,DT,OK,-12.808683853459968,-28.480801335559256,-16.21903520208604
MEDP,2018-10-30,DT,OK,-21.59906526456351,-23.464233338764874,22.990311599895264
CHGG,2018-10-30,DT,OK,-19.13471684839958,-17.003610108303256,4.16855459900316
DAN,2018-10-29,DT,OK,-11.636556854410207,-21.630537229029223,-29.919932574799834
STAA,2018-11-01,DT,OK,-10.688042752171,3.5096774193548397,89.645390070922
TREE,2018-11-01,DT,OK,-6.6379669490348565,-19.43678849610545,-22.112376906738753
FND,2018-11-01,DT,OK,-11.026086956521741,-35.28965342777638,-45.06013745704468
ARCB,2018-11-02,DT,OK,-23.428097115584144,-20.474137931034488,9.171597633136109
BLDR,2018-11-02,DT,OK,-8.016877637130804,-25.850340136054427,-29.60172228202368
NIO,2018-11-06,DT,insufficient_history,,,
XNCR,2018-11-06,UDS,OK,7.857142857142851,-7.088358355894664,28.183361629881155
EXEL,2018-11-02,DT,OK,-17.76677667766777,-27.49757516973812,-33.4075723830735
CZR,2018-11-02,DT,OK,-14.244186046511631,-5.3475935828877,-24.680851063829788
CRC,2018-11-02,DT,OK,-37.10226135681409,-8.898550724637676,-0.4749841671944255
ACAD,2018-11-07,DT SW,OK,3.6475603979156723,56.06276747503567,17.761033369214218
SUPN,2018-11-07,UDS,OK,-11.36412002553735,-14.476386036960998,-13.138686131386867
GRPN,2018-11-07,DT,OK,-13.984168865435354,-26.24434389140272,-33.19672131147541
ETSY,2018-11-07,UDS,OK,-5.9548732263317135,-6.23840445269016,34.81160386795599
RPD,2018-11-07,UDS,OK,-5.577464788732389,4.782744607689926,5.5083412023922085
VNDA,2018-11-08,UDS,OK,-10.346339324857512,-5.104408352668221,27.414330218068518
TWLO,2018-11-07,UDS,OK,-4.143609124038338,-3.858129145796685,35.508490746040835
FOSL,2018-11-08,DT,OK,-3.141115799343641,-16.79420056383406,9.485956544780061
LGND,2018-11-08,DT,OK,-30.6998894463815,-32.17644610903039,-5.111783884489984
CARG,2018-11-08,UDS,OK,-12.36077746232801,-26.555636896046853,20.40204020402041
HRI,2018-11-08,DT,OK,-25.514849338825062,-33.961176244474345,-38.52209697620326
CVNA,2018-11-08,UDS,OK,-9.894613583138167,-9.665427509293679,72.4047796863331
VSTM,2018-11-08,DT,OK,-14.72303206997083,-32.52595155709342,33.86727688787185
HUYA,2018-11-13,DT,OK,-18.895221394125382,-32.971014492753625,-2.631578947368418
HTZ,2018-11-09,DT SW,OK,7.880794701986749,-16.46153846153846,-7.86199095022625
CDNA,2018-11-09,UTU,OK,23.28888888888889,63.272513243084184,152.87146763901544
GDS,2018-11-13,DT,OK,-16.781193490054235,-25.09765624999999,-36.348547717842315
OPK,2018-11-12,DT SW,OK,-12.711864406779661,-45.017793594306056,-4.037267080745355
BZUN,2018-11-21,DT,OK,-27.589521749579426,-45.62353365818444,-46.83253926239633
CSIQ,2018-11-15,DT SW,OK,-9.564643799472295,4.576659038901609,-21.432664756446982
MTSI,2018-11-14,DT SW,OK,-3.258785942492015,-27.62906309751434,-34.402079722703625
VIPS,2018-11-15,DT,OK,-4.634581105169355,-25.174825174825187,-55.96707818930042
NTNX,2018-11-28,DT SW,OK,13.963838664812233,-32.33691164327003,-24.673653245081816
WGO,2018-12-19,DT,OK,-23.02352487466255,-44.78561549100968,-50.53283767038415
ANF,2018-11-29,DT,OK,-12.653061224489793,-37.10506980161645,-28.21802935010482
AMD,2019-01-30,DT SW,OK,10.062893081761025,-0.10378827192526474,1.6367476240760181
STNG,2019-02-14,DT SW,OK,-8.041237113402055,-8.512820512820518,-15.849056603773581
CRC,2019-02-28,DT SW,OK,13.17427385892116,-6.190885640584698,-39.016210173281166
CVNA,2019-02-28,DT SW,OK,5.313523042054902,-1.9690576652601877,-30.39280958721704
VNDA,2019-02-14,DT,OK,-34.354953670705626,-22.63754724905501,-14.125874125874116
SFIX,2019-03-12,DT SW,OK,23.81826525929327,-5.796089385474856,-40.29652578003983
GH,2019-03-13,UT,insufficient_history,,,
CGC,2019-02-15,CPH,OK,11.670702179176761,17.713118938233798,87.32737611697807
DOMO,2019-03-14,UTU,OK,5.512343591477853,46.96184644371173,52.418172936003906
MDB,2019-03-14,UT,OK,5.005539329237596,25.538832028898263,25.162064825930376
STNE,2019-03-19,UT,insufficient_history,,,
LSCC,2019-05-01,UDS,OK,8.549874266554891,71.75066312997347,83.16831683168316
UXIN,2019-03-14,DT SW,OK,37.31343283582089,-14.179104477611936,-13.69606003752345
TNDM,2019-05-01,UDS,OK,-3.2913385826771724,48.15440289505426,76.21233859397417
EHTH,2019-04-26,UDS,OK,0.8927122220418804,13.825306720380869,105.41969596827494
CRC,2019-05-03,DT SW,OK,-31.252295262578045,-7.096774193548383,-36.348180890853456
EOLS,2019-05-01,DT SW,OK,8.01949490474081,61.56394963552021,73.39971550497866
VCYT,2019-05-01,UTU,OK,-8.593125499600319,28.990411731528475,138.47758081334723
CDNA,2019-05-09,UTU,OK,4.1443372633083175,15.537059056678547,6.193078324225865
GH,2019-05-10,DT SW,OK,-3.1882744031429655,60.29522141606203,82.37973242243093
NIO,2019-05-28,DT,OK,-21.224489795918377,-57.111111111111114,-49.67405475880052
PD,2019-06-07,UTU,insufficient_history,,,
STNE,2019-05-14,DT SW,OK,-25.574873808188435,25.484633569739955,-9.727891156462587
SFIX,2019-06-06,DT SW,OK,-13.883814395323347,-16.889985895627646,-13.757775338455902
MOMO,2019-05-28,DT,OK,-29.427719012747488,-26.372382569326547,-15.05060398302318
OMCL,2019-07-26,DT,OK,-18.19655052668133,-8.659687217267676,9.260977118119973
ZM,2019-06-07,UDS,insufficient_history,,,
CHRS,2019-08-02,UTU,OK,-25.827526132404177,5.579665220086816,26.523031203566116
CDNA,2019-08-02,UDS,OK,-4.788574628955478,19.80267794221282,21.29860863360684
PAYS,2019-08-06,UTU,insufficient_history,,,
APPS,2019-08-06,UT,OK,7.604562737642584,39.40886699507391,159.63302752293575
ADNT,2019-08-06,DT SW,OK,-18.25497670478611,-20.73921971252567,-2.129817444219062
TEN,2019-08-06,DT,OK,-23.915139826422372,-62.53561253561253,-77.30149597238206
ROKU,2019-08-08,UDS,OK,-2.3500967117988436,55.52988293284042,108.70194295163289
WW,2019-08-07,DT SW,insufficient_history,,,
AMC,2019-08-08,DT SW,OK,27.38496071829406,-22.525597269624576,-17.693981145757796
CRON,2019-08-08,DT,OK,-7.083065035415325,-6.66235446313067,-26.564885496183198
CVNA,2019-08-08,UDS,OK,-12.416817906836053,-19.17655268667131,73.33133792277762
UPLD,2019-08-08,UDS,OK,-10.347716799329698,-3.3641905622036505,36.21896880967537
PBYI,2019-08-09,DT,OK,-25.48543689320387,-69.32045303131245,-65.42792792792793
GGAL,2019-08-15,DT,OK,-54.16090682886371,-33.037156704361884,-52.89772727272728
REAL,2019-08-14,DT,insufficient_history,,,
SIG,2019-09-05,DT,OK,-31.8266253869969,-43.30587023686922,-57.40812379110252
DBI,2019-08-29,DT,insufficient_history,,,
AR,2019-10-30,DT,OK,-5.96026490066226,-38.394793926247296,-60.16830294530154
TEN,2019-10-31,UTU,OK,10.221870047543579,69.01579586877278,-33.34930522280786
GIII,2019-09-05,DT,OK,-24.18511066398391,-23.13341493268054,-45.893164847788626
SPWR,2019-10-31,DT,OK,-19.15303176130895,-42.148760330578504,16.666666666666675
INMD,2019-11-05,UT,insufficient_history,,,
CRC,2019-11-01,DT,OK,-38.77327491785324,-52.985702270815814,-71.86713638651233
CHRS,2019-11-07,SW,OK,-20.097087378640776,-16.48909183155759,2.2360248447204967
ADNT,2019-11-07,DT SW,OK,19.047619047619047,-3.8461538461538547,10.588235294117654
IIPR,2019-11-07,DT U,OK,-16.030534351145043,-30.192307692307697,-8.793969849246231
TEVA,2019-11-07,DT SW,OK,24.042879019908113,11.111111111111116,-44.02211472011059
DDOG,2019-11-13,SW,insufficient_history,,,
FSLY,2019-11-08,DT SW,insufficient_history,,,
NIO,2019-12-30,DT SW,OK,6.140350877192979,38.28571428571428,-5.098039215686267
DT,2020-01-29,UT,insufficient_history,,,
SIG,2019-12-05,DT SW,OK,-1.4792899408283988,19.183965640658542,-13.190823774765391
MRNA,2020-02-26,UT,OK,12.5,17.62376237623764,71.18155619596543
ADNT,2020-01-31,DT SW,OK,-8.824917413874477,-16.291161178509526,-18.652631578947364
ARWR,2020-02-06,DT,OK,-26.440649448977883,10.795742524075003,53.40350877192983
GLNG,2020-02-25,DT,OK,-9.277504105090307,-6.9081718618365535,-15.455241009946441
INMD,2020-02-18,UDS,OK,3.7771482530689404,1.7592592592592604,140.87671232876713
CGC,2020-02-14,DT SW,OK,-18.155136268343817,1.4025974025974053,-38.86626996554965
REZI,2020-02-27,DT SW,OK,-21.34935304990758,-13.516260162601624,-37.195571955719565
DDD,2020-02-27,DT,OK,-7.581227436823101,17.02857142857144,51.703703703703695
APT,2020-02-26,UT,OK,66.66666666666667,201.20481927710844,197.61904761904762
TTD,2020-02-28,DT,OK,-11.277901983746752,-2.678189108178597,1.5846572670757064
AMC,2020-02-28,DT,OK,-10.309278350515472,-27.32696897374701,-43.92265193370165
AMBA,2020-03-04,DT,OK,-1.7416300304362586,6.156375593715735,4.009307320565592
BCRX,2020-03-05,DT SW,OK,11.428571428571432,27.173913043478272,18.581081081081074
ANF,2020-03-04,DT,OK,-22.432762836185816,-20.538509705698193,-13.201094391244872
FIZZ,2020-03-06,DT SW,OK,-2.806533241315845,-13.546142827910778,4.115327747658948
DNLI,2020-02-28,DT,OK,-23.42995169082126,5.666666666666664,5.666666666666664
FOXF,2020-03-04,DT,OK,-7.793983591613484,-7.947823449112712,-15.755136035535822
DKS,2020-03-10,DT,OK,-24.912891986062725,-24.896536702243523,-2.8184892897407
ULTA,2020-03-13,DT,OK,-32.41881680168833,-20.7013619842633,-12.978303747534525
ORCL,2020-03-13,DT,OK,-27.83318223028105,-28.699390899319244,-29.294723751998585
DOCU,2020-03-13,DT,OK,-19.512480956287348,-5.646379997252371,8.499210110584542
ADBE,2020-03-13,DT,OK,-22.82279029462738,-6.302396686063716,2.59917920656636
UNIT,2020-03-13,DT,OK,-14.80519480519481,-8.315863032844174,-18.102372034956304
ACMR,2020-03-19,DT,OK,-58.761555729274995,-5.167153200402419,18.637423401489663
CCL,2020-03-20,DT,OK,-76.92662667281957,-78.8135593220339,-79.52497952497953
CRWD,2020-03-20,DT SW,OK,-36.78630925336967,-13.742508782806361,-41.08680310515172
WGO,2020-03-25,DT,OK,-58.56258596973865,-53.573492583317275,-39.900249376558605
CSIQ,2020-03-26,DT U,OK,-29.290617848970257,-29.160935350756535,-27.32831608654751
MU,2020-03-26,DT U,OK,-18.426103646833013,-23.285198555956676,-12.389198103483812
NKE,2020-03-25,DT SW,OK,-24.585548952142634,-27.641056422569022,-17.51625042764283
SIG,2020-03-26,DT,OK,-71.40070230198985,-64.92822966507177,-55.949519230769226
LX,2020-03-24,DT,OK,-36.11329661683714,-34.98799039231386,-25.23020257826888
GME,2020-03-27,DT SW,OK,30.08849557522124,-18.933823529411764,-15.192307692307693
PVH,2020-04-02,DT,OK,-54.63645210621437,-68.96814075130766,-61.90754144291384
LEVI,2020-04-08,DT U,OK,-27.03523693803159,-37.61038961038962,-39.25139099645928
CALM,2020-03-30,SW,OK,17.767906718489712,-1.4862981885740867,-7.258417140358553
VALE,2020-04-06,DT SW,OK,-25.098814229249,-42.96463506395786,-31.464737793851715
CAG,2020-03-31,UTU,OK,5.769951292618947,-17.40784084259801,-6.770145310435938
SNAP,2020-04-22,DT U,OK,23.290386521308214,-34.526315789473685,-7.988165680473369
PLAY,2020-04-03,DT,OK,-69.33170582850168,-75.29498525073745,-74.01758014477767
USNA,2020-04-22,DT SW,OK,44.251308900523554,-14.36031331592691,-1.0913268236645735
KALU,2020-04-20,DT SW,OK,17.936730559451462,-28.77176470588234,-22.323719593554348
WAL,2020-04-17,DT SW,OK,8.187815289095845,-51.10487548228693,-39.08673803801618
WWW,2020-04-22,DT U,OK,25.720026791694583,-44.20332936979786,-34.37062937062938
WTFC,2020-04-22,DT U,OK,9.503592423252783,-49.880418535127056,-48.12006807983907
BKR,2020-04-22,DT U,OK,27.499999999999993,-43.906731192256935,-41.43316490583372
HCSG,2020-04-22,DT SW,OK,-3.2437442075996303,-22.408026755852852,-17.45404230084998
MANH,2020-04-22,DT U,OK,10.216193302246722,-38.271604938271594,-33.63961204696273
LVS,2020-04-23,DT SW,OK,-5.569620253164564,-40.92152627789777,-29.22201138519924
PLXS,2020-04-23,DT U,OK,23.35080821319353,-29.1023226616447,-12.814574648757137
PTEN,2020-04-23,DT SW,OK,4.545454545454519,-75.16198704103671,-72.28915662650604
CMG,2020-04-22,UT,OK,38.99116607773851,-9.65167158591067,-6.511147026667297
EWBC,2020-04-23,DT SW,OK,0.9352787130564977,-43.12216717613576,-35.899263483012604
FCX,2020-04-24,DT U,OK,11.731044349070086,-34.75355054302424,-21.349446122860016
VICR,2020-04-24,UDS,OK,15.229110512129385,-22.074371126503824,28.185907046476764
OMF,2020-04-28,DT SW,OK,-9.23552806009722,-50.20606060606061,-43.956343792633014
MMSI,2020-04-24,DT SW,OK,25.488896254557503,3.2451595309517245,24.662495884096145
NXPI,2020-04-28,DT SW,OK,8.25902808738297,-25.542353392104257,-8.42839634203828
HOG,2020-04-28,DT SW,OK,-8.722891566265057,-45.63719862227325,-51.122580645161285
FIX,2020-04-28,DT SW,OK,-9.758086436531654,-31.91140278917144,-29.481733220050966
AUDC,2020-04-27,UDS,OK,5.489478499542533,-17.70164168451107,24.58130740140463
AUB,2020-04-28,DT SW,OK,7.511312217194566,-31.269887185420885,-36.23188405797101
BXMT,2020-04-29,DT SW,OK,-0.1436781609195248,-45.26122341822001,-42.06724090025007
VET,2020-04-29,DT SW,OK,51.85185185185184,-73.44559585492227,-73.73478539397821
DXCM,2020-04-29,UT,OK,19.231061758442358,33.451093896313935,112.7213515163851
UIS,2020-04-29,DT SW,OK,4.177323103154307,21.471172962226646,50.12285012285012
MTH,2020-04-29,DT U,OK,22.945815314169415,-31.8431814976731,-35.654373585408074
MHO,2020-04-29,DT U,OK,26.768226332970624,-50.864614086883165,-47.991071428571416
PB,2020-04-29,DT U,OK,9.943181818181813,-19.99409332545776,-25.933014354066998
SAH,2020-04-29,DT U,OK,34.651329978432784,-39.929441949967924,-43.0525995743387
WW,2020-04-29,DT U,OK,36.74911660777384,-30.228365384615387,-36.31376851343939
SM,2020-04-29,DT SW,OK,58.823529411764696,-80.20942408376963,-77.22891566265059
DIN,2020-04-29,DT SW,OK,14.780742103649192,-57.33500512937422,-49.15783754414562
CLH,2020-04-29,DT SW,OK,11.992840095465397,-34.508025122121424,-26.545786590138263
BA,2020-04-29,DT SW,OK,-18.95061728395061,-58.522870861763955,-61.36303445840567
CSTM,2020-04-29,DT SW,OK,25.139664804469277,-44.55445544554455,-48.78048780487805
VLO,2020-04-29,DT U,OK,28.485790408525745,-32.670157068062835,-41.70444242973708
SAIA,2020-04-29,UTU,OK,16.794206067231478,-5.474452554744524,-17.06772753735688
EAT,2020-04-29,DT SW,OK,72.89972899728998,-56.29139072847682,-57.03703703703703
CCS,2020-04-30,DT U,OK,32.92682926829269,-32.474731007499194,-36.9558599695586
UCTT,2020-04-30,DT U,OK,28.58117326057299,-19.684703877290143,2.390005431830544
AX,2020-04-30,DT U,OK,16.983179598480724,-20.177711958533884,-29.542483660130724
NLY,2020-04-30,DT SW,OK,12.522045855379194,-34.63114754098361,-28.2339707536558
MTDR,2020-04-30,DT U,OK,201.8018018018018,-56.18051013734466,-52.4485450674237
AR,2020-04-30,DT U,OK,230.33436283067005,40.57142857142857,-5.384615384615388
FLWS,2020-04-30,U,OK,38.6206896551724,19.801324503311267,31.65938864628821
DAN,2020-04-30,DT U,OK,31.818181818181813,-36.18581907090464,-37.52244165170558
TSLA,2020-04-30,U,OK,59.422917793119126,37.78357821685552,144.2741208295762
THC,2020-05-05,DT SW,OK,36.16376042456408,-43.91005621486571,-29.123914759273873
TREX,2020-05-05,UT,OK,31.720500988793688,1.4417707381459977,13.67618614176811
MGPI,2020-04-30,DT U,OK,51.53419593345656,19.853801169590636,-15.917948717948715
VRNS,2020-05-05,DT U,OK,12.711398933916417,-23.57510472346266,-9.657442348008383
HTGC,2020-05-05,DT U,OK,44.057971014492736,-31.448275862068964,-29.65322009907998
MOS,2020-05-05,DT SW,OK,11.812627291242372,-44.989979959919836,-44.76861167002012
GPI,2020-05-05,DT SW,OK,41.416535018430764,-47.229318137158586,-45.9875301689461
EVER,2020-05-05,UDS,OK,65.65614617940201,4.478784704033534,96.50246305418719
FANG,2020-05-05,DT SW,OK,46.368330464716024,-41.81718664477284,-50.41977611940298
ATI,2020-05-05,DT SW,OK,-9.205548549810839,-57.87009947337624,-65.73060447405997
OHI,2020-05-05,DT SW,OK,12.618949110467504,-35.252140818268316,-38.19255222524978
KMT,2020-05-05,DT U,OK,13.608562691131487,-29.39499524865379,-27.980613893376415
ACHC,2020-05-05,DT U,OK,22.058823529411754,-33.66123578235476,-28.04268089363121
WWD,2020-05-05,DT SW,OK,4.896421845574395,-52.22165036884543,-47.77798612413275
W,2020-05-05,UT,OK,183.89077053344627,37.54871794871797,63.09132919858933
ADNT,2020-05-05,DT U,OK,93.59477124183006,-43.451699121802214,-30.10854176498349
JELD,2020-05-05,DT U,OK,38.74999999999999,-48.611111111111114,-28.554710356933878
AER,2020-05-05,DT SW,OK,39.92805755395683,-52.311733800350254,-52.95438838977194
LGIH,2020-05-05,U,OK,77.32046551234744,-22.81937237459847,-20.400101936799185
MPC,2020-05-05,DT U,OK,48.58623939679549,-39.43526699961583,-50.69585613760751
DVN,2020-05-06,DT U,OK,33.412887828162276,-48.85635864592863,-47.189418989135575
CTSO,2020-05-06,UT,OK,38.335809806835066,77.33333333333334,88.84381338742395
MELI,2020-05-06,UDS,OK,36.62948049376198,-12.526413659031356,26.72244897959184
PLMR,2020-05-06,UT,OK,17.493365993059818,5.228519195612424,30.521541950113384
SUPN,2020-05-06,DT SW,OK,28.002309468822183,-5.418088737201366,-22.940563086548483
LADR,2020-05-06,UT,OK,129.20353982300884,-57.725788900979325,-55.08670520231214
SBH,2020-05-06,DT SW,OK,42.26804123711341,-37.677419354838705,-37.957610789980734
ENPH,2020-05-06,U,OK,54.6531892645521,20.243902439024385,135.6346255974509
BYND,2020-05-06,DT SW,OK,67.18410949757971,-9.300009055510273,22.146341463414632
SPCE,2020-05-06,DT SW,OK,36.341263330598835,-15.591670898933474,72.40663900414937
STNG,2020-05-06,DT U,OK,43.00134589502021,-11.642411642411643,-36.831153388822834
NXST,2020-05-06,DT SW,OK,28.591133004926128,-46.783005789774116,-33.203684749232345
APT,2020-05-06,DT SW,OK,-18.58407079646017,147.21689059500963,253.84615384615387
CC,2020-05-06,DT SW,OK,67.76859504132231,-14.765570328901322,-29.838709677419352
NTRA,2020-05-07,U,OK,19.819518716577544,-4.348986125933818,-6.591974986972382
FSLY,2020-05-07,DT SW,OK,12.001943634596701,9.397247271001419,9.55323193916351
PTON,2020-05-07,CPH,OK,34.050052872752914,16.29969418960244,54.53067858594067
NMIH,2020-05-07,DT SW,OK,24.69483568075117,-60.16796640671866,-54.87597689432552
LNC,2020-05-07,DT U,OK,10.81882178584661,-48.42214174857734,-49.8238550578762
QDEL,2020-05-07,UT,OK,47.747093023255836,81.42529321774606,139.25689307330197
LYFT,2020-05-07,DT SW,OK,1.515740380878361,-45.65126924677486,-39.01470931590006
PCRX,2020-05-07,U,OK,30.437500000000007,-7.367953839325347,0.14395393474089246
MRNA,2020-05-07,UT,OK,41.310623556581994,144.13965087281798,191.36904761904762
FVRR,2020-05-07,UT,OK,89.35633151030711,75.88901914810474,103.11371841155234
LAMR,2020-05-07,DT U,OK,23.36556169429098,-43.69023852054219,-33.19621042134131
YETI,2020-05-07,DT U,OK,44.99999999999999,-27.170718674859728,-17.66837813349441
PRAA,2020-05-08,DT SW,OK,6.114961271911934,-31.009806520010596,-24.76878612716763
TRGP,2020-05-07,DT U,OK,61.719833564493754,-69.59582790091265,-71.52625152625153
CRNC,2020-05-07,UDS,OK,6.219312602291338,-5.3935860058308975,22.145545796737753
PFSI,2020-05-08,DT U,OK,41.20825147347742,-19.490338840660883,-5.799475753604188
CWH,2020-05-08,DT U,OK,82.60135135135135,-31.365079365079364,8.316633266533069
SPWR,2020-05-08,DT U,OK,28.381962864721476,-25.842696629213478,-14.888628370457202
ESNT,2020-05-08,DT SW,OK,5.886654478976228,-44.30769230769231,-44.78551000953289
Z,2020-05-08,U,OK,28.465608465608483,-3.170488534396798,45.56354916067147
ARCT,2020-05-08,UT,OK,174.63450292397658,232.77236492471215,244.99540863177228
TEN,2020-05-08,DT,OK,55.670103092783506,-56.06207565470417,-70.21696252465483
XNCR,2020-05-08,SW,OK,6.697377746279232,-16.731194690265482,-8.868038740920092
VIVO,2020-05-08,UT,OK,88.58131487889275,94.87485101311084,61.88118811881189
ABR,2020-05-08,DT SW,OK,27.10622710622712,-54.28194993412385,-51.536312849162
SKYW,2020-05-08,DT SW,OK,-1.7551020408163254,-57.82372524969336,-61.69637173774666
PEB,2020-05-08,DT SW,OK,8.358208955223878,-56.75138999205718,-60.356752821259555
IBP,2020-05-08,DT U,OK,36.04620635337356,-32.22600052314936,-26.569363752302667
COTY,2020-05-11,DT SW,OK,-11.564625850340127,-56.77472984206151,-60.06144393241167
DLX,2020-05-08,DT SW,OK,0.1961553550412054,-47.4485596707819,-50.51346638248402
UNIT,2020-05-12,DT U,OK,29.401088929219597,-2.328767123287667,7.866868381240533
OVV,2020-05-08,DT U,insufficient_history,,,
VRRM,2020-05-12,DT U,OK,11.097560975609767,-43.93846153846154,-38.98191560616209
ENSG,2020-05-12,DT SW,OK,-2.536139994927722,-27.85808147174771,-7.885906040268454
CDLX,2020-05-12,DT SW,OK,9.478021978021967,-51.08929119361767,19.55
GPMT,2020-05-12,DT SW,OK,-21.174377224199294,-75.75259989053093,-75.60572687224669
GDOT,2020-05-12,DT SW,OK,13.033873343151692,-7.780114148392913,2.5041736227044975
NVAX,2020-05-12,UT,OK,43.695014662756584,249.00284900284905,444.44444444444446
MAC,2020-05-12,DT SW,OK,-30.573248407643316,-74.84615384615385,-77.05263157894737
XP,2020-05-13,DT SW,insufficient_history,,,
BHF,2020-05-12,DT SW,OK,2.0712209302325535,-33.29375445262408,-33.150880533079494
SPG,2020-05-12,DT SW,OK,-19.20199501246883,-61.49867188592199,-64.68551644547028
PGNY,2020-05-13,DT SW,OK,7.446250655479791,-33.81782945736435,-5.793103448275872
RPAY,2020-05-12,CPH,OK,12.49164996659986,-5.921787709497195,34.72
ALGT,2020-05-13,DT SW,OK,-3.5318924617817493,-55.371296183392275,-56.51140684410646
RVLV,2020-05-14,DT U,OK,32.48868778280543,-25.038402457757304,-4.313725490196074
GLOB,2020-05-15,U,OK,13.875255623721895,-11.667195431472077,7.076242668974131
ACB,2020-05-15,DT,OK,-21.911750870260594,-62.358276643990926,-84.50046685340803
SSRM,2020-05-15,CPH,OK,22.005208333333325,3.535911602209918,27.39632902787217
KRNT,2020-05-20,DT U,OK,30.64811424386673,-18.538812785388124,4.266510812390423
DY,2020-05-19,DT SW,OK,10.91933779499823,-28.932520875648848,-36.550473503929084
DQ,2020-05-20,UDS,OK,14.50333889816362,-29.327666151468314,40.189064895247824
ELF,2020-05-22,DT U,OK,32.87292817679559,-24.33141059255375,-16.396292004635004
USPH,2020-05-21,DT SW,OK,13.135086670651507,-42.7263786973296,-33.4183449124967
STNE,2020-05-27,DT SW,OK,20.923913043478272,-34.8780487804878,-22.27074235807861
CAE,2020-05-22,DT SW,OK,1.472650771388495,-52.08609271523179,-45.49905838041431
AEO,2020-06-03,DT U,OK,32.77419354838709,-18.203497615262332,-31.26252505010021
GLNG,2020-05-28,DT SW,OK,22.560000000000002,-34.52991452991453,-38.27558420628525
SHOO,2020-05-28,DT SW,OK,10.929432013769368,-26.025824964131992,-39.49777047641398
BZUN,2020-06-02,DT SW,OK,-7.820351758793964,-6.973058637083995,-20.417570498915406
APPS,2020-06-03,DT U,OK,27.509293680297397,17.46575342465755,-22.74774774774775
PAGS,2020-05-29,DT U,OK,29.047619047619033,-8.949297495418463,-11.43790849673202
GIII,2020-06-04,DT U,OK,34.501752628943414,-38.45096241979835,-53.593642017968214
GOOS,2020-06-03,DT SW,OK,-4.931748128577729,-18.651092690278826,-43.40760157273918
CAL,2020-06-05,DT U,OK,44.66463414634148,-1.3513513513513375,-55.299105040037674
DOMO,2020-06-05,UT,OK,51.19667013527576,53.10853530031612,45.92016068290234
RH,2020-06-05,UT,OK,73.37381351200447,42.102854527773005,24.267133566783382
AMC,2020-06-10,DT U,OK,46.09756097560975,42.61904761904762,-25.59006211180125
LX,2020-06-04,DT SW,OK,14.111261872455906,-24.097472924187723,-29.14911541701769
FCEL,2020-06-12,CPH,OK,30.102040816326546,133.94495412844037,382.04158790170135
PLAY,2020-06-12,DT SW,OK,44.70820969337292,-2.4666666666666615,-63.415853963490875
MITT,2020-06-12,DT SW,OK,144.61538461538464,-53.189401373895976,-69.50127877237851
CLIR,2020-06-17,UT,OK,329.0369297610427,388.45836768342946,203.80720420458914
ABM,2020-06-18,DT U,OK,-0.15346838551257846,31.59385113268609,-13.207043756670211
MFA,2020-06-16,DT SW,OK,81.64556962025316,-43.72549019607842,-62.82383419689119
MHO,2020-07-29,CPH,OK,27.6878238341969,69.22746781115879,-16.84943061999157
CAR,2020-07-29,UDS,OK,33.98058252427185,67.07021791767556,-18.246445497630326
GBX,2020-07-10,UDS,OK,-13.22413104274871,16.523605150214582,-22.89669861554846
NAVI,2020-07-22,DT SW,OK,-2.3778920308483387,15.601217656012167,-45.2020202020202
TSLA,2020-07-23,UDS,OK,60.142559739319346,117.4988167753594,179.57161706262985
HLX,2020-07-23,UDS,OK,1.5957446808510634,140.25157232704402,-56.34285714285714
SHOP,2020-07-29,UDS,OK,8.241758241758234,55.44859149372681,110.62310225377412
AER,2020-07-29,DT SW,OK,-8.440430705105939,8.43274372686138,-55.19292877783444
DIN,2020-07-29,DT U,OK,7.796870992562188,12.289607266898205,-52.09164481933204
NBR,2020-07-29,DT SW,OK,23.03819958543083,264.15425065731813,-65.80246913580248
APA,2020-07-30,DT SW,OK,2.400600150037513,4.597701149425282,-51.40619437522249
FLGT,2020-08-05,UT,OK,61.97490452809604,135.44805709754164,113.59712230215825
EBS,2020-07-31,UDS,OK,22.685887708649478,31.1967545638945,75.82457412105835
RARE,2020-07-31,UDS,OK,-0.7926361544362104,28.413039880853862,45.78245350366335
CRNC,2020-08-04,UDS,OK,-0.4798464491362786,98.6590038314176,96.6808914177335
BYFC,2020-08-04,DT,OK,-40.83601286173633,26.89655172413794,17.948717948717952
BOOT,2020-08-05,DT SW,OK,-3.924349881796685,12.888888888888882,-51.916706105063895
NTLA,2020-08-06,UTU,OK,-18.22721598002498,41.87725631768953,34.58904109589041
RIGL,2020-08-05,DT,OK,28.12500000000002,25.510204081632647,2.5000000000000133
CPRI,2020-08-05,DT SW,OK,-10.630171865054116,1.6654598117306296,-54.35630689206763
FVRR,2020-08-05,UT,OK,33.01850670070199,146.7913805351646,294.1754916792738
FOUR,2020-08-06,SW,insufficient_history,,,
EAF,2020-08-06,DT SW,OK,-13.829787234042556,-2.556390977443612,-43.1079894644425
PLUG,2020-08-06,UDS,OK,-0.053561863952877875,123.74100719424459,125.90799031477
CELH,2020-08-06,UT,OK,32.29274972738572,241.69777952446458,175.04086044182
AAOI,2020-08-07,UT,OK,33.303808680248025,23.36065573770494,29.965457685664944
CGC,2020-08-10,DT SW,OK,3.8077403245942776,8.409387222946552,-15.282730514518594
NIO,2020-08-11,UDS,OK,-5.1401869158878455,279.9465240641711,267.18346253229976
HTZ,2020-08-11,DT SW,OK,16.551724137931046,-47.02194357366771,-90.34285714285714
EAT,2020-08-12,UDS,OK,34.883720930232556,46.69260700389106,-29.827826896230803
PRTS,2020-08-11,UT,OK,19.529206625980812,176.96969696969694,437.6470588235294
MARA,2020-08-14,UTU,OK,286.7102396514161,312.9347446783761,184.22738190552437
DDS,2020-08-14,DT SW,OK,9.955302722470538,17.24436741767765,-57.31861198738171
BLNK,2020-08-14,UDS,OK,91.2326388888889,559.5808383233534,376.83982683982686
SWBI,2020-09-04,UTU,insufficient_history,,,
BOXL,2020-08-14,DT,OK,-8.823529411764696,233.94890735610957,97.2727272727273
DQ,2020-08-18,UT,OK,28.97080374253185,124.0697218958089,55.490622451753204
SE,2020-08-18,UT,OK,23.14746881878209,93.23643689739531,169.42215088282504
M,2020-09-02,DT SW,OK,14.918032786885238,-10.81424936386769,-44.62875197472355
DOMO,2020-09-04,UT,OK,14.601905932984938,15.812364088226172,109.79178390545866
SLQT,2020-09-10,DT SW,insufficient_history,,,
NCNO,2020-09-10,UTU,insufficient_history,,,
PTON,2020-09-11,UT,OK,35.08312807881775,90.84384515006525,349.76934905176836
FSLR,2020-10-28,UT,OK,26.036408138289737,37.06538013641658,80.8781558726674
CAKE,2020-10-30,UT,OK,7.930785868781554,24.750000000000007,48.733233979135626
CWH,2020-11-02,UDS,OK,-15.283562960589547,-33.982521847690386,208.87850467289718
RIG,2020-11-03,DT,OK,-9.741725175526582,-67.71748878923766,-40.00833333333333
AMRC,2020-11-03,UTU,OK,14.833531510107022,25.178224238496448,101.19791666666669
VCYT,2020-11-03,UTU,OK,7.72545398584179,8.661906240298034,28.440366972477072
CDLX,2020-11-03,UDS,OK,6.922108795972592,5.215357093711304,65.85683297180044
TRUP,2020-10-30,UTU,OK,-8.669201520912551,42.4955507217718,155.71327182398863
APT,2020-11-05,DT SW,OK,-5.358295674628788,-17.871148459383758,8.592592592592595
AMC,2020-11-03,DT,OK,-53.76344086021505,-47.5609756097561,-44.73007712082262
CRON,2020-11-05,DT SW,OK,9.92063492063493,-5.621805792163547,-0.8944543828264706
SKT,2020-11-06,DT SW,OK,1.098901098901095,4.885993485342022,-1.9786910197869045
ATEC,2020-11-06,UDS,OK,36.337209302325604,38.75739644970415,92.21311475409838
MD,2020-11-06,DT,OK,-14.494518879415363,-31.31115459882584,-3.9671682626538973
GPRO,2020-11-06,UTU,OK,3.2761310452418035,34.00809716599189,92.16255442670538
GOGO,2020-11-09,UDS,OK,-14.074803149606296,141.16022099447517,421.19402985074623
ACB,2020-11-09,UT,OK,91.9607843137255,-4.207436399217224,32.11875843454792
MGNI,2020-11-10,UT,insufficient_history,,,
WES,2020-11-10,UDS,OK,2.249718785151855,-9.999999999999998,31.739130434782602
FLGT,2020-11-10,UDS,OK,-29.522727272727266,-24.199462234172564,99.67804249839023
ALT,2020-11-10,DT,OK,-36.661277283751005,-66.08225108225109,111.75675675675674
CGC,2020-11-09,DT SW,OK,33.29551900170165,31.065253764640268,56.98062792251171
XPEV,2020-11-12,UTU,insufficient_history,,,
LI,2020-11-13,UT,insufficient_history,,,
ARCT,2020-11-10,SW,OK,-32.29655712050078,-29.725888324873097,-25.24838012958963
INO,2020-11-10,DT,OK,-30.95044679122665,-41.860465116279066,-34.10852713178295
TXG,2020-11-11,UTU,OK,-17.85532348446255,32.29412367962259,61.088911088911104
PDD,2020-11-12,UT,OK,31.67158889545185,25.4473832301632,83.20184089414857
CELH,2020-11-12,UDS,OK,8.260453407109235,15.478321678321683,284.62290958214936
DDS,2020-11-13,UDS,OK,-2.3649381644608503,52.957171991842266,74.08123791102514
DKNG,2020-11-13,DT U,OK,-13.267451640033645,21.645532291359505,41.12213479302087
VNET,2020-11-25,UDS,OK,8.832531700918222,0.7692307692307665,76.15003538570417
CRNC,2020-11-16,UT,OK,23.817567567567565,16.349206349206334,147.82118707738542
SFIX,2020-12-08,UDS,OK,-3.4752155172413812,34.69924812030074,52.144373673036085
FUTU,2020-11-19,UT,OK,24.709976798143863,34.71177944862154,207.14285714285717
ASO,2020-12-10,UDS,insufficient_history,,,
ASAN,2020-12-10,UT,insufficient_history,,,
KOSS,2021-01-29,UT,OK,1648.3333333333335,1839.629270096612,2108.421052631579
GTEC,2020-11-23,UDS,OK,92.21311475409838,65.14084507042254,127.11864406779662
MSTR,2021-01-29,UT,OK,56.317567567567565,229.40824695295592,371.2196512954212
MXL,2021-02-04,UDS,OK,-14.138315672057999,13.198529411764714,12.413289521723247
LU,2021-02-03,DT SW,insufficient_history,,,
PENN,2021-02-04,UT,OK,34.812708616639874,105.63831793324532,191.4216996258685
PERI,2021-02-09,UT,OK,41.11037673496365,185.80990629183404,250.00000000000006
AKTS,2021-02-01,UT,OK,29.164882226980726,86.17283950617285,83.45498783454985
CRTO,2021-02-10,UT,OK,26.570545829042214,46.39666468135795,77.47292418772562
APPS,2021-02-04,UT,OK,23.165137614678887,110.45068582625733,314.6718146718147
VERU,2021-02-10,UT,OK,101.78010471204186,677.016129032258,511.7460317460317
TDC,2021-02-05,UDS,OK,16.897147796024203,41.253263707571804,31.502187651920277
CCJ,2021-02-10,UT,OK,5.800139762403922,62.44635193133048,46.563407550822845
ENPH,2021-02-10,UDS,OK,-3.5244202304614114,63.306945237900926,178.53563474387525
GP,2021-02-12,CPH,insufficient_history,,,
POWW,2021-02-16,CPH,insufficient_history,,,
PACB,2021-02-11,UT,OK,33.9754816112084,209.0909090909091,926.8456375838927
EVER,2021-02-23,DT SW,OK,10.359355638166058,14.03329065300898,17.55543822597676
QS,2021-02-17,UDS,insufficient_history,,,
UPWK,2021-02-24,UTU,OK,24.715840386940748,48.14708417121516,249.74567650050864
PI,2021-02-11,UT,OK,16.654478976234,105.24284335799292,144.2020665901263
DAC,2021-02-16,UT,OK,23.649099399599738,205.60593569661992,600.7561436672968
TLRY,2021-02-18,DT,OK,59.94923857868022,311.89542483660136,346.31728045325787
PUBM,2021-02-24,UDS,insufficient_history,,,
INSP,2021-02-24,UDS,OK,-0.14039219238258793,23.60558327260498,98.09540921750066
DAO,2021-02-25,DT SW,OK,-16.060016671297582,-4.003813155386071,-8.50999394306482
MNSO,2021-02-25,UDS,insufficient_history,,,
SPT,2021-02-24,UTU,OK,4.349838037945397,51.85185185185188,97.46059544658496
XNCR,2021-02-24,SW,OK,-0.3092783505154628,18.272994129158505,36.1204954954955
ABNB,2021-02-26,UDS,insufficient_history,,,
BILI,2021-02-25,UDS,OK,-5.310195873985258,111.90000000000002,175.6721595836947
RVLV,2021-02-25,UDS,OK,-3.217299578059074,88.78600823045268,76.35752042287365
OPRX,2021-02-25,UT,OK,23.64066193853427,156.4868479714668,205.36093418259026
BYND,2021-02-26,SW,OK,-23.058395332655344,1.9792849035187299,15.452574090434501
AMCX,2021-02-26,UDS,OK,-11.29867959217783,69.44444444444444,110.5952380952381
NTRA,2021-02-26,UDS,OK,-0.7573683730267344,26.479823235259925,66.14726550565233
NNOX,2021-03-02,DT,OK,-37.76728686475978,-2.7132624267419136,80.94469115865968
CVNA,2021-02-26,UDS,OK,0.8915930050128251,9.821726091302896,29.926575666485977
SE,2021-03-02,UTU,OK,13.072163072163058,39.848058525604955,62.26575253019915
LPSN,2021-02-26,UDS,OK,-13.010318528488106,5.018956490341209,-3.259604190919685
ETSY,2021-02-26,UDS,OK,-3.341323809989716,40.9272467902996,57.45935607268091
ZM,2021-03-02,UDS,OK,8.206767215193222,-7.676011899396018,39.01859644359984
SSYS,2021-03-01,DT,OK,-23.559397163120554,127.20685111989462,141.1888111888112
KOPN,2021-03-02,UDS,OK,85.67103935418767,478.6163522012578,503.2786885245901
AMRC,2021-03-02,UDS,OK,7.96365579903795,36.57876943881002,84.25053207661904
MRVI,2021-03-03,UDS,insufficient_history,,,
AMBA,2021-03-03,UDS,OK,20.506570580754556,46.02542699370744,118.63103249375118
XPEV,2021-03-08,DT,OK,-41.014309764309765,-49.94642857142857,32.90659080132765
RRGB,2021-03-04,UT,OK,18.37655016910935,56.63848831427152,183.78378378378378
VERI,2021-03-05,UDS,OK,-13.234555499748879,36.66930379746833,279.67032967032964
FLGT,2021-03-05,UDS,OK,-24.195692634937515,86.54307524536532,195.74688796680496
OPTT,2021-03-08,DT,OK,-45.02074688796681,3.112840466926081,147.66355140186914
AHCO,2021-03-04,UDS,OK,-24.059775840597762,2.1098459477561837,43.61752237399905
QTRX,2021-03-03,UDS,OK,19.09175162187211,77.07854846118511,118.53741496598636
DQ,2021-03-09,DT,OK,-33.70755498297597,83.77551020408163,256.84565088171195
PRTS,2021-03-09,DT,OK,-16.377040547656662,-3.4650455927051627,41.659232827832305
YQ,2021-03-09,DT,insufficient_history,,,
UNFI,2021-03-10,CPH,OK,15.43116490166414,66.50300054555376,70.78903189703412
BTAI,2021-03-11,SW,OK,-24.583333333333336,-2.4784482758620663,7.609988109393595
MTLS,2021-03-09,DT,OK,-57.51404494382022,-35.08583690987125,-25.271739130434778
CLNE,2021-03-10,DT,OK,-9.020817270624516,175.05827505827506,359.1439688715954
LODE,2021-03-11,DT U,OK,94.31279620853078,283.177570093458,283.177570093458
AMC,2021-03-11,DT U,OK,59.38511326860842,176.68539325842696,53.42679127725856
FINV,2021-03-11,DT U,OK,15.78947368421051,121.9298245614035,204.8192771084337
ASAN,2021-03-11,DT U,insufficient_history,,,
YALA,2021-03-15,UTU,insufficient_history,,,
BEKE,2021-03-16,SW,OK,-15.960451977401124,-12.5,22.60457449000617
XNET,2021-03-16,UTU,OK,5.449591280653965,167.82006920415228,141.12149532710282
RSI,2021-03-11,DT,insufficient_history,,,
QFIN,2021-03-16,U,OK,11.472275334608039,152.16262975778542,173.45215759849904
PAR,2021-03-16,UDS,OK,-11.130973662257182,28.36977104493026,80.38219641993223
NFE,2021-03-16,UDS,OK,-18.15028901734105,-18.055555555555568,33.79527559055118
FUTU,2021-03-16,UDS,OK,-5.707385280284727,229.68888888888893,382.62849707221864
SNDL,2021-03-18,DT SW,OK,-29.680365296803647,200.3705870879657,470.3703703703703
CSIQ,2021-03-18,UDS,OK,-28.472702142363516,7.11513583441139,32.39526702910138
UPST,2021-03-18,UDS,insufficient_history,,,
BNGO,2021-03-24,DT SW,OK,-29.367088607594937,1450.0,1218.1102362204724
TLS,2021-03-26,UDS,insufficient_history,,,
HYFM,2021-03-31,DT SW,insufficient_history,,,
TIGR,2021-03-26,DT,OK,-39.08045977011494,108.50253807106598,267.5615212527964
BOXL,2021-03-26,UDS,OK,-2.033898305084736,65.14285714285715,102.09790209790212
CHWY,2021-03-31,DT SW,OK,-23.301526717557252,-13.20591728754994,42.593578144403054
SOS,2021-05-05,DT,OK,-15.062761506276146,26.086956521739136,111.45833333333334
RUN,2021-05-06,DT,OK,-25.5780860903593,-43.55099838100378,-22.775932078257654
HZO,2021-04-22,UDS,OK,-19.146740065370725,9.608208955223873,59.91833957128274
DLPN,2021-04-16,DT,OK,81.85483870967741,121.62162162162159,150.59035977219057
PLMR,2021-05-06,DT,OK,-10.768592756427985,-41.35017263310922,-29.003519577650682
BCRX,2021-05-06,UDS,OK,5.5335968379446765,3.689320388349504,177.7633289986996
PSNL,2021-05-06,DT,OK,-15.127067365873337,-47.18875502008033,-14.367114367114375
HIMX,2021-05-06,UDS,OK,-14.958448753462605,9.838998211091221,254.91329479768785
GRPN,2021-05-07,UDS,OK,-2.3738280470776085,35.23072672008843,137.22733882695107
NET,2021-05-07,UDS,OK,-1.3990007137758775,-16.823217726396933,30.197926484448633
TWST,2021-05-07,DT,OK,-18.2858038232529,-47.229951935239065,20.8574739281576
PTON,2021-05-07,DT,OK,-27.274305555555557,-46.81647940074907,-24.995523724261414
ROKU,2021-05-07,DT,OK,-21.47988505747127,-34.32097624110197,39.65305420413778
BILL,2021-05-07,UDS,OK,-13.95655905459826,-6.820619146350171,30.669741327451394
DDOG,2021-05-07,DT,OK,-17.59815242494226,-36.240171551107935,-20.83425782116708
BNTX,2021-05-10,UTU,OK,60.459428771071735,56.25584758016502,102.56919175212262
NTRA,2021-05-07,UDS,OK,-5.03845395385526,-17.287873582961176,34.69930069930069
U,2021-05-12,DT,OK,-13.734693877551019,-33.95312499999999,-28.957983193277304
UPST,2021-05-12,DT,insufficient_history,,,
DDD,2021-05-11,DT,OK,-25.64853556485356,-66.05539637058261,171.7125382262997
SNDL,2021-05-12,DT,OK,-20.430107526881724,-55.15151515151515,196.0
FUBO,2021-05-12,DT,OK,-17.236533957845435,-62.20320855614973,18.431635388739952
SONO,2021-05-13,DT,OK,-26.339181286549707,-0.031746031746038295,106.89881734559789
CELH,2021-05-13,UDS,OK,-18.469247083775187,-24.21537703302119,91.33101895056429
BOOT,2021-05-13,UT,OK,2.378067252347793,12.593703148425783,62.397885631907755
CRCT,2021-05-14,DT,insufficient_history,,,
PLBY,2021-05-13,DT,insufficient_history,,,
OSCR,2021-05-14,DT SW,insufficient_history,,,
AEVA,2021-05-14,DT,insufficient_history,,,
AVIR,2021-05-14,DT,OK,-64.78563576401612,-78.13921747042767,-28.65627319970305
PUBM,2021-05-14,DT,insufficient_history,,,
DASH,2021-05-14,DT,insufficient_history,,,
BNGO,2021-05-14,DT,OK,-31.361867704280154,-62.30769230769231,739.5202741290691
GEVO,2021-05-14,DT,OK,-34.25414364640884,-66.33663366336634,349.05660377358487
PRPL,2021-05-17,DT SW,OK,-6.446776611694149,-21.03264996203493,19.95386389850058
LSPD,2021-05-20,SW,OK,-10.36204744069913,-21.988319978269722,44.50314465408805
DLPN,2021-05-18,DT SW,OK,5.027322404371581,99.37759336099583,180.5839416058394
VNET,2021-05-26,DT,OK,-29.758358159549825,-44.595300261096604,-12.059676750932447
IQ,2021-05-18,DT,OK,-16.885676741130094,-49.621664675428114,-51.66220863584257
RLX,2021-06-02,DT SW,insufficient_history,,,
URBN,2021-05-26,UDS,OK,-3.717984026439003,0.8946608946609036,15.322447633184888
PLCE,2021-05-20,UT,OK,22.44192477876108,26.28351397604105,155.40813383328523
TIGR,2021-05-25,DT SW,OK,-18.107978977544192,-38.74195854181558,139.0516039051604
ANF,2021-05-26,UT,OK,0.5284015852047519,33.837495603236015,82.14456677836284
CAN,2021-06-01,DT,OK,-35.48387096774193,-62.24719101123595,31.868131868131865
CTRM,2021-06-03,DT,OK,-37.6,-67.0712401055409,79.3103448275862
POWW,2021-06-30,UT,OK,28.134110787171984,55.851063829787215,153.31412103746396
OGI,2021-07-13,DT SW,OK,-16.139240506329124,-4.3321299638989235,55.88235294117647
SIG,2021-06-10,UDS,OK,-2.61646458200383,6.1749869542529146,108.0436264485344
MTLS,2021-07-29,DT,OK,-12.825904121110177,-36.93337389717066,-68.07330971815801
SITM,2021-08-05,CPH,OK,15.592720118052128,53.94693743858498,5.649632848793629
TLRY,2021-07-28,DT,OK,-30.05494505494506,-28.16027088036117,-33.105622700998424
MVIS,2021-08-05,DT,OK,-22.804801010739094,-15.607734806629825,31.965442764578846
UONE,2021-08-05,DT SW,OK,-19.03614457831325,37.98767967145791,-3.9999999999999925
BXC,2021-08-04,DT SW,OK,-5.2031821113738825,-17.295066591633834,14.489742923915871
HIMX,2021-08-05,SW,OK,-10.045366169799086,13.029315960912058,24.150268336314863
MGNI,2021-08-06,DT SW,OK,-7.72467688608357,-4.776674937965264,-29.409059553920446
PLUG,2021-08-06,DT,OK,-13.82167716274445,15.248226950354615,-61.578247376976506
AUPH,2021-08-06,DT SW,OK,-3.542009884678743,-5.105348460291726,-24.305106658047837
PRTS,2021-08-06,DT SW,OK,-7.322404371584701,12.095175148711167,-10.689836756187477
YMM,2021-08-10,DT U,insufficient_history,,,
LU,2021-08-10,DT,OK,-21.675392670157066,-27.449078564500486,-56.637681159420296
AMC,2021-08-10,DT,OK,-26.82398787616367,247.02258726899382,446.92556634304214
ARCT,2021-08-10,DT SW,OK,50.32720473667809,66.86267727429956,-44.500690289921764
UPST,2021-08-11,UDS,OK,4.44957659738261,51.699463327370324,69.07165109034268
DDD,2021-08-10,DT SW,OK,-17.611159546643407,59.538548114800236,-45.84527220630372
DOCS,2021-08-11,UDS,insufficient_history,,,
FUBO,2021-08-11,DT SW,OK,0.034928396786582105,62.08262591963782,-38.7379679144385
HIMS,2021-08-12,DT,OK,-24.07221664994985,-15.607580824972134,-65.99281221922732
PUBM,2021-08-11,DT SW,OK,-2.8760425654299704,-7.327113062568591,-31.50101419878295
CLOV,2021-08-12,DT,OK,-8.754208754208747,4.498714652956304,-34.959999999999994
MNDY,2021-08-17,UT,insufficient_history,,,
DLPN,2021-08-17,DT SW,OK,23.994811932555127,-0.520291363163361,98.34024896265561
OTLY,2021-08-16,DT,insufficient_history,,,
DLO,2021-08-19,UDS,insufficient_history,,,
PCT,2021-08-12,DT SW,insufficient_history,,,
CODX,2021-08-13,DT SW,OK,29.278074866310178,35.05586592178771,-40.30864197530863
NEGG,2021-08-30,DT,insufficient_history,,,
QFIN,2021-08-20,DT,OK,-42.82814614343708,-37.034277198211626,-44.84334203655354
PDD,2021-08-24,DT,OK,-16.678655842153944,-37.82685376888275,-56.85168431696025
ASAN,2021-09-02,UT,OK,6.843633347158851,110.05708072845883,152.87958115183247
LOVE,2021-09-09,DT,OK,-15.392354124748486,-39.5109086549988,-14.198265601088256
TIGR,2021-09-10,DT,OK,-24.449463579898367,-47.978227060653175,-43.71055952881784
SFIX,2021-09-22,DT,OK,-10.70259380508688,-43.62480127186009,-29.8377522754254
SOS,2021-09-10,DT,OK,-18.867924528301884,-32.8125,-60.55045871559632
AFRM,2021-09-10,UTU,OK,40.42098840756558,44.56658291457287,13.304615384615381
FCEL,2021-09-14,DT,OK,-15.994020926756347,-41.942148760330575,-66.99941280093952
IPHA,2021-09-15,UDS,OK,60.787771898883,33.41463414634147,23.476297968397297
CYH,2021-10-28,UDS,OK,-13.144329896907225,-25.00000000000001,-2.6011560693641744
SM,2021-10-29,UT,OK,21.599090564607828,71.60427807486633,103.10126582278482
AEHR,2021-09-24,UT,OK,97.65100671140938,341.19850187265916,397.04641350210966
CRTO,2021-11-03,UDS,OK,-10.526315789473673,-19.149471565173627,-19.00680615074363
ENVX,2021-11-09,UT,insufficient_history,,,
FSLY,2021-11-04,DT SW,OK,40.27887398053145,33.533683946907075,26.022216969983457
MP,2021-11-05,UDS,OK,25.262089956036515,-0.2692514808831481,33.766702780787284
SSYS,2021-11-04,UDS,OK,42.305986696230605,46.59661946094109,63.97547266223813
DNOW,2021-11-03,U,OK,-8.915662650602417,-6.3197026022304925,-30.705774518790108
KPLT,2021-11-09,DT SW,insufficient_history,,,
TDUP,2021-11-09,DT SW,OK,-9.339622641509438,-10.312645823611765,-0.46607975142413105
ATER,2021-11-09,DT SW,OK,-19.612903225806445,28.189300411522634,-56.372549019607845
ACAD,2021-11-09,DT SW,OK,15.5936207914944,5.840995132504068,-6.094049904030707
AGEN,2021-11-09,DT,OK,-26.923076923076927,-25.49019607843138,34.83870967741935
HUYA,2021-11-09,DT,OK,-10.890052356020952,-22.706630336058133,-46.578782172002505
PUBM,2021-11-10,DT SW,OK,40.89512944273805,-7.223345853799479,-15.29939329992086
FLYW,2021-11-10,UDS,insufficient_history,,,
STEM,2021-11-10,DT SW,OK,3.959945380063723,-14.966492926284447,25.494505494505493
OMER,2021-11-10,DT SW,OK,1.2569832402234526,-52.707110241356816,-59.38375350140057
OPEN,2021-11-11,DT SW,OK,-16.04311111111111,8.564942528735632,37.950852594296556
VERI,2021-11-10,DT U,OK,38.55913004077933,42.298743601675206,72.86602600339171
FOUR,2021-11-10,DT,OK,-13.773861967694556,-32.10775812232628,-26.655008743442423
HNST,2021-11-11,DT,OK,-3.470715835141003,-36.654804270462634,-40.308517773306505
MQ,2021-11-11,DT,insufficient_history,,,
AFRM,2021-11-11,UTU,OK,-5.075709106419268,97.70506366597571,176.05954103783338
ZIP,2021-11-11,UDS,insufficient_history,,,
TASK,2021-11-11,UDS,insufficient_history,,,
DUOL,2021-11-11,UDS,insufficient_history,,,
SOFI,2021-11-11,U,insufficient_history,,,
HIMS,2021-11-11,DT SW,OK,0.8805031446540879,-4.41001191895114,-1.715686274509809
BROS,2021-11-11,DT,insufficient_history,,,
OPAD,2021-11-11,DT,insufficient_history,,,
SPIR,2021-11-11,UTU,insufficient_history,,,
ROOT,2021-11-11,DT,OK,-7.341269841269837,-15.703971119133575,-48.05339265850945
DDS,2021-11-11,UT,OK,47.249029947268916,54.58533528305829,189.85507246376812
HUT,2021-11-11,UT,insufficient_history,,,
AZUL,2021-11-11,DT,OK,-23.1339332980413,-31.76691729323309,-34.11978221415608
BLNK,2021-11-12,DT SW,OK,21.31875640587633,9.261538461538454,18.56427378964942
CELH,2021-11-11,UDS,OK,-3.425217624750432,28.0552373158756,81.6059605531152
JSPR,2021-11-15,DT,insufficient_history,,,
UAVS,2021-11-15,DT,OK,-2.7874564459930307,-25.79787234042553,-37.16216216216216
DBGI,2021-11-12,SW,OK,41.516245487364614,26.451612903225797,15.294117647058814
LEGN,2021-11-16,UDS,OK,-5.393951069158154,26.214340786430235,39.12181303116149
ONON,2021-11-16,U,insufficient_history,,,
PLBY,2021-11-16,DT SW,OK,36.69603524229075,38.095238095238116,-34.355828220858896
LCID,2021-11-16,UT,insufficient_history,,,
ZH,2021-11-22,DT,OK,-22.829268292682926,-16.02972399150744,1.4102564102564275
LI,2021-11-29,SW,OK,-0.8264462809917439,10.429447852760742,39.0557939914163
AVXL,2021-11-24,DT SW,OK,0.615901455767065,-5.619747899159666,48.38976052848884
AMBA,2021-12-01,UTU,OK,-3.395576602270889,73.33204595925463,80.15052684395383
CTRN,2021-11-30,UDS,OK,4.542418169672691,-8.393818777803796,-4.596439892709093
SNOW,2021-12-02,UTU,OK,-13.06292455203646,3.3153943259584207,30.43660613177872
ARTL,2021-11-29,DT,OK,-3.6067796610169456,-27.46658504234262,-42.66935483870967
OKTA,2021-12-02,SW,OK,-20.831334932054347,-25.185073273908444,-5.998481397114652
MDB,2021-12-07,UDS,OK,-19.76153098602079,-12.334864726901484,34.0263470063058
PD,2021-12-08,DT,OK,-23.029188692254642,-27.322048611111104,-13.995891114535175
YEXT,2021-12-03,DT,OK,-25.923016496465046,-32.20704529115744,-33.02556818181819
ARQQ,2021-12-16,DT,insufficient_history,,,
TLRY,2022-01-10,DT,OK,-33.194588969823094,-38.79885605338418,-60.467980295566505
ASO,2021-12-10,UDS,OK,-8.739708676377456,-5.4875382597289075,3.644210021577554
WOLF,2022-01-27,DT,insufficient_history,,,
CALX,2022-01-27,DT,OK,-41.38571428571428,-29.343895298777333,-11.74446117444612
NOW,2022-01-27,DT,OK,-26.96598721505247,-28.415421672503737,-16.958944030170564
HZO,2022-01-27,DT,OK,-28.299296378925696,-13.820132013201313,-20.72106261859583
TEAM,2022-01-28,DT,OK,-25.14603329816526,-29.546115093974034,9.033322088534046
ARCB,2022-02-01,DT,OK,-24.377939290295004,-1.5692821368948229,46.78838174273858
AMD,2022-02-02,DT U,OK,-18.8464211257818,-6.747584444621902,3.749111584932474
CLFD,2022-01-28,DT,OK,-41.31483715319663,-10.71756285556984,10.142630744849445
SLAB,2022-02-02,DT U,OK,-19.862416432516227,-14.365584718123936,6.106478511866564
SKY,2022-02-03,UTU,OK,-13.4462406979728,4.024672320740175,12.715121136173746
BILL,2022-02-04,DT U,OK,-22.040106217379353,-41.92558234712321,-18.49511774842044
EAT,2022-02-02,DT,OK,-5.083356108226312,-18.24387947269304,-35.0476902936226
SNAP,2022-02-04,DT,OK,-44.356120826709066,-53.72119380430676,-68.31350232798758
U,2022-02-04,DT,OK,-28.66723194326678,-37.30352303523035,-16.07110466170869
PCTY,2022-02-04,DT U,OK,-11.413800854124512,-34.12669229483536,-10.133163079168185
DOCS,2022-02-09,DT SW,OK,4.554995801847195,-29.894440534834622,-5.894577744190432
STEP,2022-02-09,DT U,OK,-10.149097567355469,-28.79353233830846,-27.760252365930594
PAYC,2022-02-09,DT U,OK,-5.843170320404722,-34.494153533299446,-26.907972247676394
CHGG,2022-02-08,DT SW,OK,-7.527975584944047,-10.998694516971286,-65.81850087741289
ENPH,2022-02-09,DT U,OK,-0.4340935712809135,-40.195348067212976,-21.505785213754148
PERI,2022-02-09,DT U,OK,2.047463936714755,-25.051264524948735,14.278269932256382
DDOG,2022-02-10,DT U,OK,6.266657554841792,-20.889295889295887,21.285391155136104
CGC,2022-02-09,DT,OK,-9.741784037558688,-40.75500770416025,-60.50333846944016
CCJ,2022-02-09,DT,OK,-16.18081960287284,-29.369882520469915,12.855517633674651
TWLO,2022-02-10,DT,OK,-11.212201125175813,-34.96136509980683,-43.24924148780762
RARE,2022-02-11,DT U,OK,-1.869158878504673,-10.905914649363602,-22.98565419048645
BE,2022-02-11,DT,OK,-21.170483460559787,-53.103239479261276,-30.600358422939067
HUBS,2022-02-11,DT U,OK,0.7217835403199979,-33.7687122038267,-19.690458302028546
BTU,2022-02-10,U,OK,20.265486725663706,15.071972904318365,0.44345898004434225
Z,2022-02-11,DT,OK,-16.383890317052273,-24.08588766142835,-50.900674247760904
UPST,2022-02-16,DT SW,OK,-1.8000180001800037,-53.32791513388656,-45.49405535018484
ZG,2022-02-11,DT,OK,-17.096830071020264,-25.428482393268936,-52.76352151598894
HIVE,2022-02-15,DT SW,insufficient_history,,,
SABR,2022-02-15,DT SW,OK,-5.462184873949571,-3.433476394849788,-15.333960489181564
ACVA,2022-02-17,DT,OK,-30.716510903426798,-47.04761904761905,-43.866733972741045
GLBE,2022-02-17,DT SW,OK,-4.204515961588385,-42.24690971678924,-50.4896042924212
DASH,2022-02-17,DT,OK,-26.20158656089595,-59.56104836991264,-50.48270103845953
VC,2022-02-17,DT SW,OK,-9.185695820766904,-15.13809485465818,-2.848451327433632
FVRR,2022-02-17,DT,OK,-7.161219243481442,-58.21947994711327,-53.26308005176558
NU,2022-02-23,U,insufficient_history,,,
APPN,2022-02-18,DT,OK,-7.4727750657153535,-42.69101058262588,-51.41955835962144
SKIN,2022-02-23,DT,OK,-5.865102639296193,-55.38568450312717,-41.4500683994528
MELI,2022-02-23,DT,OK,-15.647564034354334,-36.63890613514883,-50.94696132596685
MTDR,2022-02-23,UT,OK,7.470836435840145,6.257668711656428,60.90672612411743
CLOV,2022-02-24,DT,OK,-20.55335968379447,-62.98342541436463,-77.46636771300447
BXC,2022-02-23,UDS,OK,21.953352769679313,13.545059717698148,51.50307859471206
MYGN,2022-02-24,DT SW,OK,-11.392405063291132,-13.486005089058528,-32.17440866343688
MVIS,2022-02-25,DT,OK,10.333333333333329,-54.96598639455783,-77.48299319727892
ETSY,2022-02-25,DT,OK,-11.692964927995586,-54.1516116338139,-36.642278030452836
SDGR,2022-02-25,DT,OK,-0.6886553098948922,-28.38473601672765,-53.3775735919687
RKT,2022-02-25,DT,OK,-11.620795107033633,-25.03242542153048,-35.77777777777777
FND,2022-02-25,DT,OK,-8.143290594107865,-28.260204861641945,-21.90880346147447
ABCL,2022-02-25,DT,OK,0.9557945041815952,-39.46991404011462,-52.124645892351275
ALEC,2022-02-25,DT SW,OK,5.7629338572364075,-23.676748582230633,-38.75616230565036
PLTK,2022-02-25,DT SW,OK,15.894465894465903,-0.935093509350926,-29.3448411141624
OPRX,2022-02-25,DT,OK,1.9212523719165153,-36.3878608438194,-33.39017206634631
CVNA,2022-02-25,DT,OK,-13.976660069610315,-55.303003439594335,-64.43184062755721
TREE,2022-02-25,DT,OK,-21.34796238244514,-18.046709129511672,-39.72010330950808
RVMD,2022-03-01,DT,OK,-5.305305305305296,-29.977794226498876,-33.6373202385128
DDD,2022-03-01,DT,OK,11.166562694946958,-21.359223300970875,-40.580193397799256
CDLX,2022-03-02,DT,OK,-11.245046235138712,-22.561590548912257,-40.77787571617453
TASK,2022-03-01,DT,OK,3.944987332609484,-36.75401893855978,-47.264047006977606
SOFI,2022-03-02,DT,OK,0.9009009009008917,-39.22951709169832,-21.07117688513037
SENS,2022-03-02,DT,OK,-25.94142259414226,-44.339622641509436,-53.54330708661418
ZIP,2022-03-02,DT,OK,-8.178792201616748,-35.04877228388833,-20.69815195071869
IQ,2022-03-01,DT SW,OK,21.052631578947366,-36.69724770642202,-52.19399538106235
PSFE,2022-03-02,DT,OK,-15.49707602339181,-23.544973544973548,-65.3061224489796
IOT,2022-03-03,DT,insufficient_history,,,
FLYW,2022-03-03,DT,OK,-6.846399432422845,-35.383858267716526,-40.19585515827829
JXN,2022-03-03,DT SW,insufficient_history,,,
CAN,2022-03-03,DT SW,OK,25.8139534883721,-38.452787258248,-42.4468085106383
CHPT,2022-03-03,DT SW,OK,1.5884476534296033,-44.86677115987461,-33.47517730496455
GSM,2022-03-03,UDS,OK,46.06299212598426,23.46089850249584,-10.709987966305668
ZIM,2022-03-09,UT,OK,2.5830793789000106,26.95761494252873,28.2940108892922
SG,2022-03-04,DT,insufficient_history,,,
AI,2022-03-03,DT,OK,-13.971146545178437,-38.69047619047619,-56.034148234381064
BILI,2022-03-03,DT,OK,-14.53669594786058,-54.309953037418566,-62.40807677925964
MDB,2022-03-09,DT,OK,-30.18288149873619,-34.378348162295616,-42.47269014803471
BMBL,2022-03-09,DT,OK,-39.76861894432393,-49.89473684210526,-71.16150250995325
FIGS,2022-03-09,DT,OK,-34.66728711028385,-55.08637236084453,-68.92430278884463
THO,2022-03-09,DT,OK,-9.122129212277308,-22.962154294032022,-25.07520792780038
AMTX,2022-03-10,DT U,OK,45.186640471512774,-10.097323600973251,24.09739714525607
FUTU,2022-03-11,DT,OK,-35.930047694753576,-38.92617449664429,-74.24214755295836
SHLS,2022-03-11,DT U,OK,1.7566688353936266,-45.103545103545095,-48.97226753670473
CLVT,2022-03-10,DT,OK,-19.814814814814806,-47.70531400966183,-50.73947667804324
CRWD,2022-03-10,DT,OK,-5.060389174681291,-16.89996084573219,-35.98386306224787
QFIN,2022-03-11,DT,OK,-21.456692913385822,-31.502145922746784,-36.79207920792079
ALTO,2022-03-11,DT SW,OK,10.396975425330801,17.97979797979796,23.99150743099787
GTLB,2022-03-15,DT,insufficient_history,,,
CAL,2022-03-16,DT,OK,-12.427873945849976,-10.56210335448775,-9.162062615101284
GIII,2022-03-17,DT U,OK,-5.120807789397775,-2.011173184357551,-9.432013769363179
PD,2022-03-17,DT,OK,-21.029411764705873,-17.052826691380897,-40.01340482573726
SIG,2022-03-17,DT U,OK,-0.7914220066377431,-6.316297010607519,-0.9052658421522475
ONON,2022-03-18,DT,OK,-11.963963963963964,-34.32795698924732,-34.835956255001335
PDD,2022-03-21,DT,OK,-29.2358803986711,-25.380977404098793,-57.708726298024416
TME,2022-03-22,DT U,OK,-22.370617696160267,-26.190476190476186,-37.33153638814015
STNE,2022-03-18,DT,OK,-26.076923076923087,-43.60328638497653,-76.5036674816626
YOU,2022-03-23,DT SW,OK,-20.44623262618873,-15.795586527293837,-47.02873843156357
BZ,2022-03-23,DT U,OK,-21.681681681681674,-20.75357034336067,-27.11011738401342
BNTX,2022-03-30,DT SW,OK,14.309395928651924,-28.58740679370341,-37.65731231014031
HYMC,2022-03-31,UT,OK,675.7221681272314,267.6923076923077,57.236842105263165
TLRY,2022-04-06,DT U,OK,37.30468749999998,-1.1251758087201136,-36.66666666666667
LOVE,2022-03-29,DT U,OK,12.765957446808528,-30.59152442613301,-37.031103991456405
DNA,2022-03-29,DT U,OK,-15.192743764172345,-61.56217882836587,-71.83734939759037
SI,2022-04-19,DT SW,OK,-12.529141911709408,-15.808903365906623,-27.073797730265227
ARRY,2022-04-06,DT U,OK,10.912906610703054,-29.392117568470276,-37.38151658767772
LBRT,2022-04-21,UT,OK,22.370266479663382,45.05403158769743,14.201570680628262
ENPH,2022-04-27,DT,OK,-20.628450544347555,25.42193232776193,-14.267402329599289
CLF,2022-04-22,UDS,OK,4.191616766467066,57.256778309409896,36.37621023513138
TECK,2022-04-27,UTU,OK,-12.927191679049043,8.686244204018534,23.238696109358557
MXL,2022-04-28,DT,OK,-29.025492094223935,-24.84196138732274,-16.14563476934807
PINS,2022-04-28,DT,OK,-29.413988657844982,-30.179506357516818,-61.01482564209647
VRT,2022-04-27,DT SW,OK,-10.194552529182888,-45.59170202734559,-52.333746385791
UPWK,2022-04-28,DT,OK,-18.46999154691463,-18.5044359949303,-66.729906864436
FIVN,2022-04-29,DT,OK,-8.090268486308084,-13.031735313977045,-34.904289595047054
ROKU,2022-04-29,DT,OK,-33.38906658912475,-38.012447571370586,-71.05537479862274
TAL,2022-04-29,DT,OK,-8.734939759036141,26.249999999999996,-29.370629370629374
HZO,2022-04-28,DT,OK,-14.909603193237853,-13.25993298228817,-25.247524752475236
CAR,2022-05-03,DT SW,OK,6.555260159513865,59.24622545124305,61.88333044832959
MPWR,2022-05-03,DT SW,OK,-15.403146104430899,1.9705656069292532,-21.80755909108211
CDLX,2022-05-03,DT,OK,-34.77628228446707,-46.557377049180324,-54.41139079583015
CVI,2022-05-03,CPH,OK,-0.3132341425215235,30.363543266769067,32.811684924360975
LUNG,2022-05-04,DT SW,OK,-1.3623978201634968,-1.3623978201634968,-36.713286713286706
BXC,2022-05-04,UTU,OK,6.8229384679782346,2.3803155924043917,53.8894472361809
ABNB,2022-05-04,DT SW,OK,-16.218870977061307,-7.608003058493695,-16.953035509736537
EPAM,2022-05-05,DT SW,OK,4.92045378264081,-34.18254553110853,-53.64287515014904
AMD,2022-05-04,DT,OK,-15.768555319345602,-21.96437746189417,-27.22989698953925
HYMC,2022-05-05,DT,OK,-37.77777777777778,251.14120892901929,-17.159763313609457
FTNT,2022-05-05,DT,OK,-17.1103868008884,-7.264102233122505,-12.501902993027446
RUN,2022-05-05,DT,OK,-27.060233742882822,-1.7756255044390712,-57.83090783090783
STAA,2022-05-05,DT,OK,-16.740547588005217,-13.35142469470828,-46.29551761836683
BAND,2022-05-05,DT,OK,-24.59443800695249,-56.932495036399736,-69.4375953974404
SIMO,2022-05-05,U,OK,18.36734693877553,0.794438927507457,13.709564486766567
AMR,2022-05-05,UT,OK,34.228298468127164,131.24290578887624,175.81655102386188
BRBR,2022-05-06,DT,OK,-15.134255492270132,-11.945968763191228,-20.29040886511273
MELI,2022-05-06,DT,OK,-25.032220990846778,-8.654250105027305,-40.38761562212373
VIR,2022-05-06,DT,OK,-7.047279214986624,-37.71667662881052,-43.369565217391305
RLAY,2022-05-06,DT,OK,-26.821608040201006,11.590038314176244,-37.07804482851742
IRTC,2022-05-06,UDS,OK,-26.294770997129657,-2.97355018892721,-3.275466754012446
CCXI,2022-05-06,DT,OK,-36.78253839935327,-42.41531664212076,-59.88715055142344
OPEN,2022-05-06,DT,OK,-14.370220033165849,-25.208612564313192,-65.72365520555206
GDYN,2022-05-06,DT SW,OK,6.894100923951663,-38.98580121703854,-47.90439903013509
GEVO,2022-05-10,DT,OK,-32.751091703056765,-4.34782608695653,-58.09523809523809
LPSN,2022-05-10,DT,OK,-34.8,-39.2017903767251,-66.61204424416223
RCUS,2022-05-10,DT,OK,-36.8946287056061,-29.019478375701546,-38.41306215983958
TREX,2022-05-10,DT,OK,-13.580630141238558,-37.20536821923987,-51.269035532994934
RVMD,2022-05-10,DT SW,OK,-41.353677621283246,-33.58440407620735,-55.51928783382789
AMC,2022-05-10,DT,OK,-36.54333502280791,-16.029510395707568,-69.97601918465229
CLOV,2022-05-10,DT,OK,-25.617283950617285,-8.015267175572516,-69.37738246505718
PMVP,2022-05-10,DT,OK,-44.8323380799265,-23.20971867007673,-51.03954341622503
XPO,2022-05-10,DT,OK,-17.122833186182838,-19.990576476131483,-35.27984703108841
RNG,2022-05-10,DT,OK,-40.331971843225865,-57.173153692614775,-70.67065356685177
NCLH,2022-05-10,DT,OK,-21.54451549434333,-27.334851936218683,-44.847856154910104
LI,2022-05-10,DT,OK,-28.381962864721487,-33.98533007334964,-39.032258064516135
AUPH,2022-05-10,DT,OK,-26.19636963696369,-50.3607103218646,-72.02939337085678
BLDR,2022-05-10,DT SW,OK,8.15099381994322,-4.1024881516587675,-3.7031528851873774
TGTX,2022-05-10,DT,OK,-33.98558187435634,-37.218413320274244,-81.94874683187834
CRNC,2022-05-10,DT,OK,-22.261380323054325,-39.302912176106396,-75.28939507094847
CELH,2022-05-11,DT SW,OK,-17.429707316195653,-22.857142857142865,-60.259740259740255
EGHT,2022-05-11,DT,OK,-33.562231759656655,-47.878787878787875,-65.72187776793622
WKHS,2022-05-10,DT,OK,-40.375586854460096,-19.365079365079364,-61.221374045801525
ZLAB,2022-05-11,DT,OK,-39.692024821880025,-47.34095926148907,-69.90135352144988
HCAT,2022-05-11,DT,OK,-46.243254462432546,-55.52884615384615,-75.0433609558682
XMTR,2022-05-11,DT,OK,-17.855137563166746,-39.9055247484083,-36.57056145675266
REAL,2022-05-11,DT,OK,-36.27167630057804,-53.57894736842106,-67.85714285714286
ICL,2022-05-11,DT,OK,-15.06622516556292,4.268292682926833,13.747228381374722
EXK,2022-05-11,DT,OK,-36.86354378818737,-19.060052219321143,-41.72932330827068
DV,2022-05-11,DT,OK,-25.38775510204081,-34.43328550932567,-45.72446555819477
ENVX,2022-05-12,DT,OK,-35.25812807881774,-54.840460989739746,-74.71361231361232
BMBL,2022-05-12,DT SW,OK,-30.971025841816758,-40.419060493409944,-65.3225806451613
APP,2022-05-12,DT,OK,-45.330661322645284,-63.50501672240802,-73.66032634932895
SONO,2022-05-12,DT,OK,-29.929966826391443,-28.667917448405245,-45.51447406133562
RIVN,2022-05-12,DT,insufficient_history,,,
DDS,2022-05-12,DT SW,OK,2.2535211267605604,5.0690218198010895,-8.475562451512808
TOST,2022-05-13,DT,OK,-23.82729211087421,-48.52305475504324,-71.4257148570286
TPR,2022-05-12,DT,OK,-20.953800298062585,-34.856300663227714,-37.55592182717212
COMP,2022-05-13,DT,OK,-34.167893961708394,-46.33853541416567,-62.87375415282392
LZ,2022-05-13,DT,OK,-19.13978494623656,-32.85714285714286,-52.585119798234544
DUOL,2022-05-13,DT SW,OK,-27.565696982805232,-30.525879058188977,-54.761583141969474
NKTX,2022-05-13,DT,OK,40.26548672566372,26.67332667332667,-22.917933130699087
SSYS,2022-05-17,DT,OK,-20.409112040911204,-34.153846153846146,-48.49578820697954
ONON,2022-05-17,DT,OK,-17.808219178082197,-24.63982268193573,-45.16129032258065
CPNG,2022-05-12,DT,OK,-43.90951276102088,-57.02222222222222,-67.44107744107744
JD,2022-05-17,DT,OK,-8.893210749646396,-30.785762256548022,-40.046538685282144
AFRM,2022-05-13,DT,OK,-51.867662753468515,-69.25698704839809,-86.4899273571482
JMIA,2022-05-17,DT,OK,-32.47863247863248,-37.5141242937853,-70.60074428495481
SE,2022-05-17,DT,OK,-35.22748204089151,-45.55237284199117,-79.39289167570102
IONQ,2022-05-17,DT,OK,-54.409005628517825,-70.6166868198307,-75.88089330024815
NU,2022-05-17,DT,insufficient_history,,,
LSPD,2022-05-19,DT SW,OK,-20.51181102362204,-34.23452768729641,-70.64126799476516
SHLS,2022-05-17,DT SW,OK,-4.416403785488965,-12.110224800580127,-65.61702127659575
DLO,2022-05-18,DT,OK,-26.582761250953467,-43.41563786008231,-58.37837837837838
TME,2022-05-17,DT SW,OK,-15.478615071283086,-29.66101694915254,-53.10734463276836
CAN,2022-05-19,DT SW,OK,-25.943396226415093,-42.700729927007295,-70.65420560747664
BJ,2022-05-19,DT,OK,-23.202990224266816,-17.24244771494965,-13.23696605489686
UUUU,2022-05-17,DT,OK,-44.67289719626167,-10.843373493975905,-46.13284804367607
DECK,2022-05-20,DT SW,OK,-21.69677057157714,-24.350445311718218,-48.085177102061174
GOOS,2022-05-19,DT,OK,-20.426956885726245,-37.508218277449046,-64.18613413715147
WOOF,2022-05-24,DT,OK,-31.743805516596545,-15.704387990762125,-30.14354066985646
CAL,2022-05-25,DT,OK,-6.853582554517135,3.2051282051281937,-25.250000000000007
CD,2022-05-26,DT SW,OK,23.505976095617555,11.111111111111116,-34.73684210526316
BABA,2022-05-26,DT SW,OK,-2.000238123586129,-24.43771229229781,-38.41837498129582
IQ,2022-05-26,DT SW,OK,11.180124223602483,-10.499999999999998,-46.084337349397586
WSM,2022-05-26,DT,OK,-15.06242151141316,-18.367057152999642,-45.63593380614657
M,2022-05-26,DT,OK,-21.043978627209192,-23.618290258449292,-42.87838239666964
ZM,2022-05-24,DT,OK,-10.821603274433468,-29.444751599399734,-64.45284520493435
PANW,2022-05-20,DT,OK,-30.31131152520512,-12.575670152662576,-15.06352574605817
PDD,2022-05-27,DT SW,OK,12.052378407268826,-18.818973862536303,-48.46361848574238
MRVL,2022-05-27,DT,OK,0.4760225669957707,-17.105454545454545,-22.84050907121581
ZS,2022-05-27,DT,OK,-30.587028716546193,-35.93418976786117,-58.49855461792275
BEKE,2022-05-31,DT SW,OK,-13.673929376408722,-40.80370942812983,-45.233555767397526
HTHT,2022-05-31,DT SW,OK,1.9555850182300327,-25.62862669245648,-22.46029745399546
ESTC,2022-06-02,DT,OK,-19.943130412304523,-27.521647554411423,-60.15695355718513
DLTR,2022-05-26,DT,OK,-20.595577746077034,-1.8658635128186218,-7.684334185612607
CPRI,2022-06-01,DT U,OK,2.180293501048225,-26.6736873777644,-19.076871990702305
CHWY,2022-06-02,DT,OK,-22.653934804082986,-47.927288849479055,-65.5874597128626
PATH,2022-06-02,DT,OK,-9.369951534733456,-50.397877984084886,-65.11917098445596
MDB,2022-06-02,DT,OK,-32.753969798937675,-36.64422144784761,-51.45352338887774
STNE,2022-06-03,DT SW,OK,8.091286307053934,-0.5725190839694694,-30.533333333333335
FUTU,2022-06-06,DT SW,OK,6.840579710144934,9.800417039022925,-10.728990070234923
GTLB,2022-06-07,DT SW,OK,-16.63527934714375,5.257595772787327,-54.72727272727273
PLAY,2022-06-07,DT U,OK,-15.494555353901996,6.85599541021229,23.507957559681692
OKTA,2022-06-03,DT U,OK,-20.421338769962617,-44.23145612572925,-52.705977382875616
YMM,2022-06-08,DT SW,OK,34.232715008431704,2.445302445302455,-27.23948811700182
KC,2022-06-08,DT SW,OK,46.01769911504425,-6.6037735849056585,-66.71149966375252
BRZE,2022-06-14,DT SW,OK,-0.3727549983056688,-8.638906152890002,-57.25501599302123
SIG,2022-06-09,DT U,OK,-8.971169325332939,-7.7561916061100415,-30.323736977708073
BZ,2022-06-24,DT SW,OK,39.052924791086355,-8.100147275405,-28.255245760275937
SI,2022-07-19,DT SW,OK,1.0093167701863193,-44.95684548993062,-52.29889271833981
ENPH,2022-07-27,U,OK,8.926861232925054,37.11928934010152,68.69633099141296
WFRD,2022-07-28,U,OK,-13.230240549828187,-39.91671624033313,-31.77980412022965
RES,2022-07-27,DT SW,OK,-4.360465116279066,-37.3929590865842,17.500000000000004
WING,2022-07-28,U,OK,26.465364120781555,2.4039449352784015,-32.520985648524224
IMPP,2022-07-27,DT,OK,-4.296875,-49.90287291687967,-64.4927536231884
ETSY,2022-07-28,DT U,OK,18.41289522628642,-4.604934571970832,-34.196926893130296
ASO,2022-06-07,UDS,OK,-8.32474226804123,18.764607679465772,-13.790596219098394
RIG,2022-08-02,SW,OK,-3.3033033033032955,-14.361702127659559,-1.2269938650306678
PINS,2022-08-02,DT SW,OK,10.077092511013209,-2.5828460038986423,-25.521609538002988
RNG,2022-08-03,DT,OK,-10.012674271229393,-43.02418892582827,-71.83976429259448
HRMY,2022-08-02,CPH,OK,0.9432027885995398,9.302841918294845,44.92198999116867
SPT,2022-08-03,DT SW,OK,-10.775566231983525,-18.952618453865334,-24.473493100944076
RUN,2022-08-04,DT U,OK,23.404255319148938,34.00174367916302,18.18531334102267
EDIT,2022-08-03,DT U,OK,30.89753772835584,15.48703573931325,-13.4453781512605
CLAR,2022-08-02,DT SW,OK,8.425487098472884,-7.874720357941845,-4.852125693160813
DQ,2022-08-03,DT SW,OK,-12.7740840288584,52.81288723667905,53.6889332003988
VRNS,2022-08-02,DT,OK,-13.40381991814461,-41.226851851851855,-24.61401425178147
FIGS,2022-08-05,DT U,OK,15.240083507306878,-33.05033353547604,-49.726775956284165
MNDY,2022-08-08,DT SW,OK,12.58587282015149,-2.997419942328128,-29.28192077893339
NET,2022-08-05,DT SW,OK,16.047666335650447,-35.365044247787615,-41.45290581162324
DKNG,2022-08-05,DT U,OK,32.255456750202114,4.00508582326764,-24.919687930243228
GDRX,2022-08-09,DT U,OK,18.112633181126327,-39.0894819466248,-70.69486404833837
FUBO,2022-08-05,DT,OK,17.85714285714286,-35.0109409190372,-71.38728323699422
TEAM,2022-08-05,DT SW,OK,10.853981236468613,-1.8278653600340866,-26.68872697190493
WTI,2022-08-08,U,OK,14.143920595533487,-19.720767888307165,4.545454545454519
PUBM,2022-08-09,DT U,OK,3.677758318739066,-17.89181692094313,-32.39436619718309
PLRX,2022-08-09,UDS,OK,114.30180180180179,279.84031936127747,80.37914691943129
ATRA,2022-08-09,U,OK,-57.294117647058826,-47.54335260115607,-75.15400410677618
ARRY,2022-08-10,U,OK,56.058020477815674,150.20519835841313,91.9202518363064
LMND,2022-08-09,DT SW,OK,17.281644091546,18.164705882352948,-12.721584984358703
INO,2022-08-10,DT SW,OK,7.969151670951158,-11.392405063291145,-44.736842105263165
U,2022-08-10,DT U,OK,21.794871794871785,-0.05954743946010588,-52.369690663134996
JMIA,2022-08-10,DT U,OK,20.138888888888886,25.135623869801083,-22.76785714285715
TTD,2022-08-10,DT U,OK,25.258561250287293,21.138030673482987,-25.920891667799374
AEMD,2022-08-10,DT,OK,29.702970297029708,34.276342763427635,-9.027777777777779
PLUG,2022-08-10,DT U,OK,33.64030335861321,48.34636199639208,14.958061509785647
BROS,2022-08-11,DT U,OK,21.306504961411243,7.867647058823524,-24.769230769230777
KRNT,2022-08-10,DT U,OK,23.060970551638338,-47.75488642366613,-70.25563909774436
ENVX,2022-08-11,U,OK,83.52207792207791,102.6327110040437,1.1263936796003904
AOSL,2022-08-11,DT SW,OK,14.854191980558928,6.178039876439212,-28.295088185093864
WRBY,2022-08-11,DT U,OK,22.45250431778929,-22.55598033861278,-55.96273291925466
HUT,2022-08-11,DT U,OK,84.35374149659867,-3.214285714285714,-63.129251700680264
TOST,2022-08-12,DT U,OK,25.5186721991701,43.13880126182965,-34.89956958393113
VERU,2022-08-11,SW,OK,-21.533333333333328,51.091142490372256,108.31858407079649
LZ,2022-08-12,DT U,OK,10.230692076228687,0.7332722273143855,-33.79518072289157
DDS,2022-08-11,DT U,OK,24.342171085542773,-16.590604026845636,-5.476118040766654
GLBE,2022-08-16,DT U,OK,20.546737213403876,33.626588465298134,-30.573895378364657
PGY,2022-08-16,UDS,insufficient_history,,,
IONQ,2022-08-16,DT SW,OK,40.397350993377486,22.307692307692317,-62.18787158145065
DNA,2022-08-16,DT SW,OK,16.333333333333332,31.203007518796987,-35.84558823529412
MLCO,2022-08-18,DT SW,OK,4.536862003780717,0.7285974499089187,-51.66083916083915
NU,2022-08-16,DT SW,OK,21.558441558441555,-2.904564315352709,-45.19906323185011
BILL,2022-08-19,DT U,OK,7.675675675675686,47.003837449571996,-41.8450759050214
SNOW,2022-08-25,DT SW,OK,22.57147248693514,23.034791329167636,-36.86814709258599
PAGS,2022-08-26,DT SW,OK,37.56855575868374,7.423269093504636,-3.956604977664324
YMM,2022-08-25,DT SW,OK,-18.319719953325553,41.70040485829958,-19.81672394043529
PDD,2022-08-29,DT SW,OK,13.081909251620516,37.30026234199857,11.461761858664099
NFLX,2022-10-19,DT SW,OK,-1.13696999548496,11.282572537423775,-30.908465046900545
AEHR,2022-10-07,CPH,OK,-0.9285714285714342,83.9522546419098,46.77248677248678
NCNO,2022-09-02,DT,OK,-17.48173130972456,-19.978195693649493,-41.45563310069791
ASAN,2022-09-08,DT,OK,-28.36719337848006,-16.049382716049386,-57.203866037311755
PD,2022-09-02,DT,OK,-14.112615823235918,-12.139992708713077,-23.346055979643765
WING,2022-10-26,DT U,OK,8.969696969696962,35.28290529695022,38.53503184713374
EDU,2022-10-26,DT,OK,-12.867190732312794,-18.181818181818176,115.99999999999997
VICR,2022-10-26,DT,OK,-16.143497757847534,-31.25,-13.425925925925931
PI,2022-10-27,UDS,OK,9.565324165029487,7.5967683588568535,76.27419992097985
TDOC,2022-10-27,DT U,OK,0.4130679684566152,-24.88764044943821,-52.24147169137346
PINS,2022-10-28,DT SW,OK,-8.179530201342278,12.371663244353194,3.2547169811320886
SOFI,2022-11-01,DT SW,OK,11.475409836065587,-15.132605304212166,-14.060031595576616
JELD,2022-10-31,DT U,OK,17.46031746031744,-32.46414602346807,-50.16835016835017
SHOP,2022-10-27,DT,OK,4.344703770197467,-19.07546644388749,-30.177799135031236
TAL,2022-10-28,DT,OK,-19.797979797979792,-19.308943089430887,31.023102310231042
CZR,2022-11-02,DT U,OK,29.985358711566622,-9.886317498984976,-34.38285291943829
MTCH,2022-11-02,DT,OK,-12.688941925218778,-30.581910183428217,-44.44444444444444
CHGG,2022-11-02,DT SW,OK,-0.42452830188679513,-4.695259593679458,21.182548794489087
TXG,2022-11-03,DT,OK,-16.189290161892888,-36.74812030075187,-48.714040769670405
FRSH,2022-11-02,DT SW,OK,-5.323741007194249,-12.962962962962955,-22.405660377358494
AMD,2022-11-02,DT,OK,-9.756466495235216,-39.17830563767969,-34.53308460441128
DDOG,2022-11-03,DT,OK,-21.88778185631882,-32.59118472259932,-37.41176470588235
RUN,2022-11-03,DT SW,OK,-28.913685592385953,-31.929604022627277,-11.01068200493015
VCYT,2022-11-03,DT SW,OK,4.669887278582929,-29.50108459869848,-13.140311804008908
HUBS,2022-11-03,DT,OK,-11.766478090583476,-25.84819670286389,-32.796206114071545
BTU,2022-11-03,UDS,OK,-11.40785959557421,22.79217345319935,2.4261138067930954
UAA,2022-11-03,DT,OK,-4.054054054054069,-23.655913978494635,-54.42875481386393
MELI,2022-11-04,DT SW,OK,-6.734064427690201,-15.02034523472643,-4.6363417358358365
UA,2022-11-03,DT,OK,-5.159332321699539,-25.149700598802394,-56.657420249653256
PGNY,2022-11-04,DT SW,OK,-3.063511830635113,-5.419198055893071,5.703422053231932
FATE,2022-11-04,DT,OK,-17.44482173174873,-41.801316576900064,-28.466347922030167
TDW,2022-11-04,UT,OK,36.55115511551157,59.671972986010616,54.745208041140714
DASH,2022-11-04,DT,OK,-10.152859030005668,-40.70245360567942,-34.91455912508544
COIN,2022-11-04,DT,OK,-23.530217897766203,-40.0322407307899,-51.159737417943106
IOVA,2022-11-04,DT,OK,-13.401015228426393,-29.96715927750411,-42.48145650708025
TMDX,2022-11-04,UDS,OK,2.3588115218870387,-7.482574825748256,57.63185469786938
SNDX,2022-11-04,UDS,OK,-9.704811969268102,-6.451612903225823,34.437086092715234
BE,2022-11-04,SW,OK,-16.155717761557177,-28.50622406639004,-9.172377438060087
BL,2022-11-04,DT SW,OK,-24.804417855499306,-27.129478222090075,-20.92272947249556
FOUR,2022-11-07,DT SW,OK,-17.048977061376313,-14.939605848696758,-8.958947607167167
SPWR,2022-11-08,DT SW,OK,-23.189066059225517,-31.60243407707911,10.052219321148815
RILY,2022-11-04,DT,OK,-18.599188554345503,-31.598779831329626,-25.822144386067336
GFS,2022-11-08,DT SW,OK,10.898699251083954,1.0777797736662542,7.631981637337426
PRM,2022-11-04,DT,OK,-5.29100529100528,-28.25651302605211,-20.532741398446163
LPSN,2022-11-08,DT,OK,1.5045135406218657,-21.853281853281846,-37.914110429447845
XP,2022-11-09,DT SW,OK,-13.443396226415082,-10.618606916707252,-1.6085790884718398
SEDG,2022-11-08,DT SW,OK,0.801450243297408,-32.41211655951124,-6.238906638267661
ABCL,2022-11-09,DT SW,OK,12.08791208791209,-8.245877061469265,84.33734939759037
COHR,2022-11-09,DT,OK,-13.414281584272924,-89.03532857404358,-88.69768670515869
ARRY,2022-11-09,CPH,OK,1.7375674056321122,-27.98982188295165,145.3757225433526
TTD,2022-11-09,DT U,OK,-20.900966624110893,-41.58135775862068,-0.8685714285714297
FVRR,2022-11-09,DT,OK,-4.018912529550822,-32.042085126733625,-30.462441888916068
BROS,2022-11-10,DT U,OK,-1.2182741116751217,-36.941023979261175,-15.07128309572301
APP,2022-11-10,DT,OK,-22.678671918964543,-60.12768427161927,-49.63343108504399
U,2022-11-10,DT,OK,-30.89038894246223,-60.36866359447004,-29.04290429042904
ZLAB,2022-11-10,DT,OK,-0.6606397774687078,-36.511111111111106,14.143028365960841
BYND,2022-11-10,DT,OK,-16.229624379872433,-67.75777414075286,-54.83377913641574
FSM,2022-11-10,U,OK,10.21897810218977,15.267175572519086,4.137931034482767
MQ,2022-11-10,DT,OK,-10.344827586206895,-25.179856115107913,-5.88235294117646
CELH,2022-11-10,UDS,OK,-8.87486965589156,-23.722141402385798,65.85814875970317
CPNG,2022-11-10,DT SW,OK,-11.659436008676805,-12.887700534759361,68.45915201654603
PAYO,2022-11-10,DT U,OK,-7.598371777476265,19.8943661971831,97.39130434782606
RKLB,2022-11-10,DT SW,OK,13.126491646778039,-19.11262798634812,-8.317214700193421
JXN,2022-11-10,U,OK,2.000655952771413,-5.585913782635088,-0.4481434058898781
RIVN,2022-11-10,DT SW,OK,-13.176616145994425,-27.933247753530168,36.262135922330096
HUT,2022-11-10,DT,OK,-3.351955307262555,-41.554054054054056,-29.0983606557377
RNG,2022-11-10,DT,OK,-17.269544924154033,-44.096195545042384,-53.998377939983776
NIO,2022-11-10,DT,OK,-27.903351519875297,-55.571565802113355,-27.222659323367438
WRBY,2022-11-10,DT SW,OK,-7.288016818500342,-21.71597633136094,-16.896984924623116
TGTX,2022-11-10,DT SW,OK,-3.9106145251396662,-31.382978723404253,-9.632224168126092
WIX,2022-11-10,DT SW,OK,-6.809651474530831,-8.24864722185562,19.143101970865462
DOCS,2022-11-11,DT,OK,-2.0096762188314243,-30.674038967877827,-11.792294807370196
SNDL,2022-11-14,DT SW,OK,18.72146118721463,-17.981072555205046,-32.291666666666664
APPS,2022-11-10,DT,OK,-19.26536731634183,-52.98996071584461,-53.13315926892951
PAAS,2022-11-10,DT,OK,-13.888888888888884,-23.4997195737521,-37.83044667274385
LZ,2022-11-11,DT SW,OK,13.701923076923084,-27.062451811873554,-16.134751773049636
TOST,2022-11-11,DT SW,OK,11.607142857142838,1.8329938900203624,39.95801259622114
DLO,2022-11-15,DT SW,OK,15.176290240163514,-25.016633399866926,20.85790884718499
YOU,2022-11-14,DT SW,OK,1.6773162939297093,-10.666666666666668,-9.93986558188893
NU,2022-11-15,DT SW,OK,5.582524271844647,-21.19565217391305,0.0
SHLS,2022-11-15,DT U,OK,12.406203101550783,-14.627659574468089,85.3960396039604
MNDY,2022-11-14,DT,OK,-0.6989359482578728,-29.63483146067416,-13.761551005616957
DAVA,2022-11-15,DT,OK,1.3096623981373678,-38.241816730240394,-28.59487179487179
GRAB,2022-11-16,DT SW,OK,27.235772357723565,-12.324929971988796,14.652014652014644
SE,2022-11-15,DT,OK,-10.31916976698649,-40.84979981919153,-34.878430257358175
BBWI,2022-11-17,DT SW,OK,-7.060219519430444,-22.180824639841035,-27.03772706101537
JMIA,2022-11-17,DT,OK,-9.021113243761992,-44.690781796966164,-28.828828828828822
ANF,2022-11-22,DT SW,OK,9.976387249114516,-5.670886075949378,-30.303030303030308
TWST,2022-11-18,DT SW,OK,-16.116248348745053,-40.66806820836254,-32.17623497997331
AEO,2022-11-22,DT U,OK,25.361620057859223,3.6682615629984205,0.5413766434648082
YMM,2022-11-23,DT SW,OK,28.99159663865547,-12.285714285714288,24.291497975708488
CLFD,2022-11-18,UDS,OK,-9.244271087274502,-24.609153503442695,70.86469616302551
PDD,2022-11-28,DT SW,OK,23.84629873799209,14.208789299982637,56.80896732649654
STNE,2022-11-18,DT SW,OK,-5.2783109404990425,8.940397350993369,5.561497326203213
BILI,2022-11-29,U,OK,32.24789915966386,-47.4321503131524,-40.75294117647059
BEKE,2022-11-30,DT SW,OK,46.699029126213574,-15.160022459292533,12.761194029850742
BZ,2022-11-29,DT SW,OK,23.911257189811018,-35.167669819432504,-19.011815252416763
PD,2022-12-02,DT,OK,-9.266720386784854,-6.556016597510384,-17.900109369303685
GTLB,2022-12-06,DT SW,OK,-7.860576923076934,-19.135021097046412,-3.790160642570295
IOT,2022-12-02,DT,OK,-16.38513513513513,-23.493044822256557,-17.015926236378874
XPEV,2022-11-30,DT,OK,6.531204644412192,-59.802847754654984,-68.76595744680851
WOOF,2022-11-30,DT,OK,-10.640301318267408,-36.47925033467202,-40.53884711779448
OKTA,2022-12-01,DT,OK,-4.989308624376331,-41.66301969365427,-36.84709226578231
PATH,2022-12-02,DT,OK,4.785077047850761,-20.049504950495045,-34.21588594704684
MDB,2022-12-07,DT,OK,-0.4746182418489453,-41.352194884682426,-51.050441489901544
CALX,2023-01-26,UTU,OK,-14.287827244490458,-3.960888299635401,15.025803890432709
SI,2023-01-17,DT,OK,-29.52482648158036,-80.77203204661326,-78.55750487329435
PTON,2023-02-01,DT U,OK,59.826946847960436,61.42322097378277,33.43653250773995
MBLY,2023-01-26,UT,insufficient_history,,,
DOCU,2022-12-09,DT,OK,6.189320388349517,-31.68332292317302,-49.919871794871796
AEHR,2023-01-06,CPH,OK,-32.59172521467604,20.60055865921788,131.50134048257374
TSLA,2023-01-26,U,OK,15.221380135620265,-31.63076923076923,-44.20536197172217
FLNC,2022-12-13,DT SW,OK,10.610932475884226,-6.0622610595303055,95.8997722095672
SOFI,2023-01-30,DT U,OK,35.30751708428248,7.220216606498209,-5.714285714285705
ENPH,2023-02-08,DT,OK,-2.2212711320350964,-19.112023792663923,-20.601932299993052
FLNC,2023-02-09,DT U,OK,19.978284473398467,70.78825347758888,39.08118313404658
MNDY,2023-02-13,DT U,OK,20.83640383198231,71.56683233063042,-6.246426529445381
APP,2023-02-09,DT,OK,24.557956777996083,-15.127175368139223,-64.78755901138572
BE,2023-02-10,SW,OK,7.454545454545447,21.292970754232954,-19.317406143344705
PI,2023-02-09,UDS,OK,6.7690994451557795,19.476549813735787,36.550218340611366
BTU,2023-02-14,UDS,OK,-5.0126217093400705,-4.978354978354971,12.564102564102564
NET,2023-02-10,DT U,OK,39.16267942583733,44.127849355797835,-26.001780943900265
PLTR,2023-02-14,DT SW,OK,8.559201141226836,-0.3926701570680535,-23.20887991927346
EMBC,2023-02-14,DT SW,OK,22.701769529564086,-7.544715447154471,-0.8716875871687568
RBLX,2023-02-15,DT SW,OK,7.407407407407418,-2.9123571039738727,-27.144607843137248
UPST,2023-02-15,DT,OK,-0.8240141259564293,-25.244010647737348,-49.06287787182587
DOCN,2023-02-16,DT U,OK,18.790496760259167,6.658047834518421,-31.464174454828665
CYH,2023-02-16,U,OK,10.195227765726678,58.74999999999999,53.474320241691856
ROKU,2023-02-16,DT U,OK,24.417009602194796,8.47428669058603,-24.5244888254874
TXG,2023-02-16,DT U,OK,6.686649757897167,18.823831535695955,-0.21565667457406068
DKNG,2023-02-17,DT U,OK,28.22174226061913,15.49935149156938,-13.41759844433642
FVRR,2023-02-22,DT U,OK,11.317418213969944,-1.8961038961038845,4.049586776859515
TDS,2023-02-17,DT U,OK,-2.368421052631575,8.585365853658544,-34.91228070175438
SPT,2023-02-22,DT SW,OK,-2.3972032628599926,-5.8908507223113915,-2.8339410009943666
IQ,2023-02-22,DT U,OK,27.24077328646748,144.5945945945946,101.67130919220058
ENVX,2023-02-23,DT SW,OK,0.7299270072992803,-35.813953488372086,-60.057997221425886
VCYT,2023-02-23,DT SW,OK,-9.194528875379948,-8.00615858352579,12.842304060434362
GLBE,2023-02-22,DT SW,OK,3.942652329749108,25.90448625180897,-23.906705539358587
VRT,2023-02-22,DT SW,OK,5.096418732782371,9.07791279485346,23.763179237631782
RUN,2023-02-23,DT SW,OK,-10.24972046216921,-20.763409016123735,-22.671804752729617
ACVA,2023-02-23,U,OK,21.07023411371236,36.09022556390975,37.294563843236396
KYMR,2023-02-23,DT SW,OK,-11.382799325463733,9.327323162274626,-0.9425070688030113
LMND,2023-02-23,DT,OK,6.144890038809825,-17.95,-28.868660598179453
BYND,2023-02-24,DT SW,OK,7.259073842302888,29.066265060240994,-34.279141104294474
NEO,2023-02-23,U,OK,11.809045226130666,31.268436578171087,27.507163323782223
FOUR,2023-02-28,DT U,OK,-9.5434369055168,26.51884700665188,17.479925880172953
ALLO,2023-03-01,DT,OK,-19.823232323232332,-41.039925719591466,-54.99645641389086
BLNK,2023-03-01,DT,OK,-35.9518754423213,-31.59486016628873,-57.67072029934518
HIMS,2023-02-28,UT,OK,27.140974967061936,53.907496012759196,51.25391849529781
RLAY,2023-02-24,DT SW,OK,-15.182481751824817,-6.491416309012877,-24.2503259452412
SDGR,2023-03-01,DT SW,OK,-5.39834566826295,19.199122325836537,-21.52401589021308
PSNY,2023-03-02,DT,OK,-10.142348754448394,-26.705370101596515,-37.03241895261845
AI,2023-03-03,UDS,OK,7.355163727959679,73.95918367346938,15.752308527973913
AZUL,2023-03-06,DT,OK,-39.884393063583815,-42.14186369958276,-55.50802139037433
OCUL,2023-03-07,CPH,OK,31.603773584905646,82.95081967213116,5.681818181818188
AMLX,2023-03-14,UDS,OK,-7.314897413024091,-15.847732181425478,4.31726907630523
S,2023-03-15,DT,OK,-5.1147540983606525,-5.855562784645407,-50.66484827821343
CSIQ,2023-03-21,DT SW,OK,-9.89949748743718,2.986789201608264,-10.662680617837573
FCEL,2023-03-09,DT SW,OK,-16.030534351145043,-4.347826086956519,-14.28571428571429
MARA,2023-03-17,DT SW,OK,13.541666666666675,63.73390557939913,-39.44444444444445
ZIM,2023-03-13,DT,OK,-10.18815970628728,10.627473148671562,-37.79402415766052
PATH,2023-03-16,DT SW,OK,-4.935064935064936,11.246200607902734,2.2346368715083775
GME,2023-03-22,DT,OK,-19.7362437471578,-15.144230769230782,-39.053867403314925
BMEA,2023-03-29,CPH,OK,143.92374900714856,295.23809523809524,199.31773879142304
LOVE,2023-03-28,DT SW,OK,-13.700107874865154,26.249342451341384,16.618075801749278
IONQ,2023-03-31,DT SW,OK,9.956709956709965,62.82051282051282,0.19723865877712132
KRUS,2023-04-05,DT SW,OK,-2.5767226404169064,42.283298097251595,-5.6762438682550815
WAL,2023-04-19,DT SW,OK,3.7994891443167145,-49.659337256116444,-49.04388714733542
CUBI,2023-04-28,DT SW,OK,1.5795206971677578,-30.306427503736934,-43.621523579201934
RUM,2023-03-31,DT SW,OK,18.46446700507616,54.55298013245034,-28.137028483448802
LMND,2023-05-04,DT,OK,-21.901408450704217,-33.59281437125748,-54.17355371900827
MCB,2023-04-19,DT,OK,-13.555992141453832,-48.016877637130804,-53.30503335354759
OPEN,2023-05-05,DT SW,OK,-23.725845058088623,-51.61111111111112,-44.670308728242915
LUMN,2023-05-03,DT,OK,-11.698113207547166,-55.42857142857143,-68.11989100817439
W,2023-05-04,DT SW,OK,-12.71966527196653,-52.954442940911136,-17.484177215189877
FUBO,2023-05-05,DT SW,OK,-0.8849557522124019,-63.1578947368421,-68.45070422535211
CVNA,2023-05-05,DT,OK,-24.210526315789473,-49.473684210526315,-52.87958115183247
SG,2023-05-05,DT SW,OK,7.891156462585025,-32.45315161839864,-56.52412280701754
COIN,2023-05-05,DT,OK,-21.29836904381196,-39.57770684998773,-22.231000158002846
STEM,2023-05-05,DT,OK,-27.787934186471663,-62.630085146641434,-70.95588235294117
SHLS,2023-05-09,UDS,OK,-8.619091751621866,-25.47241118669691,-8.830328247803976
RILY,2023-05-05,DT,OK,1.1519078473722022,-39.66072578913463,-32.01064601984031
NSSC,2023-05-08,DT,OK,-21.43472022955524,-12.074502247912655,1.7465626161278225
NVAX,2023-05-09,DT,OK,-11.938534278959823,-32.82236248872859,-63.0639563708478
FIVN,2023-05-05,DT,OK,-23.751686909581636,-34.00303702838453,-5.597326649958234
UPST,2023-05-10,DT SW,OK,-17.986030267753208,-31.268292682926834,-27.25864739287559
GH,2023-05-10,DT,OK,0.46063651591290444,-16.001400560224088,-49.248995134334685
LUNR,2023-05-12,DT,insufficient_history,,,
GTLB,2023-06-06,DT U,OK,32.23757937990288,-30.84586833365892,-17.5593851886353
SFIX,2023-06-07,DT U,OK,18.709677419354833,-25.955734406438623,-2.902374670184693
FVRR,2023-05-11,DT,OK,-19.05165114309907,-33.44163378974241,4.862888482632544
FLNC,2023-05-11,SW,OK,-4.940617577197148,-9.457013574660634,54.636785162287495
BFLY,2023-05-11,DT SW,OK,-20.640569395017792,-20.35714285714285,-40.691489361702125
CRDO,2023-06-01,UT,OK,64.86486486486484,26.84310018903591,-5.024769992922861
DBI,2023-06-08,DT,OK,-5.628272251308896,-23.13432835820897,-31.916902738432483
AEHR,2023-07-14,UDS,OK,-3.404056889717888,46.551114255394424,43.15825846579129
CVNA,2023-07-19,UT,OK,50.8718726307809,339.29359823399557,466.95156695156703
QS,2023-07-27,U,OK,41.1144578313253,28.532235939643336,19.059720457433272
TOP,2023-06-30,DT,OK,-24.783027965284475,55.68862275449102,72.56637168141592
SYM,2023-07-31,UDS,OK,0.8126195028680616,50.69667738478027,186.9387755102041
SIMO,2023-07-28,DT,OK,-34.86727859092037,-16.211903622147762,-22.12664985911317
APLD,2023-07-24,UDS,OK,-15.350877192982448,139.0092879256966,219.00826446280993
ENVX,2023-07-27,UDS,OK,49.390243902439,54.695434906145415,145.30487892094456
TLRY,2023-07-26,DT SW,OK,10.526315789473696,-28.510638297872337,-47.16981132075472
ROKU,2023-07-28,UT,OK,7.368918280585723,20.562234794908065,30.7574304889741
CHRS,2023-08-03,DT SW,OK,-1.8099547511312264,-39.47001394700139,-48.82075471698114
SOFI,2023-07-31,UT,OK,7.666290868094716,57.590759075907606,67.2504378283713
CSTL,2023-08-03,DT SW,OK,23.91143911439113,-23.88939256572983,-37.998522895125554
EVGO,2023-08-03,DT SW,OK,-0.23529411764705577,-22.486288848263246,-38.46153846153846
RUN,2023-08-03,DT SW,OK,-0.22371364653243075,-8.183221821924857,-32.115677321156774
SABR,2023-08-03,U,OK,11.818181818181817,-5.626598465473154,-45.81497797356828
NET,2023-08-04,DT SW,OK,-0.061462814996915416,55.22673031026255,17.16807782381555
TWST,2023-08-04,DT,OK,5.190839694656502,68.59706362153347,-28.920220082530935
FSLY,2023-08-03,UT,OK,3.6546943919344654,15.926708949964773,58.93719806763285
FUBO,2023-08-04,DT U,OK,52.13270142180095,176.72413793103453,13.829787234042556
STEM,2023-08-04,DT SW,OK,16.43835616438356,70.42606516290728,-34.74088291746641
TRUP,2023-08-04,DT SW,OK,32.90909090909091,-16.45714285714286,-52.198790256661766
NVAX,2023-08-08,DT,OK,4.011065006915615,-2.4643320363164745,-33.03650934995548
AAOI,2023-08-04,UDS,OK,-6.258890469416789,268.1564245810056,153.46153846153845
RKLB,2023-08-09,DT SW,OK,11.557788944723635,72.98701298701297,35.365853658536594
CLOV,2023-08-09,DT U,OK,48.66979655712051,51.72256445357062,8.130081300813007
AMC,2023-08-08,DT SW,OK,21.904761904761916,-13.073005093378598,-15.78947368421052
GENI,2023-08-07,UDS,OK,1.3698630136986356,94.73684210526318,34.790528233151186
SOUN,2023-08-09,DT,OK,-47.214854111405835,-26.838235294117652,-50.62034739454096
BLNK,2023-08-09,DT,OK,-7.485029940119759,-13.323983169705478,-55.41125541125541
AZUL,2023-08-10,DT SW,OK,-15.092748735244509,42.23163841807911,57.09828393135725
FLNC,2023-08-10,DT SW,OK,8.232539992196642,40.45569620253164,24.28315412186379
RGTI,2023-08-11,UT,OK,-5.747126436781613,236.47927780057447,17.985611510791365
ACHR,2023-08-11,UT,OK,18.25557809330629,144.95798319327733,114.33823529411762
CAVA,2023-08-16,DT,insufficient_history,,,
IONQ,2023-08-11,UT,OK,-3.600543478260876,104.17266187050357,176.6081871345029
PGY,2023-08-11,UDS,OK,41.717791411042946,153.84615384615384,92.49999999999999
NVTS,2023-08-15,UTU,OK,-13.64092276830493,37.75999999999999,61.53846153846152
AFRM,2023-08-25,DT SW,OK,-22.10941906373378,-3.4265734265734316,0.8765522279035931
VFS,2023-10-05,DT,insufficient_history,,,
NSSC,2023-08-29,DT U,OK,-37.41758241758241,-39.703546850185276,-28.07072939690559
TLRY,2023-10-04,DT,OK,-25.083612040133787,36.585365853658544,-11.811023622047244
NXT,2023-10-26,UDS,OK,-8.977035490605434,-16.134872143018775,16.284907436460628
MBLY,2023-10-26,UDS,OK,-16.02373887240356,-10.655090765587993,-21.188210721745193
VRT,2023-10-25,UDS,OK,6.146314930649988,54.02525651144436,219.13327882256746
SOFI,2023-10-30,DT,OK,-11.583011583011583,-39.99999999999999,10.2728731942215
APLD,2023-10-09,DT,OK,-1.3358778625954248,-37.635705669481304,106.80000000000001
JKS,2023-10-30,DT,OK,-11.638225255972701,-39.01060070671378,-47.812940939326744
COCO,2023-10-31,UDS,OK,-10.253456221198153,-11.44372868510799,7.349563619660082
WOLF,2023-10-31,DT,OK,-27.244094488188985,-56.173913043478265,-40.591513073296184
HRMY,2023-10-31,DT,OK,-39.853524565151055,-42.01235657546337,-39.835164835164825
RGEN,2023-10-31,DT,OK,-28.199484309162937,-31.68382000957396,-25.641526638009637
TGTX,2023-11-01,DT,OK,-5.269607843137248,-26.729857819905213,-75.19255455712451
ACLS,2023-11-02,DT,OK,-19.58879919273461,-31.675687262204598,3.9882554440910267
FSLY,2023-11-02,DT,OK,-19.67305524239007,-29.59486166007904,5.3215077605321515
ROKU,2023-11-02,DT,OK,-13.037144938091771,-32.519498134961,11.567931227807904
ELF,2023-11-02,DT,OK,-4.6110382403390044,-28.411328184158712,2.2385638585487255
SABR,2023-11-02,DT,OK,-10.941475826972013,-28.425357873210633,-11.392405063291145
JOBY,2023-11-02,DT,OK,-12.56117455138661,-34.95145631067961,30.731707317073198
MOD,2023-11-02,UTU,OK,-6.965174129353235,-4.8566142460684585,95.62529719448408
SITM,2023-11-02,DT,OK,-11.16518226058213,-30.043383947939272,-9.189036981415432
INMD,2023-11-02,DT,OK,-33.06366514245514,-55.74418604651162,-43.54790863245328
SDGR,2023-11-02,DT,OK,-20.20848573518653,-42.93748365158252,-25.16295025728987
LMND,2023-11-02,DT,OK,-0.5424954792043413,-36.452917388792606,-0.8115419296663595
PRCT,2023-11-02,DT,OK,-12.344893413935731,-21.77739920499716,-5.39148351648352
LNTH,2023-11-02,DT SW,OK,-11.466845277963833,-9.540104024089791,-19.90061810689614
PLTR,2023-11-02,UDS,OK,0.13422818791946067,-20.25654730090861,97.35449735449737
CLDX,2023-11-03,DT,OK,-9.396226415094333,-28.62663495838288,-23.75357256271832
SPT,2023-11-03,DT SW,OK,-11.423220973782778,-9.057893612475976,10.471000389256524
FUBO,2023-11-03,DT SW,OK,9.600000000000009,-13.291139240506322,144.64285714285717
TRUP,2023-11-03,DT,OK,-12.62655205348615,-26.225806451612897,-36.383866481223926
PRTA,2023-11-03,DT,OK,-22.79151943462897,-43.31117236906113,-50.171037628278214
ODD,2023-11-08,DT SW,insufficient_history,,,
MQ,2023-11-08,DT SW,OK,-7.279029462738295,-3.429602888086647,20.767494356659142
ENVX,2023-11-08,DT,OK,-0.2926677275408074,-41.5525114155251,-21.892026187092995
ATEC,2023-11-07,DT,OK,-8.84173297966402,-32.83387622149837,-30.57239057239056
SPCE,2023-11-09,DT,OK,-8.235294117647063,-51.85185185185185,-62.58992805755397
AFRM,2023-11-09,UT,OK,10.45685279187818,45.163442294863245,77.63265306122452
RIVN,2023-11-08,DT SW,OK,-7.241746538871141,-22.05816554809843,25.685425685425713
MARA,2023-11-09,DT SW,OK,1.0638297872340496,-41.23711340206185,-16.340508806262232
VSAT,2023-11-09,DT SW,OK,8.170731707317081,-40.70855614973263,-51.845819761129206
TPST,2023-11-09,DT,OK,1074.9999999999998,362.29508196721304,36.89320388349513
INDI,2023-11-10,DT,OK,-10.990990990990978,-34.001336005344015,-38.55721393034825
BE,2023-11-09,DT,OK,-12.478184991274011,-32.999331997328,-34.01315789473684
NKTX,2023-11-10,DT SW,OK,26.543209876543195,3.015075376884413,-54.138702460850105
NVTS,2023-11-10,U,OK,-9.68253968253967,-31.445783132530124,-8.6677367576244
MNDY,2023-11-13,SW,OK,-3.064683500518861,-17.142688191118218,6.88024408848209
VRDN,2023-11-14,U,OK,13.3711507293355,-28.476482617586907,-40.29022620571916
TWST,2023-11-17,DT SW,OK,11.195335276967944,-2.0041109969167525,45.461479786422586
EH,2023-11-22,UDS,OK,-5.292307692307685,-17.258064516129036,33.70981754995657
FLNC,2023-11-29,UDS,OK,17.439165701042867,-22.247794399693134,-17.265306122448987
SYM,2023-11-21,UDS,OK,-10.176456369349774,-1.2752391073326375,19.37038226790877
TLRY,2024-01-09,DT U,OK,27.173913043478272,13.592233009708732,36.04651162790697
TWST,2024-02-02,DT U,OK,-3.9838337182448114,111.04060913705584,55.493221131369786
SMCI,2024-01-30,UT,OK,68.02372881355932,106.99490520337424,48.182361733931224
LESL,2024-02-02,DT SW,OK,-1.867816091954022,38.25910931174088,5.238828967642517
ENPH,2024-02-07,DT SW,OK,-12.895398214749976,24.37817101843831,-25.7954964931709
LUMN,2024-02-07,DT SW,OK,-20.58823529411764,20.535714285714278,-22.413793103448263
VKTX,2024-02-08,CPH,OK,25.667351129363446,135.15850144092218,72.1518987341772
ULCC,2024-02-06,U,OK,2.385685884691857,41.48351648351649,-36.34116192830654
CLSK,2024-02-09,U,OK,-0.4739336492891044,142.49422632794455,107.92079207920793
PGY,2024-02-21,DT SW,OK,20.37037037037035,0.0,-33.673469387755105
TNDM,2024-02-22,DT SW,OK,-7.125205930807255,26.75660483417652,-18.855703490464194
COIN,2024-02-16,U,OK,23.76363364709395,79.90009773048104,109.70886075949365
SPWR,2024-02-15,DT SW,OK,42.64214046822741,11.942257217847763,-44.53836150845254
REPL,2024-02-08,DT SW,OK,-18.99563318777293,-42.34654234654235,-59.453551912568315
DOCN,2024-02-22,DT U,OK,2.869440459110484,24.048442906574397,10.648148148148163
NVCR,2024-02-22,DT SW,OK,7.317073170731714,26.27324171382377,-49.85553772070625
MRVI,2024-02-23,DT SW,OK,-18.88888888888888,3.6511156186612714,-52.37651444547996
W,2024-02-22,UDS,OK,-17.01258931609391,3.435114503816794,-30.314285714285717
CAN,2024-02-27,DT SW,OK,35.862068965517246,22.360248447204967,0.5102040816326481
CVNA,2024-02-23,CPH,OK,15.085638998682471,58.242753623188406,36.59108678655198
DNLI,2024-02-27,DT,OK,-1.8023255813953365,-6.685082872928183,-24.327956989247312
BYND,2024-02-28,DT SW,OK,5.174825174825171,11.242603550295849,-34.891774891774894
BEAM,2024-02-27,DT U,OK,43.6597110754414,21.479470648116727,55.24718126626191
ARQT,2024-02-27,DT U,OK,100.20661157024793,415.42553191489355,29.200000000000003
FATE,2024-02-27,UT,OK,52.41228070175441,190.79497907949792,171.484375
ACMR,2024-02-28,UT,OK,14.805057955742873,25.953757225433517,40.39948453608246
KROS,2024-02-29,UT,OK,16.658097686375317,125.62147828969171,91.15417017691658
RNA,2024-02-29,U,OK,21.01506740682,147.72727272727272,85.19417475728154
AI,2024-02-29,DT SW,OK,13.929393706830396,2.3440193036883716,1.6084873374401232
SANA,2024-03-01,UT,OK,77.69911504424776,136.79245283018867,85.9259259259259
ESTA,2024-02-29,U,OK,0.4439801514755759,63.17352566822232,-29.98361551064992
SYRE,2024-03-01,UT,insufficient_history,,,
CIFR,2024-03-05,SW,OK,0.34965034965035446,3.6101083032491044,-10.031347962382442
NVTS,2024-03-01,DT SW,OK,0.32679738562091387,-13.399153737658676,-24.938875305623476
FUBO,2024-03-01,DT,OK,-19.76744186046512,-34.90566037735848,-12.288135593220339
APGE,2024-03-05,UT,OK,22.800823771697566,113.94156842644799,81.95292066259807
JANX,2024-03-11,DT,OK,351.8728717366629,328.0645161290322,273.45215759849907
PCT,2024-03-06,DT U,OK,40.44665012406947,22.246220302375818,-38.00657174151151
LXRX,2024-03-11,UDS,OK,0.9302325581395321,75.0,33.95061728395061
GCT,2024-03-15,UT,OK,10.938490805326584,146.40845070422537,186.56838656838656
BB,2024-04-04,DT,OK,4.850746268656714,-18.075801749271136,-36.13636363636365
LU,2024-03-21,DT U,OK,31.640625,6.645569620253156,-20.518867924528305
ALT,2024-03-27,UDS,OK,-23.586572438162545,-6.688241639697945,244.62151394422315
ANNX,2024-03-27,UT,OK,26.470588235294112,71.57107231920202,176.3052208835341
KRUS,2024-04-05,CPH,OK,11.057640894022015,40.90909090909089,62.189598625644216
VRT,2024-04-24,UDS,OK,-4.036363636363638,47.51257685858021,115.48720740337508
CXAI,2024-04-17,UDS,OK,34.36426116838487,262.037037037037,149.04458598726114
SNAP,2024-04-26,DT SW,OK,0.7957559681697646,-30.0184162062615,17.404737384140056
APLD,2024-04-12,DT,OK,-28.604651162790695,-62.65206812652069,-43.30563250230841
ROOT,2024-05-01,UDS,OK,15.085922009253139,727.1971496437055,706.1342592592594
ENVX,2024-05-02,DT,OK,-14.341353383458655,-30.075003375765686,-25.171756978653526
PTON,2024-05-02,DT,OK,-20.68965517241378,-42.086330935251794,-30.4535637149028
BMEA,2024-05-03,DT SW,OK,-14.510927982801869,-38.82051282051282,16.731898238747544
W,2024-05-02,DT SW,OK,-20.662584393154336,0.5572139303482659,20.65425023877745
ASPN,2024-05-02,UDS,OK,-9.188544152744637,35.52983081032948,102.39361702127661
CVNA,2024-05-02,UDS,OK,5.092313261735226,102.25267069205759,216.4607558139535
CAR,2024-05-02,DT SW,OK,-22.49488752556237,-42.12326675218374,-41.928168668791365
SABR,2024-05-02,DT U,OK,11.969111969111967,-29.268292682926823,-15.94202898550725
OPEN,2024-05-03,DT,OK,-29.26838049974797,-42.49290126167268,6.841790395388037
TWST,2024-05-03,U,OK,-3.989202159568106,-3.7582681900180437,103.10913705583755
XPO,2024-05-03,UDS,OK,-11.95537951661142,23.94173873463814,43.67497691597415
FUBO,2024-05-03,DT,OK,-0.6410256410256276,-38.976377952755904,-35.95041322314049
ARCT,2024-05-09,DT,OK,-14.055590650663296,-27.0509383378016,47.71986970684039
RDDT,2024-05-08,U,insufficient_history,,,
AMRC,2024-05-08,DT SW,OK,-2.9244871235268532,3.3937703393770224,-25.394163032539417
JMIA,2024-05-07,U,OK,6.420233463035019,80.52805280528052,107.19696969696967
OSCR,2024-05-07,UT,OK,31.7361111111111,44.69870327993897,244.2831215970962
AGL,2024-05-08,DT SW,OK,-3.8610038610038644,-15.878378378378377,-66.0300136425648
BCRX,2024-05-06,DT,OK,-3.2608695652173836,-12.401574803149607,-22.33856893542757
TARS,2024-05-09,UDS,OK,3.006067291781589,25.67294751009421,133.29169269206744
PGY,2024-05-09,DT SW,OK,-5.745062836624781,-20.454545454545446,-37.05035971223022
NTLA,2024-05-09,DT SW,OK,-11.809815950920244,-11.77598772535482,-16.84743311641359
SYRE,2024-05-10,UDS,insufficient_history,,,
GRPN,2024-05-10,U,OK,-5.405405405405405,-36.555891238670704,-29.53020134228188
BE,2024-05-10,DT SW,OK,2.8021015761821477,1.909722222222232,18.227593152064458
SOUN,2024-05-10,DT SW,OK,5.3215077605321515,143.58974358974362,160.989010989011
SG,2024-05-10,UDS,OK,3.1975470871660194,98.3164983164983,138.94523326572008
NVAX,2024-05-10,DT SW,OK,4.929577464788726,17.941952506596294,-36.95345557122708
OUST,2024-05-10,CPH,OK,25.759416767922218,104.54545454545455,130.5122494432071
ARRY,2024-05-10,DT SW,OK,-12.394957983193278,-11.652542372881358,-31.339187705817785
CABA,2024-05-15,DT,OK,-30.593325092707047,-52.049530315969264,-37.19239373601789
HUT,2024-05-15,DT SW,OK,7.596685082872923,-8.675263774912068,-28.202764976958527
ARQT,2024-05-15,UDS,OK,-19.42517343904855,17.82608695652175,326.77165354330714
CGC,2024-05-30,UDS,OK,1.9230769230769162,152.3809523809524,54.970760233918114
AEHR,2024-07-17,DT U,OK,23.009495982468952,45.8008658008658,-3.606182026330851
ENPH,2024-07-24,DT SW,OK,-2.8405362332427075,-6.216631979006426,-3.275781614559037
WOOF,2024-05-22,U,OK,57.05128205128205,-4.6692607003890885,-37.34015345268542
TLRY,2024-07-30,DT SW,OK,5.780346820809257,2.8089887640449396,-4.188481675392675
XPEV,2024-05-21,DT SW,OK,19.480519480519476,-8.000000000000007,-48.9833641404806
VKTX,2024-07-25,DT SW,OK,-3.2808902532617035,-22.362544278453733,116.63085517834122
CVNA,2024-08-01,UT,OK,7.141133896260543,60.67293777134588,201.83507023108294
EVGO,2024-08-01,UDS,OK,60.00000000000001,112.15469613259668,59.33609958506223
WGS,2024-07-31,UT,OK,15.263963274674829,173.90909090909088,642.1182266009853
POWL,2024-07-31,U,OK,-7.078033472803346,-10.964846341810542,66.91732431416762
RGEN,2024-07-30,DT U,OK,9.013350185638668,-17.156921599231612,-28.64529472595657
TMDX,2024-08-01,UDS,OK,-5.279978693654708,51.131414001912255,63.348260420254896
CDNA,2024-08-01,UT,OK,29.973992197659282,157.60309278350513,113.56837606837607
SDGR,2024-08-01,DT SW,OK,18.7633262260128,-8.613617719442157,-18.89333818711321
COMP,2024-08-01,CPH,OK,30.654761904761905,39.36507936507936,23.661971830985905
ALGM,2024-08-01,DT,OK,-13.927676333691375,-19.029976423038065,-9.487951807228912
TVTX,2024-08-02,DT SW,OK,14.215080346106301,54.0,3.4714445688689866
LCID,2024-08-06,DT SW,OK,2.3890784982935065,7.719928186714542,-9.365558912386707
SABR,2024-08-01,DT SW,OK,33.46303501945527,19.512195121951216,-19.672131147540973
BHC,2024-08-01,DT,OK,-14.950634696755994,-31.164383561643827,-26.37362637362637
PLTR,2024-08-06,CPH,OK,-11.531399192067571,3.257608229747122,41.53936545240893
ARCT,2024-08-06,DT,OK,-7.738927738927737,-27.42940960762743,-43.00115207373272
DFH,2024-08-01,DT U,OK,27.320419693301055,-11.126760563380278,-5.989272943980939
EVER,2024-08-06,UDS,OK,14.531548757170176,10.160919540229884,76.6961651917404
IESC,2024-08-02,UDS,OK,6.628327066283268,9.114229666515783,76.45192776964376
TNDM,2024-08-02,DT,OK,-10.063856960408678,-2.7348066298342633,54.42982456140351
RXST,2024-08-06,DT,OK,-28.393327480245834,-33.884565499351496,-13.674851820491106
FUBO,2024-08-06,DT SW,OK,4.800000000000004,-4.379562043795627,-48.828125
VCYT,2024-08-07,SW,OK,0.55299539170508,4.3021032504779955,-11.01141924959217
DAVE,2024-08-06,UDS,OK,0.3939592908732692,-32.25520602569784,38.93684688777827
STRL,2024-08-06,UDS,OK,-9.797713280562881,1.3939693524468666,30.599770788233794
CELH,2024-08-06,DT,OK,-27.735057672142606,-45.57061998157167,-22.492970946579195
TGTX,2024-08-06,SW,OK,-9.468700683850606,6.30018529956764,4.556500607533409
AAOI,2024-08-07,DT,OK,-14.637002341920368,-38.99581589958159,-63.06990881458967
UPST,2024-08-07,UDS,OK,2.7993109388458226,-7.300970873786405,-25.382932166301963
ICHR,2024-08-07,DT,OK,-32.87081339712918,-28.60050890585242,-25.609756097560975
OCUL,2024-08-07,U,OK,18.46846846846846,36.03448275862069,59.39393939393938
LUMN,2024-08-07,UT,OK,371.6981132075471,278.78787878787875,287.5968992248062
RUN,2024-08-07,DT SW,OK,30.355731225296424,37.53127606338613,20.983125458547303
KYMR,2024-08-07,UDS,OK,29.599499374217775,8.14621409921672,22.255017709563152
RVLV,2024-08-07,U,OK,15.97359735973598,-15.243608297153887,21.507607192254486
INSP,2024-08-07,U,OK,8.119438111348076,-41.420943576665614,-31.990192450037014
STAA,2024-08-08,DT,OK,-12.346274415239922,-22.079314040728825,17.18246292714378
ACMR,2024-08-07,DT,OK,-35.747663551401864,-45.4954954954955,-4.513888888888884
SHLS,2024-08-07,DT,OK,-9.539473684210531,-37.85310734463276,-61.0757254069356
LESL,2024-08-08,DT,OK,-15.076923076923077,-43.788187372708755,-63.77952755905512
BYND,2024-08-08,DT SW,OK,-20.606060606060616,-36.714975845410635,-14.379084967320265
DUOL,2024-08-08,SW,OK,-13.583551962306583,-35.13904516958688,-9.82736465724342
AOSL,2024-08-08,UTU,OK,-12.313335079905697,50.224416517055644,30.031080031080037
FLNC,2024-08-08,DT SW,OK,-18.636096413874203,-33.5254562920269,-29.387755102040824
KVYO,2024-08-08,DT SW,OK,-1.5778251599147142,-1.283147989734823,-16.88872884407635
VSAT,2024-08-08,U,OK,20.392953929539303,0.9659090909090784,-21.992976294995614
IONQ,2024-08-08,DT,OK,-14.249684741488021,-21.205098493626895,-34.865900383141756
FWRD,2024-08-08,DT SW,OK,20.643431635388755,7.604017216642744,-48.26396872844332
ALT,2024-08-08,DT,OK,-20.28985507246377,-24.34662998624484,-48.308270676691734
PCT,2024-08-08,UDS,OK,20.809248554913285,24.900398406374503,31.171548117154792
ACVA,2024-08-08,SW,OK,-15.111619919862617,-16.49774774774776,4.879773691654865
ASPN,2024-08-08,DT,OK,-20.7369323050557,-29.57746478873239,63.57206012378425
BOOT,2024-08-08,UDS,OK,-7.247073913740576,12.54863813229572,41.75447194315118
TARS,2024-08-09,DT,OK,-16.276595744680854,-36.78714859437752,-20.5585464333782
TGLS,2024-08-08,UDS,OK,-7.51894307363512,-7.876911167021483,2.1678471775058883
NVMI,2024-08-08,DT U,OK,-25.984702850832342,-1.4003160246281232,23.94520547945207
ADMA,2024-08-09,UT,OK,1.5833333333333366,77.69679300291543,135.32818532818533
TXG,2024-08-09,DT SW,OK,24.443029917250158,-22.910094637223967,-57.54614549402823
ONTO,2024-08-09,DT U,OK,-24.866897659088984,-13.74727140431724,12.168811506434519
SPCE,2024-08-08,DT,OK,-25.14204545454546,-73.91089108910892,-85.44198895027625
FDMT,2024-08-09,DT,OK,-36.53597587246876,-44.05620964679072,-47.8399433427762
DNA,2024-08-09,DT,OK,-12.088588126730226,-68.0098500111932,-76.95161290322581
RKLB,2024-08-09,UDS,OK,-7.017543859649134,16.341463414634138,11.70960187353629
IOVA,2024-08-09,UDS,OK,2.0565552699228773,-40.702016430171774,-1.6109045848822778
DIOD,2024-08-09,DT,OK,-25.77701036013813,-19.286480686695285,-9.842696629213489
FIGS,2024-08-09,DT SW,OK,9.788867562380045,11.067961165048533,-2.7210884353741527
ROAD,2024-08-09,UT,OK,7.863089731729889,10.584218512898325,17.256637168141587
PBI,2024-08-09,UDS,OK,-7.491856677524433,9.23076923076922,46.0154241645244
LITE,2024-08-15,U,OK,-22.948045354543922,2.062317865949348,-4.328640470687128
PGY,2024-08-09,DT SW,OK,21.57809983896941,43.80952380952381,14.393939393939403
GRAL,2024-08-14,SW,insufficient_history,,,
EVH,2024-08-09,DT SW,OK,9.209837781266362,-23.469013568023467,-31.393819855358316
BE,2024-08-09,DT,OK,-17.656250000000007,-10.677966101694924,-6.725663716814168
SERV,2024-08-14,UDS,insufficient_history,,,
SG,2024-08-09,UDS,OK,9.420591913297205,12.903225806451623,134.58445040214477
ANVS,2024-08-15,DT SW,OK,-37.96962430055956,-7.177033492822959,-22.786069651741304
BTBT,2024-08-20,SW,OK,-23.136246786632388,37.78801843317974,-2.6058631921824005
PTON,2024-08-22,DT SW,OK,-6.406685236768805,2.752293577981657,-21.495327102803742
ZIM,2024-08-19,UDS,OK,8.852084523129623,0.5804749340369453,51.87250996015935
ENVX,2024-10-30,UDS,OK,13.8121749770572,-26.231679461963076,69.80921953445913
VKTX,2024-10-24,DT SW,OK,-2.48667850799289,-6.632653061224502,-7.192254495159045
IREN,2024-08-29,UDS,OK,-20.895522388059707,-4.134366925064603,22.64462809917356
WGS,2024-10-29,UT,OK,31.011918672587058,86.0604049120478,409.6363636363637
DQ,2024-10-30,DT SW,OK,10.505645557191956,28.40844266970908,17.239583333333353
JKS,2024-10-30,DT SW,OK,-9.917971662938108,16.377649325626198,0.16583747927030323
ATEC,2024-10-31,DT,OK,6.64136622390894,-15.36144578313252,-56.66923670007711
PTON,2024-10-31,U,OK,53.225806451612925,100.30120481927712,106.52173913043477
TDOC,2024-10-31,DT SW,OK,0.0,3.143189755529674,-30.835284933645603
CDE,2024-11-07,UDS,OK,-4.677419354838708,9.85130111524164,15.882352941176482
MBLY,2024-10-31,DT SW,OK,-7.58928571428571,-23.710073710073722,-56.97956356078975
DJT,2024-11-06,UDS,OK,84.55682436106578,31.95956454121307,-28.8021816656178
LTBR,2024-11-01,UDS,OK,254.74452554744525,287.2509960159363,281.17647058823536
HIMS,2024-11-05,CPH,OK,17.553793884484726,22.985781990521346,78.19742489270386
EBS,2024-11-07,UDS,OK,-0.21691973969633072,9.523809523809511,108.61678004535148
LB,2024-11-07,UT,insufficient_history,,,
ARQT,2024-11-07,UDS,OK,-0.20661157024792765,8.053691275167797,20.901126408010008
ASPN,2024-11-07,DT,OK,-24.732142857142858,-21.435228331780067,-36.68794592564777
LCID,2024-11-08,DT,OK,-34.51327433628318,-30.40752351097179,-17.777777777777782
AAOI,2024-11-08,CPH,OK,10.698824984539247,131.26614987080103,69.8292220113852
UPST,2024-11-08,CPH,OK,28.91006274692074,53.02068965517242,111.96025983951085
GCT,2024-11-08,DT SW,OK,-0.35557414766785866,6.197057512260362,-40.03021148036253
ENSC,2024-11-13,UDS,OK,296.8235294117647,72.93001794411688,21.44014401440144
INOD,2024-11-08,CPH,OK,56.42673521850898,31.21293800539082,111.65217391304347
SEZL,2024-11-08,UT,OK,60.3110599078341,115.16155800780341,218.70548086392887
EVGO,2024-11-12,DT,OK,-25.311203319502074,46.739130434782616,176.92307692307696
HUT,2024-11-13,UT,OK,95.89490968801313,117.50227894257064,206.29011553273426
RKLB,2024-11-13,UT,OK,48.380566801619416,183.01158301158304,221.49122807017548
CBRL,2024-11-14,DT SW,OK,-0.6583278472679366,11.584914961794436,-19.989395546129362
BTCS,2024-11-14,UT,OK,247.5,230.95238095238093,169.03225806451613
LUNR,2024-11-14,UT,OK,45.54455445544554,189.6551724137931,125.71976967370442
TWST,2024-11-18,UDS,OK,-18.958699472759232,-16.895697229105654,-21.527334609657512
ARWR,2024-11-27,DT SW,OK,4.311199207135785,-12.035102381947338,-7.958023611718412
NN,2024-11-14,UT,OK,69.71214017521903,75.0806972240155,81.28342245989305
LX,2024-11-26,UDS,OK,8.974358974358964,92.09039548022598,82.79569892473117
TARS,2024-11-14,UT,OK,24.745171673819755,72.49629080118696,20.792207792207805
SYM,2024-11-19,DT U,OK,1.6971713810316036,28.026811897779623,-29.128014842300555
SMTC,2024-11-26,UT,OK,17.528040466241478,40.041928721174,31.820424272323635
IREN,2024-11-27,U,OK,-12.29357798165137,28.840970350404316,23.514211886304913
WOOF,2024-12-06,UDS,OK,10.859728506787336,67.23549488054607,28.272251308900543
RR,2025-01-15,U,OK,207.8744819419775,279.8392987582177,128.07017543859652
CRDO,2024-12-03,UT,OK,26.790450928381947,51.12235219728105,89.75784041286224
CHPT,2024-12-05,DT,OK,-8.270676691729328,-12.230215827338142,-29.47976878612717
MOD,2025-02-05,DT SW,OK,-15.201859344064728,-16.353910163878737,-0.2935222672064697
COHR,2025-02-06,UDS,OK,-15.192018072289159,-2.362375379280457,60.17777777777778
CLS,2025-01-30,UTU,OK,2.2798982188295014,44.840011530700494,100.97999999999998
NXT,2025-01-29,DT SW,OK,7.838867719107223,26.62192393736018,-16.20135363790187
IESC,2025-02-04,UDS,OK,9.419785031847127,1.1127971674253834,52.04674318904714
LUMN,2025-02-05,DT,OK,-10.160427807486638,-21.126760563380277,64.16938110749186
PTON,2025-02-06,UDS,OK,-16.427783902976845,4.551724137931035,146.10389610389612
ULCC,2025-02-07,CPH,OK,1.251564455569465,41.92982456140351,156.01265822784808
BYRN,2025-02-07,UDS,OK,-0.36231884057971175,81.75809649702576,233.33333333333334
AUR,2025-02-13,UT,OK,2.8708133971292016,14.973262032085554,83.23863636363637
CLSK,2025-02-07,DT SW,OK,-9.186351706036733,0.5326876513317425,-14.848236259228864
LEU,2025-02-07,UDS,OK,0.2819318460407061,4.884615384615398,127.25
UPST,2025-02-12,UDS,OK,16.626255628680298,21.39895438976025,85.76551724137933
AMSC,2025-02-06,UDS,OK,-11.018131101813111,-10.58163980378416,25.098039215686274
HIMX,2025-02-13,UDS,OK,22.192513368983956,54.91525423728814,68.3241252302026
PGY,2025-02-13,U,OK,36.9767441860465,-19.42544459644323,-0.5487547488391864
WGS,2025-02-18,UDS,OK,5.441237398149434,-0.7410296411856532,125.68725982855456
ORIC,2025-02-19,DT SW,OK,-21.812749003984056,-23.563777994157743,-27.51615881809788
MP,2025-02-21,UDS,OK,11.0685194058457,26.80525164113785,85.88612670408979
W,2025-02-20,DT SW,OK,2.978439653256282,19.43799948440319,4.606005870399632
DOCN,2025-02-25,DT SW,OK,-4.0278853601858895,-2.235665439242507,-0.48192771084337727
PTLO,2025-02-25,DT SW,OK,13.65159128978226,26.467847157502323,11.871393239901074
SEI,2025-02-21,UDS,insufficient_history,,,
INOD,2025-02-21,UT,OK,42.67782426778241,48.462585034013614,191.92081326912788
SEDG,2025-02-19,DT SW,OK,19.14144968332159,39.91735537190082,-31.0948310948311
BORR,2025-02-20,DT,OK,-14.121037463976949,-28.019323671497574,-52.32
STRL,2025-02-26,DT,OK,-38.09930592632141,-38.79533336852664,1.988036593947906
SMCI,2025-02-26,DT SW,OK,36.880072137060395,76.51162790697674,-24.70487087067227
AXON,2025-02-26,DT,OK,-18.624655918206855,-18.55793512839855,33.26088706431618
JACK,2025-02-26,DT,OK,-14.310954063604232,-25.548245614035082,-33.28748280605226
ARQT,2025-02-26,UDS,OK,-11.913357400722024,19.842829076620827,46.63461538461537
RCUS,2025-02-26,DT,OK,-22.188449848024316,-29.958960328317364,-42.11418880723573
SMCI,2025-02-26,DT SW,OK,36.880072137060395,76.51162790697674,-24.70487087067227
INVZ,2025-02-26,DT,OK,-55.59016393442624,55.362263429554574,16.19959965684872
ESTA,2025-02-27,DT SW,OK,8.22328931572629,-15.371978408824216,-21.00766703176341
ACMR,2025-02-26,U,OK,23.33333333333334,22.80513918629552,19.354838709677423
MARA,2025-02-27,DT,OK,-31.91140278917146,-48.511166253101734,-33.38683788121991
CDNA,2025-02-27,DT SW,OK,-6.430155210643007,-6.554472984942416,-33.1008243500317
CERT,2025-02-27,DT,OK,-7.985074626865673,26.20266120777892,-7.223476297968389
ROOT,2025-02-27,UTU,OK,22.165841584158418,-9.771480804387577,110.20017035775128
PZZA,2025-02-27,DT SW,OK,17.30086250634195,-3.38487254492269,0.6749401262791332
JOBY,2025-02-27,DT,OK,-18.59052247873634,-1.4705882352941124,31.115459882583174
CORZ,2025-02-27,DT,OK,-11.170212765957444,-42.90598290598291,-6.8773234200743545
ADTN,2025-02-27,UDS,OK,11.801896733403572,30.02450980392155,89.80322003577817
HUT,2025-03-03,DT,OK,-26.653406265539527,-41.56101426307448,31.227758007117433
ANAB,2025-02-28,DT SW,OK,-9.090909090909093,-26.35832959137854,-56.055734190782424
ONON,2025-03-04,DT,OK,-24.787802577805717,-17.471541911003786,3.1917187836963734
OPFI,2025-03-05,DT,OK,-31.80160466812546,17.167919799498744,102.81995661605205
EOSE,2025-03-05,UTU,OK,-31.358885017421613,45.9259259259259,42.238267148014444
GAP,2025-03-07,SW,OK,-14.335971855760764,-24.52537776055792,-14.67367498904949
CBRL,2025-03-06,DT,OK,-36.400947119179165,-27.48380129589634,1.7938352703385618
GIII,2025-03-13,DT SW,OK,-14.766229397914564,-19.35073201782305,-17.86061588330633
HSAI,2025-03-11,UT,OK,-4.759071980963691,67.99580272822668,325.7978723404256
EH,2025-03-12,UDS,OK,10.049019607843146,51.07671601615073,90.7391673746814
ALLO,2025-03-14,DT,OK,35.00000000000001,-16.74008810572688,-33.21554770318021
UEC,2025-03-12,DT,OK,-27.19424460431655,-40.95682613768962,18.7793427230047
BTBT,2025-03-14,DT,OK,-21.993127147766323,-49.88962472406181,-19.50354609929077
TTAN,2025-03-14,DT,insufficient_history,,,
SMTC,2025-03-14,DT,OK,-14.326872708224203,-49.63042808746535,-16.87420584498094
RBRK,2025-03-14,UTU,OK,-24.170096021947874,-20.790944261355506,75.04749841671945
SIG,2025-03-19,DT,OK,-10.05586592178772,-43.22990126939351,-47.010422380691175
TRVI,2025-03-19,UDS,OK,61.17936117936116,82.2222222222222,94.6587537091988
SPRY,2025-03-20,UDS,OK,-1.0195412064570863,-2.1008403361344574,-10.03861003861003
KC,2025-03-19,UDS,OK,-13.070639115809701,87.85046728971962,703.9999999999999
LEVI,2025-04-08,DT,OK,-18.082524271844658,-23.339011925042584,-30.555555555555557
PLAY,2025-04-08,DT,OK,-16.09225187872506,-46.690813302601256,-51.72927847346451
FIVE,2025-03-20,DT,OK,-20.15421992183374,-27.282347282347285,-23.584714921148397
KULR,2025-03-28,DT SW,OK,-1.3513513513513487,-48.409893992932865,478.4469096671949
HROW,2025-03-28,DT SW,OK,-1.4846235418875864,-18.053513672449274,-39.294271400566316
LBRT,2025-04-17,DT,OK,-21.81942544459644,-49.58094397882665,-43.99804017638412
EFX,2025-04-22,DT,OK,-11.567056890531935,-18.10020162057291,-25.751827838322527
FNB,2025-04-17,DT U,OK,-10.139603232916961,-21.40102827763496,-14.475524475524482
RF,2025-04-17,DT U,OK,-10.754189944134074,-22.388663967611322,-19.622641509433958
DHR,2025-04-22,DT,OK,-12.028537455410227,-22.40308776640376,-30.992799313509668
MMM,2025-04-22,UDS,OK,-16.64573279566338,-10.593490746649648,-7.524752475247521
MANH,2025-04-23,DT SW,OK,-5.161328033668466,-42.48085649461145,-46.722926380771
CALX,2025-04-22,SW,OK,-6.836648921266453,-12.2922711685571,-15.372868414354802
IVZ,2025-04-22,DT,OK,-19.71649484536082,-27.558139534883708,-31.425426527242706
TSLA,2025-04-23,U,OK,-4.318282336858193,-43.88426439031292,7.732355471048935
PEGA,2025-04-23,U,OK,-5.666072163534086,-35.003308441251534,-6.474428726877024
BDN,2025-04-23,DT U,OK,-13.169642857142861,-27.560521415270024,-39.0282131661442
EWBC,2025-04-23,DT U,OK,-11.979108789865546,-23.623565712081774,-14.89201676157731
VRT,2025-04-23,U,OK,-18.96648990183911,-49.82184028505555,-37.1543577178859
BA,2025-04-23,DT SW,OK,-8.753017797990005,-7.427660059239005,4.642328246732341
GEV,2025-04-23,UDS,OK,-2.3362386557642223,-21.617788461538467,19.878676470588232
PI,2025-04-24,U,OK,-15.437788018433185,-44.450050454086785,-64.69537333944115
HAS,2025-04-24,U,OK,-14.464285714285719,-7.9650655021834105,-27.762544557170276
ESI,2025-04-24,DT U,OK,-24.95119094103866,-26.472838561591438,-23.851030110935024
OII,2025-04-24,DT,OK,-22.03160270880361,-34.48406676783004,-28.31050228310502
TXN,2025-04-24,U,OK,-17.98285806695056,-22.786094899771637,-23.33853982969718
NOW,2025-04-24,DT U,OK,-4.357854848010545,-27.77091461734671,-11.830756712774615
MTDR,2025-04-24,DT U,OK,-22.899754578063046,-35.21573604060914,-20.760574311214587
NVCR,2025-04-24,DT,OK,-10.161779575328623,-33.75582479030756,3.253922138291676
PTEN,2025-04-24,DT SW,OK,-30.49645390070923,-35.596933187294646,-26.315789473684216
CHTR,2025-04-25,UDS,OK,-10.581051171968747,-6.842426936326262,6.315589233061725
MBLY,2025-04-24,DT SW,OK,-13.499344692005245,-22.352941176470598,3.205629397967158
STM,2025-04-24,DT,OK,-10.444078947368418,-14.420432220039281,-22.186495176848865
SEI,2025-04-29,UTU,OK,-11.526881720430104,-15.523613963039018,56.544901065449004
NE,2025-04-29,U,OK,-14.180629342051487,-35.68147013782542,-33.24856961220598
SES,2025-04-25,DT U,OK,28.70685824322321,-21.00909090909091,23.651629429343956
LEG,2025-04-29,DT U,OK,-11.341463414634145,-34.208144796380104,-40.89430894308944
RVTY,2025-04-28,DT SW,OK,-12.173994038748127,-23.43483556638246,-20.617949149688496
NOV,2025-04-29,DT SW,OK,-19.895287958115183,-16.904276985743383,-19.895287958115183
ZBRA,2025-04-29,DT U,OK,-14.60685978817422,-39.029947916666664,-33.850417017577215
PII,2025-04-29,DT,OK,-21.952347906546365,-40.30431705590941,-51.578645235361655
SOFI,2025-04-29,UDS,OK,8.196721311475418,-17.910447761194025,26.679462571976952
QRVO,2025-04-30,U,OK,-12.377622377622377,-26.964327349032413,-37.054154526273486
KNSA,2025-04-29,UDS,OK,-8.090753424657537,3.4200385356454532,-20.007451564828614
XPRO,2025-04-30,DT,OK,-20.396039603960403,-38.579067990832705,-42.571428571428584
CLVT,2025-04-29,DT U,OK,-12.224938875305625,-36.572438162544174,-45.02297090352221
EVR,2025-04-30,U,OK,-0.2606255012028935,-30.58220253252869,-24.268371579708482
XPO,2025-04-30,U,OK,-9.02045008871043,-30.456816559600274,-13.016694937951968
NOG,2025-04-30,DT SW,OK,-17.877280265339955,-33.867521367521356,-33.56587067346391
TNDM,2025-05-01,DT,OK,-12.056367432150306,-53.657865786578654,-46.251993620414666
SMMT,2025-05-02,UDS,OK,31.223404255319153,10.330948121645811,10.92625899280577
ADPT,2025-05-02,UT,OK,-2.127659574468077,-6.361323155216281,57.60171306209851
ODD,2025-04-30,SW,OK,9.75780158360504,5.743773838905097,21.53171738009283
W,2025-05-01,DT,OK,-5.838276615672811,-37.80160857908847,-32.0567695426898
TWST,2025-05-05,DT SW,OK,2.6956294163831496,-25.071605881229708,-7.995310668229772
ARRY,2025-05-06,DT SW,OK,11.28668171557563,-29.772079772079774,-20.7395498392283
SHLS,2025-05-06,DT SW,OK,23.278688524590162,-17.180616740088105,-28.6527514231499
CRMD,2025-05-06,U,OK,48.032786885245905,-8.417849898580121,-10.1492537313433
SEDG,2025-05-06,DT SW,OK,-16.239870340356568,-3.293413173652693,-23.505032563647134
EOSE,2025-05-07,UDS,OK,31.937172774869115,-15.15151515151516,62.057877813504824
UFPT,2025-05-06,DT SW,OK,1.9626071686809077,-27.10556437617694,-27.948905109489054
OPEN,2025-05-07,DT,OK,-29.0241606526514,-46.87646782527008,-59.929140832595216
AGL,2025-05-07,DT SW,OK,7.469879518072298,28.160919540229877,74.90196078431373
ANGI,2025-05-07,DT,OK,-7.786885245901631,-38.52459016393443,-52.73109243697479
ALGT,2025-05-07,DT U,OK,6.14393125671322,-50.146302088588435,-23.99630826026766
PTCT,2025-05-07,DT,OK,-16.30434782608696,-26.711219117051442,-9.34368737474951
PRCH,2025-05-07,UT,OK,12.411347517730498,36.63793103448276,192.16589861751152
BLMN,2025-05-07,DT,OK,16.617647058823536,-37.163232963549916,-52.20012055455094
PCT,2025-05-08,DT SW,OK,5.977382875605808,-23.85374347069066,-49.02874902874903
CORZ,2025-05-08,U,OK,26.780626780626804,-29.976396538158934,-31.69608595548733
SEZL,2025-05-08,UDS,OK,72.61125654450262,30.779719846287335,48.59154929577465
APP,2025-05-08,UDS,OK,30.67780552923951,-17.59850109973661,85.56839723598115
NVAX,2025-05-08,DT,OK,-9.02140672782874,-30.813953488372093,-36.36363636363637
QDEL,2025-05-08,DT,OK,-8.850493653032432,-41.20991585171707,-33.887468030690535
IONQ,2025-05-08,U,OK,28.08791208791208,-31.143667296786393,96.22895622895624
AOSL,2025-05-08,DT,OK,3.857105876261957,-53.70413108700669,-41.0
RUN,2025-05-08,DT,OK,12.48097412480973,-15.252293577981657,-49.93224932249323
NTLA,2025-05-08,DT,OK,11.46788990825689,-30.63748810656517,-50.77650236326806
GRPN,2025-05-08,CPH,OK,1.0714285714285676,46.50560828300259,64.37560503388191
TPC,2025-05-08,UDS,OK,17.97304043934098,-0.08456659619450191,-10.18624097301406
QBTS,2025-05-08,UDS,OK,4.3939393939393945,10.063897763578279,562.4999999999999
CDE,2025-05-08,UDS,OK,13.2411067193676,-19.18194640338504,-6.829268292682922
AMN,2025-05-09,DT U,OK,4.417051874679001,-22.047546012269937,-47.057291666666664
APGE,2025-05-12,DT SW,OK,17.264150943396217,-6.1178247734138935,-36.026762738033966
SOC,2025-05-12,UTU,OK,16.39676113360322,4.783599088838275,1.590106007067127
ROOT,2025-05-08,UDS,OK,24.095423909187662,30.094830792116035,97.05675257006054
KYMR,2025-05-09,U,OK,46.175771971496424,-21.183401639344257,-34.62927554705757
FTRE,2025-05-12,DT,OK,-4.651162790697672,-58.752515090543255,-64.03508771929825
DJT,2025-05-12,DT SW,OK,22.792303897385313,-20.19878166078871,-26.664702416028273
IBRX,2025-05-12,DT,OK,-20.38461538461539,-38.39285714285715,-61.94852941176472
ARWR,2025-05-13,DT U,OK,25.742574257425765,-29.86947791164659,-34.5360824742268
OKLO,2025-05-14,U,OK,42.35555555555557,-36.0423322683706,20.594879518072307
RDW,2025-05-12,UDS,OK,13.440320962888674,-45.962732919254655,41.37500000000001
CAPR,2025-05-14,DT,OK,-21.420882669537132,-45.845697329376854,-61.27320954907163
LUNR,2025-05-13,DT U,OK,21.173469387755105,-52.33316608128449,15.012106537530268
NUTX,2025-05-14,UDS,OK,-4.620162084374757,114.1666666666667,335.8947732779509
IXHL,2025-05-15,DT,OK,7.692307692307687,-59.46493717065262,-74.72924187725631
QUBT,2025-05-16,UDS,OK,35.28550512445094,11.594202898550732,555.3191489361702
PONY,2025-05-20,U,insufficient_history,,,
GPUS,2025-05-21,DT,OK,128.21782178217825,47.28434504792332,-21.458386574665646
APPS,2025-06-17,U,OK,7.847533632286985,25.587467362924276,229.4520547945205
EVLV,2025-05-21,SW,OK,73.66771159874608,41.326530612244895,120.71713147410361
KSS,2025-05-29,DT SW,OK,16.045845272206293,-32.21757322175732,-50.609756097560975
CRDO,2025-06-03,U,OK,37.571365832235394,24.25624752082507,34.24041139918577
PLAY,2025-06-11,DT U,OK,30.261832829808675,38.34224598930482,-30.40086090933548
GRRR,2025-06-20,DT SW,OK,11.565836298932375,-30.255839822024477,111.94366197183099
AUR,2025-07-31,UDS,OK,10.496183206106856,-20.79343365253078,-14.349112426035504
SEI,2025-07-24,U,OK,6.134969325153361,57.69436997319035,-6.605271514766587
NRIX,2025-07-10,DT SW,OK,3.1298904538341166,35.59670781893003,-33.13039066463725
MBLY,2025-07-24,DT SW,OK,-1.948842874543244,33.60995850622408,-3.4193161367726432
APLD,2025-07-31,U,OK,-0.3972194637537285,123.88392857142851,53.83435582822087
TMDX,2025-07-31,DT,OK,-19.632863219162743,16.520610191496267,60.68631107795597
WRD,2025-07-31,DT,OK,18.65482233502538,39.55223880597014,-35.694635488308116
SQNS,2025-07-31,DT,OK,-8.163265306122447,-34.466019417475735,-58.204334365325074
SNDX,2025-08-05,DT,OK,15.333333333333332,-24.39912600145666,-26.746647847565274
RKT,2025-08-01,UDS,OK,2.00276243093922,14.407436096049576,19.112903225806456
ZEPP,2025-08-04,UT,OK,371.01449275362324,381.48148148148147,364.28571428571433
CABO,2025-08-01,DT SW,OK,-9.407517519643239,-52.11583791671344,-60.362983151635284
AMRC,2025-08-05,U,OK,-0.6543723973825077,39.16666666666666,-26.204153778170568
TDUP,2025-08-05,UT,OK,20.999999999999996,119.0045248868778,342.00913242009136
EVGO,2025-08-05,DT SW,OK,-0.28248587570621764,23.859649122807003,1.7291066282420609
LMND,2025-08-05,UDS,OK,-12.900188323917128,23.33333333333334,11.31167268351383
SHLS,2025-08-05,DT SW,OK,-10.033444816053516,40.10416666666667,12.552301255230125
AXGN,2025-08-05,U,OK,14.821591948764867,-26.736719206071214,-31.08182317408017
QDEL,2025-08-06,DT,OK,-18.959616700889804,-14.481762369086315,-44.321655302139675
PRCH,2025-08-06,UT,OK,3.785488958990535,110.55999999999999,199.09090909090907
GERN,2025-08-06,DT,OK,-12.408759124087599,-15.492957746478876,-57.89473684210527
NVAX,2025-08-06,DT SW,OK,1.8154311649016597,7.336523125996819,-20.166073546856456
U,2025-08-06,U,OK,21.823402727925334,58.08104331625523,58.67227676484337
LEU,2025-08-06,UT,OK,16.417097740266804,198.35333519397156,161.14571882252352
HNGE,2025-08-06,UDS,insufficient_history,,,
FTRE,2025-08-06,DT SW,OK,47.41573033707864,10.623946037099486,-58.13656668793874
ALAB,2025-08-06,U,OK,51.238562820798904,87.85862785862784,38.13697513249081
CRNC,2025-08-07,DT SW,OK,-17.26133076181291,-13.682092555331982,-28.91466445733223
SRPT,2025-08-07,DT SW,OK,-14.55596426694692,-65.21925133689838,-85.74684431977559
RUN,2025-08-07,DT SW,OK,-7.825203252032519,28.470254957507102,1.9101123595505642
HTZ,2025-08-07,DT,OK,-21.10481586402265,-9.28338762214983,30.44496487119439
NAGE,2025-08-07,DT,insufficient_history,,,
JMIA,2025-08-07,DT SW,OK,8.274231678486998,81.74603174603175,12.254901960784315
IDR,2025-08-07,U,OK,49.96121024049649,15.817855002995795,42.13235294117646
SEDG,2025-08-07,DT SW,OK,-1.3766730401529648,79.47112038970077,85.67314614830812
ASPN,2025-08-07,DT U,OK,17.04545454545454,49.81818181818183,-29.026701119724375
NBIS,2025-08-07,CPH,OK,16.963906581740986,120.00798722044732,59.681159420289866
TXG,2025-08-08,DT U,OK,5.785123966942152,54.03128760529483,-12.925170068027203
PGY,2025-08-07,UT,OK,42.80510018214936,172.93298520452564,210.1879327398615
PACB,2025-08-08,DT SW,OK,-14.864864864864868,11.50442477876108,-23.17073170731707
GRPN,2025-08-07,UTU,OK,-17.928819909017925,81.26477541371158,170.93639575971733
ARRY,2025-08-08,DT SW,OK,-24.155844155844164,15.873015873015861,-14.369501466275668
RKLB,2025-08-08,UDS,OK,12.953500255493111,98.34006280843428,54.58041958041957
REAL,2025-08-08,UDS,OK,2.9906542056074903,-21.843971631205672,-35.85564610011641
AMPX,2025-08-08,UT,OK,29.53020134228188,227.11864406779662,145.0793650793651
SOUN,2025-08-08,UDS,OK,-16.899224806201552,16.90294438386042,-32.194813409234655
PCT,2025-08-08,CPH,OK,-19.596354166666664,88.26219512195121,43.35461404526988
OUST,2025-08-08,UT,OK,-6.211936662606565,179.66101694915255,124.70817120622573
TEM,2025-08-08,SW,OK,0.5649717514124353,-0.03403675970047315,-15.091066782307028
STEM,2025-08-08,UDS,OK,43.59861591695502,19.71153846153846,9.172220273588216
MP,2025-08-08,UT,OK,136.66333666333662,200.8890770533446,201.65534804753818
GPRE,2025-08-11,DT SW,OK,-3.394255874673624,92.95958279009126,-10.735826296743046
RUM,2025-08-11,DT,OK,-15.268817204301088,1.285347043701801,-39.75535168195719
AAOI,2025-08-08,UDS,OK,-20.021489971346718,59.72818311874104,-20.70312500000001
ABCL,2025-08-08,DT SW,OK,0.4739336492891155,110.94527363184082,25.44378698224854
PSIX,2025-08-08,UDS,OK,25.972162433634672,239.7445820433437,101.49185219187515
ASTS,2025-08-12,CPH,OK,0.745941202281708,78.26086956521738,73.21765371557902
HNRG,2025-08-12,U,OK,22.47191011235956,28.151534944480726,82.34200743494424
FWRD,2025-08-12,DT U,OK,4.384362440628431,75.06127450980391,-11.355879615265273
CRCL,2025-08-12,DT,insufficient_history,,,
VG,2025-08-12,DT,OK,-32.49440715883668,29.0909090909091,-31.185860889395666
LQDA,2025-08-12,UT,OK,50.461320085166776,38.92529488859764,34.603174603174594
CAI,2025-08-13,UDS,insufficient_history,,,
ONDS,2025-08-12,UT,OK,61.79245283018868,348.36601307189545,79.58115183246075
DFDV,2025-08-13,DT U,insufficient_history,,,
AIRO,2025-08-14,DT,insufficient_history,,,
VOR,2025-08-13,UDS,OK,-30.543933054393293,862.3188405797101,20.28985507246377
SRFM,2025-08-13,UDS,OK,-37.46268656716417,52.919708029197075,-18.003913894324853
HSAI,2025-08-15,UT,OK,6.678865507776766,30.79080201906901,27.991218441273325
BZAI,2025-08-15,DT,OK,35.48387096774193,35.97122302158273,23.934426229508187
KULR,2025-08-15,DT,OK,-17.268445839874424,-59.08385093167703,-70.45964125560538
WKHS,2025-08-15,DT,OK,-21.681415929203553,77.8894472361809,-73.23251417769376
IREN,2025-08-29,UT,OK,42.75092936802973,167.90697674418604,193.12977099236636
UI,2025-08-22,CPH,OK,-13.40679318907414,-0.7597316800487919,15.762174338302849
MDB,2025-08-27,DT SW,OK,-12.30309725461315,13.437417306165656,-17.469485195025214
KSS,2025-08-27,DT SW,OK,1.636788776305531,64.85461441213651,8.395677472984197
WOOF,2025-08-29,DT SW,OK,5.555555555555558,-9.77653631284916,19.188191881918826
BMA,2025-08-28,DT,OK,-21.661437730186883,-36.025398239946526,-34.68668258842261
PL,2025-09-08,CPH,OK,3.322784810126578,9.563758389261757,64.48362720403023
CRDO,2025-09-04,UT,OK,8.779424585876194,73.48442714126806,129.6944035346097
RZLV,2025-10-01,DT,OK,33.155080213903744,72.9166666666667,311.5702479338843
LPTH,2025-09-26,UT,OK,32.11382113821137,107.00636942675158,212.5
GLXY,2025-10-21,UDS,insufficient_history,,,
NEOG,2025-10-09,DT SW,OK,1.5706806282722585,4.3010752688172005,-17.329545454545446
VKTX,2025-10-23,DT U,OK,25.830997196635973,-6.208955223880597,21.83016673129121
TLRY,2025-10-09,UT,OK,50.87719298245612,169.97331659080203,276.9449923296077
APLD,2025-10-10,UT,OK,72.49705535924616,219.06318082788673,430.61594202898556
BYRN,2025-10-09,DT U,OK,17.28395061728394,-10.289199291756834,51.29396151293961
CLF,2025-10-20,DT U,OK,16.535433070866155,24.953095684802996,82.46575342465754
QS,2025-10-23,CPH,OK,0.3695491500369519,7.5217735550277,241.2060301507538
DQ,2025-10-27,UT,OK,-15.815006468305304,13.469921534437667,75.99729546991212
CLS,2025-10-28,UT,OK,23.803273308995454,49.415841584158414,243.9152233363719
NBR,2025-10-29,U,OK,13.772310660877963,37.96431705176955,63.444213444213446
BE,2025-10-29,UT,OK,53.91304347826089,201.11642743221694,499.0481226864093
PUMP,2025-10-29,U,OK,35.940409683426445,30.124777183600692,30.35714285714286
GKOS,2025-10-30,DT,OK,-5.46903740036786,-10.454175862469505,-18.20689655172414
PRM,2025-10-30,UDS,OK,-4.6895935685573935,32.300061996280235,110.66140177690028
MSTR,2025-10-31,DT,OK,-24.774681599243532,-30.564874669285114,-33.28878406708596
BBNX,2025-10-29,U,OK,22.28657768823974,44.868735083532215,120.92811646951773
AXTI,2025-10-31,UT,OK,49.083503054989805,281.25000000000006,442.22222222222223
WDC,2025-10-31,UDS,OK,5.773795849605623,80.44415414761595,214.2889647326507
BFLY,2025-10-31,DT SW,OK,7.36842105263158,45.71428571428573,-12.820512820512809
DAVE,2025-11-04,UDS,OK,18.03077225581282,0.5359460704266628,129.22195704057282
VITL,2025-11-04,DT,OK,-23.41742027605903,-11.544804837822987,-9.454136184580753
IBRX,2025-11-05,DT,OK,-17.78656126482212,-12.605042016806712,3.4825870646766344
APPS,2025-11-05,UDS,OK,-9.480122324159023,27.311827956989234,91.58576051779936
LQDA,2025-11-03,UDS,OK,11.232876712328776,25.051334702258732,53.88502842703726
CIFR,2025-11-03,UDS,OK,35.04706734250542,259.34489402697494,490.1898734177214
HTZ,2025-11-04,DT,OK,-20.95999999999999,-15.265866209262436,-20.32258064516128
LITE,2025-11-05,UT,OK,17.28518057285182,71.2207981092628,192.39366656317912
SLDP,2025-11-05,UT,OK,-2.6863084922010283,63.70262390670553,396.90265486725673
OUST,2025-11-05,UDS,OK,-14.646931853222323,20.505006530256864,245.56803995006243
BWIN,2025-11-05,DT,OK,-16.75108538350216,-24.271844660194176,-43.754583231483736
RIGL,2025-11-05,UDS,OK,-1.799307958477503,-4.797047970479706,55.42168674698793
LMND,2025-11-05,CPH,OK,4.563279857397506,14.861954180536507,93.53348729792148
GPRE,2025-11-05,UDS,OK,-0.09970089730807485,36.51226158038148,173.77049180327867
SES,2025-11-06,DT,OK,-17.712177121771223,95.6140350877193,171.0257656781721
FTRE,2025-11-05,U,OK,1.147028154327412,47.41641337386018,76.04355716878402
ESTA,2025-11-05,DT SW,OK,25.60386473429952,18.210098109595595,49.6062992125984
FWRD,2025-11-06,DT,OK,-25.327142254115664,-40.39757412398921,2.6697620429483537
SITM,2025-11-06,UT,OK,-7.592715231788083,40.37726358148892,67.91215403128761
EOSE,2025-11-06,UDS,OK,8.784773060029272,126.52439024390243,122.7886056971514
HL,2025-11-06,UT,OK,1.3389121338912124,67.72853185595568,148.15573770491804
AQST,2025-11-06,UTU,OK,0.5025125628140836,52.67175572519083,119.7802197802198
ARRY,2025-11-06,DT SW,OK,-4.587155963302758,42.46575342465755,65.07936507936509
DNUT,2025-11-06,DT SW,OK,9.912536443148689,18.55345911949684,-12.93302540415705
IOVA,2025-11-06,DT SW,OK,-16.972477064220183,-31.439393939393945,-42.172523961661334
AFRM,2025-11-07,UDS,OK,-12.345514950166125,-8.806857458869077,21.562845558422406
MRNA,2025-11-06,DT SW,OK,-13.825896122896864,-11.461856444945518,-2.0781379883624274
AMPX,2025-11-07,UDS,OK,-9.339774557165859,39.702233250620345,352.2088353413654
GRND,2025-11-07,DT,OK,3.3460076045627396,-13.384321223709373,-44.417177914110425
LASR,2025-11-07,UT,OK,-2.5515210991167825,13.919694072657741,245.99303135888505
PCT,2025-11-07,DT,OK,-35.32974427994616,-22.186234817813766,27.284768211920518
INOD,2025-11-07,DT,OK,-34.64964051936903,39.90351481736734,48.13913889564583
OSCR,2025-11-06,SW,OK,-24.210057854917654,12.33509234828496,0.0587544065804968
AMN,2025-11-07,DT SW,OK,-4.3591074208614415,6.902552204176349,-9.345794392523354
TXG,2025-11-07,DT SW,OK,7.705053852526933,5.777054515866564,50.63731170336037
TNDM,2025-11-07,DT SW,OK,-13.102998696219037,18.699910952804988,-41.38082673702726
VG,2025-11-10,DT,OK,-36.48648648648648,-33.80281690140845,-14.54545454545454
WLDN,2025-11-07,UDS,OK,-10.496483677967882,-24.971403431588215,110.2317554240631
EU,2025-11-10,DT SW,OK,-22.807017543859644,-2.583025830258301,55.294117647058826
CGC,2025-11-07,DT,OK,-28.75816993464052,-12.79999999999999,-18.656716417910445
RUM,2025-11-10,DT,OK,-25.725094577553598,-27.463054187192114,-36.66666666666667
VSAT,2025-11-10,UT,OK,0.81644144144144,40.15655577299413,269.55624355005165
SPRY,2025-11-10,DT,OK,-23.575129533678762,-45.97069597069597,-34.15178571428571
CRSP,2025-11-10,DT,OK,-26.428190069407375,-0.5233712326294881,54.744525547445264
PGY,2025-11-10,DT,OK,-19.360158311345653,-13.020277481323372,67.6954732510288
BKKT,2025-11-10,DT,OK,-38.07903690133473,138.50806451612905,135.42288557213928
REAL,2025-11-11,UDS,OK,18.624338624338634,46.53594771241831,100.17857142857144
USAS,2025-11-10,UDS,OK,-7.600950118764837,45.420560747663565,157.87205833609548
INVZ,2025-11-12,DT,OK,-26.146788990825687,1.8987341772152,59.405940594059416
EVGO,2025-11-10,DT,OK,-26.76659528907923,-3.93258426966292,-6.557377049180335
BBAI,2025-11-11,DT SW,OK,-20.914127423822716,-4.355108877721936,75.69230769230768
UPXI,2025-11-12,DT,OK,-50.46296296296296,-59.00383141762452,-67.93206793206792
RKLB,2025-11-11,UTU,OK,-19.23436041083101,19.502647939212526,144.1204139228598
ORKA,2025-11-13,UDS,OK,2.9839883551673996,88.66666666666667,191.45211122554065
CSIQ,2025-11-13,UT,OK,81.04325699745547,143.66438356164383,181.5034619188922
LGN,2025-11-14,UDS,insufficient_history,,,
KOPN,2025-11-12,DT,OK,-17.404129793510336,46.596858638743456,90.47619047619047
ONDS,2025-11-13,UTU,OK,-47.070124879923156,40.20356234096691,529.0672451193058
FLY,2025-11-13,DT,insufficient_history,,,
QMCO,2025-11-14,DT,OK,-43.488745980707385,-6.887417218543046,-33.174904942965775
TRVI,2025-11-14,UT,OK,7.909604519774027,52.393617021276604,85.13731825525042
DFLI,2025-11-17,DT,OK,-39.07518796992482,188.36298932384338,102.62565641410353
OMER,2025-11-14,DT,OK,-39.73128598848368,42.403628117913826,58.9873417721519
GRRR,2025-11-18,DT,OK,-25.545722713864304,-29.8888888888889,-25.14827995255041
NUTX,2025-11-20,U,OK,-2.0174672489083,16.645872322728206,-33.61538461538461
CAN,2025-11-18,DT,OK,-46.68750000000001,27.218493661446686,4.024390243902443
QUBT,2025-11-17,DT,OK,-43.436499466382074,-33.31236237810632,-17.63791763791763
NUTX,2025-11-19,DT SW,OK,-10.630630630630634,6.954177897574132,-44.02121776423452
PACS,2025-11-20,U,OK,34.63999999999998,43.47826086956519,70.34412955465584
VNET,2025-11-20,DT SW,OK,-11.111111111111105,13.351498637602187,28.395061728395056
POWL,2025-11-19,UTU,OK,-7.886597938144336,30.480338504112648,77.38938807113442
PACS,2025-11-20,U,OK,34.63999999999998,43.47826086956519,70.34412955465584
PACS,2025-11-20,U,OK,34.63999999999998,43.47826086956519,70.34412955465584
WRD,2025-11-24,DT,OK,-28.85375494071145,-25.0,-20.96597145993413
CRNC,2025-11-20,DT,OK,-33.445378151260506,-24.13793103448275,-3.76670716889429
SYM,2025-11-25,DT,OK,-14.80798771121351,15.565742863096466,80.59264083360469
ODD,2025-11-20,DT,OK,-26.720567935318485,-38.22111388196176,-42.66316926400248
AMTM,2025-11-25,U,OK,12.50554323725055,0.9148766905330064,19.388235294117663
FLNC,2025-11-25,CPH,OK,-19.057377049180324,108.44327176781002,227.12215320910977
PONY,2025-11-25,DT,OK,-31.798483206933913,-15.047233468286104,-41.03044496487121
KSS,2025-11-25,UDS,OK,-3.9682539682539653,20.62883435582823,98.86219974715551
DELL,2025-11-26,UTU,OK,-22.3626610765152,-4.96603773584906,10.679440977410582
CRDO,2025-12-02,UDS,OK,2.706757892209821,37.70821598133098,173.15243415802075
MRVL,2025-12-03,UDS,OK,-0.9067633880947223,49.077194671802275,48.95766516998077
TLRY,2026-01-09,DT,OK,26.80555555555557,-46.91860465116279,43.30560351593156
RH,2025-12-12,DT SW,OK,-5.4692317178443695,-29.551511809576326,-13.320517894498785
APLD,2026-01-08,UDS,OK,-5.317104420243435,8.27838827838827,210.83070452155624
FCEL,2025-12-18,SW,OK,20.06079027355623,-5.1620648259303685,29.934210526315795
TIGR,2025-12-04,DT,OK,-20.62328139321723,-31.91823899371069,2.9726516052318575
MU,2025-12-18,UT,OK,-6.790659227113027,33.53070045591806,85.12559514037106
SNDK,2026-01-30,UT,OK,120.79836233367449,207.24092747678458,1142.91311362065
TWST,2026-02-02,U,OK,27.744945567651634,27.50698540825831,22.3413762287757
STX,2026-01-28,UT,OK,30.318645493742768,58.790363915940546,147.08228100491826
LITE,2026-02-04,UT,OK,12.688094066457744,115.86624330224251,291.5234410150275
SMCI,2026-02-04,DT SW,OK,-4.1666666666666625,-42.89838337182448,-49.046883049974234
SIMO,2026-02-04,UT,OK,28.434300341296925,22.739781877484468,57.39119069402692
AMSC,2026-02-05,DT SW,OK,-16.862390846130694,-54.461487712353616,-50.35958288385473
BILL,2026-02-06,DT,OK,-35.51418760166275,-24.26236467841223,-15.490288962576981
ENPH,2026-02-04,DT SW,OK,10.459259259259257,22.189446083251397,17.63963395392869
APPS,2026-02-04,DT SW,OK,3.347280334728042,-20.833333333333325,-13.18101933216168
SITM,2026-02-05,UT,OK,4.483079602438211,20.718845406605602,75.97734284124817
FORM,2026-02-05,UT,OK,14.16493858669643,26.897163120567356,145.60741249142072
ADPT,2026-02-06,UDS,OK,2.2346368715083775,-2.659574468085124,40.889649272882814
VSAT,2026-02-06,UT,OK,-13.85181776346066,0.8077544426494221,34.57943925233644
BE,2026-02-06,CPH,OK,32.55701115963126,5.850445563734974,251.51827071538855
RBLX,2026-02-06,DT,OK,-20.12396149281287,-41.832324978392386,-54.84568361413449
MSTR,2026-02-06,DT,OK,-32.271950370323474,-56.68245677962671,-72.09514618815366
DDOG,2026-02-10,DT,OK,-12.756351392715025,-40.25259406770778,-12.90963257199602
ABAT,2026-02-06,DT,OK,-19.22196796338673,-10.178117048346069,63.42592592592591
ICHR,2026-02-10,U,OK,51.263858093126366,126.04373757455267,95.58486238532109
CLSK,2026-02-06,DT,OK,-31.06755629691409,-49.04438964241676,-24.863636363636353
OSCR,2026-02-10,SW,OK,-25.0887573964497,-23.550724637681153,-18.111254851228985
AEIS,2026-02-11,UT,OK,27.073181838881567,28.750057675448737,84.05118395884176
SHOP,2026-02-11,DT U,OK,-22.641050583657584,-16.514664392100254,-13.735593220338982
TSEM,2026-02-11,UT,OK,13.779888361243021,62.44796003330559,194.77660263328298
RDDT,2026-02-06,DT,OK,-40.48697844844569,-19.555839590988978,-29.021192613129077
VRT,2026-02-11,UT,OK,22.032033255899243,11.023359288097879,42.75906457841665
ULCC,2026-02-11,DT SW,OK,12.452830188679243,51.653944020356235,80.06042296072506
HNGE,2026-02-11,SW,OK,-31.030884808013358,-25.713643515396733,-40.68557071069634
NET,2026-02-11,DT,OK,-1.5318962687383753,-22.69232421287746,-10.533379728587766
FSLY,2026-02-12,SW,OK,-0.32119914346894207,-21.961441743503762,35.91240875912409
ROKU,2026-02-13,SW,OK,-24.957017464482846,-22.342916003371105,-5.857645589737759
LPTH,2026-02-12,CPH,OK,-14.345287739783153,32.005141388174806,176.07526881720426
PCOR,2026-02-13,DT,OK,-33.53692393114937,-39.27710843373493,-27.101096224116937
RIVN,2026-02-13,DT,OK,-25.72944297082229,-22.30854605993341,14.006514657980462
COIN,2026-02-13,DT,OK,-44.164786893030985,-53.59034242294661,-56.85453044249411
SPSC,2026-02-13,DT,OK,-29.619565217391308,-20.7369323050557,-43.86649328131773
PRCH,2026-02-12,DT,OK,-21.590909090909093,-27.988614800759002,-51.03225806451612
HUBS,2026-02-12,DT,OK,-44.32120438344504,-45.818558302057724,-50.604087026287225
ETOR,2026-02-17,DT,OK,-12.324393358876119,-33.55915799661262,-42.262405382674515
DFIN,2026-02-17,DT,OK,-27.27272727272728,-16.087516087516086,-29.41176470588236
BROS,2026-02-13,DT,OK,-16.688524590163933,-9.26620246384574,-24.75570032573291
VKTX,2026-02-12,DT SW,OK,-10.107052896725444,-24.410908128144037,-28.37431008529854
CZR,2026-02-18,DT SW,OK,-25.24654832347141,-4.0506329113924044,-25.187524674299244
GSHD,2026-02-18,DT,OK,-29.778085991678218,-27.826086956521745,-41.168951894027416
HL,2026-02-18,DT SW,OK,-15.78112609040444,43.1266846361186,176.9230769230769
AAP,2026-02-13,DT U,OK,37.40854378097711,14.022718370544451,-5.8081216631613035
SEDG,2026-02-18,UDS,OK,9.72222222222221,1.9494783086216438,23.51962741184299
TXG,2026-02-13,UTU,OK,-14.668615984405452,5.545509342977706,29.034635224760507
WING,2026-02-18,DT SW,OK,-6.999593691131389,7.140425531914896,-25.252345327158288
FUN,2026-02-19,DT SW,OK,-2.112251056125536,11.095890410958908,-36.78877630553391
RSI,2026-02-18,UDS,OK,-14.140902179422199,-2.363112391930833,-13.172731932342385
GLBE,2026-02-18,DT,OK,-22.474549725920134,-16.666666666666675,-3.6027263875365145
APPN,2026-02-19,DT,OK,-15.932914046121605,-44.395655188352215,-19.61242900100234
FIG,2026-02-19,DT U,OK,-18.194115657761245,-37.2177524007267,-68.23792016806722
INDI,2026-02-20,DT,OK,-17.942583732057404,-5.2486187845303895,-19.483568075117365
LMND,2026-02-19,DT,OK,-17.227049489988655,-6.752730883813296,10.02678272514228
DASH,2026-02-19,DT,OK,-15.556204948373276,-16.22535755701585,-31.56232730717613
ETSY,2026-02-19,DT,OK,-28.68706491824511,-22.854640980735564,-32.18903940886699
TNDM,2026-02-20,DT SW,OK,-9.614446071254267,0.9814612868047856,70.06427915518823
TROX,2026-02-19,UT,OK,35.4895104895105,129.97032640949553,89.95098039215685
RNG,2026-02-20,U,OK,13.8705927934909,9.7460791635549,-2.2613900897904826
WK,2026-02-20,DT,OK,-29.41877084325869,-33.45311622683885,-23.12881048125568
AMN,2026-02-20,DT SW,OK,-7.692307692307676,8.679245283018865,-13.901345291479817
IBRX,2026-02-23,DT,OK,25.722543352601157,314.2857142857142,284.95575221238937
TARS,2026-02-24,UTU,OK,-2.0273124032099132,-9.752301906367522,23.03748231966054
OPEN,2026-02-20,DT,OK,-27.2300469483568,-38.7117607518024,32.73578442566796
VIR,2026-02-24,UDS,OK,0.40540540540539016,36.58088235294117,69.63470319634703
FWRD,2026-02-24,UTU,OK,-11.204776958201613,25.58370591157477,-9.390681003584223
SGHC,2026-02-24,DT U,OK,-2.605210420841686,-21.1038961038961,-16.49484536082474
IOVA,2026-02-24,DT SW,OK,7.434944237918217,27.876106194690276,13.779527559055115
BEAM,2026-02-24,SW,OK,-17.30881494454174,35.0333651096282,76.95190505933789
CLVT,2026-02-24,DT,OK,-42.26804123711341,-50.148367952522264,-61.81818181818181
CCC,2026-02-25,DT,insufficient_history,,,
CAVA,2026-02-25,DT U,OK,2.231604342581428,55.54026152787335,-1.0652269079235444
AXTI,2026-02-20,UT,OK,11.209715086408224,132.29268292682926,1012.6168224299065
AXON,2026-02-25,DT SW,OK,-27.828880842874383,-14.838051615634807,-42.249164752557945
CRCL,2026-02-25,DT,OK,-13.963269311650084,-8.307186612879136,-54.554206161137444
RXRX,2026-02-25,DT,OK,-25.36997885835096,-8.311688311688314,-28.542510121457497
ACHC,2026-02-25,DT SW,OK,12.738017071569274,19.568245125348206,-23.484848484848484
ECG,2026-02-25,UT,OK,14.240298180223633,29.5821934842079,36.92024701090526
IONQ,2026-02-26,DT,OK,-22.55014987318421,-19.46775353632222,-13.159255429162354
BLMN,2026-02-25,DT SW,OK,-23.865110246433197,-0.8445945945945943,-20.298710115410724
CBZ,2026-02-26,DT,OK,-28.976828950794054,-46.65623777864685,-58.13382443216697
JOBY,2026-02-26,DT,OK,-26.05421686746987,-24.86610558530987,-31.32867132867133
SDGR,2026-02-26,DT,OK,-24.018029620090143,-28.354584092289002,-39.611054247697034
SNOW,2026-02-26,DT,OK,-19.90817437402376,-27.697303764474633,-13.083008013149788
CHYM,2026-02-26,DT,OK,-21.494979546299742,14.355362946912242,-21.43654633420171
SEZL,2026-02-26,DT SW,OK,-7.0230141054194455,15.025716385011023,-32.15601300108343
VECO,2026-02-26,UDS,OK,-9.87967067764407,3.868613138686139,13.976772126551861
RXT,2026-02-26,DT,OK,77.16535433070868,27.962085308056885,12.500000000000021
MNKD,2026-02-26,DT,OK,-37.27598566308244,-30.417495029821072,-10.256410256410254
PENN,2026-02-26,DT,OK,-11.252653927813173,-9.13043478260871,-36.9215291750503
BFLY,2026-02-26,U,OK,-30.02257336343115,16.981132075471695,100.0
IBP,2026-02-26,UDS,OK,1.7113095238095344,16.24149659863945,9.99597673823196
PHAT,2026-02-26,DT U,OK,-12.43781094527363,-17.866666666666664,6.482281763180642
MARA,2026-02-27,DT,OK,-19.676806083650188,-24.620874219446932,-46.65404040404041
CAI,2026-02-27,DT,OK,-26.028450595924657,-23.499005964214714,-49.88278197447252
LB,2026-02-26,DT U,OK,14.77910238429172,14.039365964117746,25.66218809980805
QBTS,2026-02-26,UDS,OK,-17.263157894736846,-3.7236648701616915,30.82556591211718
BWIN,2026-02-27,DT,OK,-23.0865224625624,-32.592052497265776,-43.66240097501524
RLAY,2026-02-27,UT,OK,7.76470588235294,12.11750305997552,158.75706214689265
REAL,2026-02-27,DT U,OK,-22.995649471721556,-7.537313432835823,63.88888888888891
KOS,2026-03-02,U,OK,53.289473684210535,113.76146788990825,27.322404371584707
NIQ,2026-02-27,DT U,OK,-29.33484934621945,-15.956727518593638,-24.712295578437317
GLDG,2026-03-02,DT SW,OK,-15.34653465346535,23.91304347826089,84.86486486486484
AAOI,2026-02-27,UT,OK,43.594543995720784,138.94080996884733,114.16035101715197
ASTH,2026-03-02,SW,OK,-7.590909090909104,-12.446167097329896,-34.86062159564243
XERS,2026-03-02,DT,OK,-14.525139664804465,-13.802816901408443,-23.404255319148938
VG,2026-03-02,U,OK,1.8927444794952564,40.63860667634251,-25.461538461538467
OUST,2026-03-03,UDS,OK,-13.756388415672916,-9.51742627345844,-34.38107582631238
PLUG,2026-03-03,UDS,OK,-22.649572649572647,-8.585858585858585,11.042944785276077
BW,2026-03-04,UDS,OK,-15.975103734439845,29.600000000000005,263.2286995515695
ANAB,2026-03-04,UT,OK,11.432187302256903,26.842737094837933,159.86227250368916
PDYN,2026-03-05,DT SW,OK,8.944281524926678,38.87850467289719,0.8141112618724522
TREE,2026-03-03,DT U,OK,-35.498205434968376,-34.0094422101766,-44.01424121050289
IOT,2026-03-06,DT U,OK,19.999999999999996,-22.116903633491315,-16.699521261616447
CBRL,2026-03-05,DT SW,OK,-2.3285486443381243,6.950750960530927,-44.04239766081871
AMPX,2026-03-05,UTU,OK,-4.562737642585546,18.284637134778524,71.44808743169399
UMAC,2026-03-09,SW,OK,29.222309505106047,59.553831231813746,77.45415318230853
TSSI,2026-03-11,DT SW,OK,21.696035242290755,28.04171494785632,-18.32963784183296
DNTH,2026-03-09,UT,OK,35.46644504467069,48.282920172845124,164.39578264395783
SERV,2026-03-11,DT SW,OK,-9.414519906323193,-27.943368107302536,-7.904761904761903
CTMX,2026-03-16,UDS,OK,-15.827338129496404,19.999999999999996,123.92344497607657
TRVI,2026-03-18,UDS,OK,7.596153846153841,-12.372748629600627,38.74767513949162
EQPT,2026-03-19,DT,insufficient_history,,,
BBW,2026-03-12,DT,OK,-19.671222755818242,-14.119273301737756,-38.642776523702025
FLY,2026-03-20,DT SW,OK,6.939916162086646,13.214990138067062,-47.047970479704794
YSS,2026-03-20,DT,insufficient_history,,,
UAMY,2026-03-20,DT SW,OK,22.28187919463087,82.93172690763049,62.67857142857143
PL,2026-03-20,UDS,OK,13.5636057287279,50.782997762863545,163.5386119257087
SLS,2026-03-20,CPH,OK,37.203166226912934,136.36363636363632,207.6923076923077
BRZE,2026-03-25,DT SW,OK,14.12286257124762,-49.19650408796166,-44.80857580398162
PGEN,2026-03-26,UDS,OK,-22.11055276381909,-29.22374429223744,-16.442048517520213
NAVN,2026-03-26,DT,insufficient_history,,,
AGX,2026-03-27,UT,OK,-7.118958267396113,23.293220898478538,57.679613140927245
LGN,2026-03-27,UT,OK,-4.985652797704454,18.47048300536671,56.375442739079084
ANNX,2026-03-31,UDS,OK,-11.428571428571422,-2.935420743639927,47.181008902077146
SGML,2026-03-30,UDS,OK,-35.51171393341552,-22.575869726128783,45.27777777777779
PLAY,2026-04-01,DT,OK,-23.94662921348315,-32.14285714285715,-42.969984202211684
RZLV,2026-03-30,DT SW,OK,-0.4166666666666541,-17.86941580756014,-64.167916041979
NCNO,2026-04-01,DT,OK,-7.129572225666447,-42.7807486631016,-46.48088603072525
BBNX,2026-04-22,DT,OK,14.67289719626168,-33.423765599565925,-38.71128871128872
LAES,2026-04-01,DT,OK,-34.66334164588528,-32.992327365728904,-28.219178082191775
AEHR,2026-04-08,UT,OK,41.112047177759045,113.92081736909323,61.992263056092845
GSHD,2026-04-23,DT SW,OK,2.6807839603514294,-33.88453727879316,-30.29515216393944
MXL,2026-04-24,UT,OK,94.1609977324263,76.72858617131064,92.09197980931016
AXGN,2026-04-28,UT,OK,22.139534883720934,13.450460829493082,118.2271468144044
SEI,2026-04-28,UT,OK,16.840363937138125,35.82692307692308,48.071278825995776
NEO,2026-04-29,DT SW,OK,25.452016689847,-27.666399358460314,-15.463917525773196
CVLT,2026-04-28,DT SW,OK,8.932971907343523,-31.65584415584417,-47.38439564363507
FICO,2026-04-29,DT SW,OK,-0.055387415188012934,-34.59546925566344,-39.38212357528494
CLVT,2026-04-29,DT SW,OK,6.355932203389836,-12.23776223776224,-31.23287671232877
PRCH,2026-04-29,DT SW,OK,27.071005917159763,8.322824716267352,-47.52596212583996
BE,2026-04-29,UT,OK,69.89642749924947,48.6245157901648,105.08244247146222
FMC,2026-04-30,DT SW,OK,-12.849494348602008,-8.551810237203494,-52.17107411034934
COCO,2026-04-29,DT SW,OK,9.92122631466894,-6.093124772644587,30.165132988781053
CWH,2026-04-30,DT SW,OK,5.319148936170204,-50.0,-58.6021505376344
PRCT,2026-04-30,DT,OK,-15.029354207436397,-27.6815456362425,-40.27510316368639
FORM,2026-04-30,UT,OK,48.266054042227324,86.80909717436252,209.6413068311629
FTAI,2026-04-30,DT,OK,-6.841230984437829,-22.690996154683308,15.138581230752601
TTMI,2026-04-30,UT,OK,55.73677653188356,40.32044086131239,133.446519524618
CCC,2026-04-30,DT,insufficient_history,,,
BAND,2026-04-30,UT,OK,40.37122969837588,73.10443490701,42.68867924528301
VIAV,2026-04-30,UT,OK,43.131090851933365,116.50023775558726,226.3799283154122
VISN,2026-04-30,DT U,insufficient_history,,,
RIOT,2026-05-01,UDS,OK,39.482200647249186,1.5910430170889889,-20.01855717930875
VOYG,2026-05-05,DT SW,OK,-4.660700969425802,-12.009635237439776,-15.443121693121686
EVER,2026-05-05,DT SW,OK,-3.754940711462451,-35.06666666666667,-29.249394673123486
TEAM,2026-05-01,DT SW,OK,0.4981684981685053,-43.02209669380295,-58.166626006343016
BWIN,2026-05-05,DT SW,OK,-1.7002237136465426,6.702282661486159,2.233597021870648
FLY,2026-05-05,DT SW,OK,1.3361676283024426,45.97550306211722,36.48261758691207
TDUP,2026-05-05,DT SW,OK,30.059523809523814,-12.6,-49.30394431554524
FTRE,2026-05-05,U,OK,29.62962962962965,-27.342823250296554,22.13359920239284
COMP,2026-05-06,DT SW,OK,6.764705882352939,-40.39408866995073,-5.836575875486383
SHLS,2026-05-05,UDS,OK,21.260997067448663,-11.266094420600869,-18.441814595660755
DOCN,2026-05-05,UT,OK,20.88656815909342,81.9260993144959,186.79493937796522
ALIT,2026-05-06,DT U,OK,58.60312841033104,-43.00653594771242,-69.72222222222221
ALAB,2026-05-06,CPH,OK,82.80362742605305,36.06484986121623,15.539961431326322
SMCI,2026-05-06,DT SW,OK,26.21315192743763,-6.20155038759691,-46.439568899153194
VSEC,2026-05-06,UDS,OK,-7.002463441480156,-9.033581133042812,-1.7987602390967417
HUT,2026-05-06,UT,OK,62.384025816861644,36.41138597085734,58.92222660876434
URGN,2026-05-06,CPH,OK,28.049435787211173,19.15,16.414264777723496
AMC,2026-05-06,DT SW,OK,26.190476190476186,15.21739130434785,-38.6100386100386
OSS,2026-05-06,UDS,OK,26.554404145077726,2.4109014675052443,95.39999999999999
LIFE,2026-05-07,U,insufficient_history,,,
BOBS,2026-05-07,DT,insufficient_history,,,
ARRY,2026-05-07,DT SW,OK,19.033674963396784,-32.02341137123745,-3.3293697978596826
JMIA,2026-05-07,DT SW,OK,11.844077961019494,-34.618755477651185,-32.05828779599271
AGL,2026-05-07,DT SW,OK,67.87221217600965,61.61323081386914,37.47994569912378
GCT,2026-05-07,UDS,OK,9.73170731707318,15.596094552929095,60.449358059914424
SEZL,2026-05-07,DT SW,OK,29.861111111111114,40.73952879581151,34.21750663129972
ROOT,2026-05-07,DT SW,OK,23.541292639138224,-10.063715079235426,-31.860378759747498
EXK,2026-05-07,DT SW,OK,-2.8183716075156573,-21.632996632996637,14.093137254901954
PCT,2026-05-07,DT SW,OK,40.073529411764696,-24.254473161033797,-30.091743119266056
HNRG,2026-05-07,UDS,OK,18.606138107416868,4.330708661417315,-15.528233151183969
FLNC,2026-05-07,DT,OK,2.3396226415094423,-53.22525008623663,-34.83901970206631
WRBY,2026-05-07,SW,OK,3.964134025483723,-16.458096321577553,11.431461810824484
ACVA,2026-05-07,DT SW,OK,12.742980561555072,-30.67729083665339,-44.40894568690097
HIMX,2026-05-07,CPH,OK,41.237113402061844,63.3112582781457,32.58064516129031
RUN,2026-05-07,DT SW,OK,-2.950075642965211,-38.10902074288472,-35.75363044566849
VERX,2026-05-07,DT SW,OK,6.208053691275173,-18.74197689345315,-38.8110198163364
XMTR,2026-05-07,U,OK,33.49112426035503,-7.084019769357508,16.121062384187756
GENI,2026-05-07,DT,OK,4.018912529550822,-48.47775175644027,-60.252935862691956
AAON,2026-05-07,DT SW,OK,21.538081107814055,3.2129357412851833,2.502606882168923
TPB,2026-05-07,DT U,OK,13.507473110769652,-36.08117674821049,-13.220845792396407
FOUR,2026-05-07,DT,OK,6.481251552023837,-26.335681154440817,-37.29160573267036
RXT,2026-05-07,U,OK,152.0541860981568,377.19150725247,44.585987261146485
AAOI,2026-05-08,UT,OK,18.72645064054259,313.1917125622869,434.0677966101695
MP,2026-05-08,DT SW,OK,26.983835415135935,22.245800176834663,25.919854280510023
NAMS,2026-05-07,UDS,OK,-8.611029194927744,-6.033959975742875,-16.243243243243242
LASR,2026-05-08,UT,OK,9.731432360742698,43.610327619874134,116.519463526333
WULF,2026-05-08,UT,OK,33.074792243767305,101.51006711409396,60.02664890073284
POWI,2026-05-08,UT,OK,33.290035257005,52.182203389830505,84.36858316221765
INOD,2026-05-08,DT SW,OK,14.529485570890843,4.871323529411753,-31.737959916242897
IREN,2026-05-08,UDS,OK,54.35786043985882,42.87509424478513,-14.67807294011706
RKLB,2026-05-08,UDS,OK,13.752171395483504,18.486127864897473,38.90754817040833
TNDM,2026-05-08,DT SW,OK,-4.547803617571066,-2.481520591341091,21.433267587113725
BW,2026-05-11,UDS,OK,-19.3118756936737,53.05263157894735,202.91666666666669
QUBT,2026-05-12,DT SW,OK,44.19263456090652,7.83898305084747,-22.58555133079848
PLUG,2026-05-12,U,OK,28.467153284671532,67.61904761904762,40.239043824701206
KOPN,2026-05-12,UT,OK,86.84210526315788,110.59322033898304,73.77622377622377
AMBQ,2026-05-12,SW,OK,58.466342817487856,53.82283597170765,56.3505648750428
VG,2026-05-12,DT SW,OK,-10.408635312259074,14.257620452310714,49.93548387096774
VELO,2026-05-13,UDS,OK,21.94275802254988,4.613095238095255,198.51380042462847
VPG,2026-05-12,UT,OK,33.46693386773547,20.936989286362806,101.14768951978252
TE,2026-05-12,UDS,OK,28.784648187633245,-20.94240837696335,64.13043478260869
AIP,2026-05-13,UT,OK,63.62260343087789,114.91053677932403,123.96408839779002
SLS,2026-05-13,UDS,OK,9.663865546218497,38.829787234042556,228.3018867924528
TSEM,2026-05-13,UT,OK,5.423210960996805,61.69729808889215,162.67396217437854
NXT,2026-05-13,UDS,OK,12.389063200358596,6.299813464473458,19.822230717767386
NBIS,2026-05-13,UT,OK,15.88379917184266,95.13018847368994,60.95434938892883
EOSE,2026-05-13,DT SW,OK,31.493506493506484,-33.71522094926351,-55.64074479737131
TRT,2026-05-14,UDS,OK,53.86819484240688,81.11298482293425,223.00751879699249
GO,2026-05-14,DT SW,OK,7.799442896935949,-20.939734422880484,-33.21829163071614
CMPS,2026-05-13,UT,OK,62.39168110918545,48.96661367249602,71.92660550458714
FPS,2026-05-14,UT,insufficient_history,,,
ARX,2026-05-14,DT SW,OK,-5.860255447032314,9.336823734729482,1.9528071602929131
STUB,2026-05-14,DT SW,OK,8.98550724637679,-20.42328042328042,-60.77203964527909
ONDS,2026-05-14,UDS,OK,-5.744680851063844,-4.008667388949094,50.68027210884354
FRMI,2026-05-14,DT SW,OK,13.636363636363624,-36.97478991596639,-76.29395495851442
FIG,2026-05-15,DT U,OK,-0.4916420845624492,-8.083560399636703,-54.49640287769783
SHAZ,2026-05-18,UT,insufficient_history,,,
AAP,2026-05-21,DT SW,OK,-12.753277711561372,-8.467309753483377,4.7210300429184615
GLOB,2026-05-15,DT,OK,-30.077964710709892,-30.84415584415585,-45.79290599650072
IMVT,2026-05-20,UT,OK,-7.85138450753593,-1.3508442776735463,10.741364785172713
CAVA,2026-05-20,DT SW,OK,-19.78642571105863,15.340321866233575,65.43837357052098
ELF,2026-05-21,DT,OK,-24.275903254702904,-44.343245912432785,-30.32009891468609
APPS,2026-05-27,U,OK,39.01734104046242,17.60391198044009,14.797136038186132
FLO,2026-05-22,DT,OK,-19.885714285714286,-30.387288977159887,-36.44605621033544
PHR,2026-05-28,DT SW,OK,-5.09355509355508,-22.823330515638208,-54.46384039900249
PONY,2026-05-26,DT U,OK,-13.899613899613893,-33.97483345669874,-25.29313232830821
NCNO,2026-05-28,DT SW,OK,-13.644115974985793,-3.9215686274509887,-37.72037720377204
ATEX,2026-06-11,UT,OK,16.259870782483855,67.0879546040753,216.61779081133918
ASAN,2026-05-29,DT SW,OK,5.213270142180093,-9.387755102040806,-45.409836065573764
PD,2026-05-29,DT SW,OK,10.71428571428572,5.084745762711873,-49.93270524899057
TTAN,2026-06-05,DT U,OK,16.295079402331215,-5.021722463582934,-17.479877879544826
KSS,2026-05-28,DT SW,OK,-15.26867627785059,-24.650349650349657,-17.695735200509233
MEI,2026-06-25,UT,OK,16.45907473309609,123.37883959044369,92.21732745961822
NAVN,2026-06-11,U,OK,14.293537787513678,116.94386694386698,49.82053122756642
MU,2026-06-25,UT,OK,39.61517976031956,165.08987940232095,294.2952767749699
BB,2026-06-25,UDS,OK,8.975979772439935,166.87306501547985,128.64721485411138
AVAV,2026-06-30,DT,OK,-35.16488642194132,-24.632651954671147,-46.682009973149206
AEHR,2026-07-15,UTU,OK,-30.107735610987085,0.4884175272118485,173.59422492401217
MAN,2026-07-16,DT U,OK,14.764705882352946,33.49298665754363,25.952227243382843
PKE,2026-07-21,UDS,OK,2.4145500156788735,-5.360764995653433,29.809220985691564
AMC,2026-07-20,UDS,OK,-22.088353413654627,20.496894409937873,25.161290322580633
NP,2026-07-22,DT SW,OK,3.7619699042407806,5.42043085476025,16.73720661792999
PENG,2026-07-08,UDS,OK,-11.874648679033161,209.3734583127775,209.2209072978304
NVEC,2026-07-23,UDS,OK,-21.698283649503157,5.398832684824928,27.003663003663014
TER,2026-07-29,UDS,OK,-26.60119946893742,-20.23631840796021,38.36030204962242
STX,2026-07-29,UDS,OK,-16.957439715523947,25.415366025576457,108.57406011889807
BE,2026-07-29,UTU,OK,-33.79890484882152,-28.90744844042952,19.495774244377586
PLPC,2026-07-30,UDS,OK,-29.947369721528993,-20.47405329593268,17.634123065432973
NVCR,2026-07-23,DT SW,OK,14.401175606171934,27.309893704006537,19.63119477525932
CLB,2026-07-30,DT,OK,-9.615384615384626,-41.14490161001789,-49.82206405693951
ENPH,2026-07-29,DT,OK,-23.665405632618743,3.06469920544834,-7.864028411973623
NEO,2026-07-29,UDS,OK,-5.43401552575864,55.632984901277595,7.8037007240547185
FORM,2026-07-30,UDS,OK,-42.11694527294166,-37.80742286480847,13.137201735357905
ARM,2026-07-30,DT,OK,-34.54508411432563,13.209161842436433,95.76079387186628
LRCX,2026-07-30,DT,OK,-38.58752524883795,0.4458066313736353,5.824876289524439
MOD,2026-07-30,DT,OK,-30.545369431224156,-24.896650636969554,21.198093941456754
ARXS,2026-07-30,SW,insufficient_history,,,
PI,2026-07-30,DT SW,OK,4.5011252813203395,17.255892255892256,-13.900735521354834
CDNA,2026-07-31,UT,OK,33.68421052631581,83.17307692307692,86.21700879765395
BBNX,2026-07-30,DT U,OK,-10.764705882352942,50.49603174603175,1.6075016744809156
PRCH,2026-07-30,DT U,OK,-15.342465753424662,43.888242142025604,55.86380832282472
MYRG,2026-07-30,DT,OK,-35.733242871111294,-2.692086896093304,27.256203571993034
SIMO,2026-07-30,DT,OK,-36.831957582695665,40.55503418688833,80.38540949759121
PGY,2026-07-30,DT U,OK,-2.6458208057726917,20.19302152932443,-22.05103514684641
COHU,2026-07-31,UTU,OK,-37.15329454742253,3.8917468127935617,60.22766471196965
AXTI,2026-07-31,UDS,OK,-34.877913429522756,-33.95244125510061,178.90671420083186
PWP,2026-07-31,DT SW,OK,-6.578947368421062,-30.3921568627451,-33.82157123834887
NWL,2026-07-31,UDS,OK,-16.28664495114006,30.456852791878177,19.25754060324827
AEIS,2026-08-04,UDS,OK,-4.7836283612297965,-23.8195604678062,16.06359649122806
IESC,2026-07-31,DT U,OK,-22.20346827103694,-0.0821663956923846,20.314078814415627
AMRC,2026-08-04,DT,OK,-10.511811023622041,-27.519132653061217,-27.4728781110402
ENTG,2026-08-04,UTU,OK,-14.63248329469521,-12.010682409164374,6.038790547980022
VOYG,2026-08-04,DT SW,OK,-18.147282291057852,5.30075187969925,-8.254176220111365
NXT,2026-07-31,DT,OK,-18.667114319288224,-15.200840115515879,-19.229807451862957
LIFE,2026-08-04,U,OK,16.53905053598774,22.41286863270777,51.69435215946842
BLZE,2026-08-04,UTU,OK,-0.1920614596670922,250.33707865168537,242.63736263736266
WGS,2026-08-04,DT SW,OK,0.5184417123389018,3.793208932395231,-29.50342821525037
W,2026-08-04,DT U,OK,-5.492063492063492,36.35114503816794,-13.701806937868389
IPGP,2026-08-04,DT,OK,-17.16538425002374,-29.03068283551722,-5.637917974245211
UCTT,2026-08-04,DT,OK,-16.252641465132655,19.514810347138468,104.1437728937729
TPB,2026-08-04,DT SW,OK,-6.423085873865486,-2.6392251815980594,-33.61947998349154
PGEN,2026-08-05,UT,OK,16.607142857142865,57.72946859903383,35.19668737060042
QLYS,2026-08-05,CPH,OK,1.76924049033238,74.13774462104013,19.30370370370371
APPS,2026-08-05,UTU,OK,-14.93738819320215,140.75949367088606,88.69047619047619
AMPX,2026-08-05,DT U,OK,-17.41787624140565,-46.957801766437676,-17.794676806083654
METC,2026-08-05,DT,OK,-22.508038585209,-33.471359558316074,-48.283261802575105
ECG,2026-08-05,UTU,OK,-5.3524259696927645,-9.785993506923752,50.22065313327448
INTA,2026-08-05,UT,OK,18.768115942028984,38.48753696662441,-2.556480380499404
KTOS,2026-08-05,DT,OK,-3.119163242435563,-16.24414661714839,-46.05865224625624
RARE,2026-08-05,DT,OK,-23.41246290801188,4.030632809351076,4.24071082390951
LEU,2026-08-06,DT SW,OK,13.275778797391947,-8.93515822170452,-33.10157949156773
MTRN,2026-08-05,UTU,OK,-13.254392666157377,19.904963041182675,61.855890528116305
AEVA,2026-08-06,DT SW,OK,-9.08669448307835,28.674540682414683,49.923547400611625
FWRD,2026-08-06,DT U,OK,17.63358778625954,-9.51262477980036,-47.62066621346024
ALNT,2026-08-06,UTU,OK,12.989216042651153,19.551282051282048,45.68036244336822
NNBR,2026-08-06,UDS,OK,11.747851002865328,57.894736842105246,148.4076433121019
CLOV,2026-08-06,UDS,OK,-17.200000000000003,58.62068965517242,92.55813953488372
ZVRA,2026-08-06,UTU,OK,-27.07756232686981,-0.7540056550424112,14.956331877729244
XNCR,2026-08-06,UDS,OK,26.611359285258462,54.39688715953308,65.47122602168474
SOUN,2026-08-06,DT,OK,-3.1626506024096335,-29.649890590809637,-22.154963680387407
DIOD,2026-08-06,UTU,OK,-6.530523097084185,-23.919999999999998,46.60842754367933
SITM,2026-08-06,DT U,OK,-8.286191931643572,-8.970233306516484,54.52812473326314
RDW,2026-08-06,DT U,OK,4.995102840352583,23.360184119677797,-4.7957371225577194
RCUS,2026-08-06,UDS,OK,-8.429752066115704,6.293169608595561,26.138433515482685
ARRY,2026-08-06,DT,OK,-14.803625377643515,-31.05134474327629,-50.220653133274496
VECO,2026-08-06,DT U,OK,-0.7310215557638222,6.90351231328219,76.23960066555739
WTI,2026-08-06,UDS,OK,-1.812688821752273,-22.802850356294535,49.082568807339435
HTZ,2026-08-06,DT,OK,-25.71428571428571,-74.38423645320196,-69.76744186046511
EVH,2026-08-06,DT,OK,-43.79562043795621,-21.22762148337596,-0.3236245954692518
PRAX,2026-08-06,UDS,OK,-1.4570149714462022,-4.221422142214215,2.804972304521458
IOVA,2026-08-06,DT SW,OK,-0.22988505747125743,9.045226130653262,64.39393939393938
RGNX,2026-08-06,SW,OK,-30.09320905459387,13.88286334056399,-3.3149171270718147
NUTX,2026-08-07,CPH,OK,-15.382901698691176,16.341220614135853,21.446842525979235
CRSR,2026-08-07,U,OK,19.75169300225734,46.14325068870524,116.08961303462321
ACMR,2026-08-07,DT U,OK,-19.46568777403894,42.614662332972195,39.762873827641144
TROX,2026-08-06,DT,OK,-4.4117647058823595,-44.1793893129771,-15.948275862068972
FROG,2026-08-07,UDS,OK,-10.449692656098343,54.32075822337856,59.69230769230771
OMDA,2026-08-07,CPH,OK,-14.969538729329857,23.203026481714993,44.63360473723168
CLSK,2026-08-07,DT SW,OK,2.8225806451612767,-12.06896551724138,24.75538160469666
ONTO,2026-08-07,UDS,OK,-7.805798593240699,-8.620982826049994,42.47083775185578
INDI,2026-08-07,DT SW,OK,-21.510297482837526,-25.272331154684093,-11.13989637305699
PSIX,2026-08-07,DT SW,OK,-4.704184704184689,-55.671902268760896,-52.90258165739552
MP,2026-08-07,DT SW,OK,-10.396226415094334,-34.631796283551274,-21.568951279933934
VSTM,2026-08-07,DT U,OK,16.33858267716535,-1.6638935108153063,-12.96023564064801
INOD,2026-08-07,DT U,OK,-5.128948130976518,40.786927542464,39.08241291418864
AAOI,2026-08-07,DT U,OK,8.545962950017483,-30.424554721631004,211.328320802005
TEAM,2026-08-07,DT U,OK,28.899028899028913,24.065315315315328,4.883853769992386
ACVA,2026-08-11,DT SW,OK,8.845577211394296,13.260530421216842,-1.4925373134328401
GRPN,2026-08-07,UDS,OK,-1.4884449667058486,58.6750788643533,84.65491923641704
RPD,2026-08-11,DT U,OK,3.93912264995524,68.26086956521738,7.40055504162811
CAMT,2026-08-10,UDS,OK,6.872592184920179,-19.541122850631876,10.091418042661736
PLUG,2026-08-11,DT,OK,-5.381165919282516,-32.371794871794876,1.6867469879517927
QMCO,2026-08-11,DT SW,OK,17.564870259481037,22.453222453222455,100.0
RXT,2026-08-11,DT U,OK,-11.423220973782765,-13.843351548269577,950.8775827593869
APEI,2026-08-11,UDS,OK,-18.671700703621074,-15.825932504440487,5.5691690799732685
KOPN,2026-08-11,UDS,OK,7.948717948717943,-22.181146025878007,74.6887966804979
RIOT,2026-08-11,UDS,OK,-7.464822322919162,-19.435215946843854,34.25605536332179
IMSR,2026-08-11,DT U,OK,-7.470288624787768,-26.151761517615167,-34.41636582430806
CCCC,2026-08-11,UDS,OK,-10.837438423645306,22.711864406779657,98.9010989010989
BW,2026-08-11,DT,OK,-24.102564102564095,-38.9270976616231,-6.52631578947368
EROC,2026-08-12,DT,insufficient_history,,,
CRWV,2026-08-12,DT SW,OK,8.4143560196855,-21.255448997384484,-6.684574852774061
QNT,2026-08-12,DT U,insufficient_history,,,
SLS,2026-08-12,UTU,OK,-12.440570522979389,110.47619047619048,190.0262467191601
ALM,2026-08-12,DT U,OK,-11.488511488511499,-36.47227533460804,-10.38435603506407
VELO,2026-08-12,DT U,OK,13.515754560530668,-5.390463026952319,-0.07299270072992359
LITE,2026-08-12,UDS,OK,6.826791642257368,-22.0778850810472,42.17967599410899
NRGV,2026-08-12,DT U,OK,8.814589665653493,-28.968253968253965,-14.558472553699286
FRVO,2026-08-12,DT U,insufficient_history,,,
WYFI,2026-08-12,DT U,OK,-33.259851198677325,-10.229799851742039,22.015113350125937
HYLN,2026-08-12,DT SW,OK,1.8181818181818077,42.02898550724639,83.17757009345792
SMCI,2026-08-12,DT U,OK,14.244396240057844,-5.727923627684972,-5.756039367730392
NBIS,2026-08-12,UTU,OK,-8.20863616930312,3.8312735088662064,108.04263565891472
JACK,2026-08-13,DT SW,OK,23.48684210526315,38.31982313927782,-8.035276825085747
PESI,2026-08-13,UT,OK,35.49511854951186,77.11941659070189,23.286802030456855
MWH,2026-08-13,DT U,insufficient_history,,,
XE,2026-08-13,DT U,insufficient_history,,,
CAPR,2026-08-14,DT SW,OK,-79.64216634429401,-86.64340101522842,-82.907023954527
ETON,2026-08-14,UTU,OK,5.974025974025965,32.38157040882543,154.2056074766355
JLHL,2026-08-18,DT,OK,-19.786096256684495,-67.75580395528806,38.12154696132597
HIVE,2026-08-17,DT,OK,-6.597222222222221,-9.42760942760944,25.70093457943925
