ticker,chart_symbol,former_symbols,n_streaks,first_seen,last_seen,streak_spans,windows_per_streak,any_triple,mktcap_bucket,best_rank,total_flagpoles,data_warning,reviewed,notes
AA,AA,,6,2020-06-12,2026-03-23,2020-06-12..2020-06-23; 2020-08-12..2020-08-24; 2021-03-03..2021-05-21; 2021-08-19..2021-09-21; 2022-01-21..2022-04-11; 2026-02-19..2026-03-23,1M; 3M; 1M+3M+6M; 6M; 1M+3M+6M; 1M+3M+6M,True,mid,1,17,,,
AAAP.1^18,AAAP,,1,2017-09-27,2017-10-02,2017-09-27..2017-10-02,1M+3M+6M,True,mid,1,3,,,
AACG,AACG,,2,2019-04-15,2021-02-26,2019-04-15..2019-05-21; 2021-02-08..2021-02-26,3M+6M; 1M,False,small,1,4,,,
AAI^11,AAI,,5,2008-02-05,2009-07-16,2008-02-05..2008-02-08; 2008-08-05..2008-08-20; 2008-11-04..2008-11-18; 2009-03-31..2009-05-04; 2009-07-13..2009-07-16,1M; 1M; 1M+3M+6M; 1M+6M; 1M,True,small,1,13,,,
AAL,AAL,,3,2020-06-05,2021-03-31,2020-06-05..2020-06-23; 2020-12-14..2020-12-17; 2021-03-04..2021-03-31,1M; 1M; 1M+3M+6M,True,large_plus,2,3,,,
AAOI,AAOI,,10,2015-09-11,2026-06-17,2015-09-11..2015-09-16; 2016-11-22..2016-11-28; 2017-01-20..2017-08-08; 2018-04-24..2018-07-23; 2022-09-16..2022-10-27; 2023-07-06..2023-09-05; 2023-11-16..2024-01-03; 2024-09-04..2024-12-16; 2025-05-19..2025-05-20; 2025-12-22..2026-06-17,3M+6M; 3M+6M; 1M+3M+6M; 1M+3M+6M; 1M+3M; 1M+3M+6M; 1M+3M+6M; 1M+3M+6M; 1M; 1M+3M+6M,True,small,1,47,,,
AAON,AAON,,1,2026-05-08,2026-06-05,2026-05-08..2026-06-05,1M,False,mid,12,3,,,
AAP,AAP,,3,2025-05-29,2026-02-20,2025-05-29..2025-06-11; 2025-07-29..2025-07-30; 2026-02-12..2026-02-20,1M+3M+6M; 3M; 1M,True,mid,6,7,,,
AAWW^23,AAWW,,2,2011-12-01,2016-05-24,2011-12-01..2011-12-12; 2016-05-10..2016-05-24,1M+3M+6M; 6M,True,small,7,4,,,
ABAT,ABAT,,4,2021-01-04,2025-10-24,2021-01-04..2021-02-19; 2024-12-26..2025-01-16; 2025-07-24..2025-07-29; 2025-09-22..2025-10-24,1M+3M+6M; 1M; 1M; 1M+3M+6M,True,small,1,5,,,
ABBNY,ABBNY,,1,2008-12-18,2008-12-19,2008-12-18..2008-12-19,1M,False,large_plus,7,1,,,
ABBV,ABBV,,1,2018-02-09,2018-02-14,2018-02-09..2018-02-14,1M+3M+6M,True,large_plus,3,2,,,
ABCL,ABCL,,5,2021-09-22,2026-09-09,2021-09-22..2021-09-24; 2022-06-13..2022-08-15; 2022-11-02..2022-12-02; 2026-07-02..2026-07-09; 2026-08-14..2026-09-09,1M; 1M+3M; 1M+6M; 3M; 1M+3M+6M,True,mid,1,10,,,
ABEO,ABEO,,5,2015-05-05,2025-05-05,2015-05-05..2015-06-02; 2017-09-07..2017-10-31; 2018-01-04..2018-01-05; 2018-03-21..2018-05-22; 2025-05-02..2025-05-05,1M+3M+6M; 1M+3M+6M; 6M; 1M+3M+6M; 1M,True,small,1,11,,,
ABG,ABG,,1,2022-05-10,2022-05-20,2022-05-10..2022-05-20,1M+3M,False,mid,3,1,,,
ABLE,ABLE,,1,2005-06-06,2005-06-10,2005-06-06..2005-06-10,1M+3M+6M,True,small,1,1,,,
ABMD^22,ABMD,,3,2012-02-09,2018-10-11,2012-02-09..2012-02-23; 2015-08-21..2015-08-31; 2018-10-10..2018-10-11,1M+6M; 1M+3M+6M; 1M+3M+6M,True,large_plus,1,6,,,
ABNB,ABNB,,3,2021-02-08,2022-03-01,2021-02-08..2021-02-22; 2021-11-26..2021-11-29; 2022-02-24..2022-03-01,1M; 3M+6M; 1M+3M+6M,True,large_plus,5,6,,,
ABOS,ABOS,,2,2022-09-30,2023-08-07,2022-09-30..2022-10-20; 2023-07-17..2023-08-07,1M+3M+6M; 1M+3M,True,small,2,3,,,
ABSI,ABSI,,2,2025-02-03,2026-07-17,2025-02-03..2025-02-20; 2026-04-08..2026-07-17,1M; 1M+3M+6M,True,small,4,6,,,
ABTC,ABTC,,3,2025-05-19,2026-09-21,2025-05-19..2025-06-05; 2025-07-18..2025-09-23; 2026-08-25..2026-09-21,1M+3M; 3M+6M; 1M,False,small,1,4,,,
ABTS,ABTS,,1,2021-04-05,2021-07-26,2021-04-05..2021-07-26,1M+3M+6M,True,small,1,4,,,
ABUS,ABUS,,3,2014-08-12,2020-08-07,2014-08-12..2014-10-16; 2015-01-13..2015-02-09; 2020-07-23..2020-08-07,1M+3M+6M; 1M+3M+6M; 1M+3M,True,small,1,11,,,
ABVC,ABVC,,1,2021-11-02,2021-11-10,2021-11-02..2021-11-10,1M,False,small,8,2,,,
ABVEF,ABVEF,,2,2025-07-15,2025-10-30,2025-07-15..2025-08-27; 2025-10-08..2025-10-30,6M; 1M+3M+6M,True,small,1,3,,,
ABVX,ABVX,,2,2025-08-06,2026-01-12,2025-08-06..2025-08-15; 2025-11-13..2026-01-12,1M+3M+6M; 1M+3M+6M,True,mid,1,5,,,
ACAD,ACAD,,20,2006-02-15,2025-06-05,2006-02-15..2006-02-23; 2007-03-20..2007-04-19; 2009-08-24..2009-08-31; 2012-11-28..2013-07-01; 2013-12-10..2014-01-13; 2014-02-25..2014-03-17; 2015-03-12..2015-03-18; 2015-11-10..2015-11-13; 2016-03-29..2016-05-02; 2016-06-21..2016-06-22; 2016-10-03..2016-10-04; 2016-11-25..2017-01-24; 2018-09-28..2018-10-30; 2019-09-12..2019-10-02; 2020-02-26..2020-02-28; 2020-04-16..2020-04-17; 2021-12-14..2022-01-06; 2022-02-23..2022-03-02; 2023-12-22..2024-01-03; 2025-05-16..2025-06-05,1M+3M+6M; 1M+3M+6M; 3M+6M; 1M+3M+6M; 1M+3M+6M; 1M+3M+6M; 1M+3M+6M; 1M; 1M+3M+6M; 1M+3M+6M; 1M+3M+6M; 1M+3M+6M; 1M+3M+6M; 1M+3M+6M; 6M; 1M+6M; 1M+3M+6M; 3M+6M; 1M+6M; 1M+3M+6M,True,mid,1,54,,,
ACAS^17,ACAS,,6,2008-09-22,2010-05-12,2008-09-22..2008-10-01; 2009-04-06..2009-04-22; 2009-06-26..2009-07-15; 2009-10-07..2009-10-08; 2010-01-20..2010-03-16; 2010-04-30..2010-05-12,1M; 1M; 1M+3M; 1M; 1M+3M+6M; 3M+6M,True,small,1,13,,,
ACB,ACB,,8,2017-11-27,2024-08-28,2017-11-27..2018-02-01; 2018-06-08..2018-07-06; 2018-09-05..2018-10-23; 2019-01-22..2019-04-03; 2020-11-11..2020-12-02; 2021-01-19..2021-01-20; 2024-04-03..2024-05-30; 2024-08-12..2024-08-28,1M+3M+6M; 1M+3M+6M; 1M+3M+6M; 1M+3M+6M; 1M; 3M; 1M+3M+6M; 6M,True,mid,1,22,,,
ACCD^25,ACCD,,2,2022-07-01,2022-08-09,2022-07-01..2022-07-25; 2022-08-04..2022-08-09,1M; 3M,False,small,5,4,,,
ACCO,ACCO,,1,2005-08-22,2005-08-31,2005-08-22..2005-08-31,1M+3M+6M,True,small,6,3,,,
ACC^22,ACC,,1,2008-10-06,2008-10-09,2008-10-06..2008-10-09,6M,False,small,9,1,,,
ACDC,ACDC,,1,2022-11-22,2022-12-01,2022-11-22..2022-12-01,3M,False,mid,14,1,,,
ACET,ACET,,1,2021-12-06,2022-01-13,2021-12-06..2022-01-13,1M+3M+6M,True,small,1,5,,,
ACF^10,ACF,,4,2008-02-21,2009-06-03,2008-02-21..2008-03-05; 2008-05-01..2008-05-14; 2008-08-28..2008-09-22; 2009-04-24..2009-06-03,3M; 1M+6M; 1M; 3M+6M,False,small,3,7,,,
ACGL,ACGL,,2,2008-10-03,2008-12-15,2008-10-03..2008-10-06; 2008-12-03..2008-12-15,6M; 3M+6M,False,mid,11,3,,,
ACH,ACH,,9,2019-01-24,2022-01-25,2019-01-24..2019-02-08; 2019-09-12..2019-11-06; 2020-04-09..2020-04-15; 2020-07-23..2020-08-14; 2020-08-25..2020-10-22; 2020-12-14..2021-01-15; 2021-03-18..2021-03-25; 2021-06-07..2021-06-15; 2022-01-14..2022-01-25,1M; 1M+3M+6M; 1M+3M; 1M; 1M+3M; 6M; 1M; 3M; 1M+3M+6M,True,small,1,23,,,
ACHC,ACHC,,4,2018-10-29,2026-07-31,2018-10-29..2018-11-14; 2026-02-13..2026-03-23; 2026-04-30..2026-05-05; 2026-07-15..2026-07-31,1M+3M+6M; 1M+3M; 3M; 6M,True,mid,2,10,,,
ACHN.1^20,ACHN,,6,2011-06-30,2015-11-19,2011-06-30..2011-07-27; 2012-01-11..2012-03-22; 2014-06-11..2014-07-07; 2014-08-20..2014-09-19; 2014-11-06..2015-02-04; 2015-09-29..2015-11-19,1M+3M+6M; 1M+3M+6M; 1M+3M+6M; 1M+3M+6M; 1M+3M+6M; 1M+3M+6M,True,small,1,19,,,
ACHR,ACHR,,7,2021-12-13,2026-08-17,2021-12-13..2021-12-16; 2023-06-14..2023-09-13; 2023-11-15..2023-12-26; 2024-07-10..2024-07-19; 2024-11-25..2025-01-15; 2025-05-05..2025-07-18; 2026-08-11..2026-08-17,1M; 1M+3M+6M; 1M+3M+6M; 1M; 1M+3M+6M; 1M+3M+6M; 1M,True,small,1,20,,,
ACI,ACI,,1,2021-09-15,2021-09-20,2021-09-15..2021-09-20,1M+3M+6M,True,large_plus,5,2,,,
ACIA^21,ACIA,,2,2016-07-11,2017-09-12,2016-07-11..2016-09-20; 2017-08-09..2017-09-12,1M+3M; 1M+3M+6M,True,small,1,6,,,
ACLI^10,ACLI,,2,2007-12-14,2008-02-15,2007-12-14..2007-12-17; 2008-01-31..2008-02-15,1M+3M+6M; 1M+3M+6M,True,mid,2,4,,,
ACLS,ACLS,,8,2006-01-30,2026-06-22,2006-01-30..2006-03-01; 2006-05-22..2006-05-24; 2017-06-15..2017-06-21; 2021-12-13..2022-01-14; 2022-02-28..2022-03-29; 2022-06-01..2022-06-02; 2023-03-16..2023-03-21; 2026-05-07..2026-06-22,1M+3M; 1M+6M; 1M+3M+6M; 1M+3M+6M; 6M; 6M; 3M+6M; 3M,True,mid,2,18,,,
ACLX^26,ACLX,,5,2022-10-13,2024-02-20,2022-10-13..2022-10-27; 2022-12-12..2023-02-09; 2023-04-03..2023-05-22; 2023-11-03..2023-12-15; 2024-02-08..2024-02-20,6M; 1M+3M+6M; 1M+3M+6M; 1M+3M+6M; 1M+3M+6M,True,small,2,15,,,
ACM,ACM,,2,2007-10-08,2009-01-14,2007-10-08..2007-10-23; 2008-11-24..2009-01-14,1M+3M; 1M+3M+6M,True,mid,1,7,,,
ACMR,ACMR,,11,2020-01-16,2026-07-14,2020-01-16..2020-03-02; 2020-04-17..2020-07-14; 2020-08-21..2020-08-24; 2021-09-13..2021-10-19; 2022-01-18..2022-01-19; 2023-08-23..2023-10-25; 2024-01-16..2024-01-25; 2024-03-04..2024-04-05; 2025-02-26..2025-03-28; 2025-12-30..2026-02-25; 2026-05-11..2026-07-14,1M+3M+6M; 6M; 6M; 1M+3M+6M; 6M; 1M+3M+6M; 6M; 1M+3M; 1M+3M+6M; 1M+3M+6M; 1M+3M+6M,True,small,2,33,,,
ACNT,ACNT,,1,2007-05-08,2007-06-29,2007-05-08..2007-06-29,1M+3M+6M,True,small,1,2,,,
ACOM.3^12,ACOM,,3,2011-05-03,2012-06-26,2011-05-03..2011-05-23; 2012-05-14..2012-05-15; 2012-06-21..2012-06-26,1M+3M+6M; 1M+3M+6M; 1M+3M+6M,True,small,2,6,,,
ACORQ^24,ACORQ,ACOR,12,2006-10-02,2018-11-30,2006-10-02..2006-12-11; 2007-02-23..2007-03-05; 2008-01-28..2008-02-13; 2008-06-17..2008-06-19; 2009-03-23..2009-03-26; 2011-04-19..2011-05-05; 2013-05-02..2013-05-03; 2017-02-14..2017-03-22; 2017-08-03..2017-09-14; 2017-11-01..2017-11-13; 2018-06-11..2018-06-12; 2018-11-06..2018-11-30,1M+3M+6M; 1M+6M; 1M+3M+6M; 1M; 6M; 1M+3M+6M; 1M+3M+6M; 1M+3M+6M; 1M+3M+6M; 1M+3M+6M; 1M; 1M+3M+6M,True,small,1,28,,,
ACRS,ACRS,,4,2016-12-16,2026-09-08,2016-12-16..2016-12-21; 2021-01-21..2021-04-23; 2024-11-19..2024-12-12; 2026-07-21..2026-09-08,1M+6M; 1M+3M+6M; 1M+3M+6M; 6M,True,small,2,8,,,
ACRV,ACRV,,1,2024-04-09,2024-05-01,2024-04-09..2024-05-01,1M+3M+6M,True,small,3,2,,,
ACTG,ACTG,,5,2010-11-09,2014-04-24,2010-11-09..2010-11-10; 2011-03-04..2011-03-25; 2011-08-04..2011-08-09; 2011-09-21..2011-09-26; 2014-04-17..2014-04-24,1M+3M+6M; 1M+3M+6M; 1M+3M+6M; 3M+6M; 1M+3M+6M,True,small,2,12,,,
ACVA,ACVA,,2,2021-12-02,2023-03-13,2021-12-02..2021-12-08; 2023-02-22..2023-03-13,1M+3M+6M; 1M+3M+6M,True,mid,7,3,,,
AD,AD,,2,2023-08-09,2024-06-21,2023-08-09..2023-08-23; 2024-05-09..2024-06-21,1M+3M+6M; 1M+3M+6M,True,mid,1,5,,,
ADAPY,ADAPY,,3,2020-01-14,2021-09-13,2020-01-14..2020-02-20; 2020-05-29..2020-06-22; 2021-09-07..2021-09-13,1M+3M+6M; 1M+3M+6M; 1M,True,small,1,3,,,
ADBE,ADBE,,1,2009-03-30,2009-04-02,2009-03-30..2009-04-02,1M,False,large_plus,4,4,,,
ADCT.1^10,ADCT,,1,2009-05-05,2009-05-08,2009-05-05..2009-05-08,3M,False,small,12,2,,,
ADEA,ADEA,,6,2005-02-15,2026-05-12,2005-02-15..2005-03-22; 2006-07-24..2006-08-01; 2008-02-19..2008-02-21; 2008-08-13..2008-08-27; 2008-11-14..2008-11-26; 2026-05-07..2026-05-12,1M+3M+6M; 1M+3M+6M; 6M; 1M+3M; 1M; 6M,True,small,1,11,,,
ADLR^11,ADLR,,1,2007-03-14,2007-03-30,2007-03-14..2007-03-30,1M+3M+6M,True,small,4,2,,,
ADM,ADM,,3,2006-05-17,2009-02-23,2006-05-17..2006-05-23; 2008-11-11..2008-12-24; 2009-02-20..2009-02-23,1M+3M+6M; 1M+3M+6M; 1M+6M,True,large_plus,1,8,,,
ADMA,ADMA,,4,2022-12-07,2025-05-13,2022-12-07..2022-12-27; 2024-10-10..2024-10-11; 2024-11-18..2024-11-27; 2025-03-13..2025-05-13,1M+3M+6M; 3M+6M; 6M; 1M+3M+6M,True,mid,2,11,,,
ADMS^21,ADMS,,4,2015-12-24,2018-05-18,2015-12-24..2016-01-15; 2017-09-07..2017-09-21; 2017-11-06..2018-02-07; 2018-05-04..2018-05-18,1M+3M+6M; 1M+3M+6M; 1M+3M+6M; 1M+6M,True,small,1,9,,,
ADNH,ADNH,,1,2022-06-23,2022-07-25,2022-06-23..2022-07-25,1M+3M,False,small,4,3,,,
ADNT,ADNT,,5,2019-02-01,2020-11-10,2019-02-01..2019-02-15; 2019-04-22..2019-05-08; 2019-07-16..2019-09-26; 2019-11-14..2019-12-20; 2020-11-09..2020-11-10,1M; 1M+3M+6M; 1M+3M+6M; 3M+6M; 3M,True,mid,1,11,,,
ADP,ADP,,1,2008-11-26,2008-12-16,2008-11-26..2008-12-16,1M+3M+6M,True,large_plus,3,2,,,
ADPT,ADPT,,6,2019-08-22,2026-08-18,2019-08-22..2019-09-11; 2019-11-29..2020-01-06; 2020-04-16..2020-04-17; 2025-02-24..2025-03-06; 2025-05-05..2025-05-12; 2026-06-11..2026-08-18,1M; 1M+3M+6M; 1M; 3M+6M; 3M+6M; 1M+3M,True,mid,2,16,,,
ADPTQ^17,ADPTQ,ADPT,2,2015-05-06,2015-08-19,2015-05-06..2015-05-12; 2015-07-21..2015-08-19,1M+3M+6M; 1M+3M+6M,True,mid,1,7,,,
ADT,ADT,,1,2020-08-04,2020-08-20,2020-08-04..2020-08-20,1M+3M+6M,True,mid,5,2,,,
ADTN,ADTN,,1,2026-04-01,2026-04-07,2026-04-01..2026-04-07,1M,False,small,10,2,,,
ADVM^25,ADVM,,4,2018-02-08,2020-05-06,2018-02-08..2018-03-20; 2019-06-28..2019-07-29; 2019-12-12..2020-02-21; 2020-05-05..2020-05-06,1M+3M+6M; 1M+3M+6M; 1M+3M; 1M,True,small,1,12,,,
ADVS^15,ADVS,,1,2007-08-09,2007-08-22,2007-08-09..2007-08-22,1M,False,small,5,3,,,
AEBI,AEBI,,1,2007-09-05,2007-09-07,2007-09-05..2007-09-07,1M+3M+6M,True,small,5,3,,,
AEGR^16,AEGR,,3,2012-10-23,2013-08-16,2012-10-23..2012-11-15; 2013-05-22..2013-06-19; 2013-07-30..2013-08-16,1M+3M+6M; 1M+3M+6M; 1M+3M+6M,True,small,1,8,,,
AEHR,AEHR,,10,2021-07-19,2026-06-29,2021-07-19..2021-11-19; 2022-01-06..2022-01-12; 2022-08-05..2022-08-29; 2022-10-19..2022-12-13; 2023-01-24..2023-02-15; 2023-06-01..2023-06-15; 2023-07-24..2023-08-09; 2024-07-17..2024-08-05; 2025-07-23..2025-10-06; 2026-02-20..2026-06-29,1M+3M+6M; 6M; 1M+3M; 1M+3M+6M; 1M+3M+6M; 1M+6M; 1M+3M+6M; 1M; 1M+3M+6M; 1M+3M+6M,True,small,1,40,,,
AEIS,AEIS,,5,2006-02-27,2026-04-09,2006-02-27..2006-03-01; 2007-05-10..2007-05-11; 2010-11-01..2010-11-02; 2013-11-12..2013-11-22; 2026-02-10..2026-04-09,1M+3M+6M; 1M+3M+6M; 6M; 1M; 1M+3M+6M,True,small,5,11,,,
AEM,AEM,,4,2006-02-17,2009-02-25,2006-02-17..2006-03-14; 2006-05-15..2006-05-19; 2008-03-19..2008-03-27; 2008-12-15..2009-02-25,1M+3M+6M; 1M+3M+6M; 1M+3M+6M; 1M+3M+6M,True,mid,1,13,,,
AEMD,AEMD,,1,2021-06-14,2021-07-26,2021-06-14..2021-07-26,1M+3M,False,small,1,1,,,
AEO,AEO,,6,2008-02-11,2025-09-18,2008-02-11..2008-02-13; 2008-09-12..2008-09-17; 2009-03-16..2009-03-30; 2009-04-09..2009-04-24; 2019-09-17..2019-09-23; 2025-08-11..2025-09-18,6M; 1M; 1M; 3M+6M; 1M+3M+6M; 1M+3M,True,mid,6,20,,,
AERI^22,AERI,,7,2015-06-23,2022-08-24,2015-06-23..2015-08-03; 2015-09-21..2015-11-25; 2016-09-14..2016-10-14; 2016-11-28..2016-12-05; 2017-06-09..2017-06-14; 2019-03-14..2019-04-09; 2022-08-23..2022-08-24,1M+3M; 1M+3M+6M; 1M+3M+6M; 3M+6M; 1M+6M; 6M; 1M+3M+6M,True,small,1,19,,,
AES,AES,,1,2009-05-28,2009-06-09,2009-05-28..2009-06-09,1M,False,mid,5,2,,,
AESI,AESI,,1,2026-03-27,2026-05-18,2026-03-27..2026-05-18,1M,False,small,11,2,,,
AET^18,AET,,3,2008-12-26,2009-08-04,2008-12-26..2009-02-20; 2009-04-14..2009-04-15; 2009-07-20..2009-08-04,1M+3M+6M; 6M; 1M+3M+6M,True,large_plus,1,7,,,
AEVA,AEVA,,3,2021-12-01,2025-09-23,2021-12-01..2021-12-03; 2025-05-05..2025-07-14; 2025-09-22..2025-09-23,1M+6M; 1M+3M+6M; 6M,True,small,1,6,,,
AFAM^18,AFAM,,2,2008-08-12,2008-12-11,2008-08-12..2008-09-08; 2008-11-04..2008-12-11,1M+3M+6M; 1M+3M+6M,True,small,1,6,,,
AFFX^16,AFFX,,3,2006-11-01,2010-02-24,2006-11-01..2006-11-13; 2009-08-03..2009-08-13; 2010-02-09..2010-02-24,1M+3M+6M; 1M; 1M+3M+6M,True,small,1,8,,,
AFFY,AFFY,,4,2011-12-08,2013-06-06,2011-12-08..2012-04-09; 2012-07-24..2012-08-01; 2012-10-23..2012-11-01; 2013-05-28..2013-06-06,1M+3M+6M; 1M+3M+6M; 1M+3M+6M; 1M,True,small,1,12,,,
AFJK,AFJK,,1,2025-12-15,2026-01-21,2025-12-15..2026-01-21,1M+3M+6M,True,small,1,1,,,
AFL,AFL,,2,2008-09-19,2009-06-11,2008-09-19..2008-09-25; 2009-04-07..2009-06-11,1M; 1M+3M+6M,True,large_plus,2,5,,,
AFMDQ,AFMDQ,AFMD,1,2021-04-14,2021-05-07,2021-04-14..2021-05-07,1M+3M+6M,True,small,10,2,,,
AFOP^16,AFOP,,2,2013-07-29,2014-05-30,2013-07-29..2013-10-07; 2014-04-23..2014-05-30,1M+3M+6M; 1M+3M+6M,True,small,1,8,,,
AFRM,AFRM,,10,2021-06-18,2025-09-18,2021-06-18..2021-07-07; 2021-08-17..2021-11-11; 2022-07-21..2022-08-19; 2023-01-26..2023-02-09; 2023-04-26..2023-09-26; 2023-11-14..2024-01-10; 2024-09-03..2024-12-19; 2025-02-19..2025-02-28; 2025-05-09..2025-05-27; 2025-08-19..2025-09-18,1M+3M; 1M+3M+6M; 1M+3M+6M; 1M; 1M+3M+6M; 1M+3M+6M; 1M+3M+6M; 1M+3M+6M; 1M+3M+6M; 1M+3M+6M,True,large_plus,1,42,,,
AFSI^18,AFSI,,1,2014-10-29,2014-11-13,2014-10-29..2014-11-13,1M+3M+6M,True,mid,1,3,,,
AF^17,AF,,2,2009-03-25,2009-07-14,2009-03-25..2009-03-27; 2009-07-10..2009-07-14,1M; 1M,False,small,3,4,,,
AG,AG,,15,2011-03-11,2026-03-12,2011-03-11..2011-04-25; 2011-07-27..2011-08-04; 2013-08-21..2013-09-05; 2015-01-06..2015-02-02; 2016-03-07..2016-08-19; 2017-01-24..2017-01-26; 2018-10-25..2018-10-30; 2018-12-31..2019-01-17; 2019-07-31..2019-09-11; 2020-07-30..2020-08-05; 2022-10-07..2022-11-21; 2023-04-05..2023-04-10; 2023-10-31..2023-11-01; 2024-04-08..2024-05-23; 2025-12-11..2026-03-12,1M+3M; 1M+3M+6M; 1M+3M+6M; 1M; 1M+3M+6M; 1M; 1M+3M+6M; 1M+3M+6M; 1M+3M+6M; 1M; 1M+3M; 1M; 1M+3M+6M; 1M+3M+6M; 1M+3M+6M,True,small,1,47,,,
AGCO,AGCO,,3,2007-11-12,2008-08-14,2007-11-12..2007-11-21; 2008-04-29..2008-05-01; 2008-08-06..2008-08-14,1M+3M+6M; 6M; 3M,True,mid,2,6,,,
AGEN,AGEN,,9,2009-06-08,2026-09-08,2009-06-08..2009-06-25; 2015-01-13..2015-02-02; 2015-04-30..2015-07-27; 2020-09-10..2020-09-14; 2021-05-18..2021-05-20; 2022-07-07..2022-07-28; 2022-10-25..2022-12-02; 2024-05-15..2024-06-10; 2026-07-13..2026-09-08,1M+3M+6M; 1M+3M+6M; 1M+3M+6M; 1M; 1M; 1M; 6M; 1M; 1M+3M+6M,True,small,1,16,,,
AGI,AGI,,11,2008-03-20,2026-03-16,2008-03-20..2008-03-24; 2009-10-14..2009-12-15; 2013-06-14..2013-06-18; 2014-12-03..2014-12-04; 2015-01-20..2015-02-02; 2016-03-18..2016-07-20; 2017-01-06..2017-01-26; 2019-01-04..2019-01-08; 2019-08-14..2019-08-22; 2020-04-20..2020-05-15; 2026-03-10..2026-03-16,1M; 1M+3M+6M; 6M; 3M+6M; 1M; 1M+3M+6M; 1M+3M+6M; 1M+3M+6M; 1M+3M+6M; 3M+6M; 1M+3M+6M,True,small,1,27,,,
AGIG,AGIG,,1,2022-06-08,2022-06-24,2022-06-08..2022-06-24,1M+6M,False,small,1,2,,,
AGIO,AGIO,,11,2014-02-20,2024-10-02,2014-02-20..2014-05-02; 2014-06-18..2014-07-02; 2014-08-22..2015-01-30; 2016-04-18..2016-06-13; 2016-10-14..2016-12-02; 2017-02-28..2017-03-09; 2017-06-29..2017-06-30; 2018-01-16..2018-02-26; 2022-09-06..2022-09-20; 2024-06-13..2024-06-21; 2024-09-27..2024-10-02,1M+3M+6M; 1M+3M+6M; 1M+3M+6M; 1M+3M+6M; 1M+3M+6M; 1M+3M+6M; 1M+3M+6M; 1M+3M+6M; 1M+3M; 1M+3M+6M; 6M,True,small,1,29,,,
AGIXQ^09,AGIXQ,AGIX,3,2005-05-17,2007-02-26,2005-05-17..2005-06-28; 2005-12-27..2006-01-13; 2007-02-05..2007-02-26,1M+3M+6M; 1M+3M+6M; 1M+3M+6M,True,small,2,5,,,
AGL,AGL,,9,2021-06-15,2026-07-28,2021-06-15..2021-07-06; 2022-01-04..2022-01-11; 2022-06-24..2022-08-12; 2023-03-13..2023-04-19; 2023-08-11..2023-08-17; 2024-05-30..2024-08-05; 2025-01-22..2025-02-10; 2025-02-21..2025-04-25; 2026-05-07..2026-07-28,1M; 1M+3M+6M; 1M+3M+6M; 1M+3M+6M; 1M+6M; 1M+3M+6M; 1M; 1M+3M+6M; 1M+3M+6M,True,mid,1,28,,,
AGN.2^15,AGN,,1,2009-03-30,2009-04-08,2009-03-30..2009-04-08,1M+3M+6M,True,large_plus,5,3,,,
AGNT,AGNT,,7,2020-08-07,2024-09-24,2020-08-07..2020-10-26; 2020-12-08..2021-02-26; 2021-08-06..2021-08-25; 2023-01-30..2023-02-13; 2023-06-12..2023-08-15; 2024-07-31..2024-08-01; 2024-09-18..2024-09-24,1M+3M+6M; 1M+3M+6M; 1M+3M+6M; 1M; 1M+3M+6M; 3M; 1M+3M+6M,True,mid,2,16,,,
AGO,AGO,,8,2007-12-13,2010-11-02,2007-12-13..2007-12-24; 2008-02-27..2008-03-17; 2008-09-10..2008-09-12; 2008-12-11..2008-12-15; 2009-04-06..2009-06-05; 2009-08-10..2009-09-11; 2009-11-23..2009-12-07; 2010-10-25..2010-11-02,1M+3M+6M; 1M+3M+6M; 1M; 1M; 1M+3M; 1M+3M+6M; 1M+3M+6M; 1M+3M+6M,True,small,1,16,,,
AGPU,AGPU,,1,2026-06-01,2026-06-03,2026-06-01..2026-06-03,3M,False,small,4,1,,,
AGP^12,AGP,,4,2006-11-08,2009-02-20,2006-11-08..2006-11-16; 2007-08-14..2007-08-22; 2008-11-13..2008-11-18; 2008-12-22..2009-02-20,1M+3M+6M; 1M; 1M; 3M+6M,True,small,2,10,,,
AGRO,AGRO,,2,2022-03-23,2026-05-04,2022-03-23..2022-03-31; 2026-03-19..2026-05-04,3M; 1M+3M+6M,True,small,4,6,,,
AGRX^24,AGRX,,2,2019-11-06,2020-02-24,2019-11-06..2019-12-16; 2020-02-11..2020-02-24,1M+3M+6M; 1M+3M+6M,True,small,3,3,,,
AGTC^22,AGTC,,1,2020-01-09,2020-02-03,2020-01-09..2020-02-03,1M+3M+6M,True,small,3,2,,,
AGTI^24,AGTI,,1,2021-05-24,2021-07-02,2021-05-24..2021-07-02,1M+3M+6M,True,mid,1,2,,,
AGU^18,AGU,,5,2007-11-12,2009-02-25,2007-11-12..2007-11-15; 2008-03-10..2008-03-13; 2008-04-28..2008-05-07; 2008-07-02..2008-07-07; 2009-01-09..2009-02-25,3M+6M; 1M+3M+6M; 1M+3M+6M; 1M+3M+6M; 1M,True,large_plus,1,11,,,
AGX,AGX,,8,2024-11-15,2026-04-16,2024-11-15..2024-12-05; 2025-01-23..2025-01-29; 2025-04-11..2025-05-01; 2025-06-09..2025-06-20; 2025-08-01..2025-09-05; 2025-11-19..2025-11-28; 2026-02-11..2026-02-13; 2026-03-19..2026-04-16,3M+6M; 1M+6M; 1M+3M+6M; 1M+3M+6M; 6M; 1M+3M; 1M; 1M+3M+6M,True,mid,3,20,,,
AHCO,AHCO,,2,2020-10-23,2022-08-10,2020-10-23..2020-11-06; 2022-08-09..2022-08-10,1M; 3M,False,mid,7,4,,,
AHMA,AHMA,,2,2025-12-16,2026-07-09,2025-12-16..2026-02-03; 2026-06-23..2026-07-09,1M+3M; 1M,False,small,1,3,,,
AHT,AHT,,1,2021-05-18,2021-06-16,2021-05-18..2021-06-16,1M+3M,False,small,5,1,,,
AI,AI,,6,2023-01-31,2024-12-20,2023-01-31..2023-04-14; 2023-05-26..2023-08-08; 2023-11-07..2023-12-06; 2024-02-29..2024-03-06; 2024-06-11..2024-06-12; 2024-11-22..2024-12-20,1M+3M+6M; 1M+3M+6M; 1M+3M+6M; 1M; 1M; 1M+3M,True,mid,1,17,,,
AIFA,AIFA,,2,2020-06-03,2021-03-24,2020-06-03..2020-06-04; 2021-03-23..2021-03-24,1M; 1M,False,small,13,3,,,
AIFF,AIFF,,1,2025-02-18,2025-02-26,2025-02-18..2025-02-26,1M+3M,False,small,3,1,,,
AIG,AIG,,4,2009-03-30,2011-01-19,2009-03-30..2009-05-12; 2009-08-18..2009-10-12; 2010-03-08..2010-05-05; 2010-12-28..2011-01-19,1M; 1M+3M+6M; 1M+3M+6M; 1M+3M+6M,True,mid,1,11,,,
AIIO,AIIO,,3,2021-12-14,2026-07-16,2021-12-14..2022-01-21; 2025-09-25..2025-10-07; 2026-05-18..2026-07-16,1M+3M+6M; 1M+6M; 1M+3M,True,small,1,6,,,
AIM,AIM,,3,2009-06-01,2020-07-21,2009-06-01..2009-07-09; 2020-03-16..2020-04-17; 2020-06-01..2020-07-21,1M+3M+6M; 3M+6M; 6M,True,small,1,6,,,
AIMT^20,AIMT,,5,2017-11-01,2020-01-29,2017-11-01..2017-11-09; 2018-11-05..2018-11-16; 2019-01-17..2019-01-22; 2019-09-16..2019-09-27; 2020-01-17..2020-01-29,1M+3M+6M; 1M+3M+6M; 3M+6M; 6M; 6M,True,small,5,9,,,
AIP,AIP,,1,2026-05-07,2026-07-02,2026-05-07..2026-07-02,3M+6M,False,small,7,4,,,
AIPC^10,AIPC,,1,2009-01-07,2009-04-15,2009-01-07..2009-04-15,1M+3M+6M,True,small,1,6,,,
AIR,AIR,,1,2009-01-26,2009-02-10,2009-01-26..2009-02-10,3M+6M,False,small,6,1,,,
AIRE,AIRE,,1,2025-09-15,2025-09-19,2025-09-15..2025-09-19,1M+3M,False,small,3,2,,,
AIRS,AIRS,,1,2026-03-25,2026-04-10,2026-03-25..2026-04-10,1M,False,small,2,1,,,
AIRT,AIRT,,1,2005-02-15,2005-02-25,2005-02-15..2005-02-25,1M+3M+6M,True,small,3,3,,,
AISP,AISP,,1,2024-03-11,2024-04-02,2024-03-11..2024-04-02,1M,False,small,1,1,,,
AIV,AIV,,3,2008-01-31,2010-05-17,2008-01-31..2008-02-07; 2008-08-01..2008-08-12; 2010-05-06..2010-05-17,1M+3M+6M; 3M+6M; 1M+3M+6M,True,mid,3,6,,,
AIZ,AIZ,,1,2008-12-23,2009-01-21,2008-12-23..2009-01-21,1M,False,mid,4,2,,,
AKAM,AKAM,,6,2006-07-10,2026-05-27,2006-07-10..2006-08-14; 2007-10-11..2007-10-26; 2008-02-20..2008-03-12; 2009-02-17..2009-04-08; 2010-05-18..2010-05-26; 2026-05-18..2026-05-27,1M+3M+6M; 1M+3M+6M; 1M; 1M+3M+6M; 1M+3M+6M; 1M,True,mid,1,13,,,
AKBA,AKBA,,4,2015-09-22,2020-05-27,2015-09-22..2015-10-20; 2017-05-08..2017-05-15; 2020-02-05..2020-03-05; 2020-05-05..2020-05-27,1M+3M+6M; 1M+3M+6M; 1M+3M+6M; 6M,True,small,2,10,,,
AKCA^20,AKCA,,2,2017-09-22,2018-04-25,2017-09-22..2017-10-04; 2018-03-20..2018-04-25,1M; 1M+3M+6M,True,mid,1,5,,,
AKRO^25,AKRO,,4,2022-09-13,2025-06-17,2022-09-13..2023-01-31; 2024-06-27..2024-07-02; 2025-01-30..2025-02-18; 2025-05-12..2025-06-17,1M+3M+6M; 6M; 1M+3M+6M; 1M+6M,True,small,1,13,,,
AKS^20,AKS,,15,2007-03-02,2019-11-11,2007-03-02..2007-03-19; 2007-10-23..2007-10-24; 2008-02-12..2008-04-02; 2009-04-16..2009-04-17; 2009-06-11..2009-09-25; 2010-01-19..2010-01-25; 2012-08-27..2012-09-20; 2013-09-20..2013-09-23; 2015-04-21..2015-05-18; 2016-02-19..2016-05-04; 2016-06-15..2016-08-11; 2016-10-11..2016-12-30; 2019-02-01..2019-02-15; 2019-07-23..2019-08-14; 2019-11-01..2019-11-11,1M+3M+6M; 1M+3M+6M; 1M+3M+6M; 1M; 1M+3M+6M; 1M+3M+6M; 1M+3M+6M; 1M; 1M+3M+6M; 1M+3M+6M; 1M+3M+6M; 1M+3M+6M; 1M+6M; 1M+3M+6M; 6M,True,small,1,45,,,
AKTX,AKTX,,2,2017-04-06,2019-04-02,2017-04-06..2017-05-03; 2019-03-18..2019-04-02,1M+3M+6M; 1M+3M+6M,True,small,1,3,,,
ALAB,ALAB,,5,2024-09-19,2026-07-14,2024-09-19..2025-01-14; 2025-05-21..2025-06-05; 2025-07-21..2025-09-30; 2025-12-30..2026-01-16; 2026-04-14..2026-07-14,1M+3M+6M; 1M+3M+6M; 1M+3M+6M; 1M+3M+6M; 1M+3M+6M,True,large_plus,1,24,,,
ALAR,ALAR,,1,2024-05-29,2024-07-17,2024-05-29..2024-07-17,1M+3M+6M,True,small,1,2,,,
ALB,ALB,,6,2009-01-21,2026-05-11,2009-01-21..2009-01-22; 2022-05-20..2022-06-13; 2024-03-06..2024-04-16; 2025-10-10..2025-12-04; 2026-02-02..2026-02-27; 2026-04-10..2026-05-11,1M; 1M+3M+6M; 1M+3M+6M; 1M+3M+6M; 3M+6M; 6M,True,large_plus,1,17,,,
ALBO^23,ALBO,,2,2020-09-08,2022-10-17,2020-09-08..2020-09-18; 2022-10-11..2022-10-17,1M; 1M,False,small,5,4,,,
ALD.1^10,ALD,,2,2009-01-09,2010-02-03,2009-01-09..2009-01-23; 2010-02-02..2010-02-03,1M; 3M,False,small,2,2,,,
ALDR^19,ALDR,,14,2015-05-18,2019-04-08,2015-05-18..2015-07-24; 2015-11-13..2015-11-24; 2015-11-25..2015-12-04; 2016-04-06..2016-04-25; 2016-06-02..2016-06-17; 2016-08-01..2016-10-05; 2017-02-14..2017-02-27; 2017-10-19..2017-10-20; 2018-01-08..2018-01-26; 2018-04-27..2018-04-30; 2018-06-08..2018-07-16; 2018-08-16..2018-08-17; 2019-01-29..2019-02-15; 2019-04-05..2019-04-08,1M+3M+6M; 1M; 6M; 1M; 1M+3M+6M; 1M+3M+6M; 1M+3M+6M; 1M; 1M+3M; 1M+3M+6M; 1M; 3M+6M; 1M+3M+6M; 6M,True,small,2,25,,,
ALDX,ALDX,,1,2018-09-26,2018-10-18,2018-09-26..2018-10-18,1M+3M+6M,True,small,4,1,,,
ALEC,ALEC,,3,2020-01-30,2021-07-26,2020-01-30..2020-02-24; 2020-05-21..2020-06-10; 2021-07-02..2021-07-26,1M+3M+6M; 6M; 1M+3M+6M,True,small,1,7,,,
ALFIQ,ALFIQ,"ALFI, ALF",1,2021-06-29,2021-07-14,2021-06-29..2021-07-14,1M,False,small,1,1,,,
ALGM,ALGM,,4,2021-12-17,2026-07-13,2021-12-17..2022-01-05; 2025-02-19..2025-03-31; 2026-02-04..2026-02-13; 2026-06-22..2026-07-13,1M+3M+6M; 1M+3M+6M; 1M; 1M+3M+6M,True,mid,3,10,,,
ALGN,ALGN,,3,2005-04-28,2018-02-06,2005-04-28..2005-05-09; 2006-10-05..2006-10-18; 2018-02-05..2018-02-06,1M+3M+6M; 1M+3M+6M; 1M+3M+6M,True,small,2,4,,,
ALGS,ALGS,,2,2024-12-10,2025-01-14,2024-12-10..2024-12-12; 2024-12-13..2025-01-14,1M; 3M+6M,False,small,6,5,,,
ALGT,ALGT,,5,2008-09-09,2026-02-17,2008-09-09..2009-01-08; 2009-03-18..2009-04-21; 2020-06-08..2020-06-11; 2024-11-08..2024-11-15; 2026-02-12..2026-02-17,1M+3M+6M; 6M; 1M; 3M; 1M+3M,True,small,1,18,,,
ALHC,ALHC,,3,2024-09-23,2026-06-29,2024-09-23..2024-11-11; 2025-03-18..2025-04-25; 2026-06-26..2026-06-29,1M+3M+6M; 1M+3M+6M; 1M,True,mid,2,6,,,
ALIT,ALIT,,1,2026-07-17,2026-07-30,2026-07-17..2026-07-30,1M,False,small,4,2,,,
ALJ^17,ALJ,,2,2014-11-05,2015-08-25,2014-11-05..2014-11-10; 2015-08-21..2015-08-25,1M+3M; 3M+6M,False,small,7,4,,,
ALK,ALK,,4,2008-02-12,2010-05-21,2008-02-12..2008-02-28; 2008-08-12..2008-08-22; 2008-11-03..2009-01-20; 2010-05-20..2010-05-21,3M+6M; 1M; 1M+3M+6M; 6M,True,small,2,12,,,
ALKS,ALKS,,4,2013-05-31,2020-03-05,2013-05-31..2013-06-07; 2015-09-25..2015-09-28; 2018-02-21..2018-03-06; 2020-02-28..2020-03-05,1M+3M+6M; 1M+3M+6M; 1M+3M+6M; 1M,True,large_plus,2,9,,,
ALL,ALL,,2,2008-12-19,2009-05-29,2008-12-19..2009-01-12; 2009-04-08..2009-05-29,1M+6M; 1M+3M+6M,True,large_plus,3,4,,,
ALLGF,ALLGF,,1,2022-03-25,2022-04-07,2022-03-25..2022-04-07,1M+3M+6M,True,mid,1,1,,,
ALLK^25,ALLK,,5,2019-04-09,2022-10-21,2019-04-09..2019-04-16; 2019-08-08..2019-08-28; 2019-11-20..2019-12-26; 2020-11-03..2020-11-09; 2022-09-09..2022-10-21,6M; 1M+3M+6M; 1M+3M+6M; 1M+3M+6M; 1M+3M+6M,True,small,1,14,,,
ALLO,ALLO,,6,2020-03-09,2026-04-13,2020-03-09..2020-03-11; 2020-04-30..2020-06-08; 2022-06-15..2022-08-26; 2023-05-05..2023-05-15; 2024-02-06..2024-02-15; 2026-02-17..2026-04-13,1M; 1M+3M; 1M+3M+6M; 1M; 1M; 1M+3M+6M,True,small,4,16,,,
ALLT,ALLT,,2,2012-04-23,2012-07-06,2012-04-23..2012-04-24; 2012-06-21..2012-07-06,1M+3M+6M; 1M+3M+6M,True,small,2,4,,,
ALM,ALM,,2,2025-10-14,2026-05-05,2025-10-14..2025-10-22; 2025-12-19..2026-05-05,1M; 1M+3M+6M,True,mid,2,7,,,
ALMS,ALMS,,2,2025-12-15,2026-07-15,2025-12-15..2026-03-11; 2026-07-06..2026-07-15,1M+3M+6M; 1M+6M,True,mid,1,4,,,
ALMU,ALMU,,1,2026-05-01,2026-05-13,2026-05-01..2026-05-13,1M,False,small,5,3,,,
ALNY,ALNY,,19,2007-08-10,2025-04-07,2007-08-10..2007-08-20; 2007-12-06..2007-12-10; 2008-02-22..2008-02-27; 2012-07-17..2012-08-02; 2013-07-18..2013-07-31; 2014-01-15..2014-03-05; 2014-05-30..2014-06-13; 2014-10-14..2014-12-19; 2015-03-23..2015-04-30; 2015-11-10..2015-11-25; 2016-04-05..2016-04-21; 2016-11-28..2016-12-01; 2017-03-21..2017-03-31; 2017-05-24..2017-06-01; 2017-09-26..2017-11-21; 2019-01-22..2019-01-28; 2020-04-17..2020-05-18; 2022-08-16..2022-08-22; 2025-04-02..2025-04-07,3M; 1M+3M+6M; 6M; 1M+3M+6M; 1M+3M+6M; 1M+3M+6M; 1M+3M+6M; 1M+3M+6M; 1M+3M+6M; 1M+3M+6M; 1M+6M; 1M; 1M+3M+6M; 1M+3M+6M; 1M+3M+6M; 3M+6M; 1M+3M+6M; 1M+3M+6M; 1M+3M+6M,True,mid,1,47,,,
ALO.2^08,ALO,,1,2008-11-26,2008-11-28,2008-11-26..2008-11-28,6M,False,small,5,2,,,
ALOY,ALOY,,1,2026-06-15,2026-07-01,2026-06-15..2026-07-01,1M,False,small,8,2,,,
ALPN^24,ALPN,,2,2020-06-18,2024-04-10,2020-06-18..2020-07-30; 2023-11-16..2024-04-10,1M+3M+6M; 1M+3M+6M,True,small,2,10,,,
ALPP,ALPP,,1,2020-12-30,2021-02-26,2020-12-30..2021-02-26,1M+3M+6M,True,small,1,2,,,
ALT,ALT,,6,2020-05-22,2024-03-14,2020-05-22..2020-08-03; 2021-08-26..2021-09-10; 2022-06-21..2022-09-15; 2022-12-22..2023-01-18; 2023-12-01..2024-01-22; 2024-03-05..2024-03-14,1M+3M+6M; 1M; 1M+3M+6M; 1M; 1M+3M+6M; 6M,True,small,1,18,,,
ALTI.1^16,ALTI,,1,2007-10-23,2007-11-09,2007-10-23..2007-11-09,1M+6M,False,small,1,1,,,
ALTM^25,ALTM,,6,2020-02-06,2024-05-17,2020-02-06..2020-02-20; 2020-11-05..2020-12-08; 2020-12-31..2021-01-15; 2021-08-02..2021-09-20; 2021-11-23..2021-11-24; 2024-05-16..2024-05-17,1M+6M; 3M+6M; 6M; 1M+3M+6M; 6M; 1M,True,mid,7,14,,,
ALTO,ALTO,,12,2006-02-02,2026-07-21,2006-02-02..2006-05-22; 2006-10-30..2006-12-04; 2010-01-15..2010-03-01; 2011-11-21..2011-12-14; 2014-02-27..2014-04-10; 2014-11-14..2014-11-26; 2015-03-09..2015-03-31; 2015-04-15..2015-05-28; 2020-08-12..2020-10-29; 2021-01-14..2021-01-21; 2026-04-08..2026-04-16; 2026-07-10..2026-07-21,1M+3M+6M; 1M+3M+6M; 1M+3M+6M; 1M+3M+6M; 1M+3M+6M; 1M+6M; 1M; 3M+6M; 1M+3M+6M; 6M; 3M+6M; 6M,True,small,1,35,,,
ALTR.1^15,ALTR,,1,2015-04-10,2015-04-16,2015-04-10..2015-04-16,1M+3M+6M,True,large_plus,1,3,,,
ALU^16,ALU,,2,2009-04-01,2011-03-18,2009-04-01..2009-04-02; 2011-03-16..2011-03-18,1M; 1M+3M+6M,True,large_plus,1,5,,,
ALVRQ,ALVRQ,ALVR,1,2007-08-16,2007-08-21,2007-08-16..2007-08-21,3M,False,small,12,2,,,
ALXN^21,ALXN,,3,2007-08-13,2011-10-05,2007-08-13..2007-08-21; 2008-11-11..2008-11-19; 2011-10-03..2011-10-05,1M+3M+6M; 3M+6M; 1M+3M+6M,True,mid,1,7,,,
ALXO,ALXO,,3,2020-12-10,2023-11-13,2020-12-10..2021-01-06; 2021-08-23..2021-09-07; 2023-10-03..2023-11-13,1M+3M; 1M+3M+6M; 1M+3M+6M,True,mid,2,6,,,
ALY^11,ALY,,1,2007-06-29,2007-07-25,2007-06-29..2007-07-25,1M+3M+6M,True,small,10,1,,,
AM,AM,,2,2019-12-27,2020-08-21,2019-12-27..2020-01-17; 2020-04-27..2020-08-21,1M+3M+6M; 1M+3M,True,mid,2,5,,,
AM.2^19,AM,,1,2016-03-23,2016-05-09,2016-03-23..2016-05-09,6M,False,mid,9,5,,,
AMAG^20,AMAG,,10,2006-11-27,2019-10-01,2006-11-27..2006-12-07; 2008-12-09..2008-12-12; 2014-10-31..2014-11-06; 2015-01-21..2015-02-04; 2015-04-02..2015-04-06; 2016-06-27..2016-06-29; 2016-08-09..2016-08-10; 2016-11-03..2016-12-12; 2018-02-20..2018-05-22; 2019-08-15..2019-10-01,1M+3M+6M; 1M; 1M+3M+6M; 3M+6M; 3M+6M; 1M+3M; 3M; 1M+3M+6M; 1M+3M+6M; 1M+3M+6M,True,small,1,28,,,
AMAP^14,AMAP,,1,2013-09-03,2013-09-27,2013-09-03..2013-09-27,1M+6M,False,small,14,3,,,
AMAT,AMAT,,3,2009-03-20,2026-07-13,2009-03-20..2009-04-23; 2021-03-04..2021-03-09; 2026-06-12..2026-07-13,1M+3M+6M; 3M+6M; 1M+3M+6M,True,large_plus,1,8,,,
AMBA,AMBA,,10,2013-05-20,2024-09-11,2013-05-20..2013-08-01; 2014-01-08..2014-01-15; 2014-07-08..2014-07-14; 2014-09-10..2015-01-30; 2015-06-19..2015-07-31; 2015-12-09..2015-12-15; 2018-12-17..2018-12-21; 2021-11-22..2022-01-06; 2022-12-05..2022-12-20; 2024-09-10..2024-09-11,1M+3M+6M; 1M+3M+6M; 1M+3M; 1M+3M+6M; 1M+3M+6M; 1M; 1M+3M+6M; 1M+3M+6M; 1M+3M; 1M+6M,True,small,1,34,,,
AMBQ,AMBQ,AMB,1,2026-05-12,2026-07-14,2026-05-12..2026-07-14,1M+3M+6M,True,small,3,5,,,
AMC,AMC,,21,2017-09-25,2026-09-10,2017-09-25..2017-10-05; 2017-12-08..2017-12-19; 2018-03-01..2018-03-19; 2018-08-16..2018-08-17; 2019-08-07..2019-08-20; 2020-05-05..2020-05-27; 2020-08-20..2020-09-11; 2021-01-27..2021-03-31; 2021-05-17..2021-07-06; 2021-09-02..2021-09-22; 2021-11-10..2021-11-29; 2022-03-29..2022-04-08; 2022-07-18..2022-08-19; 2023-02-03..2023-03-03; 2023-04-28..2023-05-17; 2023-10-25..2023-11-10; 2024-05-14..2024-06-12; 2024-07-08..2024-07-17; 2026-04-15..2026-04-28; 2026-06-12..2026-06-22; 2026-07-31..2026-09-10,1M+3M+6M; 1M+3M+6M; 1M+3M+6M; 1M+3M+6M; 1M+3M+6M; 1M; 1M; 1M+3M; 1M+3M+6M; 1M+3M+6M; 3M+6M; 1M+3M+6M; 1M+3M+6M; 1M; 1M+3M+6M; 1M+3M+6M; 1M; 3M; 1M; 1M+3M; 3M+6M,True,mid,1,43,,,
AMCC^17,AMCC,,2,2010-02-05,2010-08-17,2010-02-05..2010-02-17; 2010-05-06..2010-08-17,1M+3M+6M; 1M+3M+6M,True,small,5,6,,,
AMCX,AMCX,,7,2011-09-20,2024-06-11,2011-09-20..2011-09-30; 2021-01-25..2021-01-26; 2021-03-03..2021-03-23; 2021-06-10..2021-06-11; 2023-02-22..2023-03-08; 2023-12-15..2023-12-21; 2024-05-29..2024-06-11,1M+3M; 1M; 1M+3M+6M; 6M; 1M+6M; 3M+6M; 1M+3M,True,mid,4,14,,,
AMD,AMD,,22,2008-05-19,2026-07-15,2008-05-19..2008-06-23; 2008-08-25..2008-09-11; 2009-03-17..2009-06-15; 2009-09-18..2009-10-27; 2013-01-30..2013-02-06; 2013-05-07..2013-05-24; 2015-02-05..2015-02-13; 2016-03-09..2016-09-08; 2016-11-02..2016-12-05; 2017-02-10..2017-03-09; 2017-06-20..2017-07-10; 2018-06-21..2018-06-29; 2018-09-06..2018-10-03; 2019-01-28..2019-02-07; 2019-03-27..2019-03-28; 2020-04-21..2020-05-01; 2020-08-11..2020-09-11; 2021-08-09..2021-08-19; 2021-11-23..2021-12-08; 2022-06-01..2022-06-15; 2025-10-21..2025-10-23; 2026-05-13..2026-07-15,1M+3M; 1M+3M+6M; 1M+3M+6M; 1M+3M+6M; 1M+3M+6M; 1M+3M+6M; 1M+3M+6M; 1M+3M+6M; 1M+3M+6M; 1M+3M+6M; 1M+3M+6M; 1M+3M+6M; 1M+3M+6M; 1M+3M+6M; 1M+3M+6M; 6M; 1M+3M; 1M+3M+6M; 1M+3M+6M; 1M+3M+6M; 1M+3M+6M; 1M+3M+6M,True,large_plus,1,61,,,
AMED^25,AMED,,7,2008-10-27,2020-04-17,2008-10-27..2008-11-06; 2009-02-17..2009-02-26; 2010-01-25..2010-02-09; 2010-09-23..2010-10-04; 2014-08-05..2014-08-11; 2018-12-17..2018-12-18; 2020-04-15..2020-04-17,1M+3M+6M; 6M; 1M+3M+6M; 1M+3M+6M; 1M+3M+6M; 3M+6M; 1M+3M+6M,True,small,1,17,,,
AMG,AMG,,3,2008-12-29,2009-05-21,2008-12-29..2009-01-02; 2009-02-18..2009-02-20; 2009-05-19..2009-05-21,1M; 3M; 6M,False,mid,7,5,,,
AMKR,AMKR,,11,2005-06-13,2026-05-08,2005-06-13..2005-08-03; 2006-03-06..2006-05-15; 2006-09-27..2006-10-16; 2008-02-15..2008-03-10; 2008-05-14..2008-05-28; 2009-06-23..2009-07-23; 2011-09-30..2011-10-06; 2019-11-07..2019-11-15; 2021-04-01..2021-04-07; 2025-12-16..2026-02-25; 2026-04-10..2026-05-08,1M+3M+6M; 1M+3M+6M; 1M+3M+6M; 1M+3M+6M; 1M+3M+6M; 1M+6M; 1M+3M+6M; 1M+3M+6M; 3M; 1M+3M+6M; 1M+3M+6M,True,small,1,24,,,
AMLN^12,AMLN,,8,2008-04-08,2012-02-23,2008-04-08..2008-04-15; 2008-08-01..2008-08-22; 2008-12-24..2009-01-12; 2009-02-06..2009-02-23; 2009-07-08..2009-07-14; 2010-03-12..2010-03-24; 2010-06-29..2010-07-08; 2012-02-06..2012-02-23,1M; 1M+3M+6M; 1M; 3M; 1M; 1M+3M+6M; 1M+3M+6M; 1M+3M+6M,True,mid,1,19,,,
AMLX,AMLX,,4,2022-06-09,2026-09-10,2022-06-09..2022-12-15; 2023-01-26..2023-02-07; 2025-07-11..2025-10-01; 2026-08-06..2026-09-10,1M+3M+6M; 6M; 6M; 1M+3M+6M,True,mid,1,21,,,
AMN,AMN,,3,2022-07-15,2026-08-20,2022-07-15..2022-07-28; 2024-08-02..2024-08-09; 2026-07-15..2026-08-20,6M; 1M; 3M+6M,False,mid,7,4,,,
AMP,AMP,,1,2009-05-21,2009-05-26,2009-05-21..2009-05-26,6M,False,mid,11,1,,,
AMPE,AMPE,,1,2020-12-24,2020-12-28,2020-12-24..2020-12-28,1M,False,small,7,2,,,
AMPG,AMPG,,2,2024-12-30,2026-07-01,2024-12-30..2025-01-10; 2026-05-22..2026-07-01,1M+3M+6M; 1M+3M+6M,True,small,4,5,,,
AMPH,AMPH,,1,2022-04-18,2022-04-26,2022-04-18..2022-04-26,6M,False,small,5,2,,,
AMPL,AMPL,,2,2026-07-20,2026-08-17,2026-07-20..2026-07-21; 2026-08-07..2026-08-17,1M; 3M,False,small,7,3,,,
AMPS^25,AMPS,,1,2022-09-27,2022-10-05,2022-09-27..2022-10-05,1M+3M+6M,True,small,2,1,,,
AMPX,AMPX,,3,2025-01-14,2026-04-29,2025-01-14..2025-02-24; 2025-06-16..2025-11-13; 2026-03-09..2026-04-29,1M+3M+6M; 1M+3M+6M; 1M+3M+6M,True,small,3,13,,,
AMR,AMR,,7,2021-09-16,2026-09-15,2021-09-16..2021-11-05; 2021-12-30..2022-06-14; 2022-08-08..2022-08-31; 2022-10-21..2022-11-08; 2024-02-28..2024-02-29; 2026-03-27..2026-03-30; 2026-09-03..2026-09-15,1M+3M+6M; 1M+3M+6M; 6M; 1M+3M+6M; 6M; 1M; 1M,True,mid,1,20,,,
AMRC,AMRC,,5,2021-11-09,2025-10-30,2021-11-09..2021-11-19; 2022-03-04..2022-03-28; 2022-08-09..2022-09-26; 2024-05-13..2024-06-18; 2025-09-15..2025-10-30,1M; 1M; 1M+3M; 1M+3M; 3M+6M,False,mid,2,17,,,
AMRI^17,AMRI,,2,2014-03-21,2017-05-17,2014-03-21..2014-04-04; 2017-04-27..2017-05-17,1M+3M+6M; 1M+3M+6M,True,small,4,5,,,
AMRN,AMRN,,11,2010-11-30,2022-02-07,2010-11-30..2011-02-03; 2011-04-25..2011-06-09; 2012-01-19..2012-07-25; 2013-12-31..2014-01-15; 2015-03-16..2015-04-17; 2016-08-11..2016-08-24; 2018-09-27..2018-11-13; 2019-01-29..2019-03-19; 2019-11-18..2019-12-24; 2021-08-16..2021-08-31; 2022-02-04..2022-02-07,1M+3M+6M; 1M+3M+6M; 1M+3M+6M; 1M; 1M+3M+6M; 1M+3M+6M; 1M+3M+6M; 1M+3M+6M; 1M+3M+6M; 1M+3M+6M; 1M,True,small,1,36,,,
AMRSQ^24,AMRSQ,AMRS,5,2019-02-08,2022-09-23,2019-02-08..2019-02-28; 2019-04-29..2019-05-10; 2020-12-23..2021-04-01; 2021-06-10..2021-07-12; 2022-08-16..2022-09-23,1M; 1M+3M+6M; 1M+3M+6M; 6M; 1M+3M,True,small,1,11,,,
AMRX,AMRX,,2,2019-12-12,2021-04-01,2019-12-12..2020-01-16; 2021-03-24..2021-04-01,1M+3M; 1M,False,mid,2,5,,,
AMSC,AMSC,,13,2007-06-25,2026-05-15,2007-06-25..2007-08-15; 2007-11-01..2007-11-12; 2007-12-24..2008-01-03; 2008-03-06..2008-06-25; 2008-12-18..2008-12-23; 2009-01-08..2009-02-25; 2009-04-09..2009-05-06; 2010-06-04..2010-06-07; 2023-08-01..2023-09-06; 2024-06-04..2024-07-29; 2024-10-08..2024-11-26; 2025-08-05..2025-10-07; 2026-04-27..2026-05-15,1M+3M+6M; 1M+6M; 1M+3M+6M; 1M+3M+6M; 1M; 3M; 6M; 1M+3M+6M; 1M+3M+6M; 1M+3M+6M; 6M; 1M+3M+6M; 1M+3M,True,small,2,41,,,
AMT,AMT,,1,2008-12-30,2008-12-31,2008-12-30..2008-12-31,3M,False,large_plus,12,2,,,
AMTD,AMTD,,1,2022-08-02,2022-08-17,2022-08-02..2022-08-17,1M+3M+6M,True,mid,1,1,,,
AMTX,AMTX,,2,2021-01-25,2021-11-18,2021-01-25..2021-04-16; 2021-09-17..2021-11-18,1M+3M+6M; 1M+3M+6M,True,small,1,10,,,
AMWD^26,AMWD,,2,2015-08-24,2017-12-20,2015-08-24..2015-09-09; 2017-12-04..2017-12-20,1M+3M+6M; 1M+3M+6M,True,mid,3,7,,,
AMWL,AMWL,,1,2022-06-23,2022-06-29,2022-06-23..2022-06-29,1M+3M,False,small,8,1,,,
AMZN,AMZN,,3,2008-12-23,2009-03-12,2008-12-23..2008-12-26; 2008-12-31..2009-01-21; 2009-03-11..2009-03-12,1M; 3M+6M; 1M+3M+6M,True,large_plus,1,7,,,
AN,AN,,3,2008-08-13,2009-05-14,2008-08-13..2008-09-11; 2008-12-03..2008-12-19; 2009-01-14..2009-05-14,1M+6M; 1M; 1M+3M+6M,True,small,1,14,,,
ANAB,ANAB,,6,2017-10-16,2026-05-13,2017-10-16..2018-03-12; 2018-07-27..2018-10-10; 2020-11-04..2020-11-13; 2024-08-21..2024-09-20; 2025-03-28..2025-05-13; 2026-02-11..2026-05-13,1M+3M+6M; 1M+3M+6M; 1M+3M; 3M+6M; 1M+3M+6M; 3M+6M,True,small,1,24,,,
ANAC.1^16,ANAC,,4,2014-03-26,2015-08-11,2014-03-26..2014-03-31; 2015-02-04..2015-02-05; 2015-03-23..2015-04-30; 2015-07-23..2015-08-11,6M; 3M+6M; 1M+3M+6M; 1M+3M+6M,True,mid,1,9,,,
ANAD^16,ANAD,,6,2006-09-13,2010-11-11,2006-09-13..2006-09-25; 2006-11-20..2006-12-01; 2007-02-22..2007-03-07; 2007-08-09..2007-08-27; 2008-04-21..2008-06-17; 2010-10-28..2010-11-11,1M+3M+6M; 1M+3M+6M; 1M+3M+6M; 1M+3M; 1M+3M+6M; 1M+3M+6M,True,small,1,16,,,
ANDE,ANDE,,2,2006-04-11,2009-07-15,2006-04-11..2006-05-18; 2009-06-26..2009-07-15,1M+3M+6M; 3M+6M,True,small,2,4,,,
ANDG,ANDG,,1,2026-07-23,2026-08-13,2026-07-23..2026-08-13,1M+6M,False,mid,6,3,,,
ANET,ANET,,3,2014-09-15,2026-08-20,2014-09-15..2014-10-10; 2018-02-16..2018-02-20; 2026-07-08..2026-08-20,1M+3M; 1M+3M+6M; 1M+3M+6M,True,large_plus,1,6,,,
ANF,ANF,,8,2009-03-02,2025-12-15,2009-03-02..2009-03-05; 2017-12-04..2017-12-07; 2018-02-05..2018-03-12; 2019-01-03..2019-01-15; 2021-03-18..2021-03-31; 2021-05-20..2021-06-04; 2022-02-01..2022-02-08; 2025-12-09..2025-12-15,1M+3M+6M; 1M; 3M+6M; 1M+3M+6M; 1M+3M; 3M+6M; 1M+6M; 1M,True,mid,3,21,,,
ANGH,ANGH,,1,2022-02-17,2022-03-04,2022-02-17..2022-03-04,1M+3M+6M,True,small,2,1,,,
ANGI,ANGI,,3,2020-05-07,2022-06-07,2020-05-07..2020-07-28; 2021-09-27..2021-10-08; 2022-06-06..2022-06-07,1M+3M+6M; 1M; 1M,True,mid,4,8,,,
ANH^21,ANH,,1,2008-01-25,2008-01-30,2008-01-25..2008-01-30,3M+6M,False,small,3,3,,,
ANIK,ANIK,,2,2014-03-10,2014-05-22,2014-03-10..2014-03-14; 2014-05-07..2014-05-22,1M; 1M+3M+6M,True,small,2,4,,,
ANIP,ANIP,,6,2014-11-12,2025-04-11,2014-11-12..2015-03-10; 2015-08-04..2015-08-05; 2015-11-27..2016-01-06; 2021-11-02..2021-11-03; 2021-11-08..2021-11-09; 2025-04-09..2025-04-11,1M+3M+6M; 3M+6M; 1M+3M+6M; 1M; 3M; 1M+3M+6M,True,small,1,20,,,
ANNA,ANNA,,1,2026-03-20,2026-04-14,2026-03-20..2026-04-14,1M+3M+6M,True,small,1,1,,,
ANNX,ANNX,,3,2025-12-02,2026-04-20,2025-12-02..2025-12-18; 2026-01-16..2026-02-05; 2026-04-09..2026-04-20,1M+3M; 3M; 6M,False,small,5,10,,,
ANN^15,ANN,,2,2009-04-14,2009-08-06,2009-04-14..2009-04-16; 2009-07-27..2009-08-06,1M; 1M,False,small,9,7,,,
ANPA,ANPA,,1,2026-01-12,2026-01-30,2026-01-12..2026-01-30,1M+3M+6M,True,small,1,1,,,
ANRO,ANRO,,3,2025-10-20,2026-09-09,2025-10-20..2025-12-01; 2026-07-22..2026-08-24; 2026-08-26..2026-09-09,1M+3M+6M; 6M; 3M,True,small,1,7,,,
ANSS^25,ANSS,,2,2007-08-10,2007-11-08,2007-08-10..2007-08-21; 2007-11-07..2007-11-08,1M+3M; 6M,False,mid,3,4,,,
ANTH,ANTH,,1,2015-06-26,2015-08-11,2015-06-26..2015-08-11,1M+3M+6M,True,small,1,3,,,
ANTX,ANTX,,1,2026-03-09,2026-03-30,2026-03-09..2026-03-30,1M+3M+6M,True,small,1,2,,,
ANVS,ANVS,,3,2021-03-16,2024-07-26,2021-03-16..2021-03-18; 2021-05-21..2021-07-28; 2024-07-09..2024-07-26,3M+6M; 1M+3M+6M; 1M,True,small,1,7,,,
AOBI,AOBI,,4,2005-11-11,2008-05-27,2005-11-11..2005-11-23; 2006-11-20..2007-01-30; 2007-08-28..2007-08-29; 2008-05-14..2008-05-27,1M+3M+6M; 1M+3M+6M; 1M; 1M,True,small,1,9,,,
AON,AON,,1,2008-11-21,2008-12-11,2008-11-21..2008-12-11,1M+3M+6M,True,large_plus,2,1,,,
AOSL,AOSL,,4,2021-11-22,2026-05-06,2021-11-22..2022-01-12; 2022-02-25..2022-04-05; 2024-07-02..2024-08-01; 2026-04-20..2026-05-06,1M+3M+6M; 6M; 1M+3M+6M; 1M+3M,True,small,3,15,,,
APA,APA,,8,2009-01-08,2026-04-14,2009-01-08..2009-01-21; 2019-10-02..2019-10-03; 2020-04-30..2020-05-08; 2020-06-16..2020-06-23; 2020-11-27..2020-12-10; 2022-01-24..2022-03-18; 2022-09-07..2022-09-23; 2026-04-08..2026-04-14,3M+6M; 1M+3M+6M; 1M; 3M; 1M; 1M+3M+6M; 1M+3M+6M; 1M+3M+6M,True,large_plus,1,21,,,
APC.1^19,APC,,6,2008-11-24,2016-05-06,2008-11-24..2008-12-02; 2009-01-05..2009-01-21; 2009-03-27..2009-04-01; 2009-05-12..2009-05-13; 2016-03-07..2016-03-23; 2016-05-04..2016-05-06,1M+3M+6M; 3M; 6M; 6M; 1M+3M+6M; 1M+3M+6M,True,large_plus,1,15,,,
APEI,APEI,,1,2026-03-30,2026-03-31,2026-03-30..2026-03-31,1M,False,small,15,2,,,
APEN^23,APEN,,1,2021-03-05,2021-03-16,2021-03-05..2021-03-16,6M,False,small,9,2,,,
APGE^26,APGE,,6,2024-01-30,2026-04-06,2024-01-30..2024-04-01; 2024-07-23..2024-08-23; 2024-09-09..2024-10-08; 2025-05-13..2025-05-22; 2025-10-21..2025-12-02; 2026-03-27..2026-04-06,1M+3M+6M; 6M; 1M+3M; 3M; 1M+3M; 6M,True,mid,1,22,,,
APHA^21,APHA,,4,2019-01-23,2021-03-26,2019-01-23..2019-03-11; 2019-09-05..2019-09-09; 2020-12-01..2020-12-04; 2021-01-15..2021-03-26,1M+3M+6M; 1M+3M+6M; 1M; 1M+3M+6M,True,mid,2,9,,,
API,API,,3,2020-09-03,2024-12-09,2020-09-03..2020-09-16; 2021-02-01..2021-02-23; 2024-10-02..2024-12-09,1M; 1M+3M+6M; 1M+3M,True,mid,1,8,,,
APKT^13,APKT,,6,2006-12-19,2012-02-23,2006-12-19..2007-01-04; 2010-05-06..2010-08-05; 2010-10-06..2010-10-08; 2010-12-14..2011-03-15; 2011-05-03..2011-05-13; 2012-02-08..2012-02-23,1M; 1M+3M+6M; 1M+3M+6M; 1M+3M+6M; 1M+3M+6M; 1M+3M+6M,True,mid,1,18,,,
APLD,APLD,,8,2022-08-03,2026-05-28,2022-08-03..2022-08-15; 2023-05-16..2023-06-26; 2024-05-20..2024-07-18; 2024-09-12..2024-12-13; 2025-06-02..2025-06-25; 2025-08-05..2025-11-03; 2026-01-08..2026-02-03; 2026-04-30..2026-05-28,1M; 1M+3M+6M; 1M+3M; 1M+3M+6M; 1M+3M+6M; 1M+3M+6M; 1M+3M+6M; 1M,True,small,1,24,,,
APLS^26,APLS,,11,2019-07-25,2025-08-06,2019-07-25..2019-09-18; 2020-01-08..2020-01-31; 2021-05-06..2021-05-28; 2021-06-01..2021-07-16; 2021-11-19..2022-01-10; 2022-03-22..2022-04-21; 2022-06-27..2022-08-02; 2022-09-13..2022-09-20; 2023-02-22..2023-03-10; 2023-09-07..2024-01-29; 2025-07-31..2025-08-06,1M+3M+6M; 1M+3M+6M; 1M; 3M+6M; 1M+3M+6M; 6M; 6M; 3M+6M; 1M+3M+6M; 1M+3M+6M; 1M,True,mid,1,41,,,
APLT^26,APLT,,3,2020-01-24,2024-11-15,2020-01-24..2020-02-18; 2024-02-28..2024-04-08; 2024-09-24..2024-11-15,1M+3M+6M; 1M+3M+6M; 1M+3M+6M,True,small,1,7,,,
APL^15,APL,,1,2010-08-02,2010-08-13,2010-08-02..2010-08-13,1M+3M+6M,True,small,1,2,,,
APO,APO,,2,2013-04-15,2020-04-24,2013-04-15..2013-04-22; 2020-04-23..2020-04-24,1M+3M+6M; 1M,True,large_plus,2,4,,,
APOL^17,APOL,,4,2008-06-30,2009-02-04,2008-06-30..2008-07-15; 2008-09-18..2008-09-19; 2008-11-05..2008-12-15; 2009-01-26..2009-02-04,1M+3M+6M; 3M; 1M+3M+6M; 1M,True,large_plus,1,12,,,
APP,APP,,11,2021-06-10,2025-10-10,2021-06-10..2021-07-01; 2021-08-30..2021-10-04; 2021-11-15..2021-11-24; 2023-02-10..2023-03-01; 2023-06-07..2023-06-08; 2023-11-24..2023-11-28; 2024-04-19..2024-04-22; 2024-11-14..2025-02-28; 2025-05-19..2025-06-17; 2025-08-14..2025-08-26; 2025-10-06..2025-10-10,1M; 1M+3M; 6M; 1M; 3M+6M; 1M+3M+6M; 1M+3M+6M; 1M+3M+6M; 1M+3M+6M; 1M+3M+6M; 3M,True,large_plus,1,37,,,
APPN,APPN,,12,2017-12-22,2026-09-11,2017-12-22..2018-01-19; 2018-06-20..2018-06-29; 2018-08-20..2018-08-22; 2018-11-26..2018-12-13; 2019-06-10..2019-06-27; 2019-08-20..2019-09-06; 2020-01-23..2020-01-31; 2020-11-11..2021-02-22; 2021-06-21..2021-07-08; 2023-02-23..2023-02-24; 2025-11-17..2025-11-25; 2026-07-29..2026-09-11,1M+3M+6M; 1M+3M+6M; 1M+3M+6M; 1M+3M+6M; 1M+3M+6M; 1M+3M+6M; 1M+6M; 1M+3M+6M; 1M; 3M; 1M; 1M+3M,True,mid,1,23,,,
APPS,APPS,,9,2019-08-06,2026-08-25,2019-08-06..2019-09-12; 2019-10-31..2019-12-12; 2020-06-25..2020-07-02; 2020-08-11..2021-04-19; 2021-09-22..2021-10-11; 2024-08-13..2024-09-04; 2025-02-06..2025-02-27; 2025-05-21..2025-07-14; 2026-05-28..2026-08-25,1M+3M+6M; 1M+3M+6M; 1M; 1M+3M+6M; 1M+3M; 1M+3M; 1M+3M; 6M; 1M+3M+6M,True,small,1,40,,,
APRN^23,APRN,,6,2018-05-21,2022-09-20,2018-05-21..2018-07-25; 2019-07-30..2019-08-07; 2020-03-19..2020-04-17; 2020-06-10..2020-06-15; 2021-09-28..2021-12-15; 2022-08-22..2022-09-20,1M+3M+6M; 1M; 1M+3M+6M; 3M; 1M+3M+6M; 1M+3M+6M,True,small,1,16,,,
APR^22,APR,,1,2021-08-16,2021-08-30,2021-08-16..2021-08-30,1M+6M,False,small,9,2,,,
APT,APT,,3,2014-10-10,2021-08-03,2014-10-10..2014-10-28; 2020-01-30..2020-08-07; 2021-07-23..2021-08-03,1M+3M+6M; 1M+3M+6M; 1M,True,small,1,10,,,
APVO,APVO,,1,2020-11-09,2020-12-15,2020-11-09..2020-12-15,1M+3M+6M,True,small,1,3,,,
APWR^13,APWR,,3,2008-06-10,2010-01-08,2008-06-10..2008-07-23; 2009-05-08..2009-06-15; 2009-11-18..2010-01-08,1M+3M+6M; 1M+3M+6M; 1M+3M+6M,True,small,2,9,,,
AQB,AQB,,1,2020-12-18,2020-12-29,2020-12-18..2020-12-29,1M,False,small,9,2,,,
AQMS,AQMS,,1,2020-12-28,2021-02-02,2020-12-28..2021-02-02,1M+3M,False,small,8,3,,,
AQST,AQST,,1,2024-03-15,2024-03-27,2024-03-15..2024-03-27,1M+3M+6M,True,small,5,2,,,
AR,AR,,9,2016-01-11,2022-11-16,2016-01-11..2016-02-19; 2020-04-23..2020-05-19; 2020-05-28..2020-06-11; 2021-03-01..2021-07-15; 2021-09-14..2021-11-08; 2022-01-19..2022-03-10; 2022-04-22..2022-06-17; 2022-08-04..2022-09-06; 2022-11-03..2022-11-16,1M+3M+6M; 1M; 3M; 1M+3M+6M; 1M+3M+6M; 1M+3M+6M; 1M+3M+6M; 1M+6M; 1M+3M+6M,True,mid,1,31,,,
ARAV^24,ARAV,,1,2019-12-31,2020-01-03,2019-12-31..2020-01-03,6M,False,small,8,1,,,
ARAY,ARAY,,1,2008-01-16,2008-01-18,2008-01-16..2008-01-18,1M+3M+6M,True,small,8,2,,,
ARBA^12,ARBA,,3,2008-07-25,2011-10-04,2008-07-25..2008-08-20; 2009-02-11..2009-03-30; 2011-10-03..2011-10-04,3M+6M; 1M+3M+6M; 1M+3M+6M,True,small,3,10,,,
ARCB,ARCB,,4,2008-02-04,2022-01-10,2008-02-04..2008-04-02; 2009-12-31..2010-01-05; 2013-05-21..2013-05-29; 2021-11-09..2022-01-10,1M+3M; 1M+3M+6M; 1M+3M+6M; 1M+3M+6M,True,small,3,12,,,
ARCC,ARCC,,1,2009-10-29,2009-10-30,2009-10-29..2009-10-30,6M,False,small,11,1,,,
ARCE^23,ARCE,,1,2019-12-10,2019-12-17,2019-12-10..2019-12-17,1M+3M+6M,True,mid,11,2,,,
ARCH^25,ARCH,,4,2020-09-21,2022-06-21,2020-09-21..2020-09-23; 2021-07-27..2021-08-30; 2021-10-11..2021-10-25; 2022-01-21..2022-06-21,1M; 1M+3M+6M; 6M; 1M+3M+6M,True,small,3,16,,,
ARCO,ARCO,,1,2011-08-08,2011-09-22,2011-08-08..2011-09-22,1M+3M,False,mid,1,5,,,
ARCT,ARCT,,9,2020-04-30,2026-09-21,2020-04-30..2020-08-28; 2020-12-07..2020-12-22; 2021-08-05..2021-09-17; 2022-04-04..2022-04-13; 2022-11-07..2022-11-09; 2023-04-05..2023-05-25; 2023-07-19..2023-08-02; 2024-06-06..2024-06-07; 2026-08-26..2026-09-21,1M+3M+6M; 1M+3M+6M; 1M+3M; 1M; 1M; 1M+3M+6M; 1M+6M; 6M; 1M+3M+6M,True,small,2,24,,,
ARD.1^10,ARD,,4,2007-11-13,2009-03-26,2007-11-13..2007-11-29; 2008-03-04..2008-03-11; 2008-05-01..2008-06-05; 2009-03-23..2009-03-26,6M; 6M; 3M+6M; 1M,False,small,4,11,,,
ARDX,ARDX,,6,2019-09-18,2024-03-12,2019-09-18..2019-09-25; 2019-12-31..2020-01-02; 2021-04-16..2021-04-29; 2022-11-21..2023-05-03; 2023-08-16..2023-09-21; 2023-11-20..2024-03-12,1M+3M+6M; 6M; 1M; 1M+3M+6M; 1M+3M+6M; 1M+3M+6M,True,small,1,16,,,
ARE,ARE,,2,2008-09-29,2009-01-15,2008-09-29..2008-10-03; 2009-01-07..2009-01-15,6M; 1M,False,mid,4,2,,,
AREC,AREC,,4,2021-02-08,2026-01-30,2021-02-08..2021-02-18; 2025-10-02..2025-10-27; 2026-01-21..2026-01-23; 2026-01-27..2026-01-30,1M; 3M+6M; 1M; 6M,False,small,1,6,,,
ARGX,ARGX,,2,2017-12-14,2018-11-20,2017-12-14..2018-02-20; 2018-11-19..2018-11-20,1M+3M+6M; 1M,True,mid,1,6,,,
ARHS,ARHS,,2,2023-01-30,2024-04-02,2023-01-30..2023-02-22; 2024-03-19..2024-04-02,3M+6M; 1M+3M+6M,True,mid,4,4,,,
ARIA.1^17,ARIA,,12,2007-07-12,2016-12-07,2007-07-12..2007-07-19; 2010-03-23..2010-05-27; 2011-05-20..2011-06-23; 2011-09-21..2011-09-29; 2011-11-07..2011-12-15; 2012-12-14..2012-12-18; 2013-06-07..2013-06-11; 2013-12-05..2014-03-04; 2014-11-21..2015-01-06; 2015-05-06..2015-05-07; 2015-09-17..2015-09-21; 2016-11-28..2016-12-07,1M+3M+6M; 1M+3M+6M; 1M+3M+6M; 6M; 6M; 1M+3M+6M; 1M+3M+6M; 1M+3M+6M; 1M+3M+6M; 3M+6M; 1M+3M+6M; 1M+3M+6M,True,small,1,24,,,
ARII^18,ARII,,1,2015-10-23,2015-11-17,2015-10-23..2015-11-17,1M+3M+6M,True,small,5,3,,,
ARIS.3^25,ARIS,"TPRF, ARMN",1,2025-03-03,2025-04-07,2025-03-03..2025-04-07,3M+6M,False,small,4,3,,,
ARJ^11,ARJ,,1,2007-08-15,2007-08-20,2007-08-15..2007-08-20,1M,False,small,8,4,,,
ARLO,ARLO,,4,2020-08-12,2023-06-01,2020-08-12..2020-09-04; 2021-12-21..2022-01-05; 2022-03-04..2022-03-09; 2023-05-30..2023-06-01,1M+3M; 1M+3M+6M; 6M; 1M+3M+6M,True,small,5,10,,,
ARLP,ARLP,,2,2022-04-29,2022-09-12,2022-04-29..2022-06-14; 2022-08-01..2022-09-12,1M+3M+6M; 6M,True,mid,1,8,,,
ARM,ARM,,6,2024-02-09,2026-07-01,2024-02-09..2024-03-14; 2024-06-14..2024-07-23; 2024-09-17..2024-09-18; 2025-01-27..2025-02-20; 2025-10-20..2025-10-29; 2026-02-25..2026-07-01,1M+3M; 1M+3M+6M; 1M+3M+6M; 1M+3M+6M; 1M; 1M+3M+6M,True,large_plus,1,14,,,
ARMK,ARMK,,1,2014-02-10,2014-02-12,2014-02-10..2014-02-12,1M,False,mid,4,1,,,
ARNA^22,ARNA,,17,2006-10-24,2020-06-03,2006-10-24..2006-11-02; 2007-08-10..2007-09-14; 2009-02-23..2009-02-26; 2009-06-10..2009-07-01; 2010-07-06..2010-08-20; 2010-12-21..2011-01-27; 2012-03-28..2012-07-23; 2012-09-27..2012-10-02; 2013-01-18..2013-01-28; 2013-11-20..2013-11-29; 2014-05-13..2014-05-21; 2015-01-14..2015-01-28; 2015-03-18..2015-03-31; 2017-07-11..2017-07-28; 2018-02-08..2018-03-13; 2018-12-04..2018-12-18; 2020-06-02..2020-06-03,1M+3M+6M; 1M+3M+6M; 1M+3M+6M; 1M; 1M+3M+6M; 1M+3M+6M; 1M+3M+6M; 6M; 1M+3M+6M; 1M; 1M+3M+6M; 1M; 3M+6M; 1M+3M+6M; 1M+3M+6M; 1M+3M+6M; 3M,True,small,1,37,,,
ARNC^23,ARNC,,5,2020-06-08,2023-03-17,2020-06-08..2020-06-12; 2020-08-10..2020-08-26; 2020-11-06..2020-11-19; 2022-05-20..2022-05-24; 2023-03-01..2023-03-17,1M; 1M+3M; 6M; 6M; 1M+3M+6M,True,mid,2,13,,,
AROC,AROC,,1,2009-09-25,2009-10-01,2009-09-25..2009-10-01,1M,False,small,14,1,,,
ARQL^20,ARQL,,4,2010-04-01,2019-11-07,2010-04-01..2010-05-06; 2018-07-05..2018-07-20; 2019-04-16..2019-07-16; 2019-10-24..2019-11-07,1M+3M+6M; 1M+3M+6M; 1M+3M+6M; 1M+3M+6M,True,small,2,16,,,
ARQQ,ARQQ,ARQ,4,2021-11-16,2026-07-01,2021-11-16..2021-12-13; 2024-12-10..2025-01-13; 2025-05-21..2025-07-09; 2026-06-23..2026-07-01,1M+3M; 1M+3M+6M; 1M+3M+6M; 1M,True,small,1,10,,,
ARQT,ARQT,,6,2022-06-28,2025-12-04,2022-06-28..2022-08-11; 2023-04-26..2023-05-05; 2024-01-02..2024-04-17; 2024-07-05..2024-07-25; 2025-03-11..2025-04-04; 2025-11-06..2025-12-04,3M+6M; 1M; 1M+3M+6M; 6M; 1M+3M+6M; 1M+3M+6M,True,small,3,19,,,
ARRY,ARRY,,8,2021-08-20,2025-05-16,2021-08-20..2021-08-31; 2021-10-25..2021-11-05; 2022-05-31..2022-06-23; 2022-08-01..2022-09-01; 2022-11-14..2023-01-27; 2023-04-14..2023-06-02; 2023-08-24..2023-08-28; 2025-05-13..2025-05-16,1M+3M; 3M; 1M+3M; 1M+3M+6M; 1M+6M; 1M+3M+6M; 1M+3M+6M; 1M,True,mid,1,18,,,
ARRY.1^19,ARRY,,8,2013-12-09,2019-01-22,2013-12-09..2013-12-10; 2014-12-16..2015-02-27; 2016-09-27..2017-02-28; 2017-07-06..2017-07-11; 2017-08-25..2017-09-29; 2018-01-09..2018-02-28; 2018-06-21..2018-07-03; 2018-10-08..2019-01-22,6M; 1M+3M+6M; 1M+3M+6M; 1M+3M+6M; 1M+3M+6M; 1M+3M+6M; 1M+3M+6M; 1M+3M+6M,True,small,1,29,,,
ARST.1^10,ARST,,1,2010-09-01,2010-09-14,2010-09-01..2010-09-14,1M+3M+6M,True,small,1,1,,,
ARTC.1^14,ARTC,,1,2008-04-28,2008-05-02,2008-04-28..2008-05-02,1M,False,small,5,2,,,
ARTX^19,ARTX,,1,2014-03-28,2014-04-11,2014-03-28..2014-04-11,1M+3M+6M,True,small,2,1,,,
ARUN^15,ARUN,,6,2009-07-02,2012-08-14,2009-07-02..2009-07-14; 2010-06-09..2010-06-14; 2010-10-06..2010-10-08; 2011-01-20..2011-03-23; 2011-09-26..2011-11-09; 2012-08-13..2012-08-14,1M+3M+6M; 1M+3M+6M; 3M+6M; 1M+3M+6M; 1M+3M+6M; 1M+3M+6M,True,small,1,20,,,
ARVLF,ARVLF,,2,2021-05-20,2021-11-12,2021-05-20..2021-06-18; 2021-10-08..2021-11-12,1M; 1M+6M,False,large_plus,1,3,,,
ARVN,ARVN,,7,2019-11-20,2024-02-29,2019-11-20..2020-02-21; 2020-04-22..2020-05-13; 2020-12-15..2021-01-27; 2021-05-10..2021-05-12; 2021-07-19..2021-08-16; 2022-07-21..2022-07-26; 2023-11-22..2024-02-29,1M+3M+6M; 6M; 1M+3M; 6M; 1M+3M+6M; 1M; 1M+3M+6M,True,small,1,22,,,
ARWR,ARWR,,20,2014-01-29,2026-01-07,2014-01-29..2014-03-24; 2014-06-06..2014-07-02; 2014-08-20..2014-09-24; 2014-12-31..2015-01-12; 2015-03-03..2015-03-18; 2015-09-24..2015-10-02; 2018-01-19..2018-03-27; 2018-05-14..2018-09-27; 2018-12-04..2019-02-21; 2019-05-22..2019-06-03; 2019-08-23..2019-09-11; 2019-11-04..2019-12-20; 2020-07-02..2020-07-06; 2020-10-21..2020-12-14; 2022-07-12..2022-07-29; 2023-01-03..2023-01-12; 2024-01-03..2024-01-25; 2024-07-02..2024-07-08; 2025-08-20..2025-09-18; 2025-11-03..2026-01-07,1M+3M+6M; 1M+3M+6M; 1M+3M+6M; 1M; 1M+3M; 1M+3M+6M; 1M+3M+6M; 1M+3M+6M; 1M+3M+6M; 1M+3M+6M; 1M+3M+6M; 1M+3M+6M; 1M; 1M+3M+6M; 1M; 1M+3M+6M; 1M+3M+6M; 1M+3M+6M; 1M+3M; 1M+3M+6M,True,mid,1,58,,,
ARX,ARX,,1,2026-03-25,2026-03-27,2026-03-25..2026-03-27,1M,False,mid,11,2,,,
ARXS,ARXS,,1,2026-06-24,2026-08-25,2026-06-24..2026-08-25,1M+3M,False,large_plus,1,2,,,
AS,AS,,1,2024-12-05,2024-12-09,2024-12-05..2024-12-09,1M+3M+6M,True,large_plus,6,2,,,
ASAN,ASAN,,8,2021-06-17,2026-08-24,2021-06-17..2021-11-22; 2022-10-10..2022-10-17; 2023-03-10..2023-03-31; 2023-06-02..2023-06-29; 2023-11-02..2023-11-13; 2024-12-11..2024-12-31; 2025-02-14..2025-02-25; 2026-08-13..2026-08-24,1M+3M+6M; 3M; 1M+3M; 1M+3M+6M; 1M+3M+6M; 1M+3M+6M; 3M; 1M,True,mid,1,27,,,
ASAPQ,ASAPQ,ASAP,2,2020-03-23,2021-11-10,2020-03-23..2020-08-13; 2021-10-25..2021-11-10,1M+3M+6M; 1M,True,small,1,5,,,
ASB,ASB,,1,2008-09-16,2008-10-06,2008-09-16..2008-10-06,1M+3M,False,mid,6,1,,,
ASC,ASC,,2,2022-12-05,2023-02-24,2022-12-05..2022-12-23; 2023-02-09..2023-02-24,3M+6M; 1M+6M,False,small,5,3,,,
ASCA.1^13,ASCA,,2,2008-08-27,2009-05-21,2008-08-27..2008-09-03; 2009-04-29..2009-05-21,1M; 3M+6M,False,small,4,4,,,
ASEI^16,ASEI,,3,2006-09-28,2008-12-15,2006-09-28..2006-11-16; 2007-08-17..2007-08-27; 2008-11-26..2008-12-15,1M+3M+6M; 1M+3M; 1M+3M+6M,True,small,3,9,,,
ASH,ASH,,1,2009-03-27,2009-07-07,2009-03-27..2009-07-07,1M+3M+6M,True,small,1,6,,,
ASIA.1^14,ASIA,,3,2009-04-09,2010-07-02,2009-04-09..2009-04-23; 2009-10-12..2009-12-21; 2010-07-01..2010-07-02,3M+6M; 1M+3M+6M; 1M,True,small,4,8,,,
ASM,ASM,,2,2025-05-23,2026-02-18,2025-05-23..2025-09-11; 2026-01-27..2026-02-18,3M+6M; 1M+3M+6M,True,small,3,9,,,
ASMB,ASMB,,2,2018-03-22,2019-12-27,2018-03-22..2018-03-26; 2019-10-30..2019-12-27,6M; 1M+3M+6M,True,small,2,3,,,
ASO,ASO,,2,2021-04-05,2022-12-22,2021-04-05..2021-05-25; 2022-12-20..2022-12-22,1M+3M+6M; 6M,True,mid,2,6,,,
ASPI,ASPI,,2,2024-10-30,2025-06-09,2024-10-30..2024-11-25; 2025-06-06..2025-06-09,1M+3M+6M; 3M,True,small,3,5,,,
ASPN,ASPN,,6,2021-07-28,2024-09-27,2021-07-28..2021-08-11; 2021-11-17..2021-12-02; 2023-12-22..2024-01-11; 2024-02-26..2024-03-13; 2024-05-07..2024-06-20; 2024-08-26..2024-09-27,1M+3M+6M; 6M; 3M+6M; 6M; 1M+3M+6M; 1M+6M,True,small,2,13,,,
ASPS,ASPS,,6,2012-10-31,2017-04-24,2012-10-31..2012-11-05; 2015-04-23..2015-08-11; 2015-10-19..2015-10-29; 2016-01-05..2016-02-29; 2016-05-12..2016-05-17; 2017-04-05..2017-04-24,1M+3M+6M; 1M+3M+6M; 1M+3M+6M; 1M+3M+6M; 6M; 1M+3M+6M,True,small,1,15,,,
ASPX^15,ASPX,,1,2015-01-02,2015-03-30,2015-01-02..2015-03-30,1M+3M+6M,True,small,1,5,,,
ASRT^26,ASRT,,1,2023-03-06,2023-05-30,2023-03-06..2023-05-30,1M+3M+6M,True,small,1,5,,,
ASST,ASST,,3,2025-05-12,2026-04-22,2025-05-12..2025-06-06; 2025-09-03..2025-09-22; 2026-03-31..2026-04-22,1M+3M+6M; 1M+6M; 1M,True,small,1,8,,,
ASTC,ASTC,,1,2026-06-01,2026-06-12,2026-06-01..2026-06-12,1M+3M+6M,True,small,1,1,,,
ASTE,ASTE,,2,2007-08-02,2008-12-15,2007-08-02..2007-08-07; 2008-12-08..2008-12-15,1M+3M+6M; 1M,True,small,5,4,,,
ASTH,ASTH,,6,2021-06-23,2025-04-21,2021-06-23..2021-08-09; 2021-09-21..2021-10-06; 2021-11-16..2021-12-01; 2022-07-11..2022-08-04; 2024-07-26..2024-08-02; 2025-04-15..2025-04-21,1M+3M+6M; 1M+3M+6M; 1M+6M; 1M+3M; 1M+3M+6M; 1M+3M+6M,True,mid,1,10,,,
ASTI,ASTI,,3,2007-04-16,2026-06-15,2007-04-16..2007-04-26; 2007-10-11..2008-01-16; 2026-05-27..2026-06-15,1M+3M+6M; 1M+3M+6M; 6M,True,small,1,7,,,
ASTS,ASTS,,11,2021-06-30,2026-06-09,2021-06-30..2021-07-16; 2021-09-17..2021-09-21; 2022-03-09..2022-04-06; 2022-08-15..2022-09-06; 2023-03-14..2023-03-20; 2024-05-17..2024-09-06; 2025-02-13..2025-03-19; 2025-06-06..2025-08-06; 2025-10-03..2025-10-28; 2025-12-22..2026-02-10; 2026-05-28..2026-06-09,1M; 1M; 1M; 1M+3M+6M; 3M; 1M+3M+6M; 1M+3M; 1M+3M+6M; 1M+3M+6M; 1M+3M+6M; 1M,True,mid,1,30,,,
ASTX.1^13,ASTX,,2,2013-04-15,2013-09-17,2013-04-15..2013-05-06; 2013-09-04..2013-09-17,1M+3M+6M; 1M+3M+6M,True,small,1,3,,,
ASX,ASX,,1,2026-06-11,2026-07-16,2026-06-11..2026-07-16,1M+3M+6M,True,large_plus,2,3,,,
ASXC^24,ASXC,,1,2021-06-03,2021-06-29,2021-06-03..2021-06-29,1M+6M,False,small,5,2,,,
ASYS,ASYS,,1,2011-02-10,2011-02-14,2011-02-10..2011-02-14,1M+3M+6M,True,small,9,1,,,
ATAI^26,ATAI,,1,2025-07-02,2025-10-31,2025-07-02..2025-10-31,1M+3M+6M,True,small,8,7,,,
ATAT,ATAT,,1,2025-02-25,2025-03-06,2025-02-25..2025-03-06,6M,False,mid,10,1,,,
ATEC,ATEC,,5,2023-01-06,2025-03-05,2023-01-06..2023-01-24; 2023-03-10..2023-03-20; 2024-11-05..2024-11-20; 2025-01-24..2025-01-29; 2025-03-04..2025-03-05,6M; 3M+6M; 1M; 3M; 6M,False,small,7,14,,,
ATEN,ATEN,,2,2021-11-03,2022-05-24,2021-11-03..2021-11-23; 2022-05-06..2022-05-24,6M; 1M+3M+6M,True,small,10,6,,,
ATER,ATER,,1,2022-04-12,2022-05-06,2022-04-12..2022-05-06,1M+3M,False,small,1,1,,,
ATEX,ATEX,,1,2026-02-17,2026-07-23,2026-02-17..2026-07-23,1M+3M+6M,True,small,1,7,,,
ATHM,ATHM,,15,2014-02-27,2022-07-15,2014-02-27..2014-03-20; 2014-08-08..2014-09-09; 2014-10-28..2014-11-10; 2015-03-10..2015-03-23; 2015-05-06..2015-05-14; 2015-10-15..2015-10-19; 2016-08-17..2016-08-26; 2016-12-01..2016-12-02; 2017-11-27..2017-11-29; 2018-03-14..2018-03-28; 2018-11-16..2018-12-21; 2019-03-06..2019-03-18; 2021-01-27..2021-02-16; 2022-01-21..2022-01-27; 2022-05-27..2022-07-15,1M+3M; 1M+3M+6M; 1M+3M+6M; 1M+3M+6M; 1M+3M+6M; 1M; 1M+3M+6M; 6M; 1M+3M+6M; 1M+3M+6M; 1M+3M+6M; 1M+3M+6M; 1M; 1M; 1M+3M+6M,True,mid,1,34,,,
ATHN.2^19,ATHN,,4,2010-08-12,2011-12-16,2010-08-12..2010-08-31; 2011-08-04..2011-08-12; 2011-09-22..2011-09-30; 2011-12-15..2011-12-16,1M+3M+6M; 1M+3M+6M; 1M+3M+6M; 1M+3M+6M,True,mid,1,11,,,
ATHR.1^11,ATHR,,2,2006-10-20,2007-11-16,2006-10-20..2006-11-02; 2007-11-09..2007-11-16,1M+3M+6M; 1M+6M,True,small,6,3,,,
ATHXQ,ATHXQ,ATHX,1,2020-04-02,2020-06-03,2020-04-02..2020-06-03,1M+3M+6M,True,small,3,3,,,
ATI,ATI,,13,2005-03-08,2022-05-02,2005-03-08..2005-04-15; 2006-05-18..2006-05-23; 2008-04-17..2008-04-21; 2009-01-05..2009-01-08; 2009-04-30..2009-06-23; 2011-11-03..2011-11-16; 2016-02-22..2016-04-01; 2016-07-13..2016-08-12; 2016-12-12..2016-12-14; 2017-01-27..2017-02-10; 2021-03-04..2021-03-05; 2022-03-14..2022-03-17; 2022-04-29..2022-05-02,1M+3M+6M; 1M+3M+6M; 3M+6M; 3M; 6M; 1M+3M+6M; 1M+3M; 1M+3M+6M; 3M+6M; 1M+3M+6M; 6M; 3M; 3M+6M,True,mid,1,25,,,
ATKR,ATKR,,2,2021-03-09,2022-05-23,2021-03-09..2021-03-11; 2022-05-11..2022-05-23,6M; 1M+6M,False,mid,5,2,,,
ATLC,ATLC,,1,2026-07-27,2026-07-29,2026-07-27..2026-07-29,6M,False,small,9,2,,,
ATLS.2^11,ATLS,,1,2009-10-28,2009-11-16,2009-10-28..2009-11-16,1M+3M+6M,True,small,6,1,,,
ATLS^21,ATLS,,1,2011-02-18,2011-03-18,2011-02-18..2011-03-18,1M+3M+6M,True,small,3,1,,,
ATLX,ATLX,,1,2023-05-08,2023-05-11,2023-05-08..2023-05-11,1M+3M+6M,True,small,1,1,,,
ATML^16,ATML,,2,2008-11-05,2009-04-02,2008-11-05..2008-11-14; 2009-01-16..2009-04-02,1M+3M+6M; 1M+6M,True,small,5,9,,,
ATNM,ATNM,,1,2022-11-15,2022-11-22,2022-11-15..2022-11-22,1M+3M+6M,True,small,3,2,,,
ATNXQ^23,ATNXQ,ATNX,1,2019-11-20,2019-12-12,2019-11-20..2019-12-12,1M,False,small,10,1,,,
ATN^09,ATN,,1,2008-03-05,2008-03-06,2008-03-05..2008-03-06,1M+6M,False,mid,2,3,,,
ATOM,ATOM,,3,2025-01-15,2026-06-09,2025-01-15..2025-01-17; 2026-02-17..2026-03-10; 2026-04-24..2026-06-09,3M; 1M+3M+6M; 1M+3M+6M,True,small,1,6,,,
ATOS,ATOS,,2,2021-02-02,2021-07-12,2021-02-02..2021-02-12; 2021-05-13..2021-07-12,1M; 1M+3M+6M,True,small,2,5,,,
ATRA,ATRA,,7,2015-05-01,2026-06-05,2015-05-01..2015-05-04; 2015-06-18..2015-08-03; 2015-11-23..2015-12-08; 2018-01-08..2018-03-21; 2018-05-03..2018-06-07; 2018-11-28..2018-12-20; 2026-05-12..2026-06-05,3M+6M; 1M+3M+6M; 1M+6M; 1M+3M+6M; 1M+3M+6M; 1M+3M+6M; 1M,True,small,1,19,,,
ATRS^22,ATRS,,1,2012-07-26,2012-08-02,2012-07-26..2012-08-02,1M+3M+6M,True,small,2,1,,,
ATTU^19,ATTU,,1,2019-01-30,2019-02-08,2019-01-30..2019-02-08,1M+3M+6M,True,small,2,2,,,
ATVI^23,ATVI,,1,2009-02-11,2009-03-02,2009-02-11..2009-03-02,1M+3M+6M,True,large_plus,2,5,,,
ATW^17,ATW,,6,2015-02-24,2017-10-05,2015-02-24..2015-03-02; 2016-03-04..2016-03-15; 2016-05-06..2016-07-14; 2016-10-13..2016-10-26; 2016-12-06..2017-01-30; 2017-09-21..2017-10-05,3M+6M; 1M; 1M+3M+6M; 1M+3M+6M; 1M+3M+6M; 1M,True,small,2,13,,,
ATXS^26,ATXS,,1,2024-03-07,2024-03-28,2024-03-07..2024-03-28,3M,False,small,9,2,,,
ATYR,ATYR,,1,2021-09-14,2021-10-06,2021-09-14..2021-10-06,1M+3M+6M,True,small,4,1,,,
AU,AU,,2,2026-02-03,2026-03-11,2026-02-03..2026-02-10; 2026-02-17..2026-03-11,3M; 1M+6M,False,large_plus,9,3,,,
AU.1^23,AU,,6,2008-12-02,2020-08-07,2008-12-02..2009-04-06; 2013-08-26..2013-09-04; 2015-09-01..2015-10-01; 2016-01-19..2016-04-01; 2020-04-21..2020-05-26; 2020-08-06..2020-08-07,1M+3M+6M; 1M+3M+6M; 1M+3M+6M; 1M+3M+6M; 1M+3M+6M; 1M+3M+6M,True,mid,1,21,,,
AUDC,AUDC,,1,2020-04-13,2020-04-14,2020-04-13..2020-04-14,1M+6M,False,small,12,4,,,
AUGO,AUGO,,1,2026-01-30,2026-03-17,2026-01-30..2026-03-17,1M+3M+6M,True,mid,5,3,,,
AUPH,AUPH,,9,2016-10-06,2025-11-21,2016-10-06..2016-10-25; 2017-03-02..2017-03-31; 2017-05-17..2017-05-19; 2019-12-03..2020-01-15; 2020-04-22..2020-05-15; 2021-08-26..2021-11-16; 2023-01-06..2023-02-01; 2023-03-15..2023-05-16; 2025-11-10..2025-11-21,1M+3M+6M; 1M+3M+6M; 3M+6M; 1M+3M+6M; 6M; 1M+3M+6M; 1M; 1M+3M+6M; 1M,True,small,1,28,,,
AUR,AUR,,8,2021-11-19,2026-05-26,2021-11-19..2021-12-29; 2023-06-23..2023-09-20; 2023-11-27..2024-01-09; 2024-04-10..2024-05-14; 2024-07-09..2024-08-05; 2024-09-11..2025-03-03; 2025-07-29..2025-08-26; 2026-04-21..2026-05-26,1M+3M+6M; 1M+3M+6M; 1M+3M+6M; 1M+3M+6M; 1M+3M+6M; 1M+3M+6M; 1M+3M+6M; 1M+3M,True,mid,1,26,,,
AUUD,AUUD,,1,2021-07-06,2021-07-16,2021-07-06..2021-07-16,1M+3M,False,small,4,1,,,
AUXL^15,AUXL,,3,2007-08-22,2013-12-19,2007-08-22..2007-08-29; 2009-02-10..2009-02-19; 2013-12-11..2013-12-19,1M+3M+6M; 3M; 1M+3M+6M,True,small,3,5,,,
AUY^23,AUY,,12,2008-01-17,2020-05-01,2008-01-17..2008-02-08; 2008-03-18..2008-03-19; 2008-12-11..2009-04-06; 2009-06-03..2009-06-11; 2009-10-28..2009-11-12; 2015-01-02..2015-01-27; 2015-10-13..2015-11-02; 2016-02-12..2016-07-05; 2017-01-19..2017-01-20; 2018-12-28..2019-01-08; 2019-08-09..2019-09-12; 2020-04-22..2020-05-01,1M+3M+6M; 1M+3M; 1M+3M+6M; 1M+6M; 1M+3M+6M; 1M+3M+6M; 1M+3M+6M; 1M+3M+6M; 1M+3M+6M; 1M+3M+6M; 1M+3M+6M; 1M,True,mid,1,39,,,
AVAH,AVAH,,1,2026-08-26,2026-09-01,2026-08-26..2026-09-01,3M,False,mid,7,1,,,
AVAV,AVAV,,10,2008-11-06,2026-08-13,2008-11-06..2009-01-08; 2018-07-03..2018-07-16; 2022-03-17..2022-04-26; 2024-03-14..2024-03-25; 2024-09-09..2024-09-12; 2025-04-24..2025-04-29; 2025-07-01..2025-07-16; 2025-10-15..2025-10-24; 2026-01-15..2026-01-16; 2026-08-11..2026-08-13,3M+6M; 1M+3M+6M; 1M+3M; 1M+3M+6M; 6M; 1M; 1M+3M+6M; 1M+3M+6M; 1M; 1M,True,mid,2,27,,,
AVCTQ^23,AVCTQ,AVCT,1,2021-12-31,2022-01-14,2021-12-31..2022-01-14,1M,False,small,3,2,,,
AVEO^23,AVEO,,3,2015-06-02,2019-04-22,2015-06-02..2015-06-17; 2017-06-28..2017-10-17; 2019-04-08..2019-04-22,1M+3M+6M; 1M+3M+6M; 1M,True,small,1,8,,,
AVGR^25,AVGR,,1,2021-01-19,2021-02-26,2021-01-19..2021-02-26,1M+3M,False,small,3,4,,,
AVID^23,AVID,,1,2021-05-19,2021-05-28,2021-05-19..2021-05-28,1M,False,small,13,2,,,
AVIR,AVIR,,2,2021-01-06,2021-08-25,2021-01-06..2021-02-05; 2021-07-26..2021-08-25,1M; 1M+3M+6M,True,mid,4,6,,,
AVLNF,AVLNF,,1,2011-02-17,2011-04-28,2011-02-17..2011-04-28,1M+3M,False,small,3,4,,,
AVNR^15,AVNR,,7,2007-04-23,2014-11-13,2007-04-23..2007-06-06; 2010-11-03..2010-11-22; 2011-05-12..2011-06-09; 2013-07-01..2013-07-09; 2013-08-21..2013-09-13; 2014-05-07..2014-06-03; 2014-09-17..2014-11-13,1M+3M+6M; 1M+3M+6M; 1M+3M+6M; 1M+3M+6M; 1M+3M+6M; 1M+3M+6M; 1M+3M+6M,True,small,1,17,,,
AVNS^26,AVNS,,1,2019-11-06,2019-11-08,2019-11-06..2019-11-08,1M+3M+6M,True,mid,4,1,,,
AVNW,AVNW,,1,2021-04-05,2021-04-09,2021-04-05..2021-04-09,6M,False,small,13,1,,,
AVP^20,AVP,,7,2015-12-14,2019-06-05,2015-12-14..2015-12-29; 2016-02-23..2016-04-26; 2017-02-02..2017-02-16; 2017-05-04..2017-05-05; 2018-02-22..2018-04-03; 2018-08-10..2018-10-04; 2019-02-01..2019-06-05,1M+3M+6M; 1M+3M+6M; 1M+3M+6M; 1M+3M+6M; 1M+3M+6M; 1M+3M+6M; 1M+3M+6M,True,small,1,21,,,
AVTR,AVTR,,1,2025-10-29,2025-10-31,2025-10-29..2025-10-31,1M+3M+6M,True,large_plus,14,1,,,
AVX,AVX,,1,2022-03-21,2022-04-01,2022-03-21..2022-04-01,1M+3M+6M,True,small,3,2,,,
AVXL,AVXL,,7,2015-11-02,2022-11-18,2015-11-02..2015-11-12; 2021-02-26..2021-03-02; 2021-03-11..2021-04-09; 2021-06-14..2021-07-15; 2021-11-15..2021-11-22; 2022-11-10..2022-11-15; 2022-11-17..2022-11-18,1M+3M+6M; 1M; 3M; 1M+3M+6M; 6M; 6M; 3M,True,small,1,12,,,
AVXS^18,AVXS,,4,2016-08-25,2018-02-14,2016-08-25..2016-11-28; 2017-02-10..2017-02-14; 2017-06-28..2017-07-10; 2018-01-16..2018-02-14,1M+3M+6M; 1M+3M+6M; 1M+3M+6M; 1M+3M+6M,True,mid,3,13,,,
AVYAQ^23,AVYAQ,AVYA,2,2019-08-16,2022-09-26,2019-08-16..2019-09-09; 2022-09-14..2022-09-26,1M+3M+6M; 1M,True,small,1,5,,,
AWK,AWK,,1,2008-12-02,2008-12-11,2008-12-02..2008-12-11,3M+6M,False,mid,11,3,,,
AX,AX,,1,2015-10-14,2015-10-16,2015-10-14..2015-10-16,6M,False,mid,1,1,,,
AXAHY,AXAHY,,3,2008-09-26,2009-05-21,2008-09-26..2008-10-03; 2008-12-17..2009-01-06; 2009-04-06..2009-05-21,3M+6M; 1M+6M; 1M,False,large_plus,4,8,,,
AXAS^23,AXAS,,3,2011-07-18,2014-07-16,2011-07-18..2011-08-04; 2014-04-24..2014-05-15; 2014-07-07..2014-07-16,1M+3M+6M; 1M+3M+6M; 1M+3M+6M,True,small,1,7,,,
AXDXQ^25,AXDXQ,AXDX,1,2017-12-01,2017-12-20,2017-12-01..2017-12-20,1M,False,small,5,3,,,
AXE^20,AXE,,1,2009-02-19,2009-02-25,2009-02-19..2009-02-25,1M,False,small,11,1,,,
AXG,AXG,,1,2024-05-21,2024-05-23,2024-05-21..2024-05-23,1M+3M+6M,True,small,1,1,,,
AXGN,AXGN,,4,2018-07-10,2026-05-01,2018-07-10..2018-07-30; 2019-03-05..2019-03-29; 2025-12-08..2025-12-17; 2026-04-16..2026-05-01,1M+3M+6M; 1M; 6M; 6M,True,small,6,8,,,
AXIAY,AXIAY,,1,2010-02-04,2010-02-05,2010-02-04..2010-02-05,1M+3M+6M,True,large_plus,1,2,,,
AXLL^16,AXLL,,2,2015-11-03,2016-02-29,2015-11-03..2015-11-05; 2016-02-11..2016-02-29,1M; 1M+3M+6M,True,small,1,5,,,
AXNX^24,AXNX,,3,2021-08-12,2022-09-26,2021-08-12..2021-08-24; 2022-07-05..2022-07-13; 2022-09-23..2022-09-26,3M+6M; 6M; 6M,False,mid,9,6,,,
AXON,AXON,,9,2005-05-20,2026-09-01,2005-05-20..2005-06-03; 2006-01-12..2006-03-02; 2007-07-12..2007-07-30; 2013-08-30..2013-11-21; 2014-09-03..2014-09-23; 2014-11-21..2014-12-19; 2021-01-29..2021-02-25; 2025-04-21..2025-04-23; 2026-07-01..2026-09-01,1M+3M+6M; 1M+3M+6M; 1M+3M+6M; 1M+3M+6M; 1M+3M+6M; 1M+3M+6M; 1M+6M; 1M+3M+6M; 1M+3M+6M,True,small,2,30,,,
AXP,AXP,,1,2009-04-09,2009-05-20,2009-04-09..2009-05-20,1M+3M+6M,True,large_plus,2,6,,,
AXR,AXR,,1,2006-11-08,2007-01-24,2006-11-08..2007-01-24,1M+3M+6M,True,small,1,4,,,
AXSM,AXSM,,9,2019-01-09,2023-05-25,2019-01-09..2019-08-07; 2019-09-18..2019-09-30; 2019-11-08..2020-02-07; 2020-04-28..2020-05-18; 2021-09-29..2021-10-18; 2022-04-01..2022-04-07; 2022-07-05..2022-09-14; 2022-11-10..2022-12-27; 2023-05-22..2023-05-25,1M+3M+6M; 6M; 1M+3M+6M; 1M+6M; 1M; 1M; 1M+3M+6M; 1M+3M+6M; 6M,True,small,1,34,,,
AXTI,AXTI,,3,2024-02-26,2026-08-27,2024-02-26..2024-04-03; 2025-10-28..2026-06-04; 2026-08-17..2026-08-27,1M+3M+6M; 1M+3M+6M; 1M+6M,True,small,1,14,,,
AXYS^09,AXYS,,1,2008-11-11,2008-12-09,2008-11-11..2008-12-09,3M+6M,False,small,6,2,,,
AYA,AYA,,1,2026-08-05,2026-09-21,2026-08-05..2026-09-21,1M,False,mid,6,2,,,
AYE^11,AYE,,1,2008-11-28,2008-12-03,2008-11-28..2008-12-03,1M,False,mid,11,2,,,
AYTU,AYTU,,1,2020-03-16,2020-04-09,2020-03-16..2020-04-09,1M+3M+6M,True,small,2,1,,,
AYX^24,AYX,,9,2017-11-29,2020-08-07,2017-11-29..2017-11-30; 2018-02-23..2018-03-13; 2018-06-22..2018-06-28; 2018-11-19..2019-01-25; 2019-03-05..2019-03-19; 2019-05-08..2019-06-25; 2019-09-09..2019-09-10; 2020-06-24..2020-06-29; 2020-07-20..2020-08-07,6M; 1M; 1M+6M; 1M+3M+6M; 6M; 1M+3M+6M; 1M+3M+6M; 6M; 1M,True,mid,1,26,,,
AZO,AZO,,1,2008-12-17,2008-12-22,2008-12-17..2008-12-22,3M+6M,False,mid,6,3,,,
AZPN^25,AZPN,,1,2011-09-09,2011-09-13,2011-09-09..2011-09-13,1M+3M+6M,True,small,10,3,,,
AZTA,AZTA,,2,2021-04-07,2022-11-21,2021-04-07..2021-05-06; 2022-11-18..2022-11-21,1M+3M+6M; 1M,True,mid,8,7,,,
AZZ,AZZ,,2,2007-07-17,2008-08-21,2007-07-17..2007-07-27; 2008-07-03..2008-08-21,1M+3M+6M; 1M+3M+6M,True,small,2,5,,,
B,B,,8,2008-01-18,2016-11-14,2008-01-18..2008-01-23; 2008-07-24..2008-07-28; 2008-10-07..2008-10-09; 2008-12-04..2009-02-12; 2015-10-29..2015-10-30; 2016-01-22..2016-03-28; 2016-05-18..2016-05-24; 2016-11-10..2016-11-14,1M+3M+6M; 1M+3M+6M; 1M+3M+6M; 1M+3M+6M; 1M+3M+6M; 1M+3M+6M; 1M+3M+6M; 1M+3M+6M,True,large_plus,1,17,,,
BA,BA,,1,2020-06-10,2020-06-25,2020-06-10..2020-06-25,1M,False,large_plus,4,1,,,
BABA,BABA,,1,2022-06-13,2022-06-28,2022-06-13..2022-06-28,1M+3M+6M,True,large_plus,3,2,,,
BAC,BAC,,2,2008-08-04,2009-06-23,2008-08-04..2008-10-08; 2009-03-26..2009-06-23,1M+3M+6M; 1M+3M,True,large_plus,1,5,,,
BALY.1^25,BALY,,1,2021-03-15,2021-03-17,2021-03-15..2021-03-17,6M,False,mid,15,3,,,
BANC,BANC,,2,2008-09-02,2023-07-24,2008-09-02..2008-10-02; 2023-06-15..2023-07-24,1M+3M; 1M,False,small,1,3,,,
BAND,BAND,,5,2020-04-13,2026-07-24,2020-04-13..2020-06-26; 2020-09-04..2020-10-01; 2022-11-08..2022-12-29; 2023-02-08..2023-02-21; 2026-05-01..2026-07-24,1M+3M+6M; 6M; 1M+3M; 6M; 1M+3M+6M,True,small,1,16,,,
BARE^10,BARE,,2,2009-10-16,2009-11-13,2009-10-16..2009-10-19; 2009-11-11..2009-11-13,1M; 3M+6M,False,small,8,4,,,
BAS.1^16,BAS,,8,2011-05-03,2015-05-19,2011-05-03..2011-05-11; 2012-01-13..2012-01-17; 2012-07-27..2012-08-16; 2012-09-25..2012-09-28; 2013-02-25..2013-03-04; 2013-11-13..2013-11-25; 2015-02-17..2015-03-05; 2015-03-06..2015-05-19,1M+3M+6M; 3M; 1M+3M+6M; 3M; 1M+3M+6M; 1M; 1M; 1M+3M+6M,True,small,2,19,,,
BASE^25,BASE,,1,2025-04-25,2025-04-28,2025-04-25..2025-04-28,1M,False,small,14,3,,,
BATL,BATL,,1,2026-02-02,2026-03-23,2026-02-02..2026-03-23,1M+3M+6M,True,small,1,3,,,
BB,BB,,12,2007-10-24,2026-07-17,2007-10-24..2007-11-14; 2008-03-07..2008-03-11; 2009-01-16..2009-02-13; 2011-09-02..2011-09-16; 2012-10-04..2013-02-06; 2013-04-01..2013-04-04; 2013-12-31..2014-03-13; 2015-12-21..2016-01-08; 2021-01-22..2021-02-01; 2021-06-02..2021-06-23; 2024-12-23..2025-02-28; 2026-04-22..2026-07-17,1M+3M+6M; 1M+3M+6M; 1M+3M+6M; 1M+3M+6M; 1M+3M+6M; 1M+3M+6M; 1M+3M+6M; 1M+3M+6M; 1M+3M; 1M+3M+6M; 1M+3M+6M; 1M+3M+6M,True,mid,1,38,,,
BBAI,BBAI,,7,2022-04-06,2025-07-30,2022-04-06..2022-04-28; 2023-01-17..2023-02-22; 2023-04-19..2023-04-28; 2024-02-27..2024-03-07; 2025-01-29..2025-02-27; 2025-05-13..2025-05-15; 2025-07-02..2025-07-30,3M; 1M+3M+6M; 1M+3M+6M; 1M+6M; 1M+3M+6M; 6M; 1M+3M+6M,True,small,1,12,,,
BBAR,BBAR,,7,2018-10-01,2025-12-15,2018-10-01..2018-10-11; 2019-05-28..2019-06-03; 2024-05-03..2024-05-29; 2024-11-18..2025-01-30; 2025-04-25..2025-05-07; 2025-10-28..2025-11-20; 2025-12-12..2025-12-15,1M+3M+6M; 1M+3M+6M; 1M+3M+6M; 1M+3M+6M; 1M+3M+6M; 1M; 3M,True,mid,2,22,,,
BBBYQ^23,BBBYQ,BBBY,8,2019-01-16,2022-08-30,2019-01-16..2019-01-22; 2019-09-13..2019-09-19; 2020-10-02..2020-11-02; 2021-01-26..2021-01-29; 2021-11-16..2021-11-30; 2022-02-09..2022-02-10; 2022-03-28..2022-04-04; 2022-08-09..2022-08-30,1M+3M+6M; 1M; 1M+3M+6M; 1M; 1M; 1M; 1M+3M; 1M+3M,True,small,1,15,,,
BBIG,BBIG,,3,2021-05-21,2022-02-18,2021-05-21..2021-06-14; 2021-09-01..2021-09-22; 2022-01-27..2022-02-18,1M; 1M+3M+6M; 1M+6M,True,small,1,10,,,
BBIO,BBIO,,13,2019-12-20,2025-11-13,2019-12-20..2020-01-07; 2020-04-22..2020-04-29; 2020-09-15..2020-10-06; 2021-03-01..2021-03-25; 2022-04-04..2022-04-06; 2022-07-01..2022-07-06; 2022-08-09..2022-08-10; 2023-02-09..2023-04-18; 2023-06-13..2023-08-10; 2023-11-21..2024-01-10; 2024-09-10..2024-09-18; 2025-01-28..2025-04-24; 2025-11-07..2025-11-13,1M+3M+6M; 6M; 1M; 1M+6M; 1M; 1M; 3M; 1M+3M+6M; 1M+3M+6M; 1M+3M+6M; 1M+3M+6M; 1M+3M+6M; 1M+3M+6M,True,mid,1,36,,,
BBKCD,BBKCD,,1,2021-04-12,2021-04-26,2021-04-12..2021-04-26,1M+3M+6M,True,small,1,2,,,
BBNX,BBNX,,1,2025-11-24,2025-11-25,2025-11-24..2025-11-25,1M,False,small,11,2,,,
BBW,BBW,,1,2021-06-09,2021-07-08,2021-06-09..2021-07-08,1M+3M+6M,True,small,6,2,,,
BBWI,BBWI,,1,2008-08-20,2008-08-26,2008-08-20..2008-08-26,1M+3M+6M,True,mid,4,2,,,
BBY,BBY,,4,2008-12-22,2013-04-22,2008-12-22..2009-03-27; 2012-07-10..2012-07-16; 2013-02-28..2013-03-05; 2013-04-15..2013-04-22,1M+3M+6M; 1M+3M+6M; 1M+3M+6M; 1M+3M+6M,True,mid,2,13,,,
BC,BC,,4,2009-08-12,2011-10-25,2009-08-12..2009-08-28; 2009-09-08..2009-10-28; 2010-04-30..2010-05-24; 2011-10-11..2011-10-25,1M; 1M+3M+6M; 1M+3M+6M; 1M+3M+6M,True,small,3,13,,,
BCAB,BCAB,,2,2021-03-19,2022-09-06,2021-03-19..2021-03-29; 2022-08-16..2022-09-06,3M; 1M+3M+6M,True,mid,1,5,,,
BCC,BCC,,2,2022-02-04,2022-05-23,2022-02-04..2022-02-25; 2022-05-06..2022-05-23,1M+3M+6M; 1M+6M,True,mid,3,4,,,
BCEL^24,BCEL,,1,2022-03-09,2022-04-04,2022-03-09..2022-04-04,1M,False,small,7,1,,,
BCLI,BCLI,,1,2020-07-23,2020-07-31,2020-07-23..2020-07-31,6M,False,small,13,1,,,
BCRX,BCRX,,22,2005-10-11,2026-03-26,2005-10-11..2005-11-02; 2005-12-14..2006-02-01; 2009-07-27..2009-09-11; 2009-11-04..2009-11-25; 2013-07-31..2013-10-04; 2014-01-15..2014-03-13; 2014-06-02..2014-08-28; 2014-10-28..2014-11-06; 2014-12-31..2015-01-09; 2015-07-01..2015-07-08; 2015-09-28..2015-09-29; 2017-03-06..2017-03-31; 2020-04-27..2020-05-12; 2021-03-10..2021-03-19; 2021-05-06..2021-06-17; 2021-08-05..2021-08-11; 2022-01-05..2022-03-02; 2022-07-21..2022-08-09; 2024-05-23..2024-06-04; 2024-08-05..2024-08-21; 2025-05-07..2025-05-22; 2026-03-17..2026-03-26,1M+3M+6M; 1M+3M+6M; 1M+3M+6M; 1M+3M+6M; 1M+3M+6M; 1M+3M+6M; 1M+3M+6M; 1M+6M; 1M; 1M+3M+6M; 1M+6M; 1M+3M+6M; 1M; 1M+6M; 1M+3M+6M; 1M+3M+6M; 1M+3M+6M; 3M; 1M; 3M+6M; 1M+3M+6M; 1M,True,small,1,54,,,
BCS,BCS,,2,2008-08-01,2009-05-27,2008-08-01..2008-08-04; 2009-03-31..2009-05-27,1M+3M+6M; 1M+3M+6M,True,large_plus,1,7,,,
BCSI^12,BCSI,,2,2007-08-15,2011-12-07,2007-08-15..2007-10-30; 2011-11-23..2011-12-07,1M+3M+6M; 1M+3M+6M,True,small,1,7,,,
BCTX,BCTX,,2,2021-06-15,2021-12-03,2021-06-15..2021-06-28; 2021-08-17..2021-12-03,1M; 1M+3M+6M,True,small,1,8,,,
BCYC,BCYC,,2,2021-10-12,2022-01-10,2021-10-12..2021-11-29; 2022-01-05..2022-01-10,3M+6M; 6M,False,small,8,6,,,
BDC,BDC,,1,2016-02-22,2016-02-25,2016-02-22..2016-02-25,1M+6M,False,mid,10,4,,,
BDMD,BDMD,,1,2025-01-07,2025-01-31,2025-01-07..2025-01-31,1M,False,small,1,1,,,
BDN,BDN,,2,2009-04-22,2009-07-16,2009-04-22..2009-04-30; 2009-07-07..2009-07-16,1M; 3M,False,small,8,5,,,
BDSI^22,BDSI,,2,2014-06-16,2014-10-09,2014-06-16..2014-07-25; 2014-09-09..2014-10-09,1M+3M+6M; 1M+3M+6M,True,small,1,7,,,
BDSX,BDSX,,1,2026-01-27,2026-02-24,2026-01-27..2026-02-24,1M+3M,False,small,6,4,,,
BDTX,BDTX,,1,2023-06-27,2023-07-24,2023-06-27..2023-07-24,1M+3M+6M,True,small,1,2,,,
BE,BE,,17,2018-09-19,2026-06-30,2018-09-19..2018-10-04; 2019-03-01..2019-03-15; 2019-05-06..2019-05-16; 2019-11-12..2020-03-03; 2020-04-28..2020-05-01; 2020-07-15..2020-10-16; 2020-11-30..2020-12-22; 2021-10-27..2021-11-22; 2022-03-01..2022-03-15; 2022-07-29..2022-09-19; 2023-11-28..2023-12-08; 2024-04-02..2024-06-13; 2024-11-15..2024-12-16; 2025-02-18..2025-02-28; 2025-08-01..2025-11-18; 2026-01-15..2026-03-11; 2026-04-20..2026-06-30,1M; 1M; 1M+3M+6M; 1M+3M+6M; 6M; 1M+3M+6M; 1M+6M; 1M; 1M; 1M+3M+6M; 1M+6M; 1M+3M+6M; 1M+3M; 3M+6M; 1M+3M+6M; 1M+3M+6M; 1M+3M+6M,True,mid,1,62,,,
BEAM,BEAM,,10,2020-10-26,2026-01-14,2020-10-26..2021-01-29; 2021-06-30..2021-07-12; 2021-08-24..2021-09-10; 2022-06-27..2022-08-18; 2023-11-17..2023-12-07; 2024-02-15..2024-03-13; 2024-07-24..2024-08-01; 2025-02-18..2025-02-25; 2025-09-18..2025-09-30; 2026-01-12..2026-01-14,1M+3M+6M; 1M+3M; 3M+6M; 1M+3M+6M; 1M+3M+6M; 1M+3M+6M; 1M+3M; 1M; 1M; 1M+3M,True,mid,1,29,,,
BEAT.2^21,BEAT,,1,2018-11-14,2018-12-17,2018-11-14..2018-12-17,1M+3M+6M,True,mid,3,2,,,
BEAV^17,BEAV,,1,2009-01-27,2009-02-05,2009-01-27..2009-02-05,1M,False,small,4,1,,,
BECN^25,BECN,,2,2008-08-19,2018-12-12,2008-08-19..2008-10-01; 2018-11-30..2018-12-12,3M+6M; 1M+3M+6M,True,mid,2,5,,,
BEDU^25,BEDU,,1,2017-10-18,2017-10-26,2017-10-18..2017-10-26,1M+3M,False,mid,1,2,,,
BEEM,BEEM,,1,2020-11-23,2021-01-06,2020-11-23..2021-01-06,1M+3M+6M,True,small,5,3,,,
BEE^15,BEE,,3,2009-10-20,2011-02-28,2009-10-20..2009-10-23; 2010-04-08..2010-05-14; 2011-02-23..2011-02-28,3M+6M; 1M+3M+6M; 1M+3M+6M,True,small,1,6,,,
BEKE,BEKE,,8,2020-10-08,2024-10-18,2020-10-08..2020-11-17; 2021-10-18..2021-12-02; 2022-01-19..2022-02-17; 2022-05-09..2022-07-12; 2022-08-26..2022-09-13; 2022-11-29..2022-12-15; 2023-02-24..2023-02-27; 2024-10-03..2024-10-18,1M+3M; 1M+3M+6M; 1M+3M+6M; 1M+3M+6M; 1M+3M+6M; 1M+3M+6M; 1M+3M+6M; 1M+3M+6M,True,large_plus,1,22,,,
BEN,BEN,,1,2009-01-02,2009-01-14,2009-01-02..2009-01-14,6M,False,large_plus,5,2,,,
BEST^25,BEST,,2,2021-10-15,2021-10-28,2021-10-15..2021-10-18; 2021-10-20..2021-10-28,1M; 3M,False,small,6,2,,,
BETA,BETA,,1,2026-08-06,2026-08-18,2026-08-06..2026-08-18,1M,False,mid,6,2,,,
BETR,BETR,,2,2025-09-22,2026-04-21,2025-09-22..2025-11-07; 2026-04-06..2026-04-21,1M+3M+6M; 1M,True,small,1,7,,,
BETSF,BETSF,,1,2021-11-15,2021-11-16,2021-11-15..2021-11-16,1M,False,small,6,1,,,
BEXP^11,BEXP,,4,2008-05-12,2010-06-28,2008-05-12..2008-06-30; 2009-08-12..2009-11-30; 2010-01-11..2010-02-16; 2010-06-23..2010-06-28,1M+3M+6M; 1M+3M+6M; 3M+6M; 1M+3M+6M,True,small,1,14,,,
BFH,BFH,,3,2020-11-05,2021-05-19,2020-11-05..2020-11-06; 2021-03-24..2021-03-25; 2021-04-01..2021-05-19,1M; 1M; 3M+6M,False,mid,6,4,,,
BFLY,BFLY,,7,2022-08-10,2026-08-28,2022-08-10..2022-08-18; 2024-12-11..2025-02-27; 2025-11-25..2025-12-23; 2025-12-31..2026-01-05; 2026-03-19..2026-05-05; 2026-06-18..2026-07-13; 2026-08-05..2026-08-28,1M+3M; 3M+6M; 1M; 3M; 1M+6M; 1M; 3M+6M,False,small,2,17,,,
BFRI,BFRI,,1,2022-04-13,2022-04-27,2022-04-13..2022-04-27,1M,False,small,3,1,,,
BFYT^20,BFYT,,1,2020-02-14,2020-03-09,2020-02-14..2020-03-09,3M+6M,False,small,12,1,,,
BG,BG,,2,2008-04-29,2009-03-17,2008-04-29..2008-05-05; 2009-03-13..2009-03-17,1M+3M+6M; 3M+6M,True,large_plus,1,3,,,
BGC.1^18,BGC,,6,2006-08-04,2016-05-18,2006-08-04..2006-08-07; 2007-09-25..2007-09-27; 2007-12-12..2007-12-20; 2008-12-17..2008-12-24; 2009-05-04..2009-06-18; 2016-05-13..2016-05-18,1M+3M+6M; 1M+3M+6M; 1M+3M+6M; 1M; 3M+6M; 3M+6M,True,small,4,12,,,
BGFV^25,BGFV,,5,2020-07-29,2021-11-12,2020-07-29..2020-08-27; 2020-10-27..2020-12-09; 2021-05-05..2021-06-14; 2021-08-31..2021-09-15; 2021-11-08..2021-11-12,1M+3M+6M; 6M; 1M+3M+6M; 6M; 1M+3M,True,small,3,11,,,
BGMS,BGMS,,1,2010-01-11,2010-03-03,2010-01-11..2010-03-03,1M+3M+6M,True,small,1,3,,,
BGS,BGS,,1,2020-03-18,2020-04-15,2020-03-18..2020-04-15,1M+3M+6M,True,small,5,3,,,
BHC,BHC,,6,2005-11-17,2026-08-24,2005-11-17..2005-11-22; 2022-09-16..2022-09-30; 2022-11-17..2022-12-01; 2023-02-21..2023-03-09; 2025-08-18..2025-09-04; 2026-08-04..2026-08-24,1M+3M+6M; 1M+3M+6M; 3M; 1M+3M+6M; 1M+3M; 1M,True,mid,1,11,,,
BHE,BHE,,1,2024-08-07,2024-08-13,2024-08-07..2024-08-13,6M,False,small,8,1,,,
BHP,BHP,,1,2008-12-16,2008-12-22,2008-12-16..2008-12-22,1M,False,large_plus,6,2,,,
BHVN,BHVN,,5,2023-05-31,2026-07-13,2023-05-31..2023-07-03; 2023-10-03..2024-03-27; 2024-08-26..2024-08-27; 2024-10-03..2024-10-11; 2026-06-17..2026-07-13,1M+3M+6M; 1M+3M+6M; 3M; 1M+3M; 1M,True,small,1,22,,,
BHVN.1^22,BHVN,,7,2018-05-03,2020-07-17,2018-05-03..2018-05-07; 2018-11-13..2018-11-19; 2019-01-23..2019-02-19; 2019-04-30..2019-05-28; 2019-09-20..2019-10-01; 2020-01-14..2020-01-30; 2020-06-04..2020-07-17,1M+6M; 3M+6M; 1M+3M+6M; 1M+3M+6M; 1M+3M+6M; 6M; 3M,True,mid,1,17,,,
BID.1^19,BID,,4,2008-12-10,2011-11-14,2008-12-10..2008-12-12; 2009-06-26..2009-07-07; 2009-11-18..2009-11-24; 2011-11-07..2011-11-14,1M; 1M+6M; 1M+6M; 6M,False,small,11,8,,,
BIDU,BIDU,,8,2006-05-16,2021-03-04,2006-05-16..2006-07-28; 2006-11-14..2006-11-15; 2007-07-18..2007-08-14; 2007-10-11..2008-01-07; 2008-04-04..2008-04-17; 2009-02-19..2009-03-25; 2010-05-18..2010-06-10; 2020-12-31..2021-03-04,1M+3M+6M; 1M+3M+6M; 1M+3M+6M; 1M+3M+6M; 1M+3M+6M; 1M+3M+6M; 1M+3M+6M; 1M+3M+6M,True,mid,1,28,,,
BIDZ^12,BIDZ,,1,2007-11-26,2007-11-30,2007-11-26..2007-11-30,1M+3M+6M,True,small,1,1,,,
BIGGQ,BIGGQ,"BIGG, BLI, BIG",8,2008-02-11,2023-12-29,2008-02-11..2008-03-26; 2008-08-19..2008-08-20; 2009-02-27..2009-03-26; 2020-05-29..2020-06-29; 2020-08-28..2020-09-04; 2021-04-01..2021-04-08; 2023-06-30..2023-07-07; 2023-12-19..2023-12-29,1M+3M+6M; 3M+6M; 1M+3M+6M; 3M; 6M; 3M; 1M; 1M,True,small,1,21,,,
BIIB,BIIB,,2,2008-12-18,2021-06-24,2008-12-18..2008-12-19; 2021-06-07..2021-06-24,3M+6M; 1M+3M+6M,True,large_plus,3,5,,,
BILI,BILI,,14,2018-05-23,2025-03-13,2018-05-23..2018-06-22; 2018-09-14..2019-03-12; 2020-01-10..2020-03-04; 2020-04-20..2020-07-15; 2020-09-03..2020-09-14; 2020-11-09..2021-02-26; 2021-05-06..2021-05-10; 2021-07-07..2021-07-09; 2022-11-29..2023-01-24; 2023-08-03..2023-08-09; 2024-03-18..2024-03-26; 2024-05-24..2024-05-29; 2024-10-03..2024-10-17; 2025-02-24..2025-03-13,1M; 1M+3M+6M; 1M+3M+6M; 1M+3M+6M; 1M+3M+6M; 1M+3M+6M; 1M+3M+6M; 1M+3M+6M; 1M+3M+6M; 1M; 1M; 3M; 1M+3M+6M; 1M+3M+6M,True,mid,1,46,,,
BILL,BILL,,7,2020-02-18,2025-02-10,2020-02-18..2020-03-03; 2020-05-01..2020-05-19; 2020-06-15..2020-09-02; 2021-02-11..2021-03-02; 2022-02-22..2022-03-02; 2022-07-15..2022-09-08; 2025-02-07..2025-02-10,1M; 1M+3M; 3M+6M; 1M+3M; 1M+3M+6M; 1M+3M+6M; 6M,True,large_plus,1,23,,,
BIMI,BIMI,,1,2019-10-21,2019-10-25,2019-10-21..2019-10-25,1M+3M+6M,True,small,1,1,,,
BINI,BINI,,1,2022-06-21,2022-06-22,2022-06-21..2022-06-22,1M,False,small,11,1,,,
BIO,BIO,,1,2007-11-15,2007-11-27,2007-11-15..2007-11-27,1M+3M+6M,True,mid,4,2,,,
BIOA,BIOA,,1,2026-01-14,2026-03-12,2026-01-14..2026-03-12,1M+3M+6M,True,small,3,5,,,
BIORQ,BIORQ,BIOR,1,2021-10-11,2021-12-01,2021-10-11..2021-12-01,1M+3M+6M,True,small,1,3,,,
BITA.1^20,BITA,,15,2013-10-07,2019-09-16,2013-10-07..2014-03-19; 2014-05-14..2014-06-18; 2014-08-20..2014-09-16; 2014-11-10..2014-12-04; 2015-03-09..2015-03-10; 2015-04-28..2015-05-19; 2015-10-06..2015-10-30; 2016-06-24..2016-06-28; 2017-03-17..2017-03-27; 2017-05-19..2017-06-01; 2017-08-10..2017-08-30; 2017-10-30..2017-11-16; 2018-06-04..2018-06-06; 2018-12-17..2019-01-14; 2019-09-13..2019-09-16,1M+3M+6M; 1M+3M+6M; 1M+3M+6M; 1M+3M+6M; 6M; 1M+3M+6M; 1M+3M+6M; 1M+3M+6M; 1M+3M; 1M+3M+6M; 1M+3M+6M; 1M+3M+6M; 1M; 1M+3M+6M; 1M+3M,True,small,1,51,,,
BIVI,BIVI,,1,2022-12-14,2022-12-29,2022-12-14..2022-12-29,1M+3M+6M,True,small,1,2,,,
BJ,BJ,,3,2018-08-31,2020-06-05,2018-08-31..2018-09-20; 2020-03-12..2020-04-14; 2020-06-04..2020-06-05,1M; 1M+3M+6M; 3M,True,mid,1,6,,,
BJ.1^11,BJ,,1,2008-03-10,2008-03-20,2008-03-10..2008-03-20,1M+6M,False,mid,1,4,,,
BJRI,BJRI,,3,2020-09-09,2022-11-10,2020-09-09..2020-09-15; 2020-09-16..2020-09-17; 2022-11-02..2022-11-10,1M; 6M; 3M,False,small,8,5,,,
BKD,BKD,,5,2008-08-20,2025-04-29,2008-08-20..2008-09-02; 2009-08-11..2009-10-06; 2022-02-16..2022-02-23; 2025-03-07..2025-03-12; 2025-04-23..2025-04-29,1M+3M+6M; 1M+3M+6M; 1M; 1M; 3M,True,small,2,14,,,
BKE,BKE,,4,2008-01-29,2018-11-19,2008-01-29..2008-02-11; 2009-02-12..2009-04-21; 2017-12-01..2017-12-15; 2018-11-16..2018-11-19,1M+6M; 1M+3M+6M; 1M+3M; 1M,True,small,4,10,,,
BKI.1^13,BKI,,1,2011-01-19,2011-01-28,2011-01-19..2011-01-28,6M,False,small,7,2,,,
BKKT,BKKT,,3,2022-02-28,2025-10-20,2022-02-28..2022-03-01; 2024-11-19..2024-12-11; 2025-09-23..2025-10-20,1M; 1M+3M; 1M+6M,False,small,2,4,,,
BKNG,BKNG,,7,2007-08-16,2009-05-22,2007-08-16..2007-08-17; 2007-11-09..2007-12-03; 2008-02-20..2008-04-04; 2008-12-03..2008-12-08; 2008-12-30..2009-01-02; 2009-03-11..2009-03-13; 2009-05-21..2009-05-22,1M+3M+6M; 1M+3M+6M; 1M+3M+6M; 1M; 3M; 1M+3M+6M; 6M,True,mid,1,17,,,
BKR,BKR,,1,2022-03-11,2022-03-23,2022-03-11..2022-03-23,1M+3M+6M,True,large_plus,2,2,,,
BKSY,BKSY,,6,2022-06-03,2026-05-22,2022-06-03..2022-06-16; 2022-07-05..2022-07-06; 2025-01-24..2025-02-20; 2025-07-01..2025-07-18; 2026-03-25..2026-04-17; 2026-05-12..2026-05-22,1M; 3M; 1M+3M; 1M+3M+6M; 1M+3M; 6M,True,small,1,14,,,
BKS^19,BKS,,11,2009-01-26,2019-06-18,2009-01-26..2009-04-07; 2009-11-27..2009-12-09; 2010-08-19..2010-09-08; 2011-05-04..2011-06-24; 2011-11-11..2011-12-07; 2012-02-17..2012-02-28; 2012-10-09..2012-11-13; 2013-05-16..2013-06-13; 2013-12-09..2013-12-10; 2018-10-08..2018-10-24; 2019-06-10..2019-06-18,1M+3M+6M; 1M+3M; 1M+3M+6M; 1M+3M+6M; 1M+3M+6M; 1M+6M; 1M+3M+6M; 1M+3M+6M; 3M; 1M+3M+6M; 1M+3M+6M,True,small,1,25,,,
BKV,BKV,,1,2025-11-14,2025-11-17,2025-11-14..2025-11-17,1M,False,mid,13,2,,,
BLCM^24,BLCM,,1,2017-07-07,2017-07-10,2017-07-07..2017-07-10,1M,False,small,15,1,,,
BLCO,BLCO,,1,2022-09-23,2022-09-27,2022-09-23..2022-09-27,1M,False,mid,12,2,,,
BLDP,BLDP,,10,2006-04-24,2026-06-04,2006-04-24..2006-05-10; 2014-03-03..2014-03-25; 2014-06-13..2014-08-08; 2017-09-18..2017-11-16; 2020-01-15..2020-03-02; 2020-04-23..2020-04-24; 2020-06-11..2020-07-17; 2021-01-12..2021-02-18; 2021-10-29..2021-11-02; 2026-05-05..2026-06-04,1M+3M+6M; 1M+3M+6M; 1M+3M+6M; 1M+3M+6M; 1M+3M+6M; 6M; 1M+6M; 1M+3M+6M; 1M; 3M,True,mid,1,21,,,
BLDR,BLDR,,5,2015-04-27,2024-08-08,2015-04-27..2015-05-01; 2015-08-24..2015-09-08; 2022-03-09..2022-03-25; 2022-05-19..2022-06-13; 2024-08-05..2024-08-08,1M+3M+6M; 1M+3M+6M; 3M+6M; 6M; 1M+3M+6M,True,large_plus,2,6,,,
BLD^26,BLD,,1,2022-05-18,2022-05-20,2022-05-18..2022-05-20,1M,False,mid,8,1,,,
BLFS,BLFS,,1,2021-08-27,2021-09-15,2021-08-27..2021-09-15,3M+6M,False,small,6,1,,,
BLIAQ,BLIAQ,BLIA,1,2007-08-30,2007-09-27,2007-08-30..2007-09-27,1M+3M+6M,True,small,7,3,,,
BLIN,BLIN,,1,2021-07-06,2021-07-16,2021-07-06..2021-07-16,1M+3M+6M,True,small,2,2,,,
BLK,BLK,,4,2008-04-02,2009-05-06,2008-04-02..2008-04-10; 2008-08-01..2008-08-05; 2008-12-30..2009-01-14; 2009-03-27..2009-05-06,1M+3M+6M; 1M+3M+6M; 6M; 1M+3M+6M,True,large_plus,1,11,,,
BLKB,BLKB,,2,2007-08-15,2026-08-14,2007-08-15..2007-08-20; 2026-07-29..2026-08-14,1M; 1M,False,small,1,5,,,
BLLN,BLLN,,1,2026-07-24,2026-08-05,2026-07-24..2026-08-05,3M+6M,False,mid,4,3,,,
BLND,BLND,,2,2022-02-07,2024-09-03,2022-02-07..2022-02-24; 2024-08-21..2024-09-03,1M; 1M+6M,False,small,1,4,,,
BLNK,BLNK,,4,2018-05-14,2021-11-19,2018-05-14..2018-06-07; 2020-06-30..2020-08-20; 2020-10-06..2021-02-12; 2021-11-15..2021-11-19,1M+3M; 1M+3M+6M; 1M+3M+6M; 1M,True,small,1,12,,,
BLOX.1^16,BLOX,,2,2013-03-06,2013-11-04,2013-03-06..2013-03-13; 2013-10-11..2013-11-04,1M+3M+6M; 1M+3M+6M,True,mid,2,3,,,
BLPH^24,BLPH,,2,2020-03-25,2023-04-17,2020-03-25..2020-05-01; 2023-03-13..2023-04-17,1M+3M+6M; 1M+3M+6M,True,small,1,4,,,
BLRX,BLRX,,2,2020-11-09,2021-05-07,2020-11-09..2020-11-12; 2021-05-04..2021-05-07,1M; 1M,False,small,6,3,,,
BLSH,BLSH,,1,2026-08-26,2026-09-21,2026-08-26..2026-09-21,1M,False,mid,3,2,,,
BLTE,BLTE,,1,2025-11-21,2026-02-23,2025-11-21..2026-02-23,1M+3M+6M,True,mid,5,6,,,
BLUE^25,BLUE,,20,2014-06-16,2023-12-07,2014-06-16..2014-07-11; 2014-09-09..2014-09-15; 2014-10-30..2015-01-28; 2015-03-20..2015-04-01; 2015-05-13..2015-06-04; 2016-07-13..2016-10-07; 2016-12-01..2016-12-21; 2017-03-02..2017-03-31; 2017-06-09..2017-07-03; 2017-09-15..2017-12-22; 2018-02-01..2018-03-21; 2019-01-23..2019-01-30; 2019-12-17..2019-12-31; 2022-06-29..2022-07-08; 2022-08-26..2022-09-20; 2022-11-10..2022-12-19; 2023-05-10..2023-05-12; 2023-11-13..2023-11-14; 2023-11-27..2023-12-04; 2023-12-06..2023-12-07,1M+3M+6M; 3M+6M; 1M+3M+6M; 1M+3M+6M; 1M+3M+6M; 1M+3M+6M; 1M+3M+6M; 1M+3M+6M; 1M+3M+6M; 1M+3M+6M; 1M+3M+6M; 1M+3M+6M; 1M+3M+6M; 1M; 1M+3M+6M; 3M+6M; 1M; 1M; 6M; 3M,True,small,1,59,,,
BLU^23,BLU,,3,2021-09-14,2022-08-25,2021-09-14..2021-10-25; 2021-12-23..2022-01-06; 2022-07-14..2022-08-25,1M+3M+6M; 1M+3M+6M; 6M,True,small,2,7,,,
BLZE,BLZE,,1,2026-05-08,2026-08-25,2026-05-08..2026-08-25,1M+3M+6M,True,small,1,4,,,
BMA,BMA,,13,2014-07-10,2025-12-16,2014-07-10..2014-07-31; 2015-11-04..2015-12-01; 2018-11-13..2018-12-06; 2019-01-15..2019-02-19; 2019-05-23..2019-06-19; 2019-10-17..2019-10-22; 2019-12-06..2020-01-15; 2023-11-30..2024-05-29; 2024-08-22..2024-09-30; 2024-12-20..2025-01-27; 2025-04-29..2025-05-01; 2025-10-27..2025-11-19; 2025-12-05..2025-12-16,1M+3M+6M; 1M+3M+6M; 1M+3M+6M; 1M+3M+6M; 1M+3M+6M; 1M+3M+6M; 1M+3M+6M; 1M+3M+6M; 1M+3M+6M; 1M+3M+6M; 1M+3M+6M; 1M; 3M,True,mid,1,37,,,
BMBL,BMBL,,3,2021-08-31,2022-08-09,2021-08-31..2021-09-17; 2022-04-04..2022-04-06; 2022-06-02..2022-08-09,1M+3M+6M; 1M; 1M+3M+6M,True,mid,2,11,,,
BMEA,BMEA,,2,2023-03-28,2023-12-13,2023-03-28..2023-06-23; 2023-12-05..2023-12-13,1M+3M+6M; 1M,True,small,1,7,,,
BMI,BMI,,1,2008-08-01,2008-08-20,2008-08-01..2008-08-20,6M,False,small,8,3,,,
BMNR,BMNR,,2,2025-07-07,2026-09-21,2025-07-07..2025-10-20; 2026-07-29..2026-09-21,1M+3M+6M; 1M+3M+6M,True,mid,1,6,,,
BMO,BMO,,2,2008-09-29,2009-03-27,2008-09-29..2008-10-01; 2009-03-25..2009-03-27,6M; 1M,False,large_plus,9,4,,,
BMR,BMR,,1,2024-02-20,2024-03-25,2024-02-20..2024-03-25,1M+3M+6M,True,small,1,1,,,
BMR.1^16,BMR,,1,2009-01-14,2009-01-21,2009-01-14..2009-01-21,1M,False,small,8,1,,,
BMRA,BMRA,,2,2020-03-23,2021-10-13,2020-03-23..2020-04-30; 2021-10-01..2021-10-13,1M+3M+6M; 1M+3M,True,small,1,5,,,
BMRN,BMRN,,1,2008-01-22,2008-01-24,2008-01-22..2008-01-24,1M+3M+6M,True,mid,1,2,,,
BMS^19,BMS,,1,2008-11-25,2008-12-18,2008-11-25..2008-12-18,1M+3M+6M,True,mid,7,2,,,
BMY,BMY,,1,2008-11-13,2008-12-16,2008-11-13..2008-12-16,1M+3M+6M,True,large_plus,1,2,,,
BNAI,BNAI,,1,2026-01-26,2026-04-23,2026-01-26..2026-04-23,1M+3M+6M,True,small,1,4,,,
BNBX,BNBX,,1,2022-08-08,2022-08-24,2022-08-08..2022-08-24,1M+3M,False,small,1,1,,,
BNFT^23,BNFT,,2,2015-03-06,2018-12-21,2015-03-06..2015-03-27; 2018-11-14..2018-12-21,1M+3M+6M; 1M+3M+6M,True,small,1,5,,,
BNGO,BNGO,,4,2021-01-04,2022-11-16,2021-01-04..2021-03-01; 2021-06-09..2021-06-29; 2022-08-03..2022-08-17; 2022-10-31..2022-11-16,1M+3M+6M; 1M+6M; 1M+3M; 6M,True,small,1,8,,,
BNTX,BNTX,,9,2020-03-17,2025-05-07,2020-03-17..2020-04-08; 2020-05-18..2020-08-05; 2020-10-20..2020-12-21; 2021-04-27..2021-08-23; 2021-11-23..2021-12-13; 2022-04-01..2022-04-18; 2022-12-27..2022-12-28; 2024-09-18..2024-10-02; 2025-05-01..2025-05-07,1M+3M; 1M+3M+6M; 1M+3M+6M; 1M+3M+6M; 1M+3M+6M; 1M+3M+6M; 1M+3M+6M; 1M+3M+6M; 1M+3M+6M,True,large_plus,1,27,,,
BNY,BNY,,2,2008-11-10,2009-04-21,2008-11-10..2008-11-17; 2009-04-01..2009-04-21,1M+3M+6M; 1M+3M+6M,True,large_plus,2,3,,,
BOLD.1^20,BOLD,,3,2018-01-05,2019-03-19,2018-01-05..2018-02-01; 2018-04-20..2018-04-30; 2019-01-23..2019-03-19,1M+6M; 1M+3M+6M; 1M+3M+6M,True,small,5,8,,,
BONTQ,BONTQ,BONT,1,2007-03-15,2007-03-16,2007-03-15..2007-03-16,1M+3M+6M,True,small,2,1,,,
BOOM,BOOM,,4,2005-02-28,2007-12-17,2005-02-28..2005-04-12; 2005-05-24..2005-08-18; 2005-10-05..2005-12-23; 2007-11-12..2007-12-17,1M+3M+6M; 1M+3M+6M; 1M+3M+6M; 6M,True,small,1,14,,,
BOOT,BOOT,,2,2018-02-08,2019-10-01,2018-02-08..2018-02-21; 2019-09-12..2019-10-01,3M+6M; 6M,False,small,3,5,,,
BORR,BORR,,4,2020-06-12,2026-04-20,2020-06-12..2020-06-22; 2023-02-22..2023-04-11; 2026-02-10..2026-02-27; 2026-04-16..2026-04-20,1M; 3M+6M; 1M+3M+6M; 6M,True,small,7,9,,,
BOW,BOW,,1,2025-04-07,2025-04-11,2025-04-07..2025-04-11,1M+3M+6M,True,small,4,2,,,
BOX,BOX,,4,2015-06-29,2021-04-08,2015-06-29..2015-06-30; 2015-12-03..2015-12-14; 2020-04-16..2020-04-20; 2021-03-23..2021-04-08,1M+3M; 3M+6M; 1M; 1M,False,mid,6,9,,,
BOXL,BOXL,,1,2020-07-20,2020-08-05,2020-07-20..2020-08-05,1M+3M,False,small,2,2,,,
BPFH^21,BPFH,,1,2008-08-01,2008-08-07,2008-08-01..2008-08-07,1M,False,small,10,3,,,
BPMC^25,BPMC,,11,2017-06-27,2024-03-08,2017-06-27..2017-07-11; 2017-09-14..2017-09-28; 2017-11-06..2018-03-27; 2019-01-22..2019-01-23; 2019-06-11..2019-06-20; 2019-12-09..2019-12-10; 2020-04-13..2020-04-15; 2020-11-03..2020-11-06; 2022-08-23..2022-09-01; 2023-11-02..2023-11-14; 2024-02-28..2024-03-08,1M+3M+6M; 1M+3M+6M; 1M+3M+6M; 1M+6M; 1M+3M+6M; 6M; 1M; 3M+6M; 1M; 1M+3M+6M; 6M,True,mid,1,36,,,
BPOP,BPOP,,5,2007-12-21,2012-01-20,2007-12-21..2008-02-14; 2008-08-12..2008-10-03; 2009-08-28..2009-10-15; 2010-03-17..2010-05-06; 2012-01-17..2012-01-20,1M+3M+6M; 1M+3M+6M; 1M; 1M+3M+6M; 1M,True,small,1,14,,,
BPO^14,BPO,,1,2009-08-10,2009-09-02,2009-08-10..2009-09-02,3M,False,mid,7,4,,,
BR,BR,,1,2009-01-22,2009-03-02,2009-01-22..2009-03-02,1M+3M+6M,True,small,7,6,,,
BRBR,BRBR,,1,2026-07-01,2026-07-13,2026-07-01..2026-07-13,1M,False,small,13,1,,,
BRC,BRC,,1,2007-08-13,2007-08-29,2007-08-13..2007-08-29,1M+3M+6M,True,mid,5,2,,,
BRCC,BRCC,,1,2022-02-10,2022-04-22,2022-02-10..2022-04-22,1M+3M+6M,True,small,1,1,,,
BRCD^17,BRCD,,1,2011-09-23,2011-10-20,2011-09-23..2011-10-20,1M+3M+6M,True,mid,1,4,,,
BRCM^16,BRCM,,1,2009-03-20,2009-05-12,2009-03-20..2009-05-12,1M+3M+6M,True,mid,1,6,,,
BRKR,BRKR,,1,2008-03-11,2008-04-14,2008-03-11..2008-04-14,1M+3M+6M,True,small,1,1,,,
BRO,BRO,,2,2008-09-19,2008-12-11,2008-09-19..2008-10-06; 2008-12-08..2008-12-11,3M+6M; 6M,False,mid,3,4,,,
BROS,BROS,,4,2022-02-09,2026-07-09,2022-02-09..2022-02-22; 2023-08-11..2023-08-25; 2025-02-28..2025-03-05; 2026-07-07..2026-07-09,1M+3M; 1M; 1M+3M+6M; 1M,True,large_plus,1,9,,,
BRUN,BRUN,,1,2026-05-15,2026-07-07,2026-05-15..2026-07-07,3M,False,small,3,1,,,
BRY.1^13,BRY,,2,2009-04-20,2011-11-22,2009-04-20..2009-05-28; 2011-11-15..2011-11-22,3M; 6M,False,mid,2,7,,,
BRZE,BRZE,,3,2022-07-06,2023-06-29,2022-07-06..2022-07-18; 2023-04-11..2023-04-20; 2023-06-22..2023-06-29,1M+3M; 1M+3M+6M; 1M,True,mid,7,6,,,
BSFT.1^18,BSFT,,4,2010-12-17,2012-05-08,2010-12-17..2011-04-01; 2011-09-19..2011-11-29; 2012-02-14..2012-02-15; 2012-05-04..2012-05-08,1M+3M+6M; 1M+3M+6M; 1M; 1M+3M+6M,True,small,1,15,,,
BSIN,BSIN,,3,2005-03-24,2025-02-03,2005-03-24..2005-04-11; 2022-03-08..2022-03-21; 2025-01-21..2025-02-03,1M+3M+6M; 1M+3M+6M; 1M+3M+6M,True,small,2,3,,,
BSQR^23,BSQR,,2,2021-02-16,2021-07-12,2021-02-16..2021-03-02; 2021-07-06..2021-07-12,1M; 1M+6M,False,small,4,2,,,
BSX,BSX,,2,2008-12-30,2009-04-08,2008-12-30..2009-02-20; 2009-04-07..2009-04-08,1M+3M+6M; 3M,True,large_plus,2,4,,,
BSY,BSY,,1,2021-01-04,2021-01-22,2021-01-04..2021-01-22,1M+3M,False,large_plus,4,2,,,
BTAIQ,BTAIQ,BTAI,6,2020-02-14,2025-08-29,2020-02-14..2020-03-10; 2020-04-27..2020-07-27; 2023-02-08..2023-02-28; 2023-05-22..2023-05-24; 2023-11-01..2023-11-22; 2025-08-18..2025-08-29,1M+3M+6M; 3M+6M; 3M+6M; 6M; 1M+3M+6M; 1M+3M,True,small,1,17,,,
BTBT,BTBT,,6,2020-12-29,2024-11-12,2020-12-29..2021-01-22; 2021-08-05..2021-08-24; 2023-06-16..2023-08-08; 2023-12-01..2023-12-29; 2024-06-13..2024-07-31; 2024-11-11..2024-11-12,1M+3M+6M; 1M; 1M+3M+6M; 1M+3M; 1M+3M; 6M,True,small,1,16,,,
BTCS,BTCS,,3,2022-01-26,2025-08-01,2022-01-26..2022-01-31; 2024-11-18..2024-12-06; 2025-07-15..2025-08-01,1M; 1M+3M; 1M+3M+6M,True,small,3,4,,,
BTDR,BTDR,,7,2023-12-27,2026-06-22,2023-12-27..2024-01-08; 2024-06-24..2024-07-19; 2024-12-06..2025-01-13; 2025-05-09..2025-05-30; 2026-01-15..2026-01-16; 2026-04-09..2026-04-16; 2026-05-29..2026-06-22,1M; 1M+3M+6M; 1M+3M+6M; 1M+3M+6M; 1M; 1M; 3M,True,mid,2,13,,,
BTE,BTE,,4,2008-07-08,2018-05-11,2008-07-08..2008-07-10; 2015-02-05..2015-02-18; 2016-04-13..2016-07-14; 2018-05-08..2018-05-11,1M+3M+6M; 1M; 1M+3M+6M; 1M+3M+6M,True,mid,2,9,,,
BTG,BTG,,8,2015-01-22,2025-04-29,2015-01-22..2015-01-29; 2016-07-15..2016-07-26; 2016-11-04..2016-11-11; 2017-01-17..2017-02-28; 2019-08-16..2019-08-22; 2020-03-05..2020-03-06; 2020-04-21..2020-05-08; 2025-04-17..2025-04-29,1M; 1M+3M+6M; 1M+3M+6M; 1M+3M+6M; 1M+3M+6M; 6M; 1M+3M+6M; 3M,True,mid,1,15,,,
BTLN,BTLN,,1,2024-12-23,2025-01-10,2024-12-23..2025-01-10,1M+3M,False,small,6,1,,,
BTSG,BTSG,,1,2025-01-27,2025-02-07,2025-01-27..2025-02-07,1M+3M+6M,True,mid,5,1,,,
BTU,BTU,,7,2021-04-27,2025-10-14,2021-04-27..2021-09-21; 2022-01-07..2022-04-28; 2022-06-13..2022-06-17; 2022-08-19..2022-08-29; 2022-09-02..2022-09-08; 2022-10-17..2022-12-13; 2025-10-06..2025-10-14,1M+3M+6M; 1M+3M+6M; 6M; 6M; 1M; 1M+3M+6M; 1M+3M,True,mid,1,27,,,
BUCY^11,BUCY,,4,2007-11-05,2009-11-13,2007-11-05..2008-01-10; 2008-03-10..2008-03-27; 2009-06-01..2009-06-19; 2009-10-30..2009-11-13,1M+3M+6M; 1M+3M+6M; 1M+3M; 1M+3M+6M,True,mid,1,13,,,
BUFF.2^18,BUFF,,1,2016-02-26,2016-03-01,2016-02-26..2016-03-01,3M,False,mid,12,1,,,
BULL,BULL,,2,2025-04-14,2025-07-30,2025-04-14..2025-04-30; 2025-07-17..2025-07-30,1M+3M+6M; 1M+6M,True,mid,1,4,,,
BUR,BUR,,1,2023-04-06,2023-04-20,2023-04-06..2023-04-20,1M+3M+6M,True,mid,1,4,,,
BURL,BURL,,2,2013-12-23,2022-11-18,2013-12-23..2013-12-30; 2022-11-16..2022-11-18,1M; 1M,False,large_plus,2,5,,,
BVN,BVN,,15,2006-04-27,2026-03-12,2006-04-27..2006-05-18; 2007-09-21..2008-03-24; 2008-06-11..2008-06-12; 2008-12-09..2008-12-19; 2009-02-12..2009-04-01; 2009-04-13..2009-04-14; 2009-05-15..2009-05-26; 2009-11-12..2009-11-18; 2015-01-14..2015-02-05; 2015-10-12..2015-10-29; 2016-03-10..2016-07-05; 2021-10-26..2021-10-27; 2022-02-15..2022-03-08; 2024-01-02..2024-01-05; 2026-02-05..2026-03-12,1M+3M+6M; 1M+3M+6M; 6M; 1M+3M; 1M+3M+6M; 3M; 6M; 1M+3M+6M; 1M+3M+6M; 1M+3M+6M; 1M+3M+6M; 1M; 1M+3M+6M; 1M+3M+6M; 3M+6M,True,mid,1,53,,,
BVSN^20,BVSN,,1,2012-01-25,2012-03-22,2012-01-25..2012-03-22,1M+3M+6M,True,small,1,3,,,
BW,BW,,4,2017-10-03,2026-06-03,2017-10-03..2017-10-18; 2021-04-01..2021-05-03; 2025-11-05..2025-12-02; 2026-01-14..2026-06-03,1M; 3M+6M; 1M+3M+6M; 1M+3M+6M,True,small,1,16,,,
BWA,BWA,,1,2026-02-23,2026-02-27,2026-02-23..2026-02-27,1M,False,large_plus,11,2,,,
BWEN,BWEN,,2,2008-06-09,2023-02-07,2008-06-09..2008-06-16; 2023-01-17..2023-02-07,1M+3M+6M; 1M+3M+6M,True,mid,1,3,,,
BWIN,BWIN,,1,2025-04-07,2025-04-09,2025-04-07..2025-04-09,3M,False,mid,14,1,,,
BWLD^18,BWLD,,2,2008-08-05,2009-03-30,2008-08-05..2008-10-06; 2009-03-03..2009-03-30,3M+6M; 1M+3M+6M,True,small,1,8,,,
BWP^18,BWP,,2,2008-11-03,2016-03-01,2008-11-03..2008-11-18; 2016-02-26..2016-03-01,1M+3M+6M; 1M+6M,True,mid,1,5,,,
BWXT,BWXT,,1,2026-03-30,2026-03-31,2026-03-30..2026-03-31,1M+3M+6M,True,large_plus,11,2,,,
BX,BX,,4,2008-08-18,2011-10-25,2008-08-18..2008-08-19; 2009-03-11..2009-06-17; 2009-08-05..2009-08-25; 2011-10-13..2011-10-25,6M; 1M+3M+6M; 1M+3M+6M; 1M+3M+6M,True,mid,1,12,,,
BXC,BXC,,6,2018-03-13,2026-08-24,2018-03-13..2018-04-17; 2021-08-12..2021-08-27; 2021-11-18..2021-11-22; 2021-12-15..2022-01-13; 2022-03-02..2022-03-23; 2026-08-05..2026-08-24,1M+3M+6M; 1M+6M; 1M; 3M+6M; 6M; 1M+3M,True,small,1,15,,,
BXLT^16,BXLT,,1,2015-08-24,2015-08-27,2015-08-24..2015-08-27,1M,False,large_plus,1,1,,,
BXP,BXP,,1,2008-02-07,2008-02-08,2008-02-07..2008-02-08,6M,False,large_plus,9,1,,,
BYD,BYD,,6,2009-04-24,2020-11-02,2009-04-24..2009-05-21; 2010-04-16..2010-05-26; 2010-10-22..2010-11-23; 2011-10-25..2011-10-27; 2013-02-15..2013-04-16; 2020-10-02..2020-11-02,1M+3M+6M; 1M+3M+6M; 1M+3M+6M; 1M+6M; 1M+3M+6M; 3M,True,small,5,18,,,
BYFC,BYFC,,1,2020-06-22,2020-07-07,2020-06-22..2020-07-07,1M,False,small,8,1,,,
BYND,BYND,,5,2019-06-27,2022-07-29,2019-06-27..2019-08-08; 2020-01-14..2020-02-27; 2020-05-05..2020-06-24; 2020-09-17..2020-10-05; 2022-07-12..2022-07-29,1M+3M; 1M+3M+6M; 1M+3M+6M; 1M+6M; 1M,True,mid,1,14,,,
BYRN,BYRN,,2,2025-01-24,2025-05-08,2025-01-24..2025-02-27; 2025-04-30..2025-05-08,6M; 1M+6M,False,small,8,5,,,
BYSI,BYSI,,1,2021-08-05,2021-09-14,2021-08-05..2021-09-14,1M+3M+6M,True,small,3,3,,,
BZ,BZ,,5,2021-09-20,2023-08-09,2021-09-20..2021-09-27; 2022-02-24..2022-03-02; 2022-06-13..2022-07-15; 2022-11-30..2023-02-06; 2023-08-03..2023-08-09,1M+3M; 1M+3M+6M; 1M+3M+6M; 1M+3M+6M; 1M,True,large_plus,1,9,,,
BZAI,BZAI,,1,2026-04-10,2026-04-27,2026-04-10..2026-04-27,1M,False,small,1,2,,,
BZFD,BZFD,,1,2023-01-30,2023-02-15,2023-01-30..2023-02-15,1M,False,small,3,1,,,
BZH,BZH,,11,2007-10-29,2016-12-05,2007-10-29..2007-10-31; 2008-02-11..2008-02-12; 2008-03-31..2008-05-08; 2008-08-11..2008-09-12; 2009-09-02..2009-10-23; 2010-04-22..2010-05-04; 2011-01-26..2011-01-27; 2012-02-07..2012-02-23; 2012-07-11..2012-07-17; 2012-08-29..2012-10-05; 2016-11-30..2016-12-05,1M; 1M; 1M+3M+6M; 1M+3M; 1M+3M+6M; 1M; 3M+6M; 1M+3M+6M; 1M; 1M+3M+6M; 1M+3M+6M,True,small,1,21,,,
BZUN,BZUN,,4,2016-09-20,2020-06-29,2016-09-20..2016-10-17; 2017-04-13..2017-10-03; 2018-02-05..2018-04-25; 2020-06-23..2020-06-29,1M+3M+6M; 1M+3M+6M; 1M+3M+6M; 1M,True,mid,1,19,,,
C,C,,5,2008-08-07,2011-11-03,2008-08-07..2008-08-13; 2008-09-30..2008-10-07; 2009-04-06..2009-06-02; 2009-08-07..2009-10-02; 2011-10-26..2011-11-03,1M+3M+6M; 1M+3M+6M; 1M+3M+6M; 1M+3M+6M; 1M+3M+6M,True,large_plus,1,15,,,
CAAS,CAAS,,4,2006-02-27,2020-12-18,2006-02-27..2006-03-08; 2009-12-02..2010-01-25; 2010-03-09..2010-04-14; 2020-11-30..2020-12-18,1M+3M+6M; 1M+3M+6M; 1M+3M+6M; 1M+3M,True,small,2,10,,,
CAA^18,CAA,,1,2008-02-11,2008-04-22,2008-02-11..2008-04-22,1M+3M+6M,True,small,1,2,,,
CABA,CABA,,1,2023-09-18,2024-02-06,2023-09-18..2024-02-06,1M+3M+6M,True,small,3,7,,,
CAB^17,CAB,,1,2011-10-27,2011-11-02,2011-10-27..2011-11-02,6M,False,small,7,2,,,
CACC,CACC,,2,2015-12-10,2022-05-23,2015-12-10..2016-01-11; 2022-05-12..2022-05-23,1M+3M+6M; 3M,True,mid,2,2,,,
CACI,CACI,,1,2025-04-21,2025-04-22,2025-04-21..2025-04-22,1M,False,mid,12,2,,,
CACQ^17,CACQ,CAC,1,2014-03-21,2014-03-28,2014-03-21..2014-03-28,1M+3M,False,mid,4,1,,,
CADE^26,CADE,,1,2008-09-17,2008-10-07,2008-09-17..2008-10-07,1M+3M+6M,True,mid,2,2,,,
CADL,CADL,,3,2024-04-08,2026-09-10,2024-04-08..2024-05-22; 2025-02-21..2025-03-05; 2026-07-17..2026-09-10,1M+3M+6M; 1M+3M; 3M+6M,True,small,1,7,,,
CAGC^12,CAGC,,2,2009-12-23,2010-09-03,2009-12-23..2010-03-24; 2010-08-12..2010-09-03,1M+3M+6M; 1M+3M+6M,True,small,1,6,,,
CAI,CAI,,2,2025-08-18,2026-09-11,2025-08-18..2025-09-05; 2026-08-25..2026-09-11,1M; 1M+3M,False,large_plus,3,2,,,
CAKE,CAKE,,1,2009-03-23,2009-04-28,2009-03-23..2009-04-28,1M+3M,False,small,2,6,,,
CAL,CAL,,3,2021-04-14,2022-06-09,2021-04-14..2021-05-21; 2022-01-24..2022-02-07; 2022-05-25..2022-06-09,1M+3M+6M; 3M+6M; 1M+3M+6M,True,small,9,10,,,
CAL.1^10,CAL,BWS,11,2005-03-15,2010-07-20,2005-03-15..2005-05-17; 2007-01-23..2007-01-26; 2007-09-18..2007-09-25; 2008-02-04..2008-02-26; 2008-08-07..2008-09-29; 2008-11-07..2008-11-10; 2008-12-22..2009-01-22; 2009-09-28..2009-10-02; 2010-01-21..2010-01-28; 2010-04-22..2010-04-28; 2010-07-19..2010-07-20,1M+3M+6M; 1M+3M+6M; 1M+3M+6M; 1M; 1M+3M; 1M; 3M+6M; 1M+3M; 1M+3M+6M; 1M+3M+6M; 1M+3M+6M,True,mid,1,22,,,
CALA,CALA,,2,2017-03-06,2017-07-25,2017-03-06..2017-03-24; 2017-06-09..2017-07-25,1M+3M+6M; 1M+3M+6M,True,small,1,7,,,
CALL^18,CALL,,2,2012-07-10,2014-04-04,2012-07-10..2012-07-23; 2014-02-21..2014-04-04,1M+3M+6M; 1M+3M+6M,True,small,4,5,,,
CALM,CALM,,5,2007-08-01,2020-04-07,2007-08-01..2007-08-02; 2007-10-09..2007-10-18; 2007-12-31..2008-04-04; 2008-07-14..2008-08-28; 2020-03-24..2020-04-07,1M+3M+6M; 3M+6M; 1M+3M+6M; 1M+3M+6M; 1M+3M+6M,True,small,1,14,,,
CALX,CALX,,3,2021-03-09,2022-11-14,2021-03-09..2021-03-16; 2021-04-29..2021-05-11; 2022-10-14..2022-11-14,3M; 1M+3M+6M; 1M+3M+6M,True,mid,6,9,,,
CALY,CALY,,1,2025-12-02,2025-12-03,2025-12-02..2025-12-03,1M,False,mid,12,1,,,
CAMT,CAMT,,5,2013-12-02,2026-03-25,2013-12-02..2014-01-14; 2023-10-09..2023-10-18; 2024-02-21..2024-02-23; 2024-07-18..2024-07-19; 2026-03-24..2026-03-25,1M+3M+6M; 1M+3M+6M; 6M; 3M+6M; 3M,True,mid,1,11,,,
CAN,CAN,,7,2020-11-18,2024-12-13,2020-11-18..2020-11-30; 2021-02-16..2021-03-25; 2021-08-17..2021-08-25; 2021-11-09..2021-11-17; 2023-12-22..2023-12-26; 2024-11-11..2024-11-15; 2024-12-09..2024-12-13,1M+3M; 1M+3M+6M; 1M; 1M; 1M; 1M; 3M,True,small,1,13,,,
CANF,CANF,,1,2015-09-22,2015-10-02,2015-09-22..2015-10-02,1M+3M+6M,True,small,1,2,,,
CANOQ^24,CANOQ,CANO,3,2022-07-21,2023-03-01,2022-07-21..2022-08-02; 2022-09-12..2022-10-17; 2023-02-08..2023-03-01,1M+3M+6M; 1M+3M+6M; 1M,True,mid,1,7,,,
CAPR,CAPR,,7,2020-05-04,2026-05-04,2020-05-04..2020-05-21; 2020-07-27..2020-08-12; 2024-09-24..2024-11-07; 2025-01-31..2025-03-04; 2025-06-10..2025-06-12; 2025-12-03..2026-01-08; 2026-02-26..2026-05-04,1M+3M; 3M+6M; 1M+3M+6M; 6M; 1M; 1M+3M; 3M+6M,True,small,1,16,,,
CAR,CAR,,19,2008-04-17,2026-04-27,2008-04-17..2008-04-23; 2008-08-27..2008-09-05; 2009-06-04..2009-10-06; 2011-10-31..2011-11-02; 2012-05-11..2012-05-22; 2015-08-24..2015-08-26; 2016-11-16..2016-11-21; 2017-07-03..2017-07-14; 2020-06-03..2020-06-15; 2020-07-21..2020-09-10; 2020-10-28..2020-11-05; 2021-03-05..2021-03-31; 2021-05-12..2021-06-17; 2021-08-11..2021-12-07; 2022-03-16..2022-05-06; 2022-10-19..2022-11-18; 2023-02-13..2023-02-27; 2025-04-21..2025-08-04; 2026-03-31..2026-04-27,1M+3M; 1M; 1M+3M+6M; 1M; 1M+3M+6M; 1M+3M+6M; 1M+3M+6M; 1M+3M+6M; 1M; 1M+3M; 1M+6M; 1M+3M; 6M; 1M+3M+6M; 1M+3M+6M; 1M+3M+6M; 1M+6M; 1M+3M+6M; 1M+3M+6M,True,mid,1,57,,,
CARG,CARG,,2,2018-10-05,2022-03-04,2018-10-05..2018-10-08; 2022-02-28..2022-03-04,1M+3M+6M; 1M+3M+6M,True,mid,2,5,,,
CARM,CARM,,4,2016-08-05,2021-11-09,2016-08-05..2016-09-06; 2018-05-03..2018-05-21; 2021-06-25..2021-07-02; 2021-10-26..2021-11-09,1M+3M+6M; 1M+3M+6M; 6M; 1M,True,small,1,5,P123 backfill: 4.5x 1-day move -- verify against chart,,
CARR,CARR,,1,2020-05-15,2020-05-26,2020-05-15..2020-05-26,1M,False,large_plus,12,2,,,
CARS,CARS,,1,2021-12-03,2021-12-21,2021-12-03..2021-12-21,1M+3M+6M,True,small,8,4,,,
CART,CART,,1,2024-01-31,2024-03-07,2024-01-31..2024-03-07,1M+3M,False,mid,5,3,,,
CARV,CARV,,1,2021-07-12,2021-08-27,2021-07-12..2021-08-27,1M+3M+6M,True,small,7,4,,,
CASC^18,CASC,,1,2011-06-24,2011-08-02,2011-06-24..2011-08-02,1M+3M+6M,True,small,1,4,,,
CASSQ^24,CASSQ,CASS,1,2018-03-12,2018-04-26,2018-03-12..2018-04-26,1M+3M,False,mid,1,3,,,
CAST,CAST,,1,2026-06-22,2026-07-09,2026-06-22..2026-07-09,1M+3M,False,small,1,2,,,
CASY,CASY,,1,2008-11-12,2008-11-21,2008-11-12..2008-11-21,3M+6M,False,small,5,1,,,
CAT,CAT,,1,2008-12-11,2008-12-17,2008-12-11..2008-12-17,1M,False,large_plus,9,3,,,
CATM^21,CATM,,1,2019-08-12,2019-08-16,2019-08-12..2019-08-16,6M,False,small,13,2,,,
CATX,CATX,,4,2021-01-11,2026-03-10,2021-01-11..2021-02-03; 2024-05-15..2024-05-17; 2024-07-26..2024-08-07; 2026-02-02..2026-03-10,1M; 3M+6M; 6M; 1M+3M,False,small,2,8,,,
CATY,CATY,,3,2008-07-28,2010-02-05,2008-07-28..2008-10-02; 2008-12-29..2009-01-09; 2010-02-02..2010-02-05,1M+3M; 6M; 1M,False,small,2,7,,,
CAVA,CAVA,,5,2023-11-14,2026-03-16,2023-11-14..2023-12-28; 2024-05-13..2024-07-10; 2024-11-18..2024-12-03; 2025-04-28..2025-04-29; 2026-02-26..2026-03-16,3M; 1M+3M+6M; 1M+3M+6M; 1M+3M+6M; 1M,True,mid,1,15,,,
CB,CB,,2,2008-09-22,2008-11-18,2008-09-22..2008-10-03; 2008-11-14..2008-11-18,1M+6M; 1M+3M+6M,True,large_plus,3,6,,,
CB.1^16,CB,,2,2008-09-19,2008-12-22,2008-09-19..2008-10-02; 2008-11-13..2008-12-22,1M+3M+6M; 1M+3M+6M,True,large_plus,1,5,,,
CBAT,CBAT,,3,2007-09-28,2021-02-19,2007-09-28..2007-10-19; 2020-09-28..2020-12-08; 2021-01-20..2021-02-19,1M+3M+6M; 1M+3M+6M; 6M,True,small,1,7,,,
CBAY^24,CBAY,,8,2017-07-25,2024-01-29,2017-07-25..2017-08-09; 2018-02-09..2018-03-13; 2019-03-15..2019-03-26; 2020-05-13..2020-06-05; 2020-08-06..2020-11-06; 2023-01-30..2023-05-08; 2023-07-11..2023-09-27; 2023-11-08..2024-01-29,1M+3M+6M; 1M+3M+6M; 1M+3M+6M; 1M+3M; 1M+3M+6M; 1M+3M+6M; 1M+3M+6M; 1M+3M+6M,True,small,1,35,,,
CBB^21,CBB,,1,2020-03-17,2020-04-02,2020-03-17..2020-04-02,1M+3M+6M,True,small,2,1,,,
CBIO,CBIO,,2,2017-05-19,2018-03-05,2017-05-19..2017-07-05; 2017-12-12..2018-03-05,1M+3M+6M; 1M+3M+6M,True,small,1,8,,,
CBLK^19,CBLK,,2,2019-05-15,2019-08-22,2019-05-15..2019-05-28; 2019-08-14..2019-08-22,1M+3M+6M; 1M+3M+6M,True,small,4,3,,,
CBM^19,CBM,,2,2015-04-09,2015-08-18,2015-04-09..2015-04-14; 2015-08-10..2015-08-18,1M+3M+6M; 1M+3M+6M,True,small,3,3,,,
CBRE,CBRE,,6,2007-07-26,2011-11-15,2007-07-26..2007-07-27; 2007-12-18..2007-12-20; 2008-04-02..2008-04-07; 2008-04-30..2008-05-13; 2009-04-03..2009-10-29; 2011-10-24..2011-11-15,1M+3M+6M; 1M+3M+6M; 1M; 3M+6M; 1M+3M+6M; 1M+3M+6M,True,mid,1,15,,,
CBRL,CBRL,,2,2009-02-27,2026-07-02,2009-02-27..2009-03-31; 2026-06-26..2026-07-02,1M+3M+6M; 1M,True,small,1,6,,,
CBRS,CBRS,,1,2026-08-12,2026-08-19,2026-08-12..2026-08-19,1M,False,large_plus,2,1,,,
CBSH,CBSH,,1,2008-10-01,2008-10-02,2008-10-01..2008-10-02,3M+6M,False,mid,6,2,,,
CBST^15,CBST,,1,2008-11-06,2008-12-17,2008-11-06..2008-12-17,1M+3M+6M,True,small,3,3,,,
CC,CC,,8,2016-02-29,2026-04-07,2016-02-29..2016-05-26; 2016-08-03..2016-08-16; 2019-09-20..2019-09-30; 2019-11-18..2019-11-22; 2022-05-18..2022-05-20; 2024-04-04..2024-04-12; 2026-02-05..2026-02-19; 2026-03-19..2026-04-07,1M+3M+6M; 1M+3M+6M; 1M; 1M+3M+6M; 1M+3M+6M; 1M+3M+6M; 1M; 1M+3M,True,mid,1,23,,,
CCC,CCC,,1,2026-07-22,2026-07-30,2026-07-22..2026-07-30,1M,False,mid,9,2,,,
CCC.1^18,CCC,CCCS,2,2007-12-12,2008-03-04,2007-12-12..2007-12-13; 2008-02-13..2008-03-04,1M+3M+6M; 3M+6M,True,small,4,4,,,
CCCC,CCCC,,2,2023-12-13,2024-08-07,2023-12-13..2024-03-19; 2024-07-19..2024-08-07,1M+3M+6M; 1M,True,small,1,8,,,
CCI,CCI,,1,2008-12-24,2009-02-03,2008-12-24..2009-02-03,1M,False,mid,12,3,,,
CCJ,CCJ,,10,2005-03-01,2025-11-12,2005-03-01..2005-03-30; 2008-07-17..2008-07-18; 2009-01-08..2009-01-22; 2009-05-13..2009-05-18; 2017-01-18..2017-02-03; 2020-04-16..2020-04-21; 2021-09-16..2021-10-29; 2022-03-14..2022-04-26; 2022-09-06..2022-09-22; 2025-09-29..2025-11-12,1M+3M+6M; 1M+3M+6M; 3M; 1M+3M+6M; 1M+3M+6M; 1M; 1M+3M+6M; 1M+3M+6M; 1M+3M+6M; 1M+3M+6M,True,large_plus,1,27,,,
CCL,CCL,,12,2008-08-01,2023-07-14,2008-08-01..2008-08-05; 2008-12-23..2008-12-30; 2009-03-23..2009-03-26; 2009-04-09..2009-05-14; 2020-05-06..2020-06-17; 2020-08-31..2020-09-21; 2020-11-17..2020-12-21; 2021-02-25..2021-04-13; 2022-01-06..2022-02-28; 2022-08-23..2022-09-22; 2022-11-10..2022-11-22; 2023-07-13..2023-07-14,1M+3M+6M; 1M+6M; 1M+6M; 3M+6M; 1M; 1M+3M+6M; 1M+3M+6M; 1M+3M+6M; 1M+3M+6M; 1M+3M+6M; 1M+3M+6M; 1M+3M+6M,True,large_plus,1,32,,,
CCME^12,CCME,,2,2010-10-18,2011-02-02,2010-10-18..2010-11-22; 2011-01-20..2011-02-02,1M+3M+6M; 1M+3M+6M,True,small,1,6,,,
CCOI,CCOI,,2,2012-01-20,2020-04-17,2012-01-20..2012-01-25; 2020-03-10..2020-04-17,6M; 1M+3M+6M,True,mid,2,7,,,
CCRN^26,CCRN,,3,2021-11-19,2022-11-10,2021-11-19..2022-01-10; 2022-07-25..2022-08-03; 2022-09-14..2022-11-10,3M+6M; 1M+6M; 1M+3M+6M,True,small,5,10,,,
CCU.1^08,CCU,CU,1,2008-03-14,2008-03-26,2008-03-14..2008-03-26,1M+3M+6M,True,large_plus,1,2,,,
CCXI,CCXI,,2,2026-07-02,2026-08-10,2026-07-02..2026-07-16; 2026-08-07..2026-08-10,1M; 3M,False,small,5,5,,,
CCXI.2^22,CCXI,,5,2016-06-01,2022-06-17,2016-06-01..2016-06-21; 2019-12-02..2020-02-03; 2020-04-21..2020-06-18; 2021-10-08..2021-11-29; 2022-06-03..2022-06-17,1M+3M+6M; 1M+3M+6M; 3M+6M; 1M+3M+6M; 1M,True,small,1,19,,,
CD.1^23,CD,MFH,5,2022-03-21,2023-01-23,2022-03-21..2022-03-23; 2022-05-19..2022-07-14; 2022-08-31..2022-09-28; 2022-12-06..2022-12-12; 2023-01-10..2023-01-23,1M; 1M+3M+6M; 1M+6M; 1M; 6M,True,mid,2,16,,,
CDE,CDE,,26,2005-10-03,2026-03-12,2005-10-03..2005-10-12; 2005-11-23..2005-12-08; 2006-03-09..2006-03-23; 2006-07-18..2006-07-24; 2007-11-14..2008-01-23; 2009-04-24..2009-05-20; 2009-09-30..2009-11-18; 2010-11-12..2010-11-29; 2011-03-10..2011-04-15; 2013-08-27..2013-09-05; 2014-12-09..2015-02-23; 2015-04-20..2015-05-01; 2016-03-01..2016-07-25; 2017-01-17..2017-01-25; 2017-04-27..2017-05-01; 2019-01-04..2019-01-18; 2019-06-21..2019-09-12; 2019-11-08..2019-11-22; 2020-01-06..2020-01-07; 2022-10-03..2022-11-09; 2023-04-14..2023-04-18; 2023-10-23..2023-12-19; 2024-04-04..2024-07-01; 2024-09-18..2024-10-04; 2025-09-30..2025-10-28; 2025-12-18..2026-03-12,1M+3M+6M; 1M+3M+6M; 1M+3M+6M; 1M+3M+6M; 1M+3M+6M; 3M+6M; 1M+3M; 1M+3M+6M; 1M+3M+6M; 1M+3M; 1M+3M+6M; 6M; 1M+3M+6M; 1M+3M+6M; 1M+3M+6M; 1M+3M+6M; 1M+3M+6M; 1M+6M; 6M; 1M+3M+6M; 1M; 1M+3M+6M; 1M+3M+6M; 1M+3M+6M; 1M+3M+6M; 1M+3M+6M,True,small,1,83,,,
CDIIQ,CDIIQ,CDII,1,2007-10-08,2007-11-07,2007-10-08..2007-11-07,1M+3M+6M,True,small,1,3,,,
CDIO,CDIO,,2,2023-03-06,2024-01-04,2023-03-06..2023-03-10; 2024-01-02..2024-01-04,1M+3M; 3M+6M,False,small,1,2,,,
CDLX,CDLX,,10,2019-08-22,2024-04-10,2019-08-22..2019-09-19; 2019-11-15..2019-12-19; 2020-01-31..2020-02-28; 2020-06-08..2020-06-09; 2020-11-09..2020-11-19; 2022-02-09..2022-02-16; 2023-04-19..2023-05-04; 2023-05-08..2023-05-12; 2023-09-07..2023-09-13; 2024-03-15..2024-04-10,1M+3M+6M; 1M+3M+6M; 1M+3M+6M; 3M; 1M; 1M; 1M+3M; 6M; 1M+3M+6M; 1M+3M,True,small,1,23,,,
CDMO^25,CDMO,,2,2023-03-22,2024-08-16,2023-03-22..2023-03-31; 2024-07-30..2024-08-16,1M+3M+6M; 1M+3M+6M,True,small,3,5,,,
CDNA,CDNA,,8,2018-09-05,2026-09-10,2018-09-05..2018-12-14; 2019-01-31..2019-03-27; 2019-05-21..2019-07-17; 2019-10-08..2019-10-21; 2020-10-15..2020-12-09; 2023-07-25..2023-08-04; 2024-05-22..2024-10-16; 2026-07-30..2026-09-10,1M+3M+6M; 1M+3M+6M; 1M+3M+6M; 1M+3M+6M; 1M+3M; 1M; 1M+3M+6M; 1M+3M+6M,True,small,1,32,,,
CDNL,CDNL,,1,2026-03-30,2026-07-10,2026-03-30..2026-07-10,1M+3M+6M,True,small,3,4,,,
CDNS,CDNS,,1,2009-01-14,2009-01-21,2009-01-14..2009-01-21,1M,False,small,5,1,,,
CDP,CDP,,1,2008-09-25,2008-09-26,2008-09-25..2008-09-26,6M,False,mid,13,1,,,
CDTX^26,CDTX,,1,2025-06-25,2025-11-13,2025-06-25..2025-11-13,1M+3M+6M,True,small,1,7,,,
CDW,CDW,,1,2026-08-07,2026-08-17,2026-08-07..2026-08-17,3M+6M,False,large_plus,9,1,,,
CDXS,CDXS,,1,2021-10-11,2021-11-26,2021-10-11..2021-11-26,1M+3M+6M,True,mid,6,3,,,
CE,CE,,3,2009-03-26,2026-04-01,2009-03-26..2009-04-20; 2009-04-29..2009-06-25; 2026-03-27..2026-04-01,1M; 1M+3M+6M; 1M,True,mid,4,12,,,
CECO,CECO,,1,2025-08-08,2025-08-11,2025-08-08..2025-08-11,1M,False,small,14,3,,,
CEC^14,CEC,,1,2008-08-04,2008-08-22,2008-08-04..2008-08-22,6M,False,small,7,2,,,
CEG,CEG,,2,2022-06-15,2025-02-24,2022-06-15..2022-06-16; 2025-01-27..2025-02-24,3M; 1M+3M+6M,True,large_plus,1,4,,,
CEGE^09,CEGE,,1,2007-04-04,2007-04-25,2007-04-04..2007-04-25,1M+3M+6M,True,small,2,2,,,
CELC,CELC,,3,2021-04-13,2026-04-14,2021-04-13..2021-05-14; 2025-07-29..2026-02-02; 2026-03-19..2026-04-14,1M+3M+6M; 1M+3M+6M; 6M,True,small,1,17,,,
CELG^19,CELG,,1,2008-11-14,2008-11-17,2008-11-14..2008-11-17,1M+3M+6M,True,large_plus,2,1,,,
CELH,CELH,,10,2020-08-07,2025-04-29,2020-08-07..2021-01-22; 2021-04-22..2021-06-09; 2021-08-13..2021-11-09; 2022-02-25..2022-03-02; 2022-04-29..2022-09-07; 2022-11-17..2022-12-21; 2024-01-09..2024-01-24; 2024-03-01..2024-03-28; 2024-05-20..2024-06-03; 2025-03-10..2025-04-29,1M+3M+6M; 1M+3M+6M; 1M+3M+6M; 1M; 1M+3M+6M; 1M+6M; 1M+3M+6M; 1M+3M+6M; 1M+3M+6M; 1M+3M+6M,True,mid,1,41,,,
CELL.1^12,CELL,,1,2007-11-19,2007-11-29,2007-11-19..2007-11-29,1M+3M+6M,True,small,2,1,,,
CEMI^23,CEMI,,1,2020-04-20,2020-05-07,2020-04-20..2020-05-07,1M+3M+6M,True,small,1,2,,,
CENN,CENN,,1,2022-03-23,2022-04-11,2022-03-23..2022-04-11,1M,False,small,8,2,,,
CENX,CENX,,25,2006-05-12,2026-04-10,2006-05-12..2006-05-19; 2006-11-13..2006-11-15; 2007-07-26..2007-07-27; 2008-02-15..2008-03-17; 2009-01-06..2009-01-09; 2009-04-13..2009-06-25; 2009-08-03..2009-08-21; 2009-12-07..2009-12-08; 2010-04-07..2010-04-08; 2014-11-05..2014-12-08; 2016-02-16..2016-03-22; 2016-04-28..2016-05-10; 2016-07-13..2016-08-18; 2016-10-28..2016-11-30; 2017-01-19..2017-02-10; 2017-04-28..2017-07-28; 2018-01-08..2018-02-26; 2019-01-29..2019-02-04; 2021-08-03..2021-08-04; 2022-01-20..2022-04-11; 2022-11-11..2022-11-18; 2023-03-06..2023-03-10; 2023-12-19..2023-12-28; 2024-04-09..2024-06-06; 2026-02-06..2026-04-10,6M; 1M+3M+6M; 1M+3M+6M; 1M+3M+6M; 1M; 1M+3M; 1M+6M; 1M+6M; 1M+3M+6M; 1M+3M+6M; 1M+3M+6M; 3M+6M; 1M+3M+6M; 1M+3M+6M; 1M+3M+6M; 1M+3M+6M; 1M+3M+6M; 3M; 6M; 1M+3M+6M; 1M; 3M+6M; 3M; 1M+3M+6M; 3M+6M,True,small,1,56,,,
CEO^22,CEO,,1,2008-12-10,2008-12-18,2008-12-10..2008-12-18,1M,False,large_plus,4,2,,,
CEPL,CEPL,,4,2006-04-10,2014-04-02,2006-04-10..2006-04-25; 2008-04-21..2008-07-07; 2011-03-31..2011-04-14; 2014-03-12..2014-04-02,1M; 1M+3M+6M; 1M+3M+6M; 1M+3M+6M,True,small,1,8,,,
CEQP^23,CEQP,,2,2016-04-06,2020-05-11,2016-04-06..2016-06-17; 2020-04-30..2020-05-11,1M+3M+6M; 1M,True,small,2,9,,,
CERE^24,CERE,,4,2021-06-29,2023-05-18,2021-06-29..2021-09-27; 2021-11-10..2021-11-16; 2022-12-28..2023-01-09; 2023-05-03..2023-05-18,1M+3M+6M; 6M; 1M+3M+6M; 1M+3M+6M,True,mid,1,12,,,
CERN^22,CERN,,1,2009-03-27,2009-03-30,2009-03-27..2009-03-30,6M,False,mid,16,3,,,
CERS,CERS,,1,2015-01-07,2015-01-13,2015-01-07..2015-01-13,1M+3M+6M,True,small,5,2,,,
CERT,CERT,,4,2021-05-04,2025-05-06,2021-05-04..2021-05-10; 2021-09-02..2021-10-20; 2022-11-22..2022-11-23; 2025-04-23..2025-05-06,1M; 1M+3M+6M; 1M; 1M+3M+6M,True,mid,2,8,,,
CETV^20,CETV,,3,2007-11-08,2009-10-01,2007-11-08..2007-11-09; 2009-05-21..2009-05-22; 2009-08-19..2009-10-01,1M; 3M; 3M+6M,False,small,9,7,,,
CF,CF,,9,2007-03-05,2026-04-10,2007-03-05..2007-03-14; 2007-10-03..2008-03-07; 2008-04-16..2008-05-01; 2008-06-24..2008-07-23; 2009-02-18..2009-03-18; 2011-08-18..2011-08-22; 2022-02-02..2022-04-26; 2022-11-11..2022-11-15; 2026-03-09..2026-04-10,1M+3M+6M; 1M+3M+6M; 1M+3M+6M; 1M+3M+6M; 1M+3M+6M; 1M+3M+6M; 1M+3M+6M; 1M+3M+6M; 1M+3M+6M,True,mid,1,32,,,
CFL.2^10,CFL,,1,2009-02-09,2009-02-19,2009-02-09..2009-02-19,3M,False,small,8,3,,,
CFLT^26,CFLT,,4,2023-02-13,2025-02-28,2023-02-13..2023-02-24; 2023-04-24..2023-04-27; 2023-06-07..2023-08-01; 2025-02-13..2025-02-28,1M; 1M+3M+6M; 1M+3M+6M; 1M+3M+6M,True,large_plus,2,10,,,
CGAU,CGAU,,1,2026-02-19,2026-02-23,2026-02-19..2026-02-23,6M,False,mid,10,1,,,
CGC,CGC,,11,2017-11-08,2025-12-18,2017-11-08..2018-01-29; 2018-03-20..2018-04-04; 2018-05-24..2018-07-05; 2018-08-22..2018-10-19; 2019-01-18..2019-02-14; 2019-12-18..2020-02-04; 2020-10-22..2021-02-23; 2022-08-25..2022-09-07; 2022-11-10..2022-11-23; 2024-03-27..2024-05-16; 2025-12-16..2025-12-18,1M+3M+6M; 1M+3M+6M; 1M+3M+6M; 1M+3M+6M; 1M+3M+6M; 1M+3M+6M; 1M+3M+6M; 1M; 1M; 1M+3M+6M; 1M,True,mid,1,27,,,
CGEM,CGEM,,2,2024-04-25,2025-12-12,2024-04-25..2024-05-20; 2025-11-24..2025-12-12,1M+3M+6M; 1M,True,small,4,4,,,
CGEN,CGEN,,3,2009-12-30,2024-02-01,2009-12-30..2010-01-21; 2020-03-13..2020-06-23; 2024-01-26..2024-02-01,1M+3M+6M; 1M+3M+6M; 1M+3M+6M,True,small,2,9,,,
CGIP,CGIP,,1,2006-07-10,2006-07-18,2006-07-10..2006-07-18,1M+3M+6M,True,small,3,1,,,
CGNX,CGNX,,1,2026-07-13,2026-07-14,2026-07-13..2026-07-14,6M,False,large_plus,9,1,,,
CGON,CGON,,3,2025-09-08,2026-03-23,2025-09-08..2025-09-18; 2026-01-14..2026-01-23; 2026-03-17..2026-03-23,1M; 1M; 3M,False,mid,9,8,,,
CGTX,CGTX,,1,2025-08-18,2025-09-12,2025-08-18..2025-09-12,1M+3M+6M,True,small,2,1,,,
CHA.1^21,CHA,,2,2008-12-04,2008-12-17,2008-12-04..2008-12-08; 2008-12-16..2008-12-17,1M; 3M,False,mid,8,3,,,
CHE,CHE,,1,2008-11-12,2008-12-09,2008-11-12..2008-12-09,1M+6M,False,small,11,1,,,
CHGG,CHGG,,6,2018-12-21,2023-11-22,2018-12-21..2018-12-24; 2020-05-12..2020-06-01; 2020-08-11..2020-08-14; 2022-02-25..2022-02-28; 2022-10-13..2022-11-02; 2023-11-17..2023-11-22,1M+3M+6M; 1M+3M+6M; 1M+6M; 3M; 1M+3M+6M; 6M,True,mid,5,16,,,
CHGS,CHGS,,1,2011-01-05,2011-02-10,2011-01-05..2011-02-10,1M+3M+6M,True,small,2,1,,,
CHH,CHH,,1,2008-12-24,2009-01-16,2008-12-24..2009-01-16,3M+6M,False,small,10,2,,,
CHIC.2^09,CHIC,,1,2008-02-05,2008-02-12,2008-02-05..2008-02-12,3M,False,small,4,3,,,
CHL^21,CHL,,1,2008-12-02,2008-12-10,2008-12-02..2008-12-10,1M+3M,False,large_plus,1,2,,,
CHMA^21,CHMA,,1,2021-05-10,2021-05-20,2021-05-10..2021-05-20,1M,False,small,11,2,,,
CHNEY,CHNEY,,1,2007-10-03,2007-10-10,2007-10-03..2007-10-10,1M+3M+6M,True,small,5,1,,,
CHNR,CHNR,,2,2007-10-03,2007-12-27,2007-10-03..2007-10-25; 2007-12-24..2007-12-27,1M+3M+6M; 1M+3M+6M,True,small,1,2,,,
CHPT,CHPT,,5,2021-06-16,2026-09-21,2021-06-16..2021-06-30; 2022-03-16..2022-03-31; 2022-06-15..2022-06-28; 2022-09-22..2022-09-27; 2026-09-04..2026-09-21,1M+3M; 1M; 1M; 1M; 1M,False,mid,6,11,,,
CHRD,CHRD,,2,2021-07-07,2022-02-17,2021-07-07..2021-07-16; 2022-01-21..2022-02-17,3M+6M; 1M+3M+6M,True,mid,4,3,,,
CHRN,CHRN,,1,2020-06-29,2020-07-22,2020-06-29..2020-07-22,1M,False,small,8,1,,,
CHRS,CHRS,,8,2015-07-02,2023-09-15,2015-07-02..2015-08-04; 2017-05-17..2017-05-30; 2018-04-02..2018-08-06; 2019-03-13..2019-07-12; 2019-09-09..2019-10-02; 2022-08-18..2022-08-24; 2023-01-05..2023-01-12; 2023-09-05..2023-09-15,1M+3M+6M; 1M+3M; 1M+3M+6M; 1M+3M+6M; 3M+6M; 1M; 1M; 1M+3M+6M,True,small,1,20,,,
CHRS.1^12,CHRS,,4,2008-02-07,2012-01-03,2008-02-07..2008-02-13; 2009-10-22..2009-10-26; 2009-12-18..2010-01-04; 2011-12-07..2012-01-03,1M; 1M; 1M+3M+6M; 1M+3M+6M,True,small,1,10,,,
CHRW,CHRW,,1,2008-11-13,2008-11-20,2008-11-13..2008-11-20,1M+3M+6M,True,mid,5,2,,,
CHS^24,CHS,,9,2008-02-11,2023-03-23,2008-02-11..2008-02-19; 2008-09-11..2008-09-22; 2008-12-17..2009-01-02; 2009-02-18..2009-06-22; 2019-09-17..2019-10-01; 2021-06-24..2021-08-06; 2022-05-04..2022-05-06; 2022-06-23..2022-06-30; 2023-03-15..2023-03-23,1M; 1M; 1M; 1M+3M+6M; 1M+3M+6M; 3M+6M; 1M+6M; 6M; 1M+6M,True,small,1,23,,,
CHT,CHT,,1,2009-03-12,2009-03-30,2009-03-12..2009-03-30,1M+3M+6M,True,large_plus,1,2,,,
CHTP^14,CHTP,,1,2014-01-24,2014-04-01,2014-01-24..2014-04-01,1M+3M+6M,True,small,2,2,,,
CHTR,CHTR,,1,2026-08-12,2026-09-03,2026-08-12..2026-09-03,1M,False,large_plus,9,1,,,
CHTRQ^09,CHTRQ,CHTR,4,2005-06-24,2007-01-29,2005-06-24..2005-07-27; 2005-09-02..2005-09-27; 2005-12-19..2005-12-20; 2006-08-11..2007-01-29,1M+3M+6M; 1M+3M+6M; 1M+3M+6M; 1M+3M+6M,True,small,1,14,,,
CHTT^10,CHTT,,1,2008-07-10,2008-07-15,2008-07-10..2008-07-15,1M+3M+6M,True,small,15,2,,,
CHUY^24,CHUY,,1,2016-01-21,2016-01-29,2016-01-21..2016-01-29,1M+3M+6M,True,small,1,1,,,
CHU^21,CHU,,1,2008-01-25,2008-02-08,2008-01-25..2008-02-08,1M+3M+6M,True,large_plus,1,2,,,
CHWY,CHWY,,11,2019-12-17,2024-09-24,2019-12-17..2019-12-23; 2020-03-05..2020-06-26; 2020-08-11..2020-09-16; 2020-10-26..2021-03-01; 2021-11-10..2021-11-16; 2022-06-23..2022-08-25; 2022-10-24..2022-12-21; 2023-01-31..2023-02-17; 2023-12-22..2024-01-09; 2024-06-12..2024-07-11; 2024-08-30..2024-09-24,1M+3M+6M; 1M+3M+6M; 1M+3M+6M; 1M+3M+6M; 1M+6M; 1M+3M+6M; 1M+3M+6M; 1M+3M+6M; 1M+3M+6M; 1M+3M+6M; 1M+3M+6M,True,large_plus,1,31,,,
CHX^25,CHX,,5,2020-06-17,2022-02-01,2020-06-17..2020-06-19; 2020-11-16..2020-11-27; 2021-03-05..2021-03-17; 2021-05-12..2021-05-27; 2022-01-25..2022-02-01,3M; 1M; 1M; 1M+3M+6M; 1M,True,mid,5,11,,,
CHYM,CHYM,,2,2025-12-18,2026-08-25,2025-12-18..2025-12-23; 2026-07-24..2026-08-25,1M; 1M+3M+6M,True,mid,1,6,,,
CI,CI,,2,2008-12-24,2009-08-11,2008-12-24..2009-02-25; 2009-05-28..2009-08-11,1M+3M; 1M+3M+6M,True,mid,2,10,,,
CIEN,CIEN,,8,2005-04-28,2026-06-03,2005-04-28..2005-06-17; 2005-10-05..2005-10-18; 2006-01-12..2006-03-23; 2006-06-15..2006-07-14; 2008-03-11..2008-03-28; 2009-03-25..2009-04-01; 2010-02-04..2010-02-08; 2025-11-14..2026-06-03,1M+3M+6M; 1M+3M+6M; 1M+3M+6M; 1M+3M+6M; 1M+3M+6M; 1M; 1M; 1M+3M+6M,True,small,1,37,,,
CIFR,CIFR,,7,2023-12-27,2026-06-23,2023-12-27..2023-12-28; 2024-03-25..2024-04-29; 2024-06-14..2024-08-01; 2024-10-15..2024-12-19; 2025-07-07..2025-11-14; 2026-05-05..2026-05-06; 2026-06-18..2026-06-23,3M; 1M; 1M+3M+6M; 1M+3M+6M; 1M+3M+6M; 1M; 1M,True,small,1,27,,,
CIM,CIM,,1,2009-08-28,2009-10-06,2009-08-28..2009-10-06,3M,False,mid,12,1,,,
CIMG,CIMG,,1,2021-11-15,2021-12-27,2021-11-15..2021-12-27,1M+3M+6M,True,small,1,2,,,
CINC^23,CINC,,1,2022-08-24,2022-09-06,2022-08-24..2022-09-06,1M+3M,False,small,8,3,,,
CINF,CINF,,1,2008-11-19,2008-12-31,2008-11-19..2008-12-31,1M+3M+6M,True,mid,4,2,,,
CIR.2^23,CIR,,1,2008-07-24,2008-08-19,2008-07-24..2008-08-19,6M,False,small,13,1,,,
CIS^14,CIS,,1,2010-12-22,2011-01-28,2010-12-22..2011-01-28,1M+3M,False,small,5,2,,,
CIT^22,CIT,,2,2020-06-08,2020-11-04,2020-06-08..2020-06-22; 2020-10-29..2020-11-04,1M; 1M+3M,False,mid,2,4,,,
CIVI^26,CIVI,,6,2015-02-03,2022-05-25,2015-02-03..2015-02-25; 2015-10-26..2015-12-02; 2016-04-26..2016-05-12; 2017-01-17..2017-02-06; 2022-01-21..2022-02-15; 2022-05-24..2022-05-25,1M+3M; 1M+3M; 1M; 1M+3M+6M; 6M; 1M+3M+6M,True,small,1,17,,,
CLB,CLB,,6,2006-08-08,2021-06-16,2006-08-08..2006-08-15; 2009-01-21..2009-01-26; 2009-03-04..2009-03-17; 2015-09-11..2015-10-16; 2016-02-24..2016-02-25; 2021-06-15..2021-06-16,1M+3M+6M; 1M; 1M+3M+6M; 3M+6M; 6M; 3M,True,mid,3,14,,,
CLCD^17,CLCD,,1,2016-09-06,2016-10-21,2016-09-06..2016-10-21,1M+3M+6M,True,small,1,4,,,
CLDA^11,CLDA,,1,2011-02-02,2011-02-24,2011-02-02..2011-02-24,1M+3M+6M,True,small,1,2,,,
CLDR^21,CLDR,,4,2017-09-11,2020-06-26,2017-09-11..2017-09-19; 2018-09-17..2018-09-25; 2019-08-06..2019-09-24; 2020-06-18..2020-06-26,1M+3M; 1M+3M+6M; 1M; 1M,True,mid,2,8,,,
CLDX,CLDX,,18,2013-03-07,2026-03-26,2013-03-07..2013-03-26; 2013-05-02..2013-08-07; 2013-09-30..2013-10-11; 2013-12-03..2013-12-11; 2014-01-22..2014-03-07; 2014-06-10..2014-07-01; 2014-08-26..2014-09-10; 2014-10-29..2015-03-27; 2015-11-20..2015-12-10; 2016-06-07..2016-07-05; 2020-06-11..2020-07-14; 2020-09-30..2020-12-08; 2021-04-30..2021-05-11; 2021-07-12..2021-08-24; 2022-12-15..2023-01-03; 2024-01-17..2024-01-23; 2024-09-17..2024-09-20; 2026-03-24..2026-03-26,1M+3M+6M; 1M+3M+6M; 1M+3M+6M; 1M+3M+6M; 1M+3M+6M; 1M+3M+6M; 1M+3M+6M; 1M+3M+6M; 1M+3M; 1M+3M; 1M+3M+6M; 1M+3M+6M; 1M; 1M+3M+6M; 1M+3M+6M; 1M+3M+6M; 1M+6M; 1M,True,small,1,56,,,
CLF,CLF,,23,2005-03-08,2025-07-31,2005-03-08..2005-03-17; 2006-02-09..2006-02-14; 2008-01-08..2008-07-09; 2009-01-06..2009-01-07; 2009-10-02..2009-11-02; 2010-01-21..2010-01-25; 2011-11-04..2011-11-14; 2013-05-13..2013-05-23; 2013-08-16..2013-08-28; 2015-05-04..2015-05-13; 2015-08-27..2015-09-17; 2016-03-07..2016-08-12; 2016-11-10..2016-12-20; 2017-02-10..2017-03-03; 2017-07-27..2017-08-07; 2017-09-13..2017-09-15; 2018-03-13..2018-03-15; 2018-08-02..2018-08-09; 2020-11-04..2021-01-14; 2021-03-31..2021-08-23; 2022-01-19..2022-01-20; 2022-03-07..2022-04-14; 2025-07-15..2025-07-31,1M+3M+6M; 1M+3M+6M; 1M+3M+6M; 1M; 1M+3M+6M; 3M+6M; 1M+3M+6M; 1M+3M+6M; 1M+3M+6M; 1M+6M; 1M+3M+6M; 1M+3M+6M; 1M+3M+6M; 1M+3M+6M; 1M+3M+6M; 1M+3M+6M; 1M+3M+6M; 1M+3M+6M; 1M+3M+6M; 1M+3M+6M; 1M+3M+6M; 1M+3M+6M; 1M,True,mid,1,72,,,
CLFD,CLFD,,3,2021-12-27,2022-12-09,2021-12-27..2022-01-12; 2022-09-01..2022-09-02; 2022-10-24..2022-12-09,1M+3M+6M; 6M; 3M+6M,True,small,3,4,,,
CLIR,CLIR,,1,2020-06-22,2020-07-15,2020-06-22..2020-07-15,1M+3M,False,small,2,1,,,
CLLS,CLLS,,3,2015-05-29,2023-12-13,2015-05-29..2015-06-16; 2015-11-09..2015-11-23; 2023-11-08..2023-12-13,1M; 1M+3M; 1M+3M+6M,True,small,2,7,,,
CLMT,CLMT,,1,2024-08-26,2024-09-09,2024-08-26..2024-09-09,1M,False,small,6,2,,,
CLNE,CLNE,,10,2008-09-09,2022-11-14,2008-09-09..2008-09-22; 2010-01-25..2010-01-29; 2010-03-16..2010-04-05; 2011-03-11..2011-04-18; 2011-11-23..2011-12-02; 2012-02-28..2012-04-05; 2015-03-02..2015-05-18; 2016-08-23..2016-09-19; 2020-12-22..2021-03-18; 2022-11-09..2022-11-14,1M+6M; 3M+6M; 1M+3M+6M; 1M+3M+6M; 1M+6M; 1M+3M+6M; 1M+3M+6M; 1M+3M+6M; 1M+3M+6M; 1M,True,small,2,27,,,
CLOV,CLOV,,5,2021-04-28,2026-07-10,2021-04-28..2021-06-25; 2022-03-23..2022-04-04; 2024-08-15..2024-11-08; 2025-01-22..2025-02-13; 2026-06-15..2026-07-10,1M+3M; 1M; 1M+3M+6M; 1M+6M; 1M+3M,True,small,1,15,,,
CLPS,CLPS,,1,2018-07-24,2018-07-26,2018-07-24..2018-07-26,1M,False,small,5,2,,,
CLPT,CLPT,,2,2025-09-25,2026-06-29,2025-09-25..2025-10-10; 2026-06-25..2026-06-29,1M; 1M,False,small,10,4,,,
CLP^13,CLP,,1,2009-10-09,2009-10-29,2009-10-09..2009-10-29,1M,False,small,10,3,,,
CLR^22,CLR,,17,2007-11-06,2022-03-18,2007-11-06..2007-11-14; 2008-02-29..2008-07-25; 2009-01-07..2009-01-12; 2009-03-27..2009-04-01; 2009-06-10..2009-06-12; 2009-08-07..2009-08-12; 2010-05-11..2010-05-14; 2015-01-26..2015-02-12; 2015-10-09..2015-12-07; 2016-03-02..2016-05-13; 2016-12-14..2016-12-15; 2019-09-23..2019-09-30; 2020-04-29..2020-05-04; 2020-06-08..2020-06-12; 2021-03-05..2021-03-19; 2021-05-13..2021-05-21; 2022-01-26..2022-03-18,1M+3M+6M; 1M+3M+6M; 1M; 1M; 6M; 1M; 3M; 1M+3M+6M; 1M+3M+6M; 1M+3M+6M; 1M+3M+6M; 1M+3M+6M; 1M; 3M; 1M+3M+6M; 1M+3M+6M; 1M+3M+6M,True,mid,1,48,,,
CLS,CLS,,6,2008-02-15,2026-04-30,2008-02-15..2008-02-20; 2008-04-25..2008-05-13; 2025-01-27..2025-02-25; 2025-05-07..2025-05-09; 2025-08-01..2025-12-15; 2026-04-08..2026-04-30,6M; 1M+3M+6M; 1M+3M+6M; 1M+3M+6M; 1M+3M+6M; 1M+3M+6M,True,large_plus,1,22,,,
CLSDQ^26,CLSDQ,CLSD,2,2018-03-07,2021-07-26,2018-03-07..2018-03-28; 2021-06-17..2021-07-26,1M+3M+6M; 1M+3M,True,small,2,5,,,
CLSK,CLSK,,13,2020-07-21,2025-10-27,2020-07-21..2020-10-12; 2020-12-01..2021-01-19; 2021-10-20..2021-11-04; 2022-02-25..2022-03-02; 2023-02-07..2023-02-09; 2023-04-13..2023-07-31; 2023-11-02..2024-01-10; 2024-02-16..2024-04-08; 2024-05-29..2024-07-29; 2024-10-18..2024-11-12; 2025-05-02..2025-05-13; 2025-06-27..2025-07-22; 2025-09-24..2025-10-27,1M+3M+6M; 1M+6M; 1M; 1M; 1M; 1M+3M+6M; 1M+3M+6M; 1M+3M+6M; 1M+3M+6M; 1M; 1M+3M+6M; 1M+3M+6M; 1M,True,small,1,36,,,
CLVSQ^23,CLVSQ,CLVS,16,2013-06-03,2022-07-20,2013-06-03..2013-06-26; 2013-11-27..2013-12-10; 2014-01-17..2014-03-21; 2014-09-09..2014-11-18; 2015-01-22..2015-02-10; 2015-03-25..2015-06-03; 2015-09-15..2015-11-13; 2016-06-03..2016-06-09; 2016-08-08..2016-10-11; 2016-11-29..2017-04-03; 2017-09-27..2017-10-05; 2018-12-13..2019-03-06; 2019-11-13..2019-12-24; 2020-04-20..2020-04-29; 2022-04-06..2022-04-22; 2022-06-28..2022-07-20,1M+3M+6M; 1M+6M; 1M+3M+6M; 1M+3M+6M; 1M+3M+6M; 1M+3M+6M; 1M+3M+6M; 1M+6M; 1M+3M+6M; 1M+3M+6M; 1M+3M+6M; 1M+3M+6M; 1M+3M; 1M+6M; 1M; 1M,True,small,1,44,,,
CLVT,CLVT,,2,2020-04-20,2026-03-24,2020-04-20..2020-04-22; 2026-03-20..2026-03-24,3M; 1M,False,mid,7,3,,,
CLW,CLW,,1,2011-08-10,2011-08-15,2011-08-10..2011-08-15,1M+3M+6M,True,small,4,2,,,
CLWR^13,CLWR,,10,2009-07-29,2012-12-21,2009-07-29..2009-08-11; 2009-09-17..2009-09-25; 2010-01-22..2010-01-25; 2010-03-11..2010-03-26; 2010-10-06..2010-10-11; 2011-02-17..2011-02-18; 2011-12-06..2011-12-22; 2012-02-16..2012-04-05; 2012-08-08..2012-08-31; 2012-10-17..2012-12-21,1M+3M+6M; 1M+3M+6M; 1M+3M; 1M+3M+6M; 1M+3M+6M; 1M+3M+6M; 1M+3M+6M; 1M+3M+6M; 1M+3M+6M; 1M+3M+6M,True,mid,1,24,,,
CLX,CLX,,1,2020-03-12,2020-03-31,2020-03-12..2020-03-31,1M+3M+6M,True,large_plus,2,4,,,
CLYM,CLYM,,1,2026-06-03,2026-09-02,2026-06-03..2026-09-02,6M,False,small,3,3,,,
CM,CM,,1,2009-01-15,2009-01-20,2009-01-15..2009-01-20,6M,False,large_plus,6,1,,,
CMA^26,CMA,,5,2008-08-07,2011-10-26,2008-08-07..2008-10-06; 2009-03-24..2009-03-25; 2009-04-21..2009-04-22; 2009-07-23..2009-07-29; 2011-10-17..2011-10-26,1M+3M; 1M; 3M; 1M+3M+6M; 1M+3M+6M,True,mid,5,11,,,
CMBMF,CMBMF,,2,2021-04-12,2025-11-21,2021-04-12..2021-04-27; 2025-11-03..2025-11-21,3M+6M; 1M+3M+6M,True,small,2,4,,,
CMBT,CMBT,,1,2020-03-31,2020-04-08,2020-03-31..2020-04-08,1M+3M+6M,True,mid,3,1,,,
CMC,CMC,,4,2005-03-09,2010-03-15,2005-03-09..2005-03-15; 2006-05-18..2006-05-19; 2008-03-26..2008-03-28; 2010-03-08..2010-03-15,1M+3M+6M; 1M+3M+6M; 3M+6M; 1M+3M+6M,True,mid,1,7,,,
CMCM,CMCM,,9,2014-08-13,2018-02-02,2014-08-13..2014-09-11; 2015-01-22..2015-01-23; 2015-02-11..2015-02-17; 2015-04-10..2015-06-26; 2015-10-29..2015-11-04; 2016-08-19..2016-09-13; 2017-03-21..2017-03-29; 2017-05-24..2017-06-06; 2017-11-09..2018-02-02,1M+3M; 1M; 3M+6M; 1M+3M+6M; 1M; 1M+3M+6M; 1M+3M; 1M+3M+6M; 1M+3M+6M,True,small,1,26,,,
CMCO,CMCO,,1,2026-07-31,2026-08-13,2026-07-31..2026-08-13,1M,False,small,7,1,,,
CMCSA,CMCSA,,1,2008-12-17,2009-01-16,2008-12-17..2009-01-16,6M,False,large_plus,2,1,,,
CME,CME,,2,2008-09-24,2009-05-22,2008-09-24..2008-10-20; 2009-03-10..2009-05-22,1M+3M+6M; 1M+3M+6M,True,large_plus,1,8,,,
CMG,CMG,,4,2007-08-10,2020-04-23,2007-08-10..2007-08-16; 2008-12-19..2009-01-07; 2009-03-03..2009-05-11; 2020-04-20..2020-04-23,1M+3M+6M; 3M; 1M+3M+6M; 1M+3M,True,small,2,15,,,
CMGE^15,CMGE,,1,2014-09-05,2014-09-30,2014-09-05..2014-09-30,1M+3M+6M,True,small,2,3,,,
CMI,CMI,,2,2007-08-09,2010-05-17,2007-08-09..2007-08-15; 2010-05-06..2010-05-17,1M+3M+6M; 1M+3M+6M,True,large_plus,1,4,,,
CMLSQ.1^18,CMLSQ,CMLS,1,2013-11-08,2013-11-22,2013-11-08..2013-11-22,1M+3M+6M,True,small,8,2,,,
CML^11,CML,,2,2009-12-07,2010-12-09,2009-12-07..2009-12-08; 2010-09-02..2010-12-09,3M+6M; 1M+3M+6M,True,small,2,10,,,
CMOS^08,CMOS,,1,2006-12-13,2006-12-19,2006-12-13..2006-12-19,1M+3M,False,small,5,1,,,
CMO^21,CMO,,1,2008-01-29,2008-02-13,2008-01-29..2008-02-13,3M+6M,False,small,1,3,,,
CMP,CMP,,4,2008-03-20,2024-10-11,2008-03-20..2008-05-02; 2008-12-26..2009-01-09; 2009-02-04..2009-03-12; 2024-10-09..2024-10-11,3M+6M; 3M; 1M+6M; 1M,False,small,1,13,,,
CMPR,CMPR,,4,2009-01-30,2020-08-07,2009-01-30..2009-03-13; 2009-05-06..2009-05-26; 2009-10-07..2009-10-26; 2020-07-31..2020-08-07,1M+3M+6M; 6M; 1M+3M+6M; 1M,True,mid,2,10,,,
CMPS,CMPS,,3,2021-11-05,2026-07-15,2021-11-05..2021-11-08; 2026-04-23..2026-04-24; 2026-06-26..2026-07-15,1M; 1M; 3M,False,small,10,5,,,
CMPX,CMPX,,1,2026-02-18,2026-02-23,2026-02-18..2026-02-23,6M,False,small,13,1,,,
CMRC,CMRC,,2,2021-07-19,2023-08-23,2021-07-19..2021-07-20; 2023-08-09..2023-08-23,1M+6M; 3M+6M,False,mid,8,2,,,
CMRX^25,CMRX,,4,2014-09-19,2025-01-24,2014-09-19..2015-01-22; 2015-08-12..2015-08-17; 2015-12-01..2015-12-03; 2024-12-16..2025-01-24,1M+3M+6M; 1M+3M+6M; 6M; 1M+3M+6M,True,small,1,15,,,
CMTL,CMTL,,5,2005-03-24,2024-07-26,2005-03-24..2005-05-05; 2005-12-06..2005-12-07; 2008-10-07..2008-10-13; 2024-06-18..2024-07-15; 2024-07-25..2024-07-26,1M+3M+6M; 1M+3M+6M; 1M+3M+6M; 1M; 3M,True,small,1,13,,,
CN.1^08,CN,,1,2008-02-05,2008-02-08,2008-02-05..2008-02-08,3M+6M,False,large_plus,5,3,,,
CNC,CNC,,1,2020-04-17,2020-04-21,2020-04-17..2020-04-21,1M+3M+6M,True,large_plus,6,2,,,
CNCE^23,CNCE,,3,2017-03-22,2023-01-26,2017-03-22..2017-04-04; 2017-12-20..2017-12-28; 2023-01-19..2023-01-26,1M+3M+6M; 1M+3M+6M; 1M+6M,True,small,2,5,,,
CNDT,CNDT,,1,2020-08-11,2020-08-31,2020-08-11..2020-08-31,1M,False,small,7,1,,,
CNET,CNET,,2,2014-09-29,2018-01-19,2014-09-29..2014-10-10; 2018-01-08..2018-01-19,1M+3M+6M; 1M+3M+6M,True,small,1,4,,,
CNI,CNI,,1,2009-01-16,2009-01-20,2009-01-16..2009-01-20,6M,False,large_plus,11,1,,,
CNK,CNK,,1,2020-11-13,2020-11-18,2020-11-13..2020-11-18,1M,False,small,11,3,,,
CNO,CNO,,3,2009-05-18,2010-03-23,2009-05-18..2009-06-02; 2009-08-03..2009-10-30; 2010-03-22..2010-03-23,1M; 1M+3M+6M; 1M+3M+6M,True,small,1,10,,,
CNP,CNP,,1,2008-11-21,2008-12-01,2008-11-21..2008-12-01,1M+6M,False,mid,7,3,,,
CNQ,CNQ,CN,3,2009-01-08,2020-05-22,2009-01-08..2009-01-14; 2009-03-23..2009-04-01; 2020-04-29..2020-05-22,1M; 1M+3M+6M; 1M,True,large_plus,2,10,,,
CNQR^14,CNQR,,3,2007-08-09,2008-12-15,2007-08-09..2007-08-21; 2008-08-08..2008-09-18; 2008-12-10..2008-12-15,1M+3M+6M; 1M+3M+6M; 1M,True,small,2,9,,,
CNR,CNR,,3,2018-04-27,2022-09-09,2018-04-27..2018-05-07; 2021-09-27..2021-10-26; 2022-02-09..2022-09-09,1M+3M; 1M+3M+6M; 1M+3M+6M,True,small,1,8,,,
CNR.5^22,CNR,CNX,2,2008-08-18,2021-05-28,2008-08-18..2008-08-19; 2021-05-21..2021-05-28,3M; 3M,False,small,8,4,,,
CNST^21,CNST,,2,2019-11-06,2020-05-07,2019-11-06..2020-01-09; 2020-04-20..2020-05-07,1M+3M+6M; 6M,True,small,1,7,,,
CNSWF,CNSWF,,2,2026-03-13,2026-08-18,2026-03-13..2026-03-20; 2026-08-05..2026-08-18,1M+3M+6M; 1M+3M+6M,True,large_plus,4,2,,,
CNTA^26,CNTA,,3,2024-09-13,2025-11-24,2024-09-13..2024-10-18; 2025-08-05..2025-09-12; 2025-11-17..2025-11-24,3M+6M; 1M+3M; 6M,False,mid,5,7,,,
CNVR^14,CNVR,,2,2007-06-07,2009-04-21,2007-06-07..2007-06-08; 2009-04-20..2009-04-21,1M+3M+6M; 3M,True,mid,2,5,,,
CNVS,CNVS,,3,2020-06-08,2021-11-03,2020-06-08..2020-06-26; 2021-08-04..2021-08-12; 2021-09-14..2021-11-03,1M+3M+6M; 1M; 1M+3M+6M,True,small,2,10,,,
CNW^15,CNW,,1,2009-06-29,2009-07-01,2009-06-29..2009-07-01,3M,False,small,10,3,,,
CNX,CNX,,11,2007-11-12,2022-01-31,2007-11-12..2007-11-16; 2008-02-06..2008-03-06; 2008-04-22..2008-05-02; 2008-06-10..2008-07-03; 2009-05-18..2009-05-21; 2016-02-17..2016-07-07; 2019-08-23..2019-09-13; 2019-11-11..2019-11-12; 2020-04-13..2020-05-01; 2020-08-12..2020-08-21; 2022-01-28..2022-01-31,1M+3M+6M; 1M+3M+6M; 1M+3M+6M; 1M+3M+6M; 1M; 1M+3M+6M; 1M+3M+6M; 3M; 1M+3M+6M; 1M; 6M,True,large_plus,1,36,,,
CNXC,CNXC,,2,2021-03-25,2025-04-11,2021-03-25..2021-04-05; 2025-03-31..2025-04-11,1M; 1M+3M+6M,True,mid,5,5,,,
CNXT.1^11,CNXT,,3,2006-09-05,2010-03-09,2006-09-05..2006-09-08; 2007-09-25..2007-09-26; 2010-02-17..2010-03-09,1M+3M+6M; 1M+3M+6M; 1M+3M+6M,True,small,1,4,,,
COAG,COAG,,1,2026-07-16,2026-08-27,2026-07-16..2026-08-27,1M+3M,False,small,1,2,,,
COCO,COCO,,1,2023-08-16,2023-09-22,2023-08-16..2023-09-22,1M+3M+6M,True,small,6,3,,,
COCOQ^15,COCOQ,COCO,7,2008-04-15,2012-02-29,2008-04-15..2008-06-17; 2008-08-26..2008-10-02; 2008-11-19..2009-02-24; 2010-09-30..2010-10-13; 2011-01-10..2011-02-09; 2011-06-09..2011-06-15; 2012-02-13..2012-02-29,1M+3M; 6M; 1M+3M+6M; 1M+3M+6M; 1M+3M+6M; 1M+3M+6M; 1M+3M+6M,True,small,1,24,,,
COCP,COCP,,2,2020-03-02,2020-08-18,2020-03-02..2020-03-13; 2020-08-04..2020-08-18,1M+3M; 6M,False,small,4,5,,,
CODI,CODI,,1,2026-04-09,2026-04-22,2026-04-09..2026-04-22,1M+3M,False,small,3,2,,,
CODX,CODX,,4,2020-02-03,2021-08-16,2020-02-03..2020-03-18; 2020-04-28..2020-06-03; 2020-07-10..2020-08-14; 2021-08-02..2021-08-16,1M+3M+6M; 1M+3M+6M; 6M; 1M,True,small,1,10,,,
COF,COF,,6,2008-02-08,2009-11-04,2008-02-08..2008-02-15; 2008-04-01..2008-04-14; 2008-08-08..2008-10-06; 2009-04-09..2009-06-10; 2009-07-27..2009-08-11; 2009-10-30..2009-11-04,1M+3M+6M; 1M+3M+6M; 1M+3M+6M; 1M+3M; 1M+3M+6M; 1M+3M+6M,True,large_plus,1,18,,,
COGT,COGT,,6,2022-06-17,2026-03-06,2022-06-17..2022-09-19; 2024-02-16..2024-02-26; 2024-06-21..2024-07-15; 2025-07-21..2025-08-01; 2025-10-27..2025-12-26; 2026-02-20..2026-03-06,1M+3M+6M; 1M; 3M+6M; 1M+3M+6M; 1M+3M+6M; 6M,True,mid,1,16,,,
COGT.1^10,COGT,,1,2008-12-02,2008-12-29,2008-12-02..2008-12-29,1M+3M+6M,True,small,1,3,,,
COHR,COHR,,7,2008-08-19,2026-06-03,2008-08-19..2008-08-22; 2020-05-19..2020-05-22; 2020-05-27..2020-06-02; 2023-06-09..2023-07-11; 2024-11-15..2024-12-18; 2025-08-14..2025-08-19; 2025-11-13..2026-06-03,3M+6M; 1M; 3M; 1M+3M+6M; 1M+3M+6M; 3M; 1M+3M+6M,True,large_plus,1,23,,,
COHR.1^22,COHR,,1,2019-01-30,2019-02-12,2019-01-30..2019-02-12,1M+3M+6M,True,mid,7,4,,,
COHU,COHU,,2,2021-04-20,2026-07-01,2021-04-20..2021-04-22; 2026-05-06..2026-07-01,1M+6M; 1M+3M+6M,True,mid,7,6,,,
COIN,COIN,,11,2021-07-15,2026-09-15,2021-07-15..2021-08-23; 2022-07-29..2022-08-24; 2023-01-23..2023-04-20; 2023-06-02..2023-08-02; 2023-11-02..2024-01-10; 2024-02-26..2024-04-09; 2024-06-06..2024-06-21; 2024-10-16..2024-12-18; 2025-05-29..2025-07-30; 2026-03-17..2026-03-26; 2026-07-29..2026-09-15,1M+3M; 1M+3M; 1M+3M+6M; 1M+3M+6M; 1M+3M+6M; 1M+3M+6M; 1M+3M+6M; 1M+3M+6M; 1M+3M+6M; 1M+3M+6M; 1M+3M+6M,True,large_plus,1,30,,,
COKE,COKE,,2,2019-05-14,2019-08-26,2019-05-14..2019-05-22; 2019-08-21..2019-08-26,1M+3M+6M; 1M+3M+6M,True,mid,1,3,,,
COLB,COLB,,2,2008-09-16,2011-10-25,2008-09-16..2008-09-18; 2011-10-20..2011-10-25,1M+3M; 1M+3M+6M,True,small,7,3,,,
COLL,COLL,,2,2017-11-13,2020-03-04,2017-11-13..2018-03-29; 2020-02-13..2020-03-04,1M+3M+6M; 6M,True,small,3,8,,,
COMP,COMP,,8,2021-08-16,2026-07-16,2021-08-16..2021-08-19; 2021-08-27..2021-08-31; 2023-02-02..2023-02-14; 2023-05-25..2023-06-05; 2023-07-26..2023-08-09; 2024-07-18..2024-09-26; 2025-02-21..2025-04-04; 2026-07-07..2026-07-16,1M; 3M; 1M+3M; 1M; 1M+3M; 1M+3M+6M; 1M+3M+6M; 1M,True,mid,2,20,,,
CONNQ^25,CONNQ,CONN,11,2013-04-18,2022-02-07,2013-04-18..2013-04-22; 2015-02-10..2015-04-20; 2015-05-27..2015-06-04; 2015-11-27..2015-12-16; 2016-09-22..2016-10-07; 2017-05-15..2017-06-23; 2017-11-03..2017-12-20; 2018-06-12..2018-06-26; 2018-09-04..2018-09-10; 2019-09-13..2019-09-20; 2022-01-14..2022-02-07,1M+3M+6M; 1M+3M+6M; 1M+3M+6M; 1M+6M; 1M+3M; 1M+3M+6M; 3M+6M; 1M; 3M; 1M+3M+6M; 1M+3M+6M,True,small,1,31,,,
COO,COO,,1,2009-01-13,2009-03-25,2009-01-13..2009-03-25,1M+3M+6M,True,small,1,6,,,
COOP^25,COOP,,2,2025-04-08,2025-08-08,2025-04-08..2025-04-17; 2025-08-07..2025-08-08,1M+3M+6M; 1M+3M+6M,True,large_plus,4,5,,,
COP,COP,,1,2020-04-29,2020-05-14,2020-04-29..2020-05-14,1M,False,large_plus,11,3,,,
CORE^21,CORE,,1,2020-04-01,2020-04-13,2020-04-01..2020-04-13,1M+3M,False,small,13,3,,,
CORT,CORT,,12,2017-05-31,2025-06-06,2017-05-31..2017-06-13; 2017-08-08..2017-08-22; 2017-10-10..2017-11-03; 2018-01-30..2018-02-05; 2018-05-21..2018-06-18; 2018-12-06..2018-12-26; 2020-09-14..2020-09-25; 2020-11-19..2020-11-27; 2024-08-05..2024-08-13; 2024-11-12..2024-11-13; 2025-02-06..2025-02-26; 2025-04-04..2025-06-06,1M+3M+6M; 1M+3M+6M; 1M+3M+6M; 1M+3M+6M; 1M+3M+6M; 1M+3M+6M; 1M; 3M; 3M+6M; 6M; 1M+3M+6M; 1M+3M+6M,True,mid,1,26,,,
CORZ,CORZ,,4,2024-05-30,2025-11-05,2024-05-30..2024-07-29; 2024-09-17..2024-12-05; 2025-05-12..2025-07-16; 2025-11-03..2025-11-05,1M+3M+6M; 1M+3M+6M; 1M+3M+6M; 6M,True,mid,1,15,,,
CORZQ^24,CORZQ,CORZ,1,2022-08-05,2022-08-15,2022-08-05..2022-08-15,1M,False,small,8,1,,,
COTY,COTY,,4,2019-05-17,2026-07-30,2019-05-17..2019-05-22; 2020-11-11..2021-01-06; 2021-05-10..2021-05-13; 2026-07-21..2026-07-30,1M+3M+6M; 1M+3M; 3M+6M; 1M,True,mid,1,11,,,
COUP^23,COUP,,9,2017-04-24,2022-12-13,2017-04-24..2017-06-13; 2018-12-20..2019-01-14; 2019-03-22..2019-03-26; 2019-09-09..2019-09-12; 2019-10-18..2019-10-23; 2020-04-20..2020-06-17; 2020-07-24..2020-07-27; 2020-09-04..2020-09-10; 2022-12-07..2022-12-13,1M+3M+6M; 1M+3M+6M; 3M+6M; 1M+3M+6M; 1M+3M+6M; 1M+3M+6M; 1M+3M+6M; 6M; 1M,True,mid,2,28,,,
COWN^23,COWN,,1,2022-07-11,2022-07-27,2022-07-11..2022-07-27,3M,False,small,9,2,,,
CPA,CPA,,5,2008-08-28,2018-12-07,2008-08-28..2008-09-04; 2009-01-12..2009-01-21; 2015-10-16..2015-10-29; 2016-02-12..2016-02-25; 2018-11-27..2018-12-07,3M; 3M+6M; 1M+6M; 1M+3M+6M; 1M+3M+6M,True,small,3,11,,,
CPB,CPB,,1,2020-03-16,2020-03-20,2020-03-16..2020-03-20,1M+3M+6M,True,large_plus,7,2,,,
CPE^24,CPE,,10,2010-04-13,2022-03-11,2010-04-13..2010-04-26; 2015-03-05..2015-05-05; 2015-08-20..2015-09-21; 2015-11-04..2015-12-08; 2016-04-04..2016-05-16; 2016-12-05..2016-12-19; 2020-12-08..2020-12-15; 2021-03-03..2021-07-14; 2021-09-29..2021-11-26; 2022-01-18..2022-03-11,1M+3M+6M; 1M+3M+6M; 1M+3M+6M; 3M+6M; 1M+3M+6M; 1M+3M+6M; 1M; 1M+3M+6M; 1M+3M+6M; 1M+3M+6M,True,small,1,39,,,
CPHD^16,CPHD,,5,2007-08-10,2011-10-19,2007-08-10..2007-08-29; 2007-10-31..2007-11-13; 2008-01-17..2008-02-29; 2011-08-04..2011-08-10; 2011-09-22..2011-10-19,1M+3M+6M; 3M+6M; 1M+3M+6M; 1M+3M+6M; 1M+3M+6M,True,small,1,15,,,
CPHI,CPHI,,1,2026-07-27,2026-07-31,2026-07-27..2026-07-31,1M+3M,False,small,4,1,,,
CPIX,CPIX,,2,2021-12-06,2025-03-19,2021-12-06..2022-01-10; 2025-02-10..2025-03-19,1M+3M+6M; 1M+3M+6M,True,small,1,7,,,
CPKI^11,CPKI,,1,2008-02-20,2008-02-26,2008-02-20..2008-02-26,1M,False,small,9,1,,,
CPLA^18,CPLA,,4,2007-11-16,2010-10-15,2007-11-16..2007-11-20; 2008-11-12..2008-12-29; 2009-02-19..2009-02-27; 2010-10-01..2010-10-15,1M+3M+6M; 1M+3M; 6M; 1M+3M+6M,True,small,1,7,,,
CPNG,CPNG,,5,2021-07-14,2022-12-05,2021-07-14..2021-07-20; 2022-01-04..2022-01-06; 2022-03-01..2022-03-07; 2022-07-05..2022-08-22; 2022-10-07..2022-12-05,1M+3M; 1M+3M+6M; 1M+3M+6M; 1M+3M+6M; 1M+3M+6M,True,large_plus,1,11,,,
CPN^18,CPN,,4,2009-05-22,2016-02-16,2009-05-22..2009-06-08; 2009-07-31..2009-08-04; 2010-05-19..2010-05-24; 2016-02-01..2016-02-16,1M+3M; 3M+6M; 1M+3M+6M; 1M+3M+6M,True,mid,2,8,,,
CPRI,CPRI,,2,2012-03-19,2020-09-24,2012-03-19..2012-03-20; 2020-09-17..2020-09-24,1M+3M; 1M,False,mid,1,3,,,
CPRX^26,CPRX,,6,2019-04-03,2025-04-09,2019-04-03..2019-05-07; 2019-09-11..2019-09-24; 2022-07-29..2022-09-21; 2022-11-11..2023-01-25; 2023-10-27..2023-11-14; 2025-04-08..2025-04-09,1M+3M+6M; 1M+3M+6M; 1M+3M+6M; 1M+3M+6M; 1M+3M+6M; 6M,True,small,1,17,,,
CPSH,CPSH,,2,2021-01-19,2026-06-12,2021-01-19..2021-03-02; 2026-05-26..2026-06-12,1M+3M+6M; 1M,True,small,1,4,,,
CPT,CPT,,1,2008-08-04,2008-08-08,2008-08-04..2008-08-08,6M,False,mid,13,1,,,
CPXX^16,CPXX,,1,2016-03-16,2016-05-27,2016-03-16..2016-05-27,1M+3M+6M,True,small,1,6,,,
CPX^12,CPX,,2,2010-04-30,2010-08-13,2010-04-30..2010-05-14; 2010-07-20..2010-08-13,1M; 1M+3M+6M,True,small,4,7,,,
CQB^15,CQB,,2,2007-11-14,2008-04-02,2007-11-14..2007-12-21; 2008-03-27..2008-04-02,1M+3M+6M; 6M,True,small,3,5,,,
CQP,CQP,,4,2020-04-22,2022-09-28,2020-04-22..2020-04-29; 2020-05-08..2020-05-12; 2022-03-11..2022-03-14; 2022-09-23..2022-09-28,1M; 3M; 3M; 1M+3M+6M,True,large_plus,1,10,,,
CRAY^19,CRAY,,2,2014-07-17,2016-03-03,2014-07-17..2014-07-22; 2016-02-09..2016-03-03,1M+3M+6M; 1M+3M+6M,True,small,1,5,,,
CRBC^13,CRBC,,1,2010-04-14,2010-04-30,2010-04-14..2010-04-30,1M+3M+6M,True,small,2,1,,,
CRBP,CRBP,,7,2016-10-05,2024-08-28,2016-10-05..2016-10-25; 2016-12-05..2016-12-23; 2018-09-26..2018-10-31; 2019-02-13..2019-03-01; 2019-04-12..2019-04-18; 2024-01-29..2024-04-24; 2024-06-11..2024-08-28,1M+3M+6M; 1M+3M+6M; 1M+3M; 3M+6M; 6M; 1M+3M+6M; 3M+6M,True,small,1,19,,,
CRBU,CRBU,,3,2022-09-16,2023-08-15,2022-09-16..2022-09-27; 2023-07-11..2023-08-01; 2023-08-09..2023-08-15,3M; 1M; 3M+6M,False,small,6,5,,,
CRC,CRC,,2,2021-05-26,2022-02-07,2021-05-26..2021-06-01; 2022-01-21..2022-02-07,1M; 6M,False,mid,7,5,,,
CRCL,CRCL,,3,2025-10-07,2026-09-17,2025-10-07..2025-10-08; 2026-03-06..2026-03-30; 2026-08-19..2026-09-17,1M; 1M+3M+6M; 1M+3M+6M,True,large_plus,1,8,,,
CRCT,CRCT,,3,2021-05-25,2021-09-29,2021-05-25..2021-06-18; 2021-06-30..2021-07-13; 2021-09-27..2021-09-29,1M; 3M; 6M,False,mid,2,7,,,
CRDF,CRDF,,2,2020-09-22,2024-04-12,2020-09-22..2020-12-15; 2024-03-21..2024-04-12,1M+3M+6M; 1M+3M+6M,True,small,1,5,,,
CRDO,CRDO,,9,2023-02-07,2026-07-07,2023-02-07..2023-02-10; 2023-05-30..2023-06-21; 2023-12-05..2023-12-13; 2024-06-04..2024-07-18; 2024-09-03..2024-09-05; 2024-10-23..2025-02-19; 2025-05-30..2025-09-30; 2025-11-06..2025-12-11; 2026-04-17..2026-07-07,1M; 1M+3M+6M; 1M+3M+6M; 1M+3M+6M; 1M+3M+6M; 1M+3M+6M; 1M+3M+6M; 1M+3M+6M; 1M+3M+6M,True,mid,1,37,,,
CRI,CRI,,1,2008-11-11,2008-11-19,2008-11-11..2008-11-19,1M+3M+6M,True,small,4,1,,,
CRIS,CRIS,,1,2020-12-08,2021-06-03,2020-12-08..2021-06-03,1M+3M+6M,True,small,1,8,,,
CRK,CRK,,7,2021-09-21,2025-12-03,2021-09-21..2021-11-05; 2022-01-13..2022-01-24; 2022-03-21..2022-06-16; 2022-08-08..2022-09-23; 2025-01-27..2025-01-28; 2025-04-04..2025-04-08; 2025-11-13..2025-12-03,1M+3M+6M; 3M+6M; 1M+3M+6M; 1M+6M; 1M+3M+6M; 6M; 1M,True,mid,1,19,,,
CRM,CRM,,4,2007-10-19,2020-09-15,2007-10-19..2007-10-25; 2008-03-17..2008-04-17; 2009-03-13..2009-03-16; 2020-09-08..2020-09-15,1M+3M+6M; 3M+6M; 1M; 1M+3M+6M,True,mid,4,10,,,
CRMD,CRMD,,4,2015-03-30,2025-05-15,2015-03-30..2015-04-21; 2024-10-29..2024-11-07; 2025-01-21..2025-01-29; 2025-05-07..2025-05-15,1M+3M+6M; 3M; 6M; 1M,True,small,1,10,,,
CRML,CRML,,3,2025-06-26,2026-04-30,2025-06-26..2025-10-29; 2026-01-07..2026-02-04; 2026-04-27..2026-04-30,1M+3M+6M; 1M+6M; 1M,True,small,1,9,,,
CRMT,CRMT,,1,2022-05-26,2022-07-08,2022-05-26..2022-07-08,1M+3M,False,small,4,3,,,
CRNC,CRNC,,3,2020-01-13,2025-02-25,2020-01-13..2020-02-27; 2020-08-24..2020-11-27; 2024-11-21..2025-02-25,1M+3M; 1M+3M+6M; 1M+3M+6M,True,small,1,12,,,
CRNT,CRNT,,1,2007-08-06,2007-11-07,2007-08-06..2007-11-07,1M+3M+6M,True,small,1,6,,,
CRNX^26,CRNX,,2,2023-09-20,2024-04-17,2023-09-20..2023-11-28; 2024-02-29..2024-04-17,1M+3M+6M; 1M+3M+6M,True,mid,1,9,,,
CRON,CRON,,5,2018-06-11,2024-05-06,2018-06-11..2018-06-21; 2018-08-27..2018-10-03; 2018-12-06..2019-03-18; 2020-01-07..2020-02-04; 2024-05-02..2024-05-06,6M; 1M+3M+6M; 1M+3M+6M; 1M+3M+6M; 6M,True,small,1,12,,,
CROX,CROX,,18,2006-08-04,2023-05-03,2006-08-04..2006-08-24; 2006-11-17..2006-11-27; 2007-08-07..2007-09-05; 2009-06-11..2009-06-17; 2009-08-07..2009-10-29; 2010-01-22..2010-02-26; 2010-04-26..2010-04-28; 2010-05-18..2010-08-03; 2010-09-09..2010-09-10; 2011-08-04..2011-08-12; 2017-08-18..2017-08-23; 2017-11-07..2017-11-22; 2018-11-15..2019-01-22; 2020-06-19..2020-06-22; 2021-09-27..2021-10-01; 2022-09-22..2022-12-09; 2023-02-22..2023-03-01; 2023-05-01..2023-05-03,1M+3M+6M; 1M+3M+6M; 1M+3M+6M; 1M; 1M+3M+6M; 1M+3M+6M; 1M; 1M+3M+6M; 1M+3M+6M; 1M+3M+6M; 1M+3M+6M; 6M; 1M+3M+6M; 3M; 3M+6M; 3M+6M; 3M+6M; 1M+3M+6M,True,small,1,46,,,
CRS,CRS,,4,2011-09-28,2024-08-12,2011-09-28..2011-09-29; 2011-11-09..2011-11-10; 2022-02-11..2022-03-02; 2024-08-05..2024-08-12,6M; 3M+6M; 1M+3M; 1M+3M+6M,True,mid,5,7,,,
CRSP,CRSP,,14,2018-01-05,2025-08-05,2018-01-05..2018-03-27; 2018-05-14..2018-06-12; 2019-01-29..2019-01-30; 2019-04-30..2019-06-28; 2019-11-08..2019-12-17; 2020-07-07..2020-07-21; 2020-12-07..2021-01-29; 2021-07-06..2021-07-15; 2022-06-07..2022-08-01; 2023-04-21..2023-06-06; 2023-11-13..2023-12-12; 2024-02-15..2024-02-29; 2024-06-24..2024-06-27; 2025-07-07..2025-08-05,1M+3M+6M; 1M+3M+6M; 3M; 1M+3M+6M; 1M+3M+6M; 1M; 1M+3M+6M; 1M+3M+6M; 1M+3M+6M; 1M+3M+6M; 1M+3M+6M; 1M+3M+6M; 1M+6M; 1M+6M,True,mid,1,43,,,
CRSR,CRSR,,3,2020-11-17,2026-08-21,2020-11-17..2020-11-25; 2022-11-17..2022-11-21; 2026-07-24..2026-08-21,1M; 1M; 1M+3M+6M,True,small,2,6,,,
CRUS,CRUS,,8,2008-04-22,2016-02-12,2008-04-22..2008-05-05; 2010-05-04..2010-07-21; 2010-10-11..2010-10-12; 2011-02-23..2011-02-24; 2011-10-04..2011-10-21; 2013-09-11..2013-09-16; 2015-10-08..2015-11-03; 2016-02-10..2016-02-12,3M; 1M+3M+6M; 6M; 1M+3M; 1M+3M+6M; 1M+3M; 1M+3M+6M; 1M+3M+6M,True,small,1,19,,,
CRVO,CRVO,,1,2025-03-17,2025-04-14,2025-03-17..2025-04-14,1M+3M+6M,True,small,1,2,,,
CRVS,CRVS,,4,2021-09-17,2026-07-21,2021-09-17..2021-10-08; 2026-01-21..2026-02-12; 2026-05-04..2026-05-05; 2026-07-10..2026-07-21,1M+3M+6M; 1M+3M+6M; 6M; 6M,True,small,1,5,,,
CRWD,CRWD,,8,2019-08-07,2026-07-27,2019-08-07..2019-08-29; 2020-02-24..2020-02-25; 2020-04-14..2020-07-22; 2020-09-03..2020-09-24; 2022-03-04..2022-04-25; 2022-06-30..2022-07-20; 2025-04-21..2025-04-28; 2026-06-05..2026-07-27,1M; 1M+3M+6M; 1M+3M+6M; 1M+3M+6M; 1M+3M+6M; 1M+3M+6M; 1M+3M+6M; 1M+3M+6M,True,large_plus,1,25,,,
CRWV,CRWV,,4,2025-05-23,2026-05-06,2025-05-23..2025-07-07; 2025-09-24..2025-10-22; 2026-01-15..2026-01-30; 2026-04-14..2026-05-06,1M+3M; 1M+6M; 1M; 1M+3M,False,large_plus,1,11,,,
CRZO^19,CRZO,,12,2008-05-21,2019-05-01,2008-05-21..2008-05-29; 2009-05-13..2009-06-02; 2009-10-08..2009-10-21; 2010-12-14..2010-12-17; 2014-11-14..2014-11-26; 2015-01-16..2015-02-19; 2015-10-07..2015-11-16; 2016-04-01..2016-05-24; 2016-12-14..2016-12-19; 2017-10-02..2017-11-27; 2018-04-16..2018-06-25; 2019-04-22..2019-05-01,1M+3M+6M; 1M; 1M+6M; 1M+6M; 1M+3M+6M; 1M+3M+6M; 1M+3M+6M; 1M+3M+6M; 3M; 1M+3M; 1M+3M+6M; 1M+3M+6M,True,small,3,32,,,
CSCIF,CSCIF,,1,2021-02-08,2021-02-09,2021-02-08..2021-02-09,1M,False,small,7,2,,,
CSE^14,CSE,,4,2008-04-28,2009-07-15,2008-04-28..2008-06-19; 2008-09-09..2008-09-30; 2009-04-29..2009-05-21; 2009-06-09..2009-07-15,1M+3M+6M; 6M; 1M; 1M+3M,True,mid,2,11,,,
CSGS^26,CSGS,,1,2008-07-31,2008-08-01,2008-07-31..2008-08-01,1M+3M+6M,True,small,4,1,,,
CSH.1^16,CSH,,2,2008-03-25,2008-08-07,2008-03-25..2008-05-07; 2008-07-16..2008-08-07,1M+3M+6M; 1M+6M,True,small,3,6,,,
CSIQ,CSIQ,CSI,19,2007-11-15,2025-11-26,2007-11-15..2008-01-10; 2008-04-08..2008-06-30; 2009-05-21..2009-06-19; 2009-08-06..2009-08-20; 2009-11-19..2010-01-19; 2010-07-16..2010-08-02; 2010-10-06..2010-10-25; 2011-01-31..2011-02-25; 2011-06-23..2011-07-12; 2013-05-21..2013-08-13; 2013-10-07..2014-03-07; 2014-07-08..2014-07-14; 2015-02-12..2015-02-19; 2015-05-19..2015-05-22; 2015-12-18..2016-01-08; 2019-02-07..2019-03-11; 2020-09-09..2020-10-29; 2022-08-22..2022-09-08; 2025-11-06..2025-11-26,1M+3M+6M; 1M+3M+6M; 1M+3M+6M; 1M+3M+6M; 1M+3M+6M; 1M+3M+6M; 1M+3M+6M; 1M+3M+6M; 1M+3M+6M; 1M+3M+6M; 1M+3M+6M; 1M+3M; 1M+6M; 1M+3M+6M; 1M+3M+6M; 1M+3M+6M; 1M+3M; 1M+3M+6M; 1M+3M+6M,True,small,1,61,,,
CSOD^21,CSOD,,1,2014-05-30,2014-06-04,2014-05-30..2014-06-04,1M+3M+6M,True,mid,3,1,,,
CSTE,CSTE,,3,2013-08-19,2013-12-27,2013-08-19..2013-08-28; 2013-11-19..2013-11-25; 2013-12-03..2013-12-27,1M+3M+6M; 1M; 3M+6M,True,small,5,5,,,
CSTL,CSTL,,3,2024-08-07,2026-09-04,2024-08-07..2024-09-06; 2025-11-17..2025-11-20; 2026-08-10..2026-09-04,1M+3M+6M; 1M; 3M,True,small,6,7,,,
CSTM,CSTM,,3,2015-11-19,2025-03-20,2015-11-19..2015-12-10; 2017-07-31..2017-09-18; 2025-03-10..2025-03-20,1M+3M; 1M+3M+6M; 1M,True,small,2,5,,,
CSX,CSX,,1,2009-06-15,2009-06-22,2009-06-15..2009-06-22,1M+3M+6M,True,large_plus,1,2,,,
CS^23,CS,,2,2008-10-03,2009-04-28,2008-10-03..2008-10-08; 2009-02-19..2009-04-28,1M+3M+6M; 1M+3M+6M,True,large_plus,5,8,,,
CTB^21,CTB,,3,2009-07-16,2011-10-21,2009-07-16..2009-07-30; 2009-10-05..2009-10-07; 2011-10-18..2011-10-21,1M+3M+6M; 6M; 1M,True,small,4,7,,,
CTCM^16,CTCM,,2,2006-10-25,2007-03-16,2006-10-25..2006-11-06; 2007-03-14..2007-03-16,1M+3M; 1M+3M+6M,True,mid,1,6,,,
CTCT^16,CTCT,,2,2011-10-28,2014-05-13,2011-10-28..2011-12-21; 2014-05-08..2014-05-13,1M+3M+6M; 1M+3M+6M,True,small,5,8,,,
CTEV,CTEV,,2,2021-12-27,2022-07-12,2021-12-27..2021-12-31; 2022-06-29..2022-07-12,1M+3M+6M; 3M+6M,True,mid,2,2,,,
CTIC^23,CTIC,,5,2009-05-11,2022-08-15,2009-05-11..2009-07-10; 2009-12-09..2009-12-21; 2014-01-17..2014-03-25; 2020-10-02..2020-11-06; 2022-03-01..2022-08-15,1M+3M+6M; 1M+3M+6M; 1M+3M+6M; 1M+3M+6M; 1M+3M+6M,True,small,1,21,,,
CTKB,CTKB,,2,2022-10-10,2023-05-04,2022-10-10..2022-10-21; 2023-05-02..2023-05-04,6M; 1M,False,small,11,3,,,
CTM,CTM,,1,2024-12-30,2025-01-16,2024-12-30..2025-01-16,1M+3M+6M,True,small,2,2,,,
CTMX,CTMX,,5,2018-03-08,2026-02-13,2018-03-08..2018-03-27; 2024-05-03..2024-05-08; 2025-05-19..2025-06-23; 2025-10-10..2025-11-06; 2026-02-06..2026-02-13,3M+6M; 1M+3M+6M; 1M+3M+6M; 6M; 6M,True,small,2,13,,,
CTNT,CTNT,,1,2024-05-15,2024-05-20,2024-05-15..2024-05-20,1M+3M+6M,True,small,1,1,,,
CTRA^26,CTRA,,4,2020-03-12,2022-05-12,2020-03-12..2020-05-06; 2022-01-21..2022-01-24; 2022-03-11..2022-03-21; 2022-05-09..2022-05-12,1M+3M+6M; 1M+3M+6M; 3M+6M; 1M+3M+6M,True,large_plus,1,11,,,
CTRL^19,CTRL,,1,2017-11-07,2017-11-22,2017-11-07..2017-11-22,1M+3M+6M,True,small,6,3,,,
CTRM,CTRM,,1,2021-02-16,2021-02-26,2021-02-16..2021-02-26,1M+3M+6M,True,small,7,1,,,
CTRN,CTRN,,2,2021-03-08,2021-05-10,2021-03-08..2021-03-09; 2021-04-20..2021-05-10,6M; 3M+6M,False,small,9,4,,,
CTSH,CTSH,,1,2009-01-23,2009-01-28,2009-01-23..2009-01-28,3M+6M,False,mid,12,1,,,
CTV.2^11,CTV,,1,2009-04-08,2009-05-01,2009-04-08..2009-05-01,1M,False,small,5,4,,,
CTX.2^09,CTX,,3,2007-12-21,2008-09-12,2007-12-21..2008-01-04; 2008-04-04..2008-04-15; 2008-09-03..2008-09-12,1M+3M+6M; 1M+3M; 1M+3M+6M,True,mid,5,7,,,
CTXR,CTXR,,2,2021-05-05,2021-06-30,2021-05-05..2021-05-11; 2021-06-18..2021-06-30,3M; 1M+6M,False,small,9,3,,,
CTXS^22,CTXS,,1,2020-03-27,2020-04-15,2020-03-27..2020-04-15,1M+3M+6M,True,large_plus,2,3,,,
CUB.1^21,CUB,,1,2007-08-30,2007-09-05,2007-08-30..2007-09-05,1M+3M+6M,True,small,3,3,,,
CUBI,CUBI,,2,2021-12-17,2023-06-20,2021-12-17..2022-01-24; 2023-05-25..2023-06-20,3M+6M; 1M+3M,False,small,3,7,,,
CUDA^18,CUDA,,1,2015-04-28,2015-04-30,2015-04-28..2015-04-30,1M+3M+6M,True,mid,7,1,,,
CUE,CUE,,1,2026-05-01,2026-06-12,2026-05-01..2026-06-12,1M+3M,False,small,1,4,,,
CUEN,CUEN,,1,2021-07-06,2021-07-16,2021-07-06..2021-07-16,1M,False,small,6,1,,,
CURLF,CURLF,,1,2021-01-19,2021-03-02,2021-01-19..2021-03-02,1M+3M+6M,True,large_plus,7,3,,,
CURR,CURR,,1,2025-01-13,2025-01-21,2025-01-13..2025-01-21,1M,False,small,9,1,,,
CUTRQ^25,CUTRQ,CUTR,4,2005-08-17,2022-08-03,2005-08-17..2005-09-01; 2021-08-05..2021-08-17; 2022-04-06..2022-04-21; 2022-08-02..2022-08-03,1M+3M+6M; 3M+6M; 3M+6M; 6M,True,small,5,8,,,
CUZ,CUZ,,1,2008-02-04,2008-02-05,2008-02-04..2008-02-05,1M,False,small,8,2,,,
CVAC^26,CVAC,,4,2020-11-17,2021-09-13,2020-11-17..2020-12-24; 2021-02-09..2021-02-10; 2021-05-04..2021-05-27; 2021-08-20..2021-09-13,1M+3M; 3M; 1M+3M+6M; 1M+3M+6M,True,large_plus,1,6,,,
CVBF,CVBF,,2,2008-09-26,2010-02-03,2008-09-26..2008-10-07; 2010-02-02..2010-02-03,1M+3M+6M; 6M,True,small,5,2,,,
CVC^16,CVC,,1,2009-01-08,2009-01-26,2009-01-08..2009-01-26,6M,False,mid,8,1,,,
CVE,CVE,,2,2020-04-30,2022-05-12,2020-04-30..2020-05-20; 2022-05-09..2022-05-12,1M; 1M+3M+6M,True,large_plus,1,6,,,
CVEO,CVEO,,1,2015-05-05,2015-05-21,2015-05-05..2015-05-21,1M+3M,False,small,4,1,,,
CVET^22,CVET,,4,2019-11-21,2022-01-11,2019-11-21..2019-12-05; 2020-06-08..2020-09-08; 2020-10-14..2020-10-30; 2022-01-03..2022-01-11,1M; 3M+6M; 1M+6M; 3M,False,mid,8,14,,,
CVGW^26,CVGW,,1,2015-09-04,2015-09-09,2015-09-04..2015-09-09,3M+6M,False,small,10,1,,,
CVH^13,CVH,,1,2009-02-06,2009-02-20,2009-02-06..2009-02-20,1M,False,mid,5,1,,,
CVI,CVI,,10,2008-01-17,2026-03-30,2008-01-17..2008-03-10; 2008-06-11..2008-06-16; 2011-03-01..2011-03-24; 2011-08-04..2011-09-19; 2016-11-14..2016-12-28; 2021-10-27..2021-10-29; 2022-01-26..2022-06-23; 2022-08-17..2022-09-01; 2022-10-27..2022-11-09; 2026-03-19..2026-03-30,1M+3M; 1M+3M+6M; 1M+3M+6M; 1M+3M+6M; 1M+3M+6M; 3M; 1M+3M+6M; 6M; 1M+3M+6M; 1M,True,mid,2,32,,,
CVLT,CVLT,,1,2011-10-03,2011-10-07,2011-10-03..2011-10-07,1M+3M+6M,True,small,3,3,,,
CVM,CVM,,3,2009-09-21,2021-05-11,2009-09-21..2009-10-09; 2020-01-27..2020-02-25; 2021-04-27..2021-05-11,1M+3M+6M; 1M+3M+6M; 1M+3M,True,small,1,5,,,
CVNA,CVNA,,17,2017-06-23,2026-04-20,2017-06-23..2017-07-27; 2017-12-18..2017-12-20; 2018-03-22..2018-09-21; 2019-01-30..2019-05-16; 2019-08-23..2019-08-27; 2020-02-24..2020-03-04; 2020-04-21..2020-10-16; 2020-12-02..2021-01-15; 2021-05-06..2021-05-10; 2022-08-02..2022-08-26; 2023-01-27..2023-02-22; 2023-04-18..2023-09-22; 2023-12-04..2024-01-08; 2024-02-21..2024-08-22; 2025-02-21..2025-02-25; 2025-04-22..2025-05-01; 2026-04-17..2026-04-20,1M; 1M+3M+6M; 1M+3M+6M; 1M+3M+6M; 1M+3M+6M; 1M+3M+6M; 1M+3M+6M; 6M; 1M+3M+6M; 1M; 1M+3M; 1M+3M+6M; 1M+3M+6M; 1M+3M+6M; 6M; 1M+3M+6M; 1M,True,large_plus,1,73,,,
CVRR^19,CVRR,,3,2016-09-20,2018-06-19,2016-09-20..2016-10-05; 2016-12-27..2017-01-06; 2018-05-31..2018-06-19,1M+3M; 1M+3M+6M; 1M+3M+6M,True,small,1,6,,,
CVSA,CVSA,,3,2008-11-10,2022-05-16,2008-11-10..2008-12-12; 2011-10-26..2011-10-28; 2022-05-13..2022-05-16,1M+3M+6M; 1M+3M+6M; 3M,True,mid,3,7,,,
CVSI,CVSI,,1,2018-08-16,2018-10-22,2018-08-16..2018-10-22,1M+3M+6M,True,small,1,6,,,
CVTX^09,CVTX,,4,2007-05-17,2009-02-04,2007-05-17..2007-07-09; 2008-04-08..2008-05-01; 2008-09-12..2008-10-02; 2009-01-29..2009-02-04,1M+3M+6M; 1M+6M; 6M; 1M+3M+6M,True,small,2,11,,,
CVX,CVX,,2,2008-11-20,2020-04-24,2008-11-20..2008-12-18; 2020-04-23..2020-04-24,1M+3M+6M; 1M,True,large_plus,4,3,,,
CWEI^17,CWEI,,3,2008-06-11,2017-01-11,2008-06-11..2008-07-02; 2015-09-04..2015-11-19; 2016-05-17..2017-01-11,1M+3M+6M; 1M+3M+6M; 1M+3M+6M,True,small,1,19,,,
CWH,CWH,,4,2018-06-26,2021-05-10,2018-06-26..2018-06-27; 2018-10-09..2018-10-25; 2020-05-08..2020-08-10; 2021-05-05..2021-05-10,1M; 1M+3M+6M; 1M+3M+6M; 1M+3M,True,mid,1,15,,,
CWT,CWT,,1,2008-11-21,2008-12-18,2008-11-21..2008-12-18,1M+3M+6M,True,small,4,4,,,
CX,CX,,8,2008-12-16,2021-03-23,2008-12-16..2009-01-05; 2009-04-07..2009-04-09; 2009-05-20..2009-05-29; 2009-08-27..2009-10-01; 2010-05-06..2010-05-12; 2011-11-07..2011-12-28; 2016-02-25..2016-02-29; 2021-03-08..2021-03-23,1M; 1M; 6M; 1M+3M+6M; 1M+3M; 1M+3M+6M; 1M; 1M+3M+6M,True,mid,1,21,,,
CXAI,CXAI,,2,2023-04-27,2024-04-22,2023-04-27..2023-05-11; 2024-04-08..2024-04-22,1M+3M+6M; 1M+3M+6M,True,small,1,2,,,
CXDO,CXDO,,1,2005-02-23,2005-02-24,2005-02-23..2005-02-24,1M+3M+6M,True,small,4,1,,,
CXG^10,CXG,,1,2008-11-07,2008-12-10,2008-11-07..2008-12-10,1M+3M+6M,True,mid,1,3,,,
CXM,CXM,,1,2022-04-21,2022-04-26,2022-04-21..2022-04-26,1M,False,mid,7,2,,,
CXO^21,CXO,,6,2008-06-06,2020-05-11,2008-06-06..2008-06-27; 2009-02-05..2009-02-20; 2009-04-13..2009-04-15; 2009-11-11..2009-11-12; 2020-04-29..2020-05-01; 2020-05-08..2020-05-11,1M+3M+6M; 1M+6M; 6M; 1M+3M+6M; 1M; 6M,True,mid,4,9,,,
CXW,CXW,,3,2016-11-17,2025-04-23,2016-11-17..2016-11-29; 2024-11-12..2024-12-02; 2025-04-21..2025-04-23,1M+3M+6M; 1M; 6M,True,mid,4,5,,,
CYBR^26,CYBR,,6,2014-11-18,2016-02-02,2014-11-18..2014-12-05; 2015-02-23..2015-03-11; 2015-04-20..2015-05-11; 2015-06-22..2015-07-01; 2015-10-13..2015-10-14; 2016-01-25..2016-02-02,1M; 1M+3M; 3M+6M; 1M+3M+6M; 6M; 1M+3M+6M,True,small,1,17,,,
CYBS^10,CYBS,,5,2007-10-26,2009-03-13,2007-10-26..2007-11-13; 2007-12-21..2008-01-11; 2008-12-26..2008-12-29; 2009-02-13..2009-02-17; 2009-03-11..2009-03-13,1M+3M; 3M+6M; 1M; 1M; 6M,False,small,2,12,,,
CYD,CYD,,2,2010-11-10,2025-03-25,2010-11-10..2010-11-18; 2025-03-06..2025-03-25,1M+3M+6M; 1M+3M+6M,True,small,2,4,,,
CYDY,CYDY,,2,2020-04-02,2021-01-14,2020-04-02..2020-08-05; 2020-12-21..2021-01-14,1M+3M+6M; 1M,True,mid,1,5,,,
CYH,CYH,,13,2009-01-16,2023-03-08,2009-01-16..2009-02-09; 2009-05-12..2009-05-26; 2009-05-28..2009-06-04; 2017-01-18..2017-03-14; 2017-05-10..2017-05-19; 2018-01-25..2018-02-27; 2020-02-20..2020-03-06; 2020-10-30..2020-11-19; 2021-03-26..2021-04-01; 2021-05-14..2021-05-17; 2021-05-18..2021-06-18; 2022-01-24..2022-02-02; 2023-01-09..2023-03-08,1M; 1M; 6M; 1M+3M+6M; 1M+3M+6M; 1M; 1M+3M+6M; 1M+3M+6M; 1M; 1M; 3M; 3M; 1M+3M+6M,True,small,2,31,,,
CYN,CYN,,1,2022-04-25,2022-05-17,2022-04-25..2022-05-17,1M+3M,False,small,1,1,,,
CYN.1^15,CYN,,1,2008-07-30,2008-10-01,2008-07-30..2008-10-01,1M+3M+6M,True,mid,7,4,,,
CYOU^20,CYOU,,3,2009-06-23,2013-10-17,2009-06-23..2009-07-22; 2011-08-01..2011-08-08; 2013-10-14..2013-10-17,1M+3M; 1M+3M+6M; 1M+3M+6M,True,small,3,5,,,
CYPB^11,CYPB,,2,2007-05-31,2009-02-05,2007-05-31..2007-06-13; 2009-01-28..2009-02-05,1M+3M+6M; 1M+3M+6M,True,small,2,2,,,
CYPH,CYPH,,2,2025-11-17,2026-09-21,2025-11-17..2025-12-04; 2026-09-04..2026-09-21,1M+3M+6M; 1M+3M+6M,True,small,1,3,,,
CYRX,CYRX,,2,2020-08-26,2022-08-19,2020-08-26..2020-09-18; 2022-07-27..2022-08-19,1M+3M+6M; 3M,True,small,1,5,,,
CYT.1^15,CYT,,2,2009-10-27,2011-11-08,2009-10-27..2009-11-03; 2011-10-31..2011-11-08,1M+3M; 6M,False,mid,10,4,,,
CYTK,CYTK,,7,2013-07-08,2024-01-23,2013-07-08..2013-07-26; 2017-05-01..2017-05-12; 2020-02-19..2020-02-24; 2021-07-22..2022-01-10; 2022-05-24..2022-07-13; 2022-08-25..2022-09-23; 2023-10-31..2024-01-23,1M+3M+6M; 1M+3M+6M; 1M+3M; 1M+3M+6M; 1M+3M+6M; 3M+6M; 1M+3M+6M,True,mid,1,19,,,
CYTOF,CYTOF,,1,2021-03-15,2021-03-18,2021-03-15..2021-03-18,6M,False,small,10,1,,,
CY^20,CY,,5,2007-08-16,2009-05-28,2007-08-16..2007-08-22; 2007-11-08..2007-11-15; 2008-01-07..2008-01-08; 2008-04-18..2008-04-23; 2009-01-16..2009-05-28,3M+6M; 1M+3M+6M; 3M+6M; 1M+3M+6M; 1M+3M+6M,True,mid,1,17,,,
CZR,CZR,,9,2018-02-09,2026-03-19,2018-02-09..2018-03-01; 2020-05-20..2020-07-07; 2020-08-25..2020-10-08; 2020-11-19..2020-11-27; 2021-01-27..2021-03-22; 2022-03-01..2022-03-02; 2022-08-08..2022-08-22; 2022-11-07..2022-11-23; 2026-03-11..2026-03-19,1M+3M+6M; 1M+3M; 1M+3M+6M; 3M+6M; 1M+3M+6M; 3M; 1M; 1M+3M+6M; 1M,True,large_plus,1,27,,,
CZR.3^20,CZR,,6,2013-02-11,2015-09-23,2013-02-11..2013-04-04; 2013-05-16..2013-05-24; 2013-09-12..2013-09-25; 2013-12-03..2013-12-10; 2014-11-13..2014-12-31; 2015-08-21..2015-09-23,1M+3M+6M; 6M; 1M+3M+6M; 1M+3M+6M; 1M+3M+6M; 1M+3M+6M,True,small,1,15,,,
CZZ^21,CZZ,,2,2008-01-14,2009-12-21,2008-01-14..2008-03-14; 2009-12-17..2009-12-21,1M+3M+6M; 1M+3M+6M,True,mid,1,7,,,
DAC,DAC,,1,2021-01-05,2021-07-07,2021-01-05..2021-07-07,3M+6M,False,small,1,11,,,
DADA^25,DADA,,2,2022-06-27,2023-02-06,2022-06-27..2022-06-28; 2022-12-22..2023-02-06,1M; 1M+3M+6M,True,mid,1,5,,,
DAKT,DAKT,,3,2006-07-13,2024-08-06,2006-07-13..2006-08-14; 2007-08-23..2007-08-29; 2024-08-02..2024-08-06,1M+3M+6M; 1M; 6M,True,small,1,6,,,
DAL,DAL,,11,2008-02-04,2020-06-23,2008-02-04..2008-02-22; 2008-07-24..2008-09-29; 2008-11-04..2009-01-21; 2009-04-06..2009-04-23; 2009-07-31..2009-08-04; 2009-09-17..2009-10-26; 2009-12-15..2010-02-03; 2010-06-07..2010-06-08; 2011-09-27..2011-10-19; 2012-06-04..2012-06-11; 2020-06-05..2020-06-23,1M+6M; 1M+3M+6M; 1M+3M+6M; 1M; 1M; 1M+3M+6M; 1M+3M+6M; 1M+3M+6M; 1M+3M+6M; 1M+3M+6M; 1M,True,mid,1,28,,,
DAN,DAN,,4,2009-08-20,2010-08-04,2009-08-20..2009-12-10; 2010-01-20..2010-01-22; 2010-05-04..2010-05-05; 2010-08-02..2010-08-04,1M+3M+6M; 3M+6M; 6M; 1M,True,small,1,8,,,
DANG^16,DANG,,9,2011-05-03,2015-06-24,2011-05-03..2011-05-10; 2012-01-13..2012-02-08; 2012-03-27..2012-04-23; 2013-05-29..2013-08-20; 2013-10-03..2013-10-17; 2013-12-31..2014-01-08; 2014-03-03..2014-03-24; 2014-06-19..2014-07-31; 2015-06-16..2015-06-24,1M; 1M+3M; 1M+3M+6M; 1M+3M+6M; 1M+3M+6M; 6M; 1M+3M; 1M+3M+6M; 1M+3M+6M,True,small,1,21,,,
DAO,DAO,,1,2020-06-23,2020-08-07,2020-06-23..2020-08-07,1M+3M+6M,True,mid,6,3,,,
DAR,DAR,,3,2008-02-06,2021-03-19,2008-02-06..2008-02-11; 2008-04-29..2008-05-13; 2021-03-10..2021-03-19,3M+6M; 3M+6M; 3M+6M,False,small,4,8,,,
DARE,DARE,,2,2021-07-07,2021-12-31,2021-07-07..2021-07-08; 2021-12-08..2021-12-31,1M; 1M+6M,False,small,8,5,,,
DASH,DASH,,6,2021-04-26,2023-02-27,2021-04-26..2021-05-05; 2021-06-11..2021-06-22; 2022-03-31..2022-04-13; 2022-07-14..2022-08-16; 2022-11-15..2022-11-30; 2023-01-30..2023-02-27,1M+3M; 1M+3M+6M; 1M+3M+6M; 1M+3M+6M; 1M+3M+6M; 1M+3M+6M,True,large_plus,2,15,,,
DATA^19,DATA,,2,2013-07-15,2018-12-24,2013-07-15..2013-08-28; 2018-11-19..2018-12-24,1M+3M; 1M+3M+6M,True,mid,1,8,,,
DAVE,DAVE,,6,2022-02-08,2026-07-30,2022-02-08..2022-02-14; 2024-11-14..2024-12-05; 2025-02-06..2025-02-28; 2025-05-21..2025-07-16; 2026-04-27..2026-05-04; 2026-07-02..2026-07-30,1M+3M; 1M+3M; 3M+6M; 1M+3M+6M; 1M; 1M+3M+6M,True,mid,1,18,,,
DAWN^26,DAWN,,2,2022-06-17,2024-05-08,2022-06-17..2022-09-15; 2024-05-02..2024-05-08,1M+3M+6M; 1M,True,small,2,5,,,
DB,DB,,2,2009-03-12,2011-11-10,2009-03-12..2009-05-13; 2011-10-19..2011-11-10,1M+3M+6M; 1M+3M+6M,True,large_plus,1,8,,,
DBGI,DBGI,,1,2021-07-12,2021-07-20,2021-07-12..2021-07-20,1M,False,small,8,2,,,
DBI,DBI,,5,2011-09-30,2026-01-21,2011-09-30..2011-10-05; 2021-04-21..2021-05-18; 2023-06-27..2023-06-28; 2023-08-25..2023-09-26; 2025-12-29..2026-01-21,1M+3M+6M; 3M; 1M; 1M+3M+6M; 1M+3M,True,small,2,17,,,
DBRG,DBRG,,3,2020-08-31,2025-12-26,2020-08-31..2020-09-04; 2020-11-06..2020-11-13; 2025-12-16..2025-12-26,1M; 3M+6M; 1M,False,mid,4,4,,,
DBVT,DBVT,,1,2025-12-23,2025-12-30,2025-12-23..2025-12-30,3M,False,small,12,1,,,
DBX,DBX,,1,2018-06-19,2018-07-02,2018-06-19..2018-07-02,1M+3M,False,large_plus,2,2,,,
DCH,DCH,,11,2008-02-06,2022-06-01,2008-02-06..2008-02-07; 2008-03-07..2008-03-18; 2009-06-08..2009-06-26; 2009-08-18..2009-10-02; 2009-12-09..2010-01-28; 2010-03-25..2010-04-01; 2010-08-03..2010-08-16; 2011-10-21..2011-10-25; 2019-09-30..2019-11-19; 2020-05-22..2020-06-03; 2022-05-27..2022-06-01,1M; 3M; 1M+3M; 1M+3M+6M; 1M+3M+6M; 1M+3M+6M; 1M+3M; 1M; 1M+3M+6M; 1M; 1M,True,small,1,25,,,
DCI,DCI,,1,2007-08-15,2007-08-22,2007-08-15..2007-08-22,1M,False,mid,10,2,,,
DCPH^24,DCPH,,5,2018-06-07,2022-09-30,2018-06-07..2018-07-05; 2019-08-14..2019-09-03; 2019-12-30..2020-01-06; 2022-01-03..2022-01-04; 2022-04-25..2022-09-30,1M+3M+6M; 1M+3M+6M; 1M+3M+6M; 1M; 1M+3M+6M,True,small,1,16,,,
DCP^23,DCP,,3,2020-04-29,2020-11-05,2020-04-29..2020-06-23; 2020-08-07..2020-08-14; 2020-10-21..2020-11-05,1M+3M; 1M; 1M+6M,False,mid,5,8,,,
DCTH,DCTH,,4,2010-04-16,2023-09-07,2010-04-16..2010-06-08; 2010-08-06..2010-08-13; 2010-10-19..2010-12-17; 2023-09-05..2023-09-07,1M+3M+6M; 1M+6M; 1M+3M+6M; 1M+6M,True,small,1,7,,,
DD,DD,,1,2009-04-06,2009-06-15,2009-04-06..2009-06-15,1M+3M+6M,True,large_plus,1,7,,,
DDD,DDD,,17,2011-03-15,2023-12-04,2011-03-15..2011-04-20; 2012-03-06..2012-03-12; 2012-05-03..2012-08-14; 2012-11-05..2012-12-13; 2013-01-28..2013-02-20; 2013-05-09..2013-06-05; 2013-11-19..2013-12-02; 2015-12-28..2016-01-05; 2016-02-22..2016-05-04; 2016-07-01..2016-07-19; 2017-05-17..2017-06-01; 2018-03-07..2018-03-15; 2018-07-26..2018-09-07; 2021-01-11..2021-02-24; 2021-05-27..2021-07-09; 2021-09-02..2021-09-03; 2023-12-01..2023-12-04,3M+6M; 1M+3M+6M; 1M+3M+6M; 1M+3M+6M; 1M+3M+6M; 1M+3M+6M; 1M+3M+6M; 1M+3M+6M; 1M+3M+6M; 1M+3M+6M; 1M+3M+6M; 1M; 1M+3M+6M; 1M+3M+6M; 1M+3M+6M; 6M; 1M,True,small,1,51,,,
DDL,DDL,,1,2022-04-14,2022-04-27,2022-04-14..2022-04-27,1M,False,small,5,2,,,
DDOG,DDOG,,11,2019-11-18,2026-08-14,2019-11-18..2019-12-06; 2020-02-03..2020-02-25; 2020-05-15..2020-08-10; 2020-09-25..2020-10-26; 2021-11-23..2021-11-30; 2022-02-22..2022-03-02; 2022-07-13..2022-08-05; 2023-02-07..2023-02-24; 2026-03-27..2026-03-30; 2026-06-04..2026-06-05; 2026-07-14..2026-08-14,1M; 1M+3M; 1M+3M+6M; 1M+3M+6M; 3M+6M; 1M+3M+6M; 3M+6M; 1M+3M+6M; 1M+6M; 1M; 1M+3M+6M,True,large_plus,1,26,,,
DDS,DDS,,12,2008-04-02,2022-05-18,2008-04-02..2008-04-24; 2008-08-29..2008-09-10; 2010-05-06..2010-05-07; 2016-08-17..2016-08-30; 2017-07-31..2017-08-11; 2017-11-24..2017-11-27; 2019-07-19..2019-08-05; 2020-10-26..2020-11-16; 2021-03-26..2021-09-30; 2021-11-10..2021-12-03; 2022-02-07..2022-02-10; 2022-04-25..2022-05-18,1M+3M+6M; 1M; 3M+6M; 1M+3M+6M; 1M+3M+6M; 6M; 1M+3M+6M; 1M+3M; 1M+3M+6M; 1M+3M+6M; 1M+6M; 1M+3M+6M,True,mid,1,39,,,
DE,DE,,2,2008-12-29,2009-05-20,2008-12-29..2009-01-22; 2009-04-06..2009-05-20,1M+3M+6M; 1M+6M,True,large_plus,4,8,,,
DEA,DEA,,1,2020-04-13,2020-04-15,2020-04-13..2020-04-15,1M+3M+6M,True,mid,6,1,,,
DECK,DECK,,8,2005-12-13,2013-01-11,2005-12-13..2005-12-23; 2007-08-03..2007-08-13; 2007-11-01..2007-12-03; 2008-04-22..2008-04-24; 2011-03-01..2011-03-09; 2011-08-05..2011-08-08; 2011-09-29..2011-10-20; 2012-12-10..2013-01-11,1M+3M+6M; 3M+6M; 1M+3M+6M; 6M; 1M+3M+6M; 1M+3M+6M; 1M+3M+6M; 1M+3M+6M,True,small,2,23,,,
DELL,DELL,,2,2026-03-31,2026-09-21,2026-03-31..2026-04-01; 2026-05-15..2026-09-21,1M+3M+6M; 1M+3M+6M,True,large_plus,1,7,,,
DEN^23,DEN,,2,2021-03-02,2021-10-21,2021-03-02..2021-07-08; 2021-09-14..2021-10-21,1M+3M+6M; 6M,True,mid,2,12,,,
DERM.2^20,DERM,,3,2017-03-07,2020-01-16,2017-03-07..2017-03-17; 2019-03-18..2019-04-12; 2019-11-11..2020-01-16,1M; 1M+3M+6M; 1M+3M+6M,True,small,4,7,,,
DFDV,DFDV,,2,2025-04-14,2025-09-25,2025-04-14..2025-07-28; 2025-09-18..2025-09-25,1M+3M+6M; 6M,True,small,1,5,,,
DFH,DFH,,4,2024-03-12,2025-07-11,2024-03-12..2024-04-10; 2024-07-30..2024-08-01; 2025-03-12..2025-03-21; 2025-06-27..2025-07-11,1M+3M+6M; 1M; 1M; 6M,True,mid,8,7,,,
DFLI,DFLI,,1,2025-10-06,2025-10-27,2025-10-06..2025-10-27,1M+3M,False,small,1,3,,,
DFS^25,DFS,,4,2008-03-31,2020-06-22,2008-03-31..2008-04-22; 2008-08-05..2008-09-15; 2009-06-29..2009-07-14; 2020-06-10..2020-06-22,1M+3M+6M; 1M+3M+6M; 1M+3M+6M; 1M,True,mid,3,12,,,
DFTX,DFTX,,5,2020-12-11,2026-08-14,2020-12-11..2021-03-02; 2021-04-28..2021-06-08; 2021-06-10..2021-06-29; 2026-03-24..2026-04-02; 2026-06-23..2026-08-14,1M+3M+6M; 1M+3M+6M; 3M; 3M+6M; 1M+3M+6M,True,mid,1,12,,,
DFT^17,DFT,,1,2010-05-18,2010-06-04,2010-05-18..2010-06-04,1M+3M+6M,True,small,9,3,,,
DGII,DGII,,1,2022-10-13,2022-11-17,2022-10-13..2022-11-17,3M+6M,False,small,8,3,,,
DGI^17,DGI,,1,2012-08-01,2012-08-09,2012-08-01..2012-08-09,1M+3M+6M,True,small,3,2,,,
DGNX,DGNX,,1,2025-10-09,2025-11-07,2025-10-09..2025-11-07,1M+3M,False,mid,1,1,,,
DGXX,DGXX,,2,2025-10-23,2026-06-02,2025-10-23..2025-11-10; 2026-05-05..2026-06-02,1M+6M; 1M+3M,False,small,2,4,,,
DH,DH,,1,2022-06-23,2022-08-04,2022-06-23..2022-08-04,1M+6M,False,mid,5,4,,,
DHC,DHC,,3,2008-03-17,2023-07-19,2008-03-17..2008-03-19; 2009-01-28..2009-02-06; 2023-06-23..2023-07-19,1M+3M+6M; 6M; 1M+3M+6M,True,small,4,5,,,
DHI,DHI,,6,2007-12-14,2011-11-04,2007-12-14..2008-05-08; 2008-09-02..2008-09-19; 2008-12-10..2008-12-17; 2009-02-17..2009-05-08; 2009-08-06..2009-08-21; 2011-10-25..2011-11-04,1M+3M+6M; 1M+3M+6M; 1M; 1M+3M+6M; 1M+3M; 1M+3M+6M,True,mid,2,19,,,
DHT,DHT,,2,2019-10-24,2020-04-08,2019-10-24..2019-11-11; 2020-03-23..2020-04-08,1M+3M+6M; 1M+3M+6M,True,small,4,4,,,
DICE.1^23,DICE,,2,2022-10-07,2023-05-04,2022-10-07..2022-11-03; 2023-05-03..2023-05-04,1M+3M+6M; 1M+3M,True,small,2,3,,,
DIDIY,DIDIY,,6,2022-06-10,2025-07-31,2022-06-10..2022-08-02; 2022-11-15..2023-02-23; 2023-07-21..2023-08-14; 2024-04-16..2024-04-29; 2024-09-24..2024-10-11; 2025-07-24..2025-07-31,1M+3M+6M; 1M+3M+6M; 1M+3M+6M; 1M+3M+6M; 1M+3M+6M; 1M+3M+6M,True,large_plus,1,12,,,
DIN,DIN,,4,2008-01-28,2010-08-09,2008-01-28..2008-02-05; 2008-03-20..2008-04-01; 2009-04-29..2009-07-27; 2010-08-04..2010-08-09,1M; 1M+3M; 1M+3M+6M; 1M+6M,True,small,1,10,,,
DINO,DINO,,5,2006-06-08,2026-08-07,2006-06-08..2006-06-14; 2009-01-16..2009-02-18; 2022-05-09..2022-05-10; 2022-06-17..2022-06-22; 2026-08-06..2026-08-07,1M+3M+6M; 1M+3M+6M; 1M+6M; 3M+6M; 1M+3M+6M,True,large_plus,1,10,,,
DIOD,DIOD,,1,2026-06-16,2026-06-17,2026-06-16..2026-06-17,6M,False,mid,16,2,,,
DISH^24,DISH,,2,2020-05-20,2023-08-18,2020-05-20..2020-05-21; 2023-08-09..2023-08-18,1M; 1M+3M,False,large_plus,9,4,,,
DIVX.1^10,DIVX,,2,2006-11-16,2007-12-03,2006-11-16..2006-12-08; 2007-11-15..2007-12-03,1M; 1M+3M+6M,True,small,2,4,,,
DJT,DJT,,8,2022-01-06,2026-08-06,2022-01-06..2022-03-09; 2022-11-09..2022-11-29; 2024-01-17..2024-05-23; 2024-10-17..2024-11-08; 2024-12-20..2025-01-17; 2025-04-29..2025-05-09; 2025-12-29..2026-01-14; 2026-07-27..2026-08-06,1M+3M; 1M; 1M+3M+6M; 1M+3M; 3M; 1M+3M+6M; 1M; 1M,True,mid,1,16,,,
DJ^07,DJ,,1,2007-05-10,2007-05-18,2007-05-10..2007-05-18,1M+3M+6M,True,mid,1,1,,,
DK,DK,,6,2016-08-12,2026-09-21,2016-08-12..2016-08-15; 2022-04-25..2022-06-22; 2022-10-31..2022-11-15; 2025-11-07..2025-11-20; 2026-02-27..2026-03-25; 2026-08-05..2026-09-21,1M; 1M+3M+6M; 3M; 3M+6M; 1M; 3M+6M,True,mid,5,17,,,
DKNG,DKNG,,7,2020-06-19,2025-03-03,2020-06-19..2020-06-22; 2020-08-20..2020-10-14; 2020-12-01..2021-03-30; 2022-07-28..2022-09-19; 2022-11-23..2022-12-08; 2023-01-30..2023-03-14; 2025-02-21..2025-03-03,1M; 1M+3M; 1M+3M+6M; 1M+3M+6M; 1M+3M+6M; 1M+3M+6M; 1M+3M+6M,True,large_plus,1,22,,,
DKS,DKS,,6,2008-02-06,2022-02-04,2008-02-06..2008-02-20; 2008-09-09..2008-09-17; 2009-03-19..2009-03-20; 2009-04-20..2009-04-29; 2011-10-03..2011-10-07; 2022-01-25..2022-02-04,3M+6M; 1M+3M; 1M; 3M; 1M+3M+6M; 1M,True,mid,3,13,,,
DLB,DLB,,2,2007-11-20,2008-01-22,2007-11-20..2007-11-27; 2008-01-17..2008-01-22,1M+3M+6M; 1M+3M+6M,True,mid,1,2,,,
DLM^11,DLM,,1,2009-03-11,2009-03-13,2009-03-11..2009-03-13,6M,False,small,5,2,,,
DLO,DLO,,4,2021-08-23,2025-09-04,2021-08-23..2021-09-15; 2022-06-08..2022-06-16; 2023-08-18..2023-09-18; 2025-08-21..2025-09-04,1M+3M; 1M; 1M+3M+6M; 1M+6M,True,mid,1,9,,,
DLPN,DLPN,,2,2021-03-29,2021-09-16,2021-03-29..2021-05-05; 2021-08-10..2021-09-16,1M+3M+6M; 1M+3M+6M,True,small,2,4,,,
DLR,DLR,,3,2008-09-19,2020-04-13,2008-09-19..2008-10-02; 2009-01-28..2009-02-06; 2020-03-13..2020-04-13,6M; 6M; 1M+3M+6M,True,mid,2,7,,,
DLTR,DLTR,,4,2008-03-11,2025-04-24,2008-03-11..2008-04-09; 2008-07-29..2008-08-04; 2008-11-10..2008-12-19; 2025-04-14..2025-04-24,1M+3M; 1M+3M+6M; 1M+3M+6M; 1M+3M+6M,True,mid,1,13,,,
DM.1^19,DM,,1,2018-08-01,2018-08-07,2018-08-01..2018-08-07,1M+3M,False,small,9,1,,,
DMC,DMC,,5,2007-08-08,2009-02-02,2007-08-08..2007-08-23; 2007-11-01..2007-11-02; 2008-01-18..2008-01-30; 2008-11-18..2008-12-19; 2009-01-30..2009-02-02,6M; 1M+3M+6M; 1M+3M+6M; 1M+3M; 3M+6M,True,small,2,7,,,
DMND^16,DMND,,2,2012-05-23,2013-03-14,2012-05-23..2012-05-24; 2013-03-12..2013-03-14,1M+3M+6M; 1M+3M+6M,True,small,9,2,,,
DMRA,DMRA,,2,2025-12-15,2026-07-27,2025-12-15..2025-12-19; 2026-07-16..2026-07-27,3M+6M; 1M,False,small,1,4,,,
DMRC,DMRC,,1,2019-05-13,2019-06-04,2019-05-13..2019-06-04,1M+3M+6M,True,small,1,3,,,
DMTKQ^25,DMTKQ,DMTK,2,2020-12-30,2021-03-05,2020-12-30..2021-01-13; 2021-02-24..2021-03-05,1M; 3M+6M,False,small,6,7,,,
DM^25,DM,,1,2023-03-07,2023-04-11,2023-03-07..2023-04-11,1M+3M+6M,True,small,6,2,,,
DNA,DNA,,4,2021-11-11,2025-02-05,2021-11-11..2021-11-16; 2022-10-04..2022-10-13; 2023-05-24..2023-08-07; 2025-01-31..2025-02-05,1M; 1M+3M+6M; 1M+3M; 1M,True,mid,5,10,,,
DNKN^20,DNKN,,1,2011-10-03,2011-10-11,2011-10-03..2011-10-11,1M,False,mid,5,2,,,
DNLI,DNLI,,11,2018-09-21,2026-02-04,2018-09-21..2018-10-05; 2019-04-04..2019-04-24; 2020-01-23..2020-02-24; 2020-08-20..2020-12-31; 2022-06-30..2022-08-02; 2022-10-14..2022-10-21; 2023-05-16..2023-05-31; 2024-05-23..2024-08-07; 2025-02-06..2025-02-07; 2025-05-06..2025-05-09; 2026-02-02..2026-02-04,1M+3M+6M; 1M+3M+6M; 1M+3M+6M; 1M+3M+6M; 1M+3M+6M; 1M+6M; 1M; 1M+3M+6M; 1M; 1M; 1M,True,mid,1,25,,,
DNMRQ^25,DNMRQ,DNMR,1,2022-03-29,2022-04-12,2022-03-29..2022-04-12,1M,False,small,11,1,,,
DNN,DNN,,7,2010-12-08,2026-02-03,2010-12-08..2010-12-20; 2011-02-15..2011-02-25; 2021-05-20..2021-06-04; 2021-09-13..2021-09-17; 2021-10-18..2021-11-15; 2024-10-22..2024-10-24; 2026-01-02..2026-02-03,1M+3M+6M; 1M+3M+6M; 6M; 1M; 3M+6M; 1M; 1M,True,small,2,20,,,
DNOW,DNOW,,1,2016-03-08,2016-03-11,2016-03-08..2016-03-11,1M+6M,False,mid,10,2,,,
DNTH,DNTH,,3,2025-09-10,2026-08-17,2025-09-10..2025-09-18; 2026-02-05..2026-04-10; 2026-07-09..2026-08-17,1M; 1M+3M+6M; 6M,True,mid,4,10,,,
DNUT,DNUT,,1,2021-12-03,2022-01-18,2021-12-03..2022-01-18,1M+3M+6M,True,mid,1,4,,,
DOCN,DOCN,,3,2021-07-02,2026-06-24,2021-07-02..2021-11-30; 2023-02-16..2023-04-14; 2026-02-17..2026-06-24,1M+3M+6M; 1M+3M+6M; 1M+3M+6M,True,mid,1,18,,,
DOCS,DOCS,,3,2021-08-19,2025-02-27,2021-08-19..2021-09-23; 2022-02-16..2022-03-07; 2025-02-25..2025-02-27,1M; 1M+3M+6M; 1M+3M+6M,True,large_plus,1,8,,,
DOCU,DOCU,,5,2018-06-22,2023-06-16,2018-06-22..2018-06-26; 2018-08-13..2018-09-11; 2020-04-14..2020-09-15; 2022-12-19..2023-02-23; 2023-06-12..2023-06-16,1M; 1M+3M; 1M+3M+6M; 1M+3M+6M; 1M+3M+6M,True,large_plus,2,23,,,
DOGZ,DOGZ,,1,2022-01-07,2022-01-10,2022-01-07..2022-01-10,6M,False,small,9,2,,,
DOLE.1^13,DOLE,,1,2012-08-02,2012-08-08,2012-08-02..2012-08-08,1M+3M+6M,True,small,2,4,,,
DOMH,DOMH,,1,2025-02-18,2025-03-05,2025-02-18..2025-03-05,1M+3M+6M,True,small,1,1,,,
DOMO,DOMO,,7,2018-09-10,2026-07-30,2018-09-10..2018-09-14; 2019-01-10..2019-04-05; 2020-07-01..2020-07-09; 2020-09-08..2020-09-16; 2021-04-29..2021-04-30; 2023-04-19..2023-04-20; 2026-07-23..2026-07-30,1M; 1M+3M+6M; 3M; 6M; 6M; 1M; 1M,True,small,2,17,,,
DOVA^19,DOVA,,1,2018-06-25,2018-07-02,2018-06-25..2018-07-02,1M,False,small,6,1,,,
DOYU,DOYU,,3,2020-01-22,2020-09-14,2020-01-22..2020-01-23; 2020-06-24..2020-07-13; 2020-08-05..2020-09-14,6M; 1M; 3M+6M,False,mid,9,10,,,
DO^24,DO,,1,2023-02-21,2023-03-10,2023-02-21..2023-03-10,6M,False,small,7,1,,,
DPLO^20,DPLO,,5,2014-12-19,2018-11-07,2014-12-19..2014-12-23; 2015-03-27..2015-04-15; 2015-11-13..2015-11-23; 2017-02-02..2017-02-10; 2018-10-30..2018-11-07,1M; 1M+3M+6M; 1M+6M; 1M+3M+6M; 1M+3M+6M,True,small,5,12,,,
DPRO,DPRO,,3,2022-03-22,2025-10-13,2022-03-22..2022-04-11; 2025-07-17..2025-08-05; 2025-10-01..2025-10-13,1M; 1M; 1M+3M+6M,True,small,4,6,,,
DPZ,DPZ,,1,2020-03-31,2020-04-02,2020-03-31..2020-04-02,1M+3M+6M,True,large_plus,5,2,,,
DQ,DQ,,11,2017-11-28,2025-12-12,2017-11-28..2018-01-26; 2018-04-13..2018-04-24; 2019-02-25..2019-03-05; 2019-06-06..2019-06-26; 2020-02-14..2020-03-04; 2020-08-25..2021-02-05; 2021-05-07..2021-05-27; 2021-10-21..2021-11-01; 2022-03-01..2022-03-02; 2022-05-26..2022-07-20; 2025-11-03..2025-12-12,1M+3M+6M; 1M+3M+6M; 3M+6M; 1M+3M+6M; 1M+3M+6M; 1M+3M+6M; 6M; 1M; 1M; 1M+3M+6M; 1M+6M,True,small,1,35,,,
DRCT,DRCT,,1,2023-12-11,2023-12-15,2023-12-11..2023-12-15,1M+3M+6M,True,small,1,1,,,
DRC^15,DRC,,1,2009-02-24,2009-02-27,2009-02-24..2009-02-27,1M+3M,False,small,8,3,,,
DRD,DRD,,2,2006-05-12,2020-07-10,2006-05-12..2006-05-25; 2020-06-24..2020-07-10,1M+3M+6M; 1M+6M,True,small,7,4,,,
DRE^22,DRE,,3,2008-07-31,2009-08-27,2008-07-31..2008-08-08; 2009-01-06..2009-01-07; 2009-08-24..2009-08-27,3M+6M; 1M; 1M+3M,False,mid,6,4,,,
DRH,DRH,,2,2009-10-06,2011-10-24,2009-10-06..2009-10-14; 2011-10-21..2011-10-24,1M; 1M,False,small,11,3,,,
DRI,DRI,,1,2008-12-18,2009-04-02,2008-12-18..2009-04-02,1M+3M+6M,True,mid,2,7,,,
DRIV.1^15,DRIV,,1,2011-09-30,2011-10-06,2011-09-30..2011-10-06,1M+3M,False,small,5,1,,,
DRK,DRK,,1,2021-06-15,2021-10-28,2021-06-15..2021-10-28,1M+3M+6M,True,small,1,4,,,
DRNA^21,DRNA,,2,2019-11-15,2021-07-27,2019-11-15..2019-12-23; 2021-06-15..2021-07-27,1M+3M+6M; 1M+3M+6M,True,mid,5,9,,,
DRS,DRS,,1,2025-04-16,2025-04-21,2025-04-16..2025-04-21,6M,False,mid,12,3,,,
DRTS,DRTS,,1,2026-06-30,2026-07-09,2026-06-30..2026-07-09,6M,False,small,12,2,,,
DRUG,DRUG,,2,2024-10-21,2026-01-21,2024-10-21..2024-11-13; 2025-12-05..2026-01-21,1M+3M+6M; 1M+6M,True,small,1,3,,,
DRYS^19,DRYS,,12,2007-05-16,2018-07-16,2007-05-16..2007-06-13; 2007-07-24..2007-11-02; 2008-02-15..2008-03-05; 2008-04-24..2008-05-30; 2008-12-31..2009-01-15; 2009-04-01..2009-05-07; 2010-11-23..2010-11-24; 2012-02-07..2012-03-07; 2013-01-23..2013-02-04; 2013-08-20..2013-10-11; 2017-10-11..2017-12-08; 2018-07-02..2018-07-16,1M+3M+6M; 1M+3M+6M; 1M+3M+6M; 1M+3M+6M; 1M; 1M; 1M+3M+6M; 1M+3M+6M; 1M+3M+6M; 1M+3M+6M; 1M+3M+6M; 1M+3M+6M,True,small,1,33,,,
DSEY^23,DSEY,,1,2022-06-01,2022-06-02,2022-06-01..2022-06-02,1M,False,mid,4,1,,,
DSKY^16,DSKY,,1,2015-06-26,2015-06-30,2015-06-26..2015-06-30,3M,False,small,10,1,,,
DSX,DSX,,7,2007-07-25,2013-04-11,2007-07-25..2007-08-03; 2007-10-11..2007-11-09; 2008-02-19..2008-02-22; 2008-08-18..2008-08-21; 2009-01-05..2009-02-19; 2009-11-23..2009-12-01; 2013-04-02..2013-04-11,1M+3M+6M; 1M+3M+6M; 1M+3M+6M; 6M; 1M; 1M+3M; 1M+3M+6M,True,small,1,13,,,
DT,DT,,5,2019-11-14,2022-11-18,2019-11-14..2020-02-27; 2020-05-26..2020-08-03; 2020-09-11..2020-09-15; 2021-02-24..2021-03-25; 2022-11-16..2022-11-18,1M+3M+6M; 1M+3M+6M; 1M+3M+6M; 1M+3M+6M; 6M,True,large_plus,5,17,,,
DTIL,DTIL,,1,2019-12-03,2019-12-06,2019-12-03..2019-12-06,1M+3M+6M,True,small,5,2,,,
DTV.2^15,DTV,,1,2008-12-10,2009-01-16,2008-12-10..2009-01-16,3M+6M,False,large_plus,1,4,,,
DUOL,DUOL,,8,2021-09-22,2025-04-29,2021-09-22..2021-10-01; 2022-06-21..2022-07-21; 2023-03-10..2023-03-21; 2023-05-25..2023-06-22; 2023-10-19..2023-11-22; 2024-03-18..2024-03-19; 2025-02-24..2025-02-28; 2025-04-22..2025-04-29,1M; 1M+3M+6M; 1M+3M+6M; 6M; 1M+3M+6M; 1M; 1M+3M+6M; 1M+3M+6M,True,mid,1,20,,,
DV,DV,,1,2022-10-27,2022-11-02,2022-10-27..2022-11-02,3M+6M,False,mid,8,1,,,
DVAX^26,DVAX,,12,2006-10-06,2022-08-12,2006-10-06..2006-12-19; 2015-03-25..2015-04-07; 2015-07-28..2015-09-25; 2016-04-06..2016-04-19; 2017-06-16..2017-10-19; 2018-04-02..2018-04-24; 2019-01-25..2019-01-30; 2020-06-01..2020-06-26; 2021-04-15..2021-04-26; 2021-08-23..2021-11-10; 2022-06-01..2022-06-13; 2022-06-30..2022-08-12,1M+3M+6M; 1M+3M+6M; 1M+3M+6M; 1M; 1M+3M+6M; 1M+3M+6M; 1M+6M; 1M; 3M; 1M+3M+6M; 1M; 3M,True,small,1,36,,,
DVLT,DVLT,,1,2025-09-29,2025-11-06,2025-09-29..2025-11-06,1M+3M,False,small,1,4,,,
DVN,DVN,,5,2020-04-28,2022-05-20,2020-04-28..2020-04-30; 2020-11-19..2020-11-20; 2021-01-15..2021-03-23; 2021-12-15..2022-03-23; 2022-05-09..2022-05-20,1M; 1M; 1M+3M+6M; 1M+3M+6M; 1M+3M+6M,True,large_plus,1,20,,,
DWA^16,DWA,,2,2014-10-09,2015-03-16,2014-10-09..2014-10-13; 2015-03-05..2015-03-16,1M+3M+6M; 6M,True,mid,2,4,,,
DWRE^16,DWRE,,2,2014-05-30,2014-11-25,2014-05-30..2014-07-08; 2014-10-28..2014-11-25,1M+3M+6M; 1M+3M+6M,True,mid,1,6,,,
DWSN,DWSN,,2,2007-05-14,2007-08-29,2007-05-14..2007-05-17; 2007-07-09..2007-08-29,1M+3M+6M; 1M+3M+6M,True,small,3,8,,,
DXCM,DXCM,,4,2015-09-28,2020-05-29,2015-09-28..2015-09-29; 2018-11-12..2018-11-23; 2020-02-26..2020-03-10; 2020-04-17..2020-05-29,1M+3M+6M; 1M+3M+6M; 1M+3M+6M; 1M+3M+6M,True,large_plus,1,7,,,
DXPE,DXPE,,3,2006-05-01,2008-09-25,2006-05-01..2006-05-24; 2007-04-27..2007-06-07; 2008-09-15..2008-09-25,1M+3M+6M; 1M+3M+6M; 3M+6M,True,small,1,7,,,
DXR,DXR,,1,2018-03-19,2018-03-23,2018-03-19..2018-03-23,1M+3M+6M,True,small,2,2,,,
DY,DY,,4,2020-04-20,2026-02-17,2020-04-20..2020-04-21; 2020-09-08..2020-09-11; 2020-11-09..2020-11-13; 2026-02-13..2026-02-17,1M; 6M; 3M+6M; 3M,False,small,7,7,,,
DYAI,DYAI,,1,2021-08-11,2021-09-15,2021-08-11..2021-09-15,1M+3M,False,small,5,2,,,
DYAX^16,DYAX,,5,2007-04-16,2015-11-03,2007-04-16..2007-05-02; 2013-10-30..2013-12-13; 2014-06-04..2014-08-06; 2014-10-31..2015-03-13; 2015-10-23..2015-11-03,1M+3M+6M; 1M+3M+6M; 1M+3M+6M; 1M+3M+6M; 1M+3M+6M,True,small,1,19,,,
DYN,DYN,,5,2024-01-03,2026-07-31,2024-01-03..2024-04-10; 2024-05-21..2024-08-22; 2025-05-12..2025-05-13; 2025-11-04..2025-11-12; 2026-07-28..2026-07-31,1M+3M+6M; 1M+3M+6M; 1M; 1M+3M; 3M,True,mid,1,19,,,
DYN.2^18,DYN,,3,2016-03-17,2017-06-09,2016-03-17..2016-04-11; 2016-06-10..2016-06-16; 2017-05-26..2017-06-09,1M; 1M+3M+6M; 1M+3M+6M,True,small,4,9,,,
EAC.1^10,EAC,,1,2008-06-24,2008-07-07,2008-06-24..2008-07-07,1M+3M+6M,True,mid,6,2,,,
EAF,EAF,,2,2018-08-03,2019-12-06,2018-08-03..2018-08-15; 2019-11-19..2019-12-06,1M+3M; 1M+3M+6M,True,mid,3,3,,,
EAT,EAT,,6,2008-08-11,2025-05-05,2008-08-11..2008-08-22; 2008-12-23..2009-01-06; 2009-02-04..2009-04-30; 2020-08-28..2020-11-12; 2022-02-17..2022-02-23; 2025-04-23..2025-05-05,6M; 1M; 1M+3M+6M; 1M+3M+6M; 1M; 1M+3M+6M,True,mid,2,23,,,
EA^26,EA,,1,2019-02-19,2019-02-28,2019-02-19..2019-02-28,1M+3M+6M,True,large_plus,1,3,,,
EBIXQ^24,EBIXQ,EBIX,5,2009-11-03,2023-08-09,2009-11-03..2009-11-04; 2010-10-06..2010-11-15; 2011-03-14..2011-03-24; 2019-06-17..2019-06-18; 2023-07-06..2023-08-09,1M+3M+6M; 1M+3M+6M; 1M+3M+6M; 1M+3M+6M; 3M+6M,True,small,4,10,,,
EBODF,EBODF,,3,2006-02-07,2008-01-16,2006-02-07..2006-02-27; 2007-10-02..2007-10-25; 2008-01-03..2008-01-16,1M+3M+6M; 1M+3M+6M; 1M+6M,True,small,1,6,,,
EBON,EBON,,1,2020-09-17,2020-09-25,2020-09-17..2020-09-25,1M,False,small,6,2,,,
EBS,EBS,,7,2008-11-10,2024-11-11,2008-11-10..2009-01-13; 2019-09-11..2019-09-20; 2020-04-20..2020-05-12; 2020-07-30..2020-08-19; 2024-02-29..2024-03-11; 2024-05-07..2024-08-06; 2024-10-17..2024-11-11,1M+3M+6M; 1M+3M+6M; 3M; 1M+6M; 1M; 1M+3M+6M; 1M+6M,True,small,1,17,,,
EB^26,EB,,3,2019-11-15,2021-03-17,2019-11-15..2019-11-25; 2020-11-16..2020-11-18; 2021-03-11..2021-03-17,6M; 1M; 1M,False,small,8,5,,,
EC,EC,,3,2015-02-19,2018-02-08,2015-02-19..2015-02-23; 2016-03-08..2016-03-21; 2018-02-07..2018-02-08,1M+3M+6M; 1M+3M+6M; 1M+3M+6M,True,large_plus,1,7,,,
ECG,ECG,,2,2025-01-30,2026-03-02,2025-01-30..2025-02-05; 2026-02-25..2026-03-02,3M; 1M,False,mid,10,4,,,
ECOM^22,ECOM,,2,2014-01-21,2014-07-14,2014-01-21..2014-02-03; 2014-06-30..2014-07-14,6M; 1M,False,small,9,3,,,
ECOR,ECOR,,1,2020-07-31,2020-08-10,2020-07-31..2020-08-10,1M,False,small,3,1,,,
ECPG,ECPG,,1,2016-11-18,2016-11-30,2016-11-18..2016-11-30,1M+3M,False,small,4,2,,,
ECYT^18,ECYT,,5,2012-04-18,2018-09-14,2012-04-18..2012-04-26; 2014-03-24..2014-04-11; 2014-09-24..2014-09-25; 2017-10-04..2017-11-14; 2018-03-06..2018-09-14,1M+3M+6M; 1M+3M; 1M+3M; 1M+3M+6M; 1M+3M+6M,True,small,1,15,,,
EDIT,EDIT,,11,2016-04-12,2023-12-05,2016-04-12..2016-04-20; 2017-02-16..2017-03-23; 2017-08-14..2018-03-23; 2018-06-05..2018-06-06; 2018-11-27..2018-12-12; 2019-08-07..2019-08-08; 2019-11-26..2019-12-09; 2020-12-09..2021-01-15; 2021-06-30..2021-09-16; 2023-05-05..2023-05-12; 2023-11-15..2023-12-05,1M; 1M+3M+6M; 1M+3M+6M; 6M; 1M+3M+6M; 6M; 1M+6M; 1M+3M; 1M+3M+6M; 1M; 1M+3M+6M,True,small,1,33,,,
EDR^25,EDR,,2,2021-10-06,2021-12-27,2021-10-06..2021-10-08; 2021-11-22..2021-12-27,1M+3M; 1M+3M+6M,True,large_plus,1,4,,,
EDSA,EDSA,,3,2020-08-07,2026-05-19,2020-08-07..2020-09-10; 2021-09-20..2021-10-27; 2026-03-09..2026-05-19,3M+6M; 1M+3M+6M; 1M+3M+6M,True,small,1,10,,,
EDU,EDU,,11,2007-01-22,2023-02-07,2007-01-22..2007-03-05; 2007-10-19..2007-11-13; 2007-12-21..2008-01-14; 2008-03-11..2008-04-18; 2008-07-24..2008-08-19; 2011-09-22..2011-09-26; 2012-10-01..2012-12-07; 2017-06-14..2017-06-20; 2021-10-20..2021-10-25; 2022-06-08..2022-09-14; 2022-11-08..2023-02-07,1M+3M; 1M+3M+6M; 1M+3M+6M; 1M+3M+6M; 1M+3M+6M; 1M+3M+6M; 1M+3M+6M; 1M+3M+6M; 1M; 1M+3M+6M; 1M+3M+6M,True,mid,1,34,,,
EDVA,EDVA,,1,2022-01-19,2022-02-24,2022-01-19..2022-02-24,1M+3M+6M,True,small,1,2,,,
EE,EE,,1,2022-09-07,2022-09-08,2022-09-07..2022-09-08,1M,False,mid,9,1,,,
EEIQ,EEIQ,EEI,1,2021-09-22,2021-09-29,2021-09-22..2021-09-29,1M+3M,False,small,3,2,,,
EFC,EFC,,1,2020-05-04,2020-05-07,2020-05-04..2020-05-07,1M,False,small,12,2,,,
EFOI,EFOI,,1,2015-09-02,2015-09-17,2015-09-02..2015-09-17,1M+3M+6M,True,small,1,2,,,
EFOR,EFOR,,1,2026-07-31,2026-09-21,2026-07-31..2026-09-21,1M+3M,False,small,1,1,,,
EFUT.1^17,EFUT,,1,2007-10-08,2007-11-07,2007-10-08..2007-11-07,1M+3M,False,small,5,3,,,
EGAN,EGAN,,1,2018-07-12,2018-08-03,2018-07-12..2018-08-03,3M+6M,False,small,6,1,,,
EGHT,EGHT,,3,2006-01-17,2021-01-06,2006-01-17..2006-01-19; 2016-01-28..2016-02-10; 2020-12-18..2021-01-06,6M; 1M+3M+6M; 1M,True,small,1,5,,,
EGLE.3^24,EGLE,,3,2016-11-22,2022-06-09,2016-11-22..2016-12-02; 2022-02-24..2022-03-18; 2022-04-22..2022-06-09,1M; 3M; 1M+3M+6M,True,small,2,6,,,
EGN^18,EGN,,1,2016-03-17,2016-05-19,2016-03-17..2016-05-19,1M+3M+6M,True,mid,6,7,,,
EGO,EGO,,16,2007-07-13,2020-03-11,2007-07-13..2007-07-17; 2008-03-10..2008-04-11; 2008-07-09..2008-07-14; 2008-11-26..2009-04-08; 2010-05-20..2010-05-26; 2011-08-23..2011-08-24; 2013-08-01..2013-09-05; 2014-12-09..2015-01-27; 2015-10-09..2015-10-29; 2016-02-24..2016-03-24; 2016-05-09..2016-06-17; 2016-10-04..2016-10-05; 2016-12-30..2017-02-24; 2019-07-05..2019-09-12; 2019-11-11..2019-11-14; 2020-02-27..2020-03-11,1M+3M+6M; 1M+3M+6M; 1M+3M+6M; 1M+3M+6M; 1M+3M+6M; 1M+3M+6M; 1M+3M+6M; 1M+3M+6M; 1M+3M+6M; 1M+3M+6M; 1M+3M+6M; 1M+3M+6M; 1M+3M+6M; 1M+3M+6M; 6M; 1M,True,mid,1,45,,,
EGOV^21,EGOV,,1,2020-04-06,2020-04-14,2020-04-06..2020-04-14,1M+3M+6M,True,small,6,3,,,
EGRX,EGRX,,6,2015-03-05,2016-12-01,2015-03-05..2015-08-12; 2015-09-23..2015-09-29; 2015-11-18..2015-12-30; 2016-05-16..2016-06-10; 2016-08-24..2016-09-13; 2016-11-10..2016-12-01,1M+3M+6M; 1M+3M+6M; 1M+3M+6M; 1M+6M; 1M+3M; 1M+3M+6M,True,small,1,22,,,
EGY,EGY,,3,2006-06-29,2022-06-22,2006-06-29..2006-08-04; 2022-04-08..2022-04-28; 2022-06-08..2022-06-22,1M+3M+6M; 1M+3M+6M; 3M+6M,True,small,2,7,,,
EH,EH,,9,2020-12-08,2025-03-28,2020-12-08..2021-02-22; 2021-06-14..2021-07-06; 2022-12-12..2023-02-15; 2023-06-28..2023-08-17; 2023-10-17..2023-10-25; 2023-12-07..2023-12-12; 2024-03-19..2024-04-09; 2024-10-07..2024-10-24; 2025-02-12..2025-03-28,1M+3M+6M; 1M+6M; 1M+3M+6M; 1M+3M+6M; 1M+3M+6M; 6M; 1M; 1M; 1M+3M+6M,True,small,1,25,,,
EHC,EHC,,3,2005-06-28,2006-08-29,2005-06-28..2005-07-01; 2005-12-27..2006-01-20; 2006-08-17..2006-08-29,1M+3M+6M; 1M+3M+6M; 1M+3M+6M,True,small,1,6,,,
EHTH,EHTH,,7,2007-11-21,2020-04-02,2007-11-21..2007-11-26; 2013-10-29..2013-11-13; 2018-11-27..2018-12-13; 2019-02-06..2019-04-22; 2019-05-30..2019-06-04; 2019-11-12..2019-11-14; 2020-01-30..2020-04-02,1M+3M+6M; 1M+3M+6M; 1M+3M+6M; 1M+3M+6M; 1M+3M+6M; 1M+6M; 1M+3M+6M,True,small,1,24,,,
EIGRQ^24,EIGRQ,EIGR,1,2022-03-22,2022-04-11,2022-03-22..2022-04-11,1M+3M,False,small,2,1,,,
EJH,EJH,,1,2023-11-20,2023-12-29,2023-11-20..2023-12-29,1M+3M+6M,True,small,1,2,,,
EJ^16,EJ,,7,2007-10-08,2014-09-02,2007-10-08..2007-11-02; 2009-05-13..2009-05-27; 2009-07-14..2009-07-20; 2009-10-08..2009-10-12; 2013-09-17..2013-12-30; 2014-03-10..2014-03-14; 2014-08-05..2014-09-02,1M; 6M; 6M; 6M; 1M+3M+6M; 1M+3M+6M; 1M+3M+6M,True,small,1,16,,,
ELEV^25,ELEV,,2,2023-05-26,2024-02-20,2023-05-26..2023-05-31; 2024-01-31..2024-02-20,1M+3M+6M; 1M+3M+6M,True,small,1,5,,,
ELF,ELF,,3,2019-05-09,2026-07-10,2019-05-09..2019-05-13; 2024-06-05..2024-07-10; 2026-07-02..2026-07-10,1M+3M+6M; 1M+3M+6M; 1M,True,large_plus,2,9,,,
ELLI^19,ELLI,,4,2012-08-20,2016-03-02,2012-08-20..2012-10-04; 2013-01-02..2013-01-11; 2013-08-12..2013-08-21; 2016-01-27..2016-03-02,1M+3M+6M; 1M+3M+6M; 1M+3M+6M; 1M+3M+6M,True,small,1,11,,,
ELN^13,ELN,,2,2008-06-26,2009-01-27,2008-06-26..2008-06-27; 2009-01-22..2009-01-27,1M+3M+6M; 1M,True,large_plus,1,4,,,
ELON.1^18,ELON,,1,2007-07-13,2007-10-18,2007-07-13..2007-10-18,1M+3M+6M,True,small,1,5,,,
ELV,ELV,,2,2008-12-22,2009-05-04,2008-12-22..2009-02-10; 2009-04-08..2009-05-04,3M+6M; 6M,False,large_plus,1,7,,,
ELVN,ELVN,,4,2022-09-12,2026-08-13,2022-09-12..2022-10-19; 2026-02-02..2026-02-09; 2026-03-26..2026-04-29; 2026-06-26..2026-08-13,1M+3M+6M; 1M; 1M+3M+6M; 1M+6M,True,small,2,12,,,
ELYS,ELYS,,1,2020-12-29,2020-12-31,2020-12-29..2020-12-31,1M,False,small,8,1,,,
EM.3^11,EM,,1,2011-08-08,2011-08-15,2011-08-08..2011-08-15,1M+3M+6M,True,small,1,3,,,
EMAN^23,EMAN,,1,2021-03-03,2021-03-16,2021-03-03..2021-03-16,3M,False,small,6,1,,,
EMBC,EMBC,,1,2023-02-16,2023-02-21,2023-02-16..2023-02-21,1M,False,small,13,1,,,
EMC.2^16,EMC,,1,2008-12-19,2009-02-24,2008-12-19..2009-02-24,1M+3M+6M,True,large_plus,2,4,,,
EME,EME,,1,2008-12-16,2008-12-30,2008-12-16..2008-12-30,1M,False,small,6,4,,,
EMESQ^19,EMESQ,EMES,3,2014-04-10,2017-02-28,2014-04-10..2014-06-27; 2016-06-16..2016-07-15; 2017-02-09..2017-02-28,1M+3M+6M; 1M+3M+6M; 1M+3M+6M,True,small,1,9,,,
EMKR^25,EMKR,,2,2007-08-09,2008-01-11,2007-08-09..2007-08-29; 2007-12-19..2008-01-11,1M+3M+6M; 1M+3M+6M,True,small,1,6,,,
EMPD,EMPD,,1,2025-07-28,2025-07-29,2025-07-28..2025-07-29,1M,False,small,12,1,,,
EMR,EMR,,1,2008-12-24,2008-12-30,2008-12-24..2008-12-30,3M+6M,False,large_plus,8,2,,,
EMS^11,EMS,,1,2009-01-07,2009-01-08,2009-01-07..2009-01-08,6M,False,small,9,1,,,
EMU^07,EMU,,1,2007-05-21,2007-06-08,2007-05-21..2007-06-08,1M+3M+6M,True,small,5,2,,,
ENCY^08,ENCY,,2,2006-12-05,2007-06-19,2006-12-05..2006-12-08; 2007-06-11..2007-06-19,3M+6M; 1M+3M+6M,True,small,2,3,,,
ENDPQ^24,ENDPQ,ENDP,8,2008-11-21,2021-11-30,2008-11-21..2008-12-10; 2016-07-11..2016-08-31; 2017-05-17..2017-06-12; 2018-06-12..2018-08-28; 2019-09-13..2019-12-09; 2020-01-16..2020-02-27; 2020-10-08..2020-10-30; 2021-10-05..2021-11-30,3M; 1M+3M+6M; 1M+3M+6M; 1M+3M+6M; 1M+3M+6M; 1M+3M+6M; 1M; 1M+3M,True,small,1,28,,,
ENFY,ENFY,,1,2009-11-18,2009-12-21,2009-11-18..2009-12-21,1M+3M+6M,True,small,4,3,,,
ENLC^25,ENLC,,3,2021-06-18,2022-05-17,2021-06-18..2021-06-22; 2022-03-08..2022-03-09; 2022-05-05..2022-05-17,3M; 6M; 1M+3M+6M,True,mid,11,6,,,
ENLK^19,ENLK,,1,2016-03-21,2016-06-16,2016-03-21..2016-06-16,1M+3M+6M,True,mid,2,7,,,
ENLV,ENLV,,1,2020-10-01,2020-10-28,2020-10-01..2020-10-28,1M+3M,False,small,3,2,,,
ENOC^17,ENOC,,1,2016-03-01,2016-03-07,2016-03-01..2016-03-07,3M,False,small,4,3,,,
ENOV,ENOV,,2,2008-07-07,2011-12-02,2008-07-07..2008-07-22; 2011-11-16..2011-12-02,1M; 1M+6M,False,small,3,4,,,
ENPH,ENPH,,20,2014-09-15,2026-06-11,2014-09-15..2014-09-29; 2015-02-17..2015-02-26; 2018-05-25..2018-07-20; 2018-10-16..2018-11-07; 2019-01-31..2019-03-26; 2019-08-07..2019-09-04; 2019-12-12..2020-03-10; 2020-04-29..2020-06-02; 2020-07-21..2020-08-06; 2020-10-06..2021-02-19; 2021-07-15..2021-08-16; 2021-11-23..2021-12-03; 2022-02-28..2022-04-18; 2022-06-08..2022-09-27; 2022-11-11..2022-12-16; 2023-12-20..2024-01-05; 2024-02-23..2024-03-13; 2024-06-07..2024-06-18; 2026-02-05..2026-02-23; 2026-05-15..2026-06-11,1M+3M+6M; 1M+3M+6M; 1M+3M+6M; 1M+3M+6M; 1M+3M+6M; 1M+3M+6M; 1M+3M+6M; 1M+3M+6M; 1M+6M; 1M+3M+6M; 1M+3M+6M; 1M+3M+6M; 1M+3M+6M; 1M+3M+6M; 1M+3M+6M; 1M+3M+6M; 1M+3M+6M; 1M+3M+6M; 1M; 1M,True,large_plus,1,66,,,
ENS,ENS,,3,2008-01-22,2011-11-25,2008-01-22..2008-01-23; 2008-05-23..2008-06-06; 2011-11-21..2011-11-25,3M+6M; 1M; 1M,False,small,4,5,,,
ENSC,ENSC,,1,2021-12-15,2022-01-13,2021-12-15..2022-01-13,1M+3M,False,small,1,1,,,
ENTA,ENTA,,5,2014-02-24,2019-02-26,2014-02-24..2014-04-02; 2014-10-21..2014-12-12; 2018-02-08..2018-02-16; 2018-11-26..2018-12-04; 2019-02-20..2019-02-26,1M+3M+6M; 1M+3M+6M; 1M+3M+6M; 1M+3M+6M; 1M+3M+6M,True,small,4,13,,,
ENTG,ENTG,,5,2010-05-03,2026-07-01,2010-05-03..2010-05-05; 2011-10-28..2011-11-02; 2022-03-01..2022-03-02; 2026-02-04..2026-03-02; 2026-06-22..2026-07-01,1M; 3M+6M; 6M; 1M+3M; 1M,False,large_plus,6,7,,,
ENTR.1^15,ENTR,,2,2010-07-29,2011-05-03,2010-07-29..2010-10-08; 2011-05-02..2011-05-03,1M+3M+6M; 6M,True,small,1,5,,,
ENTX,ENTX,,3,2021-03-15,2026-09-04,2021-03-15..2021-04-01; 2021-06-23..2021-07-16; 2026-07-27..2026-09-04,1M+3M+6M; 1M+6M; 1M+3M+6M,True,small,1,5,,,
ENVB,ENVB,,1,2021-09-08,2021-09-16,2021-09-08..2021-09-16,1M,False,small,7,1,,,
ENVX,ENVX,,10,2021-09-23,2025-08-01,2021-09-23..2021-12-07; 2022-06-07..2022-06-16; 2022-08-03..2022-09-27; 2023-03-02..2023-04-24; 2023-06-02..2023-07-31; 2024-05-17..2024-07-25; 2024-10-08..2024-10-25; 2025-01-02..2025-01-22; 2025-02-05..2025-02-10; 2025-07-07..2025-08-01,1M+3M; 1M; 1M+3M+6M; 1M+3M+6M; 1M+3M+6M; 1M+3M+6M; 1M+6M; 1M; 3M; 1M+3M+6M,True,mid,1,27,,,
EOCN,EOCN,,1,2018-06-13,2018-08-02,2018-06-13..2018-08-02,1M+3M+6M,True,small,1,1,,,
EOG,EOG,,3,2008-11-19,2021-03-23,2008-11-19..2008-11-28; 2009-05-18..2009-05-19; 2021-03-09..2021-03-23,1M+3M+6M; 1M; 1M+3M+6M,True,large_plus,3,7,,,
EOLS,EOLS,,5,2018-06-06,2021-04-06,2018-06-06..2018-07-05; 2019-02-04..2019-03-12; 2019-04-26..2019-05-08; 2019-07-17..2019-07-22; 2021-03-02..2021-04-06,1M+3M; 1M+3M+6M; 1M+3M+6M; 1M+6M; 1M+3M,True,small,2,10,,,
EONR,EONR,,1,2026-03-16,2026-03-31,2026-03-16..2026-03-31,1M+3M+6M,True,small,3,2,,,
EOSE,EOSE,,7,2023-06-07,2026-01-23,2023-06-07..2023-07-17; 2023-09-06..2023-09-12; 2024-07-05..2024-11-05; 2024-12-16..2025-02-07; 2025-04-25..2025-05-20; 2025-09-08..2025-11-20; 2026-01-20..2026-01-23,1M+3M+6M; 1M+3M+6M; 1M+3M+6M; 1M+6M; 1M+6M; 1M+3M+6M; 6M,True,small,2,19,,,
EPAM,EPAM,,1,2022-04-13,2022-06-13,2022-04-13..2022-06-13,1M+3M+6M,True,large_plus,1,3,,,
EPC,EPC,,1,2026-06-30,2026-07-02,2026-06-30..2026-07-02,1M,False,small,12,3,,,
EPD,EPD,,1,2008-11-07,2008-11-13,2008-11-07..2008-11-13,1M+3M+6M,True,large_plus,2,2,,,
EPIX^25,EPIX,,2,2021-03-03,2022-12-08,2021-03-03..2021-03-30; 2022-10-28..2022-12-08,1M+3M+6M; 1M+3M,True,small,1,3,,,
EPR,EPR,,1,2020-11-16,2020-11-24,2020-11-16..2020-11-24,1M,False,mid,12,1,,,
EPSM,EPSM,,1,2025-09-09,2025-09-18,2025-09-09..2025-09-18,1M,False,small,2,2,,,
EPWKF,EPWKF,,1,2025-05-01,2025-05-13,2025-05-01..2025-05-13,1M+3M,False,mid,1,1,,,
EPZM^22,EPZM,,6,2014-01-13,2020-01-29,2014-01-13..2014-01-31; 2014-08-15..2014-08-29; 2015-06-25..2015-07-22; 2017-09-15..2017-10-13; 2019-06-07..2019-07-15; 2019-12-16..2020-01-29,1M; 1M+3M+6M; 1M+3M+6M; 1M+3M+6M; 1M+3M+6M; 1M+3M+6M,True,small,3,13,,,
EQ,EQ,,2,2020-07-13,2025-09-17,2020-07-13..2020-08-03; 2025-08-18..2025-09-17,1M+3M+6M; 1M+3M,True,small,1,6,,,
EQIX,EQIX,,3,2007-11-09,2020-04-17,2007-11-09..2007-11-14; 2007-11-16..2007-11-19; 2020-04-16..2020-04-17,1M; 6M; 1M+3M+6M,True,mid,6,4,,,
EQM^20,EQM,,3,2016-01-05,2020-05-04,2016-01-05..2016-01-12; 2016-02-23..2016-03-04; 2020-04-23..2020-05-04,1M+3M+6M; 3M+6M; 1M,True,mid,1,7,,,
EQRX^23,EQRX,,3,2022-06-29,2022-11-08,2022-06-29..2022-07-20; 2022-07-28..2022-07-29; 2022-10-21..2022-11-08,3M; 6M; 6M,False,mid,4,6,,,
EQT,EQT,,8,2011-10-31,2022-09-08,2011-10-31..2011-11-01; 2016-01-27..2016-02-12; 2018-12-19..2019-01-24; 2020-03-16..2020-06-12; 2020-07-31..2020-08-27; 2021-05-13..2021-05-14; 2022-04-22..2022-06-15; 2022-08-03..2022-09-08,3M+6M; 1M+3M+6M; 1M+3M+6M; 1M+3M+6M; 6M; 1M; 1M+3M+6M; 1M+3M+6M,True,mid,1,17,,,
EQX,EQX,,4,2020-06-05,2026-03-12,2020-06-05..2020-06-16; 2023-03-24..2023-03-31; 2023-05-11..2023-05-16; 2026-01-21..2026-03-12,6M; 1M+3M+6M; 3M+6M; 1M+3M+6M,True,small,5,10,,,
ERAS,ERAS,,2,2026-01-07,2026-07-29,2026-01-07..2026-04-30; 2026-06-17..2026-07-29,1M+3M+6M; 1M+6M,True,mid,1,15,,,
ERF^24,ERF,,4,2015-02-06,2022-06-22,2015-02-06..2015-02-23; 2021-11-22..2021-12-20; 2022-01-27..2022-03-21; 2022-06-17..2022-06-22,1M+3M+6M; 1M+3M+6M; 1M+3M+6M; 6M,True,mid,1,9,,,
ERIE,ERIE,,1,2020-04-03,2020-04-13,2020-04-03..2020-04-13,1M+3M+6M,True,mid,4,1,,,
ERII,ERII,,2,2015-10-28,2016-10-11,2015-10-28..2015-11-20; 2016-09-30..2016-10-11,1M+3M+6M; 1M+3M+6M,True,small,1,3,,,
ERS^17,ERS,,1,2006-10-27,2006-11-14,2006-10-27..2006-11-14,1M+3M+6M,True,small,2,3,,,
ES,ES,,1,2008-11-24,2008-12-02,2008-11-24..2008-12-02,6M,False,mid,10,3,,,
ES.2^13,ES,NU,2,2008-06-03,2009-04-28,2008-06-03..2008-06-25; 2009-04-08..2009-04-28,1M+3M+6M; 3M+6M,True,mid,3,6,,,
ESI,ESI,,1,2015-12-04,2016-01-08,2015-12-04..2016-01-08,1M+3M+6M,True,mid,3,1,,,
ESINQ,ESINQ,"ESIN, ESI",11,2008-04-17,2015-06-29,2008-04-17..2008-05-19; 2008-07-01..2008-08-08; 2008-09-18..2008-09-26; 2008-11-12..2009-02-19; 2010-09-30..2010-10-14; 2011-01-28..2011-01-31; 2012-02-06..2012-02-07; 2013-02-25..2013-02-27; 2013-05-01..2013-08-20; 2014-10-28..2014-11-18; 2015-06-19..2015-06-29,1M+3M+6M; 1M+3M+6M; 6M; 1M+3M+6M; 1M+3M+6M; 1M+3M+6M; 3M; 1M+3M; 1M+3M+6M; 1M+3M; 1M,True,mid,1,34,,,
ESIO^19,ESIO,,3,2017-11-03,2018-04-02,2017-11-03..2017-12-05; 2018-01-24..2018-02-05; 2018-03-28..2018-04-02,1M+3M+6M; 6M; 6M,True,small,3,6,,,
ESMK^08,ESMK,,1,2008-06-04,2008-06-05,2008-06-04..2008-06-05,3M,False,small,13,1,,,
ESPR^26,ESPR,,13,2014-11-03,2026-01-02,2014-11-03..2015-06-03; 2015-07-24..2015-07-28; 2017-02-09..2017-04-28; 2017-06-23..2017-08-21; 2017-12-08..2017-12-14; 2018-01-26..2018-03-14; 2018-07-06..2018-07-24; 2018-11-06..2018-12-18; 2020-02-14..2020-02-19; 2023-12-29..2024-01-19; 2024-04-10..2024-04-16; 2024-05-30..2024-06-18; 2025-11-10..2026-01-02,1M+3M+6M; 6M; 1M+3M+6M; 1M+3M+6M; 6M; 1M+3M+6M; 1M; 1M+3M+6M; 1M+3M+6M; 1M+3M+6M; 6M; 1M+6M; 6M,True,small,1,39,,,
ESRX^18,ESRX,,1,2008-12-19,2008-12-23,2008-12-19..2008-12-23,6M,False,large_plus,4,2,,,
ESTA,ESTA,,6,2022-04-25,2026-01-06,2022-04-25..2022-04-27; 2024-01-12..2024-02-08; 2024-04-02..2024-04-03; 2024-05-22..2024-05-28; 2025-03-06..2025-03-12; 2026-01-05..2026-01-06,1M; 1M; 3M; 6M; 1M; 3M,False,small,6,15,,,
ESTC,ESTC,,2,2018-12-04,2026-09-15,2018-12-04..2019-01-11; 2026-09-01..2026-09-15,1M+3M; 3M+6M,False,large_plus,2,4,,,
ESTE^23,ESTE,,2,2022-04-18,2022-11-03,2022-04-18..2022-06-21; 2022-10-25..2022-11-03,1M+3M+6M; 1M+3M+6M,True,mid,1,6,,,
ET,ET,,4,2009-02-27,2020-05-22,2009-02-27..2009-03-20; 2016-04-13..2016-07-12; 2016-11-25..2016-12-06; 2020-04-30..2020-05-22,1M+3M+6M; 1M+3M+6M; 1M+3M+6M; 1M,True,large_plus,1,13,,,
ETFC^20,ETFC,,5,2008-02-06,2011-08-08,2008-02-06..2008-02-28; 2009-04-02..2009-04-28; 2009-09-21..2009-09-25; 2009-12-04..2009-12-08; 2011-08-04..2011-08-08,1M+3M+6M; 1M+3M; 1M; 1M+3M+6M; 1M+3M+6M,True,mid,1,6,,,
ETNB^25,ETNB,,3,2022-09-13,2025-02-24,2022-09-13..2022-10-24; 2022-12-23..2023-06-22; 2025-02-06..2025-02-24,1M+3M+6M; 1M+3M+6M; 1M,True,small,1,11,,,
ETON,ETON,,1,2026-07-24,2026-09-08,2026-07-24..2026-09-08,1M+3M+6M,True,small,1,3,,,
ETP^18,ETP,,3,2008-11-07,2016-11-29,2008-11-07..2008-11-12; 2014-10-16..2014-10-28; 2016-11-25..2016-11-29,1M+3M+6M; 1M+3M+6M; 1M+3M+6M,True,mid,2,5,,,
ETR,ETR,,1,2008-11-24,2008-12-04,2008-11-24..2008-12-04,1M+3M+6M,True,large_plus,5,2,,,
ETSY,ETSY,,9,2018-08-16,2022-12-19,2018-08-16..2018-09-24; 2018-11-19..2018-12-21; 2020-03-09..2020-03-16; 2020-04-23..2020-08-25; 2020-12-28..2021-02-23; 2021-08-05..2021-08-06; 2021-11-09..2021-12-03; 2022-07-14..2022-07-27; 2022-11-16..2022-12-19,1M+3M+6M; 1M+3M+6M; 1M+3M+6M; 1M+3M+6M; 1M+3M+6M; 1M+3M+6M; 1M+3M+6M; 1M+3M+6M; 1M+3M+6M,True,large_plus,1,23,,,
ETWO^25,ETWO,,1,2021-05-21,2021-06-16,2021-05-21..2021-06-16,1M+3M,False,mid,8,1,,,
EVBG^24,EVBG,,2,2018-12-07,2020-05-21,2018-12-07..2019-01-18; 2020-03-04..2020-05-21,1M+3M+6M; 1M+3M+6M,True,mid,1,9,,,
EVC,EVC,,1,2026-05-07,2026-08-05,2026-05-07..2026-08-05,1M+3M+6M,True,small,1,8,,,
EVER,EVER,,6,2019-11-18,2026-07-31,2019-11-18..2019-12-18; 2020-02-05..2020-02-24; 2024-05-08..2024-06-03; 2024-08-01..2024-08-09; 2025-03-04..2025-04-03; 2026-07-21..2026-07-31,1M+3M+6M; 1M+3M+6M; 1M+3M+6M; 6M; 1M+3M+6M; 3M,True,small,2,11,,,
EVFM,EVFM,,1,2022-07-11,2022-07-15,2022-07-11..2022-07-15,1M,False,small,1,2,,,
EVGN,EVGN,,1,2021-02-01,2021-02-11,2021-02-01..2021-02-11,6M,False,small,14,1,,,
EVGO,EVGO,,6,2021-11-08,2025-05-08,2021-11-08..2021-11-30; 2022-02-28..2022-04-04; 2022-08-03..2022-08-16; 2023-01-31..2023-02-09; 2024-07-17..2024-11-06; 2025-05-06..2025-05-08,1M+3M; 1M+6M; 1M; 1M; 1M+3M+6M; 1M,True,mid,1,22,,,
EVH,EVH,,7,2017-03-24,2026-07-23,2017-03-24..2017-04-12; 2020-01-16..2020-02-05; 2021-10-13..2021-10-19; 2022-07-11..2022-07-28; 2024-08-09..2024-08-28; 2025-04-09..2025-04-16; 2026-06-26..2026-07-23,1M+3M+6M; 1M+6M; 1M+3M+6M; 3M+6M; 1M+3M; 1M+3M+6M; 3M,True,small,3,14,,,
EVHC^18,EVHC,,1,2015-08-24,2015-08-28,2015-08-24..2015-08-28,1M+3M+6M,True,mid,4,2,,,
EVKG,EVKG,,1,2020-12-07,2020-12-30,2020-12-07..2020-12-30,3M,False,small,5,1,,,
EVLV,EVLV,,4,2023-06-07,2025-05-22,2023-06-07..2023-06-27; 2023-08-14..2023-09-14; 2025-05-16..2025-05-20; 2025-05-21..2025-05-22,1M+3M+6M; 1M+6M; 6M; 1M,True,small,2,8,,,
EVMN,EVMN,,1,2026-02-10,2026-02-27,2026-02-10..2026-02-27,1M+3M,False,small,5,2,,,
EVOP^23,EVOP,,1,2018-09-21,2018-09-28,2018-09-21..2018-09-28,1M+3M,False,mid,6,1,,,
EVTL,EVTL,,1,2022-07-27,2022-08-15,2022-07-27..2022-08-15,1M,False,small,2,1,,,
EVVV^10,EVVV,,1,2010-05-21,2010-05-25,2010-05-21..2010-05-25,1M+3M+6M,True,mid,2,1,,,
EWBC,EWBC,,4,2008-07-29,2010-02-05,2008-07-29..2008-08-14; 2008-09-16..2008-11-18; 2009-10-27..2009-11-16; 2010-01-28..2010-02-05,1M; 1M+3M+6M; 1M+3M+6M; 3M+6M,True,small,1,13,,,
EWCZ^26,EWCZ,,1,2022-05-06,2022-05-09,2022-05-06..2022-05-09,6M,False,small,15,2,,,
EWTX,EWTX,,4,2024-01-19,2026-03-30,2024-01-19..2024-02-22; 2024-07-08..2024-07-19; 2024-09-19..2024-10-09; 2025-11-17..2026-03-30,1M+3M+6M; 1M+3M+6M; 1M+3M+6M; 1M+3M+6M,True,small,2,13,,,
EXAS^26,EXAS,,16,2010-10-27,2024-08-14,2010-10-27..2010-10-29; 2013-06-14..2013-06-24; 2014-10-21..2015-02-11; 2015-06-29..2015-07-09; 2016-04-04..2016-04-19; 2016-06-15..2016-08-30; 2017-01-19..2017-01-27; 2017-05-15..2017-06-13; 2018-12-04..2018-12-17; 2020-04-21..2020-06-18; 2020-10-06..2020-11-13; 2022-02-23..2022-02-24; 2022-11-11..2022-11-15; 2022-12-16..2023-01-27; 2023-12-20..2024-01-09; 2024-08-05..2024-08-14,1M+3M+6M; 1M+3M+6M; 1M+3M+6M; 1M+3M+6M; 1M+6M; 1M+3M+6M; 1M+3M+6M; 1M+3M+6M; 3M+6M; 1M+3M; 1M+3M+6M; 1M+3M+6M; 1M; 1M+3M+6M; 1M+3M+6M; 1M+3M+6M,True,mid,1,45,,,
EXE,EXE,,2,2022-03-14,2022-06-15,2022-03-14..2022-03-15; 2022-06-14..2022-06-15,1M; 6M,False,large_plus,5,2,,,
EXEL,EXEL,,11,2010-12-06,2020-05-07,2010-12-06..2011-03-16; 2012-02-10..2012-02-17; 2012-09-25..2012-10-01; 2014-07-22..2014-08-12; 2015-02-26..2015-03-17; 2015-05-12..2015-10-01; 2016-05-12..2016-05-23; 2016-09-28..2016-10-06; 2016-11-17..2016-12-13; 2018-12-18..2018-12-21; 2020-05-06..2020-05-07,1M+3M+6M; 3M; 6M; 1M+3M+6M; 1M+3M+6M; 1M+3M+6M; 1M+6M; 1M+3M+6M; 1M+3M+6M; 1M+3M+6M; 3M,True,small,1,28,,,
EXK,EXK,,14,2010-12-16,2026-09-02,2010-12-16..2010-12-27; 2011-03-08..2011-05-02; 2011-07-26..2011-09-22; 2011-11-08..2011-12-13; 2012-06-08..2012-06-11; 2016-07-12..2016-09-14; 2019-09-09..2019-09-16; 2020-07-23..2020-07-28; 2024-04-01..2024-06-07; 2024-07-18..2024-07-31; 2024-09-24..2024-09-26; 2025-03-13..2025-03-31; 2025-12-23..2026-02-27; 2026-08-24..2026-09-02,1M+3M+6M; 1M+3M+6M; 1M+3M+6M; 6M; 1M+3M+6M; 1M+3M+6M; 3M; 1M; 1M+3M+6M; 6M; 6M; 6M; 1M+3M+6M; 1M,True,small,1,36,,,
EXP,EXP,,3,2008-11-28,2009-04-21,2008-11-28..2008-12-02; 2009-01-28..2009-02-13; 2009-04-01..2009-04-21,1M; 6M; 3M+6M,False,small,6,9,,,
EXPE,EXPE,,4,2009-05-05,2022-03-03,2009-05-05..2009-06-18; 2009-10-30..2009-11-02; 2020-05-26..2020-07-09; 2022-03-01..2022-03-03,1M+3M+6M; 6M; 1M+6M; 3M+6M,True,large_plus,2,11,,,
EXPRQ^25,EXPRQ,EXPR,7,2018-06-04,2022-03-04,2018-06-04..2018-06-12; 2018-08-29..2018-09-18; 2021-01-27..2021-02-05; 2021-03-22..2021-04-01; 2021-05-27..2021-07-14; 2021-08-20..2021-08-25; 2022-02-08..2022-03-04,1M+3M; 1M+3M+6M; 1M+3M; 3M; 1M+3M+6M; 3M; 1M+3M,True,small,1,16,,,
EXTN^22,EXTN,,1,2022-01-24,2022-02-16,2022-01-24..2022-02-16,1M+3M+6M,True,small,2,5,,,
EXTR,EXTR,,4,2017-11-22,2026-07-22,2017-11-22..2017-11-30; 2018-11-12..2018-11-21; 2021-12-10..2021-12-20; 2026-07-21..2026-07-22,6M; 1M+3M; 1M+3M+6M; 3M,True,small,3,7,,,
EYE,EYE,,2,2020-03-06,2025-04-07,2020-03-06..2020-03-11; 2025-03-07..2025-04-07,6M; 3M+6M,False,mid,12,4,,,
EYPT,EYPT,,4,2021-11-17,2025-12-09,2021-11-17..2021-12-07; 2023-04-26..2023-05-12; 2023-12-05..2024-02-23; 2025-12-05..2025-12-09,1M+3M+6M; 1M+3M+6M; 1M+3M+6M; 1M,True,small,1,8,,,
EZPW,EZPW,,4,2006-04-19,2008-10-09,2006-04-19..2006-05-05; 2006-07-13..2006-08-01; 2008-07-16..2008-08-08; 2008-09-30..2008-10-09,1M+3M+6M; 1M+3M+6M; 1M+3M+6M; 6M,True,small,1,8,,,
EZRA,EZRA,,1,2022-01-03,2022-01-25,2022-01-03..2022-01-25,1M+3M+6M,True,small,1,3,,,
F,F,,3,2008-12-10,2022-01-25,2008-12-10..2008-12-22; 2009-03-18..2009-06-19; 2022-01-19..2022-01-25,1M; 1M+3M+6M; 1M+3M+6M,True,mid,1,8,,,
FAASF,FAASF,,1,2025-06-02,2025-06-06,2025-06-02..2025-06-06,1M,False,small,5,1,,,
FABC,FABC,,1,2020-11-19,2020-12-09,2020-11-19..2020-12-09,1M,False,small,6,1,,,
FACT.1^10,FACT,,1,2009-09-23,2009-09-24,2009-09-23..2009-09-24,1M,False,small,6,2,,,
FANG,FANG,,9,2013-06-04,2022-03-15,2013-06-04..2013-06-11; 2013-10-23..2013-11-18; 2015-01-20..2015-02-05; 2016-02-09..2016-03-03; 2020-04-29..2020-04-30; 2020-11-23..2020-12-09; 2021-01-25..2021-03-24; 2021-05-12..2021-05-18; 2022-01-28..2022-03-15,1M+3M+6M; 1M+3M+6M; 1M+3M+6M; 1M+3M+6M; 1M; 1M; 1M+3M+6M; 1M+3M+6M; 1M+3M+6M,True,mid,1,31,,,
FARM^26,FARM,,1,2023-06-22,2023-07-07,2023-06-22..2023-07-07,1M,False,small,7,3,,,
FARO^25,FARO,,1,2007-08-16,2007-08-20,2007-08-16..2007-08-20,1M,False,small,8,3,,,
FATE,FATE,,13,2018-03-16,2026-07-23,2018-03-16..2018-03-20; 2018-10-04..2018-10-12; 2018-12-03..2019-01-28; 2019-03-15..2019-08-05; 2019-12-16..2020-03-09; 2020-04-22..2020-06-10; 2020-10-22..2020-10-23; 2020-12-08..2021-01-22; 2021-08-11..2021-08-17; 2021-12-31..2022-01-03; 2022-07-08..2022-07-27; 2024-01-29..2024-03-21; 2026-07-07..2026-07-23,1M+3M+6M; 1M+3M+6M; 1M+3M+6M; 1M+3M+6M; 1M+3M+6M; 6M; 1M; 1M+3M+6M; 1M+6M; 1M; 1M; 1M+3M+6M; 1M+3M+6M,True,small,2,38,,,
FAZE^24,FAZE,,1,2022-07-29,2022-09-09,2022-07-29..2022-09-09,1M+3M+6M,True,small,6,2,,,
FBP,FBP,,1,2008-10-02,2008-10-09,2008-10-02..2008-10-09,1M+3M,False,small,3,1,,,
FBRX^26,FBRX,,2,2021-04-15,2026-07-30,2021-04-15..2021-04-21; 2026-07-10..2026-07-30,1M; 1M+3M+6M,True,small,1,3,,,
FBR^19,FBR,,2,2007-11-19,2009-06-16,2007-11-19..2007-11-28; 2009-05-06..2009-06-16,1M+3M+6M; 1M+3M,True,mid,1,3,,,
FCE.A^18,FCE,,1,2009-09-15,2009-10-08,2009-09-15..2009-10-08,1M+3M+6M,True,small,1,2,,,
FCEL,FCEL,,15,2005-02-22,2026-07-15,2005-02-22..2005-03-15; 2005-09-07..2005-09-22; 2006-04-25..2006-05-01; 2007-04-09..2007-04-16; 2007-08-30..2007-10-02; 2007-12-14..2008-01-02; 2014-03-03..2014-03-25; 2014-06-13..2014-06-25; 2019-12-30..2020-03-04; 2020-04-24..2020-06-23; 2020-11-17..2021-02-18; 2021-10-18..2021-11-24; 2022-02-28..2022-03-17; 2025-09-17..2025-10-07; 2026-04-23..2026-07-15,1M+3M+6M; 1M+3M+6M; 1M; 1M+3M+6M; 1M+3M+6M; 1M+3M+6M; 1M+3M+6M; 3M+6M; 1M+3M+6M; 6M; 1M+3M+6M; 1M+3M; 1M; 1M; 1M+3M+6M,True,small,1,45,,,
FCFS,FCFS,,1,2011-08-19,2011-08-25,2011-08-19..2011-08-25,1M+3M+6M,True,small,2,3,,,
FCL.2^09,FCL,,5,2008-02-13,2009-07-30,2008-02-13..2008-03-12; 2008-04-23..2008-07-10; 2009-02-19..2009-02-20; 2009-05-13..2009-06-03; 2009-07-27..2009-07-30,1M+3M+6M; 1M+3M+6M; 1M; 1M; 3M,True,small,1,13,,,
FCN,FCN,,2,2007-08-10,2020-04-17,2007-08-10..2007-08-28; 2020-04-07..2020-04-17,1M+3M+6M; 1M+3M+6M,True,mid,1,4,,,
FCSX^09,FCSX,,3,2007-05-11,2008-04-29,2007-05-11..2007-07-23; 2007-12-03..2008-01-25; 2008-04-25..2008-04-29,1M+3M; 1M+3M+6M; 1M+6M,True,small,1,10,,,
FCS^16,FCS,,1,2015-10-27,2015-10-30,2015-10-27..2015-10-30,1M+3M,False,small,7,3,,,
FCUV,FCUV,,1,2021-09-01,2021-09-22,2021-09-01..2021-09-22,1M+3M+6M,True,small,1,1,,,
FCX,FCX,,4,2009-01-05,2021-03-24,2009-01-05..2009-06-19; 2015-09-23..2015-10-27; 2016-02-23..2016-05-12; 2021-01-25..2021-03-24,1M+3M+6M; 1M+3M+6M; 1M+3M+6M; 1M+3M+6M,True,large_plus,1,22,,,
FDC^19,FDC,,1,2016-03-15,2016-04-27,2016-03-15..2016-04-27,1M+3M+6M,True,large_plus,3,3,,,
FDG.1^08,FDG,,2,2008-01-28,2008-07-08,2008-01-28..2008-04-02; 2008-07-02..2008-07-08,1M+3M+6M; 1M+3M+6M,True,large_plus,1,8,,,
FDMT,FDMT,,6,2022-11-22,2026-09-09,2022-11-22..2022-12-21; 2023-04-28..2023-05-08; 2024-02-06..2024-02-26; 2024-03-21..2024-04-05; 2025-08-14..2025-08-21; 2026-08-21..2026-09-09,1M+3M+6M; 6M; 1M+3M; 6M; 1M; 1M+3M,True,small,1,14,,,
FDO^15,FDO,,4,2008-02-11,2008-12-01,2008-02-11..2008-02-27; 2008-04-10..2008-04-14; 2008-07-14..2008-09-26; 2008-11-07..2008-12-01,1M+3M+6M; 3M; 1M+3M+6M; 1M+3M+6M,True,mid,1,11,,,
FDX,FDX,,1,2008-12-03,2008-12-08,2008-12-03..2008-12-08,1M+3M+6M,True,large_plus,2,1,,,
FE,FE,,1,2008-11-24,2008-12-03,2008-11-24..2008-12-03,1M+3M+6M,True,large_plus,5,1,,,
FEED,FEED,,1,2021-07-26,2021-09-03,2021-07-26..2021-09-03,1M+3M+6M,True,small,1,3,,,
FEEDQ^14,FEEDQ,FEED,3,2008-04-24,2009-08-11,2008-04-24..2008-05-16; 2009-05-13..2009-06-19; 2009-08-06..2009-08-11,1M+3M+6M; 1M+3M+6M; 6M,True,small,1,5,,,
FEIM,FEIM,,2,2025-08-08,2026-01-14,2025-08-08..2025-08-13; 2025-12-22..2026-01-14,1M+6M; 1M,False,small,8,6,,,
FENG,FENG,,2,2013-10-08,2014-03-06,2013-10-08..2013-10-25; 2014-03-05..2014-03-06,3M+6M; 1M,False,small,2,4,,,
FET,FET,,7,2015-03-02,2026-08-20,2015-03-02..2015-03-04; 2015-05-08..2015-05-11; 2015-11-25..2015-12-02; 2016-05-11..2016-05-18; 2016-12-14..2016-12-19; 2026-02-25..2026-05-06; 2026-08-04..2026-08-20,6M; 3M+6M; 3M+6M; 3M+6M; 1M+3M+6M; 1M+3M+6M; 1M,True,small,2,16,P123 backfill: 5.0x 1-day move -- verify against chart,,
FFAI,FFAI,,2,2022-07-07,2025-07-25,2022-07-07..2022-07-20; 2025-07-22..2025-07-25,1M+3M+6M; 1M,True,small,1,4,,,
FFIV,FFIV,,4,2006-07-13,2010-05-25,2006-07-13..2006-07-14; 2008-04-29..2008-05-09; 2008-07-14..2008-07-30; 2010-05-07..2010-05-25,1M+3M+6M; 1M+3M; 1M+3M+6M; 1M+3M+6M,True,mid,1,8,,,
FHI,FHI,,2,2008-01-25,2009-02-24,2008-01-25..2008-02-06; 2009-02-04..2009-02-24,1M+3M+6M; 1M+6M,True,mid,6,3,,,
FHN,FHN,,4,2008-08-06,2009-04-17,2008-08-06..2008-10-01; 2008-11-07..2008-11-13; 2008-12-31..2009-01-14; 2009-03-19..2009-04-17,1M+3M; 1M+3M+6M; 6M; 3M+6M,True,mid,3,10,,,
FHTX,FHTX,,1,2021-12-16,2022-01-11,2021-12-16..2022-01-11,1M+3M+6M,True,small,1,2,,,
FICO,FICO,,1,2011-11-21,2011-11-22,2011-11-21..2011-11-22,1M+6M,False,small,9,2,,,
FIG,FIG,,1,2026-07-22,2026-09-04,2026-07-22..2026-09-04,1M+3M+6M,True,large_plus,1,1,,,
FIG.2^17,FIG,,3,2009-05-06,2010-05-05,2009-05-06..2009-05-22; 2009-08-07..2009-10-26; 2010-04-15..2010-05-05,1M+3M; 1M+3M+6M; 1M+3M+6M,True,small,1,7,,,
FIGR,FIGR,,1,2025-12-29,2026-02-02,2025-12-29..2026-02-02,1M+3M,False,mid,2,4,,,
FIGS,FIGS,,4,2022-03-31,2026-08-26,2022-03-31..2022-04-07; 2023-11-28..2023-11-30; 2026-03-06..2026-03-20; 2026-08-11..2026-08-26,1M; 3M; 1M; 1M,False,mid,3,7,,,
FINL^18,FINL,,3,2008-07-03,2017-12-14,2008-07-03..2008-09-16; 2011-09-20..2011-10-18; 2017-12-13..2017-12-14,1M+3M+6M; 1M+3M+6M; 1M,True,small,1,9,,,
FINV,FINV,,2,2021-05-28,2025-04-07,2021-05-28..2021-07-07; 2025-04-04..2025-04-07,3M+6M; 3M+6M,False,mid,4,4,,,
FIO^14,FIO,,4,2011-10-20,2014-02-11,2011-10-20..2011-11-29; 2012-01-25..2012-03-20; 2013-09-23..2013-09-26; 2014-02-06..2014-02-11,1M+3M; 1M+3M+6M; 1M; 1M,True,mid,1,13,,,
FIP,FIP,,1,2024-06-03,2024-08-08,2024-06-03..2024-08-08,3M+6M,False,small,3,5,,,
FIRE^13,FIRE,,1,2011-09-26,2011-09-29,2011-09-26..2011-09-29,6M,False,small,11,2,,,
FIRY,FIRY,,2,2021-11-09,2026-06-05,2021-11-09..2021-11-11; 2026-04-23..2026-06-05,1M; 1M+3M,False,mid,1,6,,,
FIS,FIS,,1,2009-02-20,2009-03-02,2009-02-20..2009-03-02,1M+6M,False,mid,10,1,,,
FIT.2^21,FIT,,3,2018-06-12,2019-11-14,2018-06-12..2018-06-28; 2018-11-13..2018-11-23; 2019-09-20..2019-11-14,1M; 1M+3M+6M; 1M+3M+6M,True,small,2,4,,,
FITB,FITB,,5,2008-07-31,2011-10-21,2008-07-31..2008-08-11; 2008-09-04..2008-09-26; 2009-03-30..2009-09-02; 2010-01-26..2010-02-10; 2011-10-07..2011-10-21,1M; 1M+3M; 1M+3M+6M; 1M+3M+6M; 1M+3M+6M,True,mid,1,20,,,
FIVN,FIVN,,5,2018-11-21,2026-08-24,2018-11-21..2019-01-03; 2020-04-14..2020-04-16; 2020-11-09..2020-11-12; 2023-12-05..2023-12-15; 2026-07-20..2026-08-24,1M+3M+6M; 1M+3M+6M; 3M+6M; 1M+3M+6M; 1M+3M+6M,True,mid,1,16,,,
FIX,FIX,,4,2025-01-28,2026-04-07,2025-01-28..2025-02-03; 2025-04-28..2025-04-29; 2025-12-17..2025-12-19; 2026-02-23..2026-04-07,1M+3M+6M; 1M+3M+6M; 3M+6M; 1M+3M+6M,True,large_plus,4,12,,,
FIZZ,FIZZ,,4,2019-09-20,2021-01-28,2019-09-20..2019-09-25; 2020-04-15..2020-04-16; 2020-09-10..2020-09-11; 2021-01-27..2021-01-28,1M+3M+6M; 3M; 1M; 1M,True,mid,10,8,,,
FLEX,FLEX,,6,2009-01-15,2026-07-07,2009-01-15..2009-01-22; 2009-04-01..2009-04-02; 2009-06-11..2009-08-18; 2020-11-02..2020-11-04; 2026-04-06..2026-04-07; 2026-05-18..2026-07-07,1M; 1M; 1M+3M+6M; 1M; 1M+6M; 1M+3M+6M,True,mid,2,15,,,
FLG,FLG,,1,2009-01-28,2009-02-02,2009-01-28..2009-02-02,6M,False,mid,10,1,,,
FLGT,FLGT,,4,2020-08-10,2022-01-06,2020-08-10..2020-08-26; 2021-02-01..2021-02-24; 2021-07-29..2021-08-17; 2021-11-30..2022-01-06,1M+3M+6M; 1M+3M; 1M+3M+6M; 1M+3M+6M,True,mid,2,13,,,
FLIR^21,FLIR,,2,2007-08-15,2008-07-25,2007-08-15..2007-08-28; 2008-07-24..2008-07-25,1M+3M+6M; 1M+3M+6M,True,mid,2,4,,,
FLNA,FLNA,,12,2018-01-16,2024-09-09,2018-01-16..2018-01-26; 2019-12-30..2020-02-14; 2020-09-14..2020-10-20; 2021-01-29..2021-03-26; 2021-05-24..2021-08-24; 2021-11-08..2021-11-09; 2022-06-02..2022-06-16; 2022-08-29..2022-10-12; 2022-12-13..2022-12-14; 2023-11-09..2024-01-19; 2024-04-18..2024-04-23; 2024-08-07..2024-09-09,1M+3M+6M; 1M+3M+6M; 1M+3M; 1M+3M+6M; 1M+3M+6M; 1M+6M; 1M; 1M+3M+6M; 3M; 1M+3M+6M; 6M; 1M+3M+6M,True,small,1,37,,,
FLNC,FLNC,,8,2022-07-29,2026-06-05,2022-07-29..2022-09-16; 2022-12-01..2023-02-13; 2023-04-18..2023-08-01; 2023-12-01..2023-12-27; 2024-04-12..2024-06-14; 2024-08-27..2024-10-04; 2025-09-29..2026-02-04; 2026-05-11..2026-06-05,1M+3M+6M; 1M+3M+6M; 1M+3M+6M; 1M+6M; 1M+3M+6M; 1M+3M+6M; 1M+3M+6M; 1M,True,mid,2,29,,,
FLNG,FLNG,,1,2022-03-01,2022-04-26,2022-03-01..2022-04-26,6M,False,small,11,6,,,
FLO,FLO,,3,2008-08-15,2020-03-19,2008-08-15..2008-08-18; 2008-09-30..2008-10-14; 2020-03-16..2020-03-19,3M+6M; 1M+3M+6M; 1M+3M+6M,True,mid,1,5,,,
FLR,FLR,,7,2007-08-16,2022-03-18,2007-08-16..2007-08-29; 2008-03-10..2008-04-01; 2008-12-08..2008-12-16; 2019-09-25..2019-09-27; 2020-11-24..2020-11-25; 2021-03-29..2021-04-12; 2022-03-10..2022-03-18,1M+3M+6M; 1M+3M+6M; 1M; 1M; 3M; 1M+3M+6M; 1M+6M,True,mid,1,14,,,
FLWS,FLWS,,1,2021-05-11,2021-05-21,2021-05-11..2021-05-21,1M,False,mid,6,1,,,
FLXN.1^21,FLXN,,3,2017-03-23,2020-01-15,2017-03-23..2017-04-17; 2017-06-30..2017-07-19; 2019-12-17..2020-01-15,1M+3M+6M; 1M+3M+6M; 6M,True,small,4,8,,,
FLY,FLY,,3,2025-12-24,2026-06-01,2025-12-24..2026-01-22; 2026-03-26..2026-04-23; 2026-05-15..2026-06-01,1M; 1M; 3M+6M,False,mid,2,9,,,
FLYW,FLYW,,5,2021-09-10,2023-05-30,2021-09-10..2021-10-27; 2022-05-02..2022-05-04; 2022-09-19..2022-09-20; 2022-12-30..2023-01-13; 2023-05-25..2023-05-30,3M; 3M; 3M; 1M+3M+6M; 3M+6M,True,mid,5,12,,,
FLYX,FLYX,,1,2026-01-08,2026-01-09,2026-01-08..2026-01-09,1M,False,small,6,1,,,
FL^25,FL,,2,2008-07-30,2009-04-06,2008-07-30..2008-09-24; 2009-03-02..2009-04-06,1M+3M+6M; 1M+3M+6M,True,mid,1,10,,,
FMBI^22,FMBI,,1,2010-01-26,2010-02-03,2010-01-26..2010-02-03,1M+6M,False,small,11,2,,,
FMC,FMC,,1,2009-01-15,2009-01-29,2009-01-15..2009-01-29,3M,False,mid,8,1,,,
FMCC,FMCC,,8,2007-08-23,2026-04-29,2007-08-23..2007-08-24; 2008-04-07..2008-05-28; 2009-08-17..2009-10-01; 2009-12-22..2010-01-12; 2024-11-12..2025-03-03; 2025-05-28..2025-06-24; 2025-08-20..2025-09-17; 2026-04-17..2026-04-29,1M+3M+6M; 1M+3M+6M; 1M+3M; 1M+3M+6M; 1M+3M+6M; 1M+3M+6M; 1M+3M+6M; 1M,True,mid,1,16,,,
FMCN^13,FMCN,,6,2007-11-07,2012-04-03,2007-11-07..2007-11-15; 2008-08-25..2008-09-05; 2009-10-26..2009-12-28; 2010-03-17..2010-03-23; 2012-01-19..2012-01-30; 2012-03-28..2012-04-03,3M+6M; 1M+3M; 1M+3M+6M; 1M+3M+6M; 1M+3M+6M; 1M+3M+6M,True,mid,1,13,,,
FMD^16,FMD,,1,2007-09-20,2007-10-01,2007-09-20..2007-10-01,1M+3M+6M,True,mid,3,2,,,
FMER^16,FMER,,2,2008-02-06,2008-11-19,2008-02-06..2008-02-14; 2008-11-14..2008-11-19,6M; 3M,False,small,9,4,,,
FMFC,FMFC,,1,2025-09-24,2025-10-03,2025-09-24..2025-10-03,3M,False,small,9,1,,,
FMI^18,FMI,,3,2014-07-07,2018-03-22,2014-07-07..2014-07-17; 2017-03-09..2017-03-16; 2017-12-04..2018-03-22,1M+6M; 1M+3M+6M; 1M+3M+6M,True,small,2,9,,,
FMTX^22,FMTX,,1,2020-09-28,2020-09-29,2020-09-28..2020-09-29,1M,False,mid,11,2,,,
FN,FN,,1,2025-11-07,2026-04-27,2025-11-07..2026-04-27,1M+3M+6M,True,large_plus,6,9,,,
FNB,FNB,,1,2008-09-18,2008-10-07,2008-09-18..2008-10-07,1M,False,small,5,1,,,
FND,FND,,1,2018-11-16,2018-11-20,2018-11-16..2018-11-20,1M,False,mid,2,2,,,
FNF,FNF,,4,2007-12-14,2009-04-23,2007-12-14..2007-12-21; 2008-02-04..2008-02-20; 2008-09-11..2008-09-17; 2008-12-02..2009-04-23,1M+3M+6M; 1M+3M+6M; 1M+3M+6M; 1M+3M+6M,True,mid,1,8,,,
FNFG^16,FNFG,,1,2008-11-19,2008-12-05,2008-11-19..2008-12-05,3M+6M,False,small,12,2,,,
FNGN^18,FNGN,,1,2014-10-31,2014-11-07,2014-10-31..2014-11-07,1M,False,small,9,1,,,
FNGR,FNGR,,1,2022-10-03,2022-11-14,2022-10-03..2022-11-14,1M+3M+6M,True,small,1,2,,,
FNHCQ^23,FNHCQ,FNHC,1,2014-11-06,2014-11-10,2014-11-06..2014-11-10,3M+6M,False,small,10,1,,,
FNKO,FNKO,,6,2018-08-01,2022-08-04,2018-08-01..2018-09-19; 2019-03-13..2019-03-22; 2019-05-22..2019-07-09; 2021-03-25..2021-06-01; 2022-05-13..2022-05-31; 2022-07-08..2022-08-04,1M+3M+6M; 3M; 3M+6M; 1M+3M+6M; 1M+3M+6M; 3M+6M,True,small,1,17,,,
FNMA,FNMA,,9,2007-08-27,2026-04-29,2007-08-27..2007-08-28; 2008-04-08..2008-05-19; 2009-08-17..2009-09-16; 2009-12-29..2010-01-08; 2024-11-06..2025-03-04; 2025-05-27..2025-06-24; 2025-08-18..2025-09-26; 2025-12-17..2025-12-23; 2026-04-17..2026-04-29,1M+3M+6M; 1M+3M+6M; 1M+3M; 1M+3M+6M; 1M+3M+6M; 1M+3M+6M; 1M+3M+6M; 1M+3M+6M; 1M,True,large_plus,1,20,,,
FNSR^19,FNSR,,8,2006-08-22,2018-03-21,2006-08-22..2006-09-11; 2006-10-24..2006-10-25; 2009-10-08..2009-10-12; 2010-07-02..2010-08-11; 2011-01-20..2011-03-02; 2011-09-07..2011-09-28; 2017-12-26..2017-12-28; 2018-03-16..2018-03-21,1M+3M+6M; 1M+3M+6M; 3M; 1M+3M+6M; 1M+3M+6M; 1M+3M+6M; 1M+3M+6M; 1M+3M+6M,True,small,1,16,,,
FOE^22,FOE,,1,2010-08-10,2010-08-13,2010-08-10..2010-08-13,1M+6M,False,small,4,4,,,
FOLD^26,FOLD,,17,2014-08-20,2022-07-11,2014-08-20..2014-09-19; 2014-11-21..2015-01-22; 2015-03-12..2015-04-29; 2015-07-30..2015-08-13; 2015-11-19..2015-12-07; 2016-04-05..2016-04-18; 2016-07-29..2016-10-07; 2017-03-06..2017-04-05; 2017-05-26..2017-07-31; 2017-10-06..2017-10-11; 2018-01-16..2018-02-09; 2018-05-21..2018-05-25; 2019-01-18..2019-03-14; 2020-04-14..2020-05-05; 2020-11-09..2020-11-11; 2022-01-04..2022-01-11; 2022-06-07..2022-07-11,1M+3M+6M; 1M+3M+6M; 1M+3M+6M; 1M+3M+6M; 1M+6M; 6M; 1M+3M+6M; 1M+3M; 1M+3M+6M; 1M+3M+6M; 1M+3M+6M; 1M+3M+6M; 1M+3M+6M; 1M+3M+6M; 1M; 1M+3M+6M; 1M+3M+6M,True,small,1,46,,,
FOR,FOR,,1,2008-02-11,2008-02-19,2008-02-11..2008-02-19,1M,False,small,6,3,,,
FORM,FORM,,5,2006-05-01,2026-07-01,2006-05-01..2006-05-03; 2006-07-10..2006-09-12; 2025-11-04..2025-11-19; 2026-02-09..2026-05-11; 2026-06-30..2026-07-01,3M; 1M+3M+6M; 1M+3M; 1M+3M+6M; 1M+6M,True,mid,1,17,,,
FOSL,FOSL,,6,2007-08-27,2020-11-20,2007-08-27..2007-08-28; 2011-09-23..2011-09-28; 2016-11-17..2016-11-21; 2017-08-07..2017-08-08; 2018-01-04..2018-07-05; 2020-11-17..2020-11-20,1M+3M+6M; 1M+3M+6M; 1M+6M; 1M; 1M+3M+6M; 1M+6M,True,small,1,20,,,
FOUR,FOUR,,7,2020-08-19,2023-03-20,2020-08-19..2020-09-02; 2020-09-03..2020-09-04; 2020-10-19..2020-10-20; 2022-04-04..2022-04-07; 2022-08-08..2022-08-11; 2022-09-21..2022-09-22; 2022-12-13..2023-03-20,1M; 3M; 1M; 1M; 1M; 3M; 1M+3M+6M,True,mid,6,18,,,
FOXF,FOXF,,3,2018-11-20,2020-08-06,2018-11-20..2018-11-29; 2020-05-21..2020-06-05; 2020-07-23..2020-08-06,1M+3M+6M; 1M; 3M,True,mid,2,6,,,
FPRX^21,FPRX,,4,2015-01-26,2020-12-30,2015-01-26..2015-02-10; 2015-10-22..2016-01-05; 2016-03-15..2016-05-03; 2020-11-11..2020-12-30,3M+6M; 1M+3M+6M; 1M+6M; 1M+3M+6M,True,small,1,12,,,
FPS,FPS,,1,2026-05-14,2026-06-26,2026-05-14..2026-06-26,1M,False,large_plus,9,3,,,
FR,FR,,1,2010-04-08,2010-04-22,2010-04-08..2010-04-22,1M+3M+6M,True,small,10,2,,,
FRGT,FRGT,,2,2017-11-07,2019-04-12,2017-11-07..2017-12-11; 2019-03-04..2019-04-12,1M+3M; 1M+3M,False,small,1,3,,,
FRHC,FRHC,,3,2023-08-25,2026-09-09,2023-08-25..2023-09-08; 2026-07-15..2026-07-17; 2026-09-01..2026-09-09,1M+3M+6M; 1M+6M; 3M+6M,True,large_plus,1,3,,,
FRMI,FRMI,,1,2026-06-18,2026-06-26,2026-06-18..2026-06-26,1M,False,mid,10,1,,,
FRMM,FRMM,,2,2021-03-26,2025-08-26,2021-03-26..2021-04-29; 2025-08-11..2025-08-26,1M+3M; 1M+3M+6M,True,small,1,4,,,
FRO,FRO,,2,2019-10-18,2020-04-07,2019-10-18..2019-10-25; 2020-03-31..2020-04-07,1M+3M+6M; 1M+3M+6M,True,mid,1,4,,,
FROG,FROG,,4,2022-10-14,2026-07-21,2022-10-14..2022-10-27; 2024-02-20..2024-02-26; 2026-05-14..2026-05-26; 2026-06-10..2026-07-21,1M+3M+6M; 1M+3M+6M; 1M; 1M+3M+6M,True,mid,3,9,,,
FRPT,FRPT,,3,2020-02-26,2023-02-28,2020-02-26..2020-03-05; 2022-10-06..2022-10-24; 2023-02-21..2023-02-28,3M+6M; 1M+3M+6M; 6M,True,mid,2,4,,,
FRPT.1^11,FRPT,,3,2006-11-21,2007-10-16,2006-11-21..2007-01-31; 2007-05-04..2007-06-06; 2007-10-09..2007-10-16,1M+3M+6M; 1M+3M+6M; 1M,True,small,1,6,,,
FRSX,FRSX,,1,2020-12-22,2021-02-24,2020-12-22..2021-02-24,1M+3M+6M,True,small,2,3,,,
FRT,FRT,,1,2020-11-13,2020-11-18,2020-11-13..2020-11-18,1M,False,large_plus,10,3,,,
FRTA^22,FRTA,,1,2017-12-15,2017-12-20,2017-12-15..2017-12-20,3M+6M,False,small,5,2,,,
FSCT^20,FSCT,,1,2018-04-23,2018-05-01,2018-04-23..2018-05-01,1M+3M,False,small,8,2,,,
FSLR,FSLR,,22,2007-02-22,2025-11-20,2007-02-22..2007-05-22; 2007-07-17..2007-08-01; 2007-09-21..2008-01-09; 2008-03-03..2008-05-29; 2008-07-22..2008-07-23; 2009-01-05..2009-02-12; 2009-04-08..2009-05-26; 2010-05-06..2010-05-12; 2012-01-30..2012-02-21; 2012-07-03..2012-11-07; 2013-02-22..2013-03-01; 2013-04-12..2013-06-12; 2013-10-31..2013-11-19; 2014-03-26..2014-04-14; 2015-08-24..2015-08-25; 2020-10-21..2020-11-06; 2021-01-05..2021-01-13; 2022-10-10..2022-11-17; 2024-05-31..2024-06-24; 2025-05-07..2025-06-23; 2025-08-27..2025-09-02; 2025-11-13..2025-11-20,1M+3M; 1M+3M+6M; 1M+3M+6M; 1M+3M+6M; 1M+3M+6M; 1M+3M+6M; 1M+6M; 1M+3M+6M; 1M+3M+6M; 1M+3M+6M; 1M+3M+6M; 1M+3M+6M; 1M+3M; 1M+3M+6M; 1M+3M+6M; 1M+3M+6M; 1M+3M+6M; 1M+3M+6M; 1M+3M+6M; 1M+3M+6M; 1M+3M+6M; 1M+3M+6M,True,large_plus,1,64,,,
FSLY,FSLY,,11,2019-07-29,2026-08-17,2019-07-29..2019-09-18; 2020-04-15..2020-08-14; 2020-09-30..2020-10-22; 2020-12-08..2021-02-08; 2021-10-28..2021-11-03; 2023-02-13..2023-04-14; 2023-06-08..2023-08-29; 2023-11-22..2023-12-04; 2025-11-25..2025-12-03; 2026-02-17..2026-04-15; 2026-07-15..2026-08-17,1M+3M; 1M+3M+6M; 1M+3M+6M; 1M+6M; 1M; 1M+3M+6M; 1M+3M+6M; 1M+6M; 1M; 1M+3M+6M; 1M+6M,True,mid,1,37,,,
FSL^15,FSL,,3,2011-09-28,2012-08-20,2011-09-28..2011-11-23; 2012-01-26..2012-02-13; 2012-07-26..2012-08-20,1M+3M; 1M+3M+6M; 1M+3M+6M,True,mid,1,6,,,
FSM,FSM,,7,2016-07-12,2025-05-01,2016-07-12..2016-07-27; 2019-07-30..2019-09-09; 2020-09-10..2020-09-16; 2022-10-07..2022-10-13; 2022-11-15..2022-11-21; 2024-04-17..2024-04-24; 2025-04-04..2025-05-01,1M+3M+6M; 1M+3M+6M; 6M; 1M; 3M; 1M+3M+6M; 1M+3M+6M,True,small,1,16,,,
FSP,FSP,,2,2008-12-08,2009-01-06,2008-12-08..2008-12-09; 2008-12-22..2009-01-06,1M; 3M,False,small,6,6,,,
FSTR,FSTR,,3,2007-09-05,2008-03-05,2007-09-05..2007-09-25; 2007-11-30..2007-12-27; 2008-03-03..2008-03-05,1M+3M+6M; 1M+3M+6M; 6M,True,small,1,5,,,
FSYS^16,FSYS,,5,2008-06-23,2012-03-07,2008-06-23..2008-09-03; 2009-06-04..2009-06-08; 2009-11-09..2009-11-24; 2010-08-06..2010-08-24; 2012-02-29..2012-03-07,1M+3M+6M; 1M; 1M+3M+6M; 1M+3M+6M; 1M+3M+6M,True,small,1,11,,,
FTAI,FTAI,,6,2024-08-01,2026-03-10,2024-08-01..2024-08-08; 2025-03-05..2025-03-07; 2025-05-16..2025-07-01; 2025-08-07..2025-08-18; 2025-10-31..2025-11-04; 2026-01-20..2026-03-10,1M+3M+6M; 1M+3M+6M; 1M+3M+6M; 1M+3M+6M; 1M+3M+6M; 1M+3M+6M,True,large_plus,1,15,,,
FTCHQ,FTCHQ,FTCH,10,2018-12-07,2023-07-03,2018-12-07..2018-12-14; 2019-03-04..2019-03-21; 2019-11-12..2019-11-21; 2020-01-24..2020-02-05; 2020-04-22..2020-08-28; 2020-10-26..2020-11-27; 2021-01-06..2021-03-01; 2022-08-26..2022-09-22; 2023-01-25..2023-02-03; 2023-06-05..2023-07-03,1M; 1M+3M; 1M+3M+6M; 1M+3M+6M; 1M+3M+6M; 1M+3M+6M; 6M; 1M; 1M; 1M,True,mid,2,32,,,
FTDR,FTDR,,2,2019-01-03,2019-03-22,2019-01-03..2019-01-16; 2019-03-13..2019-03-22,1M+3M; 1M+3M+6M,True,mid,1,6,,,
FTEK,FTEK,,4,2006-12-14,2021-02-02,2006-12-14..2006-12-19; 2007-06-26..2007-07-11; 2007-10-26..2007-11-01; 2020-11-30..2021-02-02,3M+6M; 1M+3M+6M; 1M; 1M+3M+6M,True,small,1,7,,,
FTFT,FTFT,,1,2021-01-08,2021-01-13,2021-01-08..2021-01-13,1M,False,small,12,2,,,
FTI.1^17,FTI,,2,2008-03-27,2009-02-02,2008-03-27..2008-03-28; 2009-01-23..2009-02-02,1M+3M+6M; 1M,True,mid,6,3,,,
FTK,FTK,,10,2007-07-16,2026-08-14,2007-07-16..2007-10-31; 2008-03-12..2008-03-13; 2008-07-01..2008-07-03; 2011-01-27..2011-05-12; 2011-07-27..2011-08-04; 2011-11-15..2012-01-31; 2012-05-04..2012-05-15; 2015-07-09..2015-09-22; 2016-05-23..2016-08-15; 2026-08-06..2026-08-14,1M+3M+6M; 1M; 1M; 1M+3M+6M; 1M+3M+6M; 1M+3M+6M; 1M+3M+6M; 1M+3M+6M; 1M+3M+6M; 1M+3M+6M,True,small,1,35,,,
FTNT,FTNT,,2,2010-11-02,2020-05-27,2010-11-02..2010-11-17; 2020-04-23..2020-05-27,1M+3M+6M; 3M+6M,True,large_plus,1,6,,,
FTO^11,FTO,,5,2008-02-28,2011-03-11,2008-02-28..2008-03-03; 2008-06-04..2008-06-13; 2008-09-12..2008-09-25; 2009-01-12..2009-02-13; 2011-02-23..2011-03-11,6M; 1M+3M+6M; 1M; 1M+3M+6M; 1M+3M+6M,True,mid,2,10,,,
FTRE,FTRE,,4,2023-11-30,2026-08-03,2023-11-30..2023-12-01; 2025-08-07..2025-08-19; 2025-12-02..2026-01-14; 2026-07-31..2026-08-03,3M; 1M; 1M+3M+6M; 3M,True,small,7,11,,,
FTSV^20,FTSV,,1,2019-12-09,2020-02-28,2019-12-09..2020-02-28,1M+3M+6M,True,small,1,5,,,
FUBO,FUBO,,10,2020-10-28,2026-09-11,2020-10-28..2021-02-05; 2021-06-02..2021-06-28; 2021-10-28..2021-11-08; 2022-08-16..2022-08-19; 2022-09-23..2022-09-28; 2023-05-08..2023-08-08; 2023-11-08..2023-12-22; 2024-08-21..2024-09-06; 2025-01-07..2025-02-18; 2026-09-03..2026-09-11,1M+3M+6M; 1M; 1M+6M; 1M; 3M; 1M+3M; 1M+3M+6M; 1M+3M; 1M+3M+6M; 1M,True,small,1,25,,,
FUEL^17,FUEL,,3,2013-12-26,2014-12-01,2013-12-26..2014-01-31; 2014-06-26..2014-07-01; 2014-10-09..2014-12-01,1M+3M; 1M; 1M+3M+6M,True,small,6,8,,,
FULC,FULC,,5,2021-08-12,2025-12-15,2021-08-12..2021-10-04; 2022-04-01..2022-04-05; 2023-01-23..2023-02-15; 2023-08-22..2023-09-14; 2025-12-08..2025-12-15,1M+3M+6M; 1M; 1M+3M+6M; 1M+3M+6M; 1M,True,small,1,7,,,
FULT,FULT,,4,2007-08-23,2011-10-26,2007-08-23..2007-08-28; 2008-08-14..2008-10-02; 2009-11-02..2009-11-12; 2011-10-25..2011-10-26,1M+3M+6M; 1M+3M+6M; 1M+3M+6M; 1M+3M+6M,True,mid,6,11,,,
FUN,FUN,,1,2024-07-11,2024-07-17,2024-07-11..2024-07-17,1M+3M+6M,True,mid,5,1,,,
FUQI^13,FUQI,,2,2009-06-10,2010-10-26,2009-06-10..2009-09-30; 2010-10-14..2010-10-26,1M+3M+6M; 1M+3M+6M,True,small,2,7,,,
FURX^14,FURX,,1,2014-02-07,2014-02-28,2014-02-07..2014-02-28,1M+3M+6M,True,small,1,1,,,
FUSN^24,FUSN,,1,2024-01-18,2024-03-05,2024-01-18..2024-03-05,1M+3M+6M,True,small,2,4,,,
FUTU,FUTU,,13,2020-06-16,2025-06-02,2020-06-16..2020-08-20; 2020-10-27..2020-11-25; 2021-01-12..2021-03-04; 2021-04-22..2021-04-23; 2021-06-14..2021-07-09; 2022-01-31..2022-02-16; 2022-06-06..2022-07-14; 2022-09-09..2022-09-14; 2022-11-21..2022-12-22; 2023-09-08..2023-09-13; 2024-10-02..2024-11-11; 2025-02-20..2025-03-27; 2025-05-29..2025-06-02,1M+3M+6M; 6M; 1M+3M+6M; 1M+3M+6M; 1M+3M+6M; 1M; 1M+3M+6M; 1M+6M; 1M+3M+6M; 1M+3M+6M; 1M+3M+6M; 1M+3M+6M; 1M+3M+6M,True,mid,1,30,,,
FUVV,FUVV,,3,2020-07-13,2021-08-16,2020-07-13..2020-08-18; 2020-11-19..2020-12-01; 2021-06-18..2021-08-16,1M+3M+6M; 1M+3M+6M; 1M+3M,True,small,5,10,,,
FVRR,FVRR,,4,2020-02-25,2021-08-03,2020-02-25..2020-03-02; 2020-03-10..2020-03-11; 2020-05-19..2021-02-26; 2021-07-29..2021-08-03,1M; 3M+6M; 1M+3M+6M; 1M+3M+6M,True,mid,1,16,,,
FWDI,FWDI,,3,2005-04-06,2005-11-23,2005-04-06..2005-06-21; 2005-07-28..2005-09-14; 2005-11-15..2005-11-23,1M+3M+6M; 1M+3M+6M; 1M+3M+6M,True,small,1,7,,,
FWLT^14,FWLT,,2,2007-05-24,2008-03-04,2007-05-24..2007-05-29; 2008-02-29..2008-03-04,1M+3M+6M; 6M,True,large_plus,1,4,,,
FWONK,FWONK,,1,2020-05-06,2020-05-22,2020-05-06..2020-05-22,1M,False,large_plus,10,3,,,
FWRD,FWRD,,4,2008-03-17,2026-08-26,2008-03-17..2008-03-31; 2024-06-21..2024-06-27; 2024-08-16..2024-09-23; 2026-08-06..2026-08-26,6M; 1M; 1M+3M; 1M+3M,False,small,4,10,,,
FYBR^26,FYBR,,2,2023-08-15,2023-11-20,2023-08-15..2023-08-17; 2023-10-23..2023-11-20,1M; 1M+3M+6M,True,mid,1,7,,,
GALT,GALT,,2,2014-01-17,2021-05-25,2014-01-17..2014-02-24; 2021-04-22..2021-05-25,1M+3M+6M; 1M+3M,True,small,1,4,,,
GAME.1^15,GAME,,1,2014-01-28,2014-02-03,2014-01-28..2014-02-03,1M,False,small,6,1,,,
GAP,GAP,,7,2009-04-08,2024-06-20,2009-04-08..2009-05-21; 2020-06-04..2020-06-22; 2020-10-28..2020-11-09; 2021-03-23..2021-03-25; 2021-05-18..2021-05-20; 2022-10-21..2022-10-27; 2024-06-17..2024-06-20,3M+6M; 1M; 6M; 1M+3M+6M; 1M+3M+6M; 1M+3M; 1M+6M,True,mid,2,20,,,
GATO^25,GATO,,1,2024-09-18,2024-09-24,2024-09-18..2024-09-24,6M,False,small,12,5,,,
GA^14,GA,,2,2008-01-16,2008-05-20,2008-01-16..2008-01-18; 2008-04-04..2008-05-20,1M; 1M+3M+6M,True,mid,3,4,,,
GBCI,GBCI,,2,2008-07-30,2008-10-07,2008-07-30..2008-08-06; 2008-09-26..2008-10-07,1M; 3M+6M,False,small,8,3,,,
GBR,GBR,,1,2021-02-01,2021-02-05,2021-02-01..2021-02-05,1M,False,small,7,2,,,
GBT^22,GBT,,9,2016-06-13,2022-08-09,2016-06-13..2016-06-14; 2016-10-05..2016-10-06; 2017-02-15..2017-04-05; 2017-10-23..2018-03-06; 2018-05-21..2018-06-15; 2018-11-09..2019-01-14; 2019-11-26..2020-01-27; 2020-04-20..2020-05-06; 2022-06-30..2022-08-09,1M; 6M; 1M+3M+6M; 1M+3M+6M; 1M+3M+6M; 1M+3M+6M; 1M+3M+6M; 1M+6M; 1M+3M+6M,True,small,1,32,,,
GBX,GBX,,4,2007-07-26,2012-01-24,2007-07-26..2007-08-01; 2008-02-13..2008-03-05; 2011-03-30..2011-04-08; 2011-11-08..2012-01-24,1M+3M; 1M+3M+6M; 1M+3M+6M; 1M+3M+6M,True,small,2,9,,,
GCAP^20,GCAP,,1,2017-12-29,2018-01-10,2017-12-29..2018-01-10,1M+3M+6M,True,small,11,1,,,
GCI.1^19,GCI,,1,2019-08-07,2019-08-14,2019-08-07..2019-08-14,1M,False,small,8,3,,,
GCO,GCO,,4,2008-06-06,2022-02-10,2008-06-06..2008-09-19; 2011-09-20..2011-10-11; 2019-09-23..2019-09-25; 2022-02-04..2022-02-10,1M+3M+6M; 1M+3M+6M; 6M; 3M+6M,True,small,1,14,,,
GCT,GCT,,7,2023-05-31,2026-08-13,2023-05-31..2023-06-23; 2023-07-05..2023-07-06; 2023-09-12..2023-09-20; 2023-12-18..2024-03-19; 2024-04-25..2024-05-21; 2024-10-15..2024-10-22; 2026-08-07..2026-08-13,1M+3M; 6M; 1M+3M+6M; 1M+3M+6M; 1M+3M+6M; 1M; 1M,True,small,3,13,,,
GCTS,GCTS,,1,2026-05-19,2026-06-04,2026-05-19..2026-06-04,1M+3M,False,small,7,1,,,
GDC,GDC,,1,2024-08-26,2024-09-17,2024-08-26..2024-09-17,1M+3M+6M,True,small,1,1,,,
GDDY,GDDY,,2,2020-04-21,2026-08-07,2020-04-21..2020-04-22; 2026-07-31..2026-08-07,1M; 1M+3M+6M,True,large_plus,6,6,,,
GDEN^26,GDEN,,1,2021-09-08,2021-09-09,2021-09-08..2021-09-09,6M,False,small,16,2,,,
GDOT,GDOT,,2,2010-12-09,2020-07-13,2010-12-09..2010-12-16; 2020-06-25..2020-07-13,1M+3M; 6M,False,mid,2,5,,,
GDRX,GDRX,,6,2021-02-05,2024-06-05,2021-02-05..2021-02-22; 2021-08-23..2021-09-30; 2023-03-06..2023-04-03; 2023-07-31..2023-08-17; 2024-01-22..2024-02-01; 2024-06-04..2024-06-05,1M; 1M+3M+6M; 1M+3M+6M; 1M+3M+6M; 1M+3M+6M; 6M,True,mid,3,10,,,
GDS,GDS,,13,2017-11-13,2025-05-29,2017-11-13..2017-12-07; 2018-01-18..2018-04-02; 2018-05-17..2018-07-27; 2018-11-28..2018-12-13; 2019-01-29..2019-02-04; 2020-05-21..2020-05-22; 2020-07-16..2020-07-17; 2022-06-27..2022-06-29; 2022-12-02..2023-02-14; 2024-05-13..2024-05-14; 2024-07-11..2024-11-18; 2025-01-13..2025-03-06; 2025-05-27..2025-05-29,1M+3M+6M; 1M+3M+6M; 1M+3M+6M; 1M+6M; 1M+3M+6M; 3M; 1M; 1M; 1M+3M+6M; 1M; 1M+3M+6M; 1M+3M+6M; 6M,True,mid,1,41,,,
GDYN,GDYN,,3,2021-07-27,2022-06-16,2021-07-27..2021-09-30; 2021-11-08..2022-01-05; 2022-04-13..2022-06-16,3M+6M; 1M+3M+6M; 1M+3M,True,small,1,10,,,
GE,GE,,1,2009-04-02,2009-04-06,2009-04-02..2009-04-06,1M,False,large_plus,5,3,,,
GEL,GEL,,2,2016-03-30,2025-04-08,2016-03-30..2016-04-01; 2025-04-07..2025-04-08,1M; 1M+3M,False,mid,4,3,,,
GEN,GEN,,1,2009-01-20,2009-02-19,2009-01-20..2009-02-19,1M+3M+6M,True,large_plus,4,1,,,
GEN.3^12,GEN,NLOK,3,2008-12-04,2012-05-21,2008-12-04..2008-12-09; 2010-05-26..2010-06-02; 2012-05-18..2012-05-21,1M; 1M+3M+6M; 3M+6M,True,small,8,3,,,
GENE^24,GENE,,1,2020-07-21,2020-07-22,2020-07-21..2020-07-22,1M,False,small,12,2,,,
GENI,GENI,,3,2023-07-11,2026-08-18,2023-07-11..2023-08-02; 2025-08-07..2025-08-12; 2026-07-27..2026-08-18,3M+6M; 6M; 1M+3M,False,small,7,8,,,
GEO,GEO,,6,2022-05-11,2025-05-09,2022-05-11..2022-05-17; 2022-09-02..2022-09-12; 2022-11-22..2022-12-14; 2024-11-12..2024-12-09; 2025-01-23..2025-02-03; 2025-04-04..2025-05-09,3M; 1M+6M; 1M+3M+6M; 1M+3M+6M; 3M+6M; 1M+3M+6M,True,mid,2,12,,,
GEOS,GEOS,,1,2013-02-25,2013-02-26,2013-02-25..2013-02-26,1M+3M+6M,True,small,6,1,,,
GEOY^13,GEOY,,2,2008-01-10,2008-09-17,2008-01-10..2008-01-15; 2008-09-15..2008-09-17,3M+6M; 3M,False,small,8,2,,,
GERN,GERN,,21,2005-01-07,2026-02-24,2005-01-07..2005-01-26; 2005-07-25..2005-08-04; 2005-09-15..2005-09-21; 2007-05-24..2007-06-01; 2009-01-23..2009-02-18; 2009-04-16..2009-04-20; 2009-07-10..2009-07-14; 2013-10-16..2013-12-13; 2014-06-12..2014-07-09; 2014-11-14..2014-12-12; 2015-03-10..2015-05-01; 2015-07-07..2015-07-16; 2015-12-03..2016-01-07; 2018-03-19..2018-06-11; 2018-08-16..2018-09-21; 2022-09-07..2022-09-26; 2023-01-10..2023-02-01; 2023-05-05..2023-05-11; 2024-03-20..2024-06-28; 2024-08-12..2024-08-14; 2026-02-13..2026-02-24,1M+3M+6M; 1M+3M+6M; 1M+3M+6M; 1M+3M+6M; 1M+3M+6M; 6M; 1M; 1M+3M+6M; 1M+3M+6M; 1M+3M+6M; 1M+3M+6M; 1M+3M+6M; 1M+3M+6M; 1M+3M+6M; 1M+3M+6M; 1M+3M+6M; 1M+6M; 6M; 1M+3M+6M; 3M+6M; 1M+3M,True,small,1,50,,,
GES^26,GES,,5,2008-02-21,2009-06-05,2008-02-21..2008-03-07; 2008-06-12..2008-06-20; 2008-08-22..2008-09-17; 2009-03-31..2009-04-17; 2009-06-02..2009-06-05,1M+3M+6M; 1M+3M+6M; 6M; 3M; 6M,True,mid,6,12,,,
GEV,GEV,,4,2025-01-27,2026-07-15,2025-01-27..2025-02-03; 2025-04-25..2025-04-29; 2025-12-17..2025-12-19; 2026-07-13..2026-07-15,1M+3M+6M; 1M+3M+6M; 1M+3M+6M; 1M+6M,True,large_plus,3,8,,,
GEVA^15,GEVA,,6,2014-01-21,2015-03-30,2014-01-21..2014-03-11; 2014-05-12..2014-05-16; 2014-07-01..2014-07-09; 2014-10-21..2014-11-11; 2014-12-23..2015-02-05; 2015-03-25..2015-03-30,1M+3M+6M; 1M+3M+6M; 1M+3M+6M; 1M+3M+6M; 1M+3M+6M; 1M+6M,True,mid,1,12,,,
GEVO,GEVO,,5,2020-08-24,2025-01-22,2020-08-24..2020-09-11; 2020-12-16..2021-02-25; 2021-06-04..2021-06-18; 2024-10-09..2024-11-05; 2025-01-06..2025-01-22,1M; 1M+3M+6M; 6M; 1M+3M+6M; 6M,True,small,1,12,,,
GFAI,GFAI,,1,2022-04-04,2022-04-08,2022-04-04..2022-04-08,1M,False,small,3,1,,,
GFASY,GFASY,,5,2007-11-12,2009-10-29,2007-11-12..2007-12-19; 2008-03-05..2008-05-21; 2009-05-14..2009-05-15; 2009-09-01..2009-09-04; 2009-10-27..2009-10-29,1M+3M+6M; 1M+3M+6M; 6M; 3M+6M; 1M+3M+6M,True,mid,1,10,,,
GFF,GFF,,1,2022-05-18,2022-05-19,2022-05-18..2022-05-19,1M+3M+6M,True,small,2,2,,,
GFI,GFI,,14,2008-01-23,2022-11-29,2008-01-23..2008-01-28; 2008-12-08..2009-04-01; 2013-08-02..2013-08-29; 2014-11-26..2015-01-30; 2015-09-01..2015-09-04; 2015-12-17..2016-03-16; 2016-04-22..2016-05-18; 2016-06-27..2016-06-30; 2019-08-13..2019-09-09; 2020-03-05..2020-03-06; 2020-04-22..2020-05-06; 2020-08-07..2020-09-25; 2022-03-14..2022-03-25; 2022-11-10..2022-11-29,1M+3M+6M; 1M+3M+6M; 1M+3M+6M; 1M+3M+6M; 1M+3M+6M; 1M+3M+6M; 1M+3M+6M; 1M+3M+6M; 1M+3M+6M; 6M; 1M+3M; 1M+3M+6M; 1M+3M+6M; 1M+3M,True,mid,1,37,,,
GFIG^16,GFIG,,2,2007-11-19,2008-08-27,2007-11-19..2007-11-21; 2008-08-21..2008-08-27,1M+3M+6M; 1M,True,mid,6,4,,,
GFS,GFS,,5,2022-03-04,2026-05-26,2022-03-04..2022-04-05; 2022-05-27..2022-06-10; 2022-08-03..2022-09-01; 2022-11-07..2022-11-10; 2026-05-07..2026-05-26,1M+3M; 1M+3M+6M; 1M+3M+6M; 1M+3M+6M; 1M+6M,True,large_plus,2,14,,,
GGAL,GGAL,,18,2010-11-08,2025-11-19,2010-11-08..2010-11-19; 2014-06-23..2014-07-25; 2015-11-03..2015-12-01; 2018-11-20..2019-01-16; 2019-05-24..2019-06-05; 2019-10-14..2019-10-21; 2019-12-04..2020-01-15; 2020-05-27..2020-05-28; 2020-07-27..2020-08-03; 2021-09-13..2021-09-20; 2023-01-24..2023-02-07; 2023-06-22..2023-08-01; 2023-11-24..2023-12-19; 2024-02-07..2024-05-29; 2024-08-14..2024-08-22; 2024-12-18..2025-01-28; 2025-04-29..2025-04-30; 2025-10-27..2025-11-19,1M+3M+6M; 1M+3M+6M; 1M+3M+6M; 1M+3M+6M; 1M+3M+6M; 1M+3M+6M; 1M+3M+6M; 1M; 3M; 1M+6M; 1M+3M+6M; 1M+3M+6M; 1M+3M+6M; 1M+3M+6M; 1M+6M; 1M+3M+6M; 1M+3M+6M; 1M,True,mid,1,47,,,
GGL.1^08,GGL,,1,2007-07-27,2007-08-07,2007-07-27..2007-08-07,1M+3M+6M,True,small,12,2,,,
GG^19,GG,,6,2008-01-22,2016-03-24,2008-01-22..2008-02-07; 2008-07-17..2008-07-24; 2008-12-01..2009-01-07; 2009-02-24..2009-04-06; 2015-10-29..2015-10-30; 2016-02-11..2016-03-24,1M+3M+6M; 1M+3M+6M; 1M+3M+6M; 1M+3M+6M; 1M+3M+6M; 1M+3M+6M,True,large_plus,1,15,,,
GH,GH,,15,2018-12-03,2026-07-22,2018-12-03..2018-12-13; 2019-01-28..2019-04-01; 2019-05-23..2019-05-31; 2019-07-29..2019-08-27; 2022-04-13..2022-04-20; 2022-09-08..2022-10-12; 2023-05-17..2023-05-30; 2024-05-21..2024-08-09; 2024-11-13..2024-11-26; 2025-01-22..2025-02-11; 2025-04-22..2025-05-08; 2025-06-17..2025-06-23; 2025-11-06..2025-12-09; 2026-01-23..2026-02-04; 2026-06-05..2026-07-22,1M; 1M+3M; 1M+3M+6M; 1M+3M+6M; 1M; 1M+3M+6M; 1M; 1M+3M+6M; 1M; 1M+3M+6M; 1M+3M+6M; 1M+6M; 1M+3M+6M; 3M+6M; 1M+3M+6M,True,mid,1,37,,,
GHDX^19,GHDX,,1,2018-11-07,2018-12-12,2018-11-07..2018-12-12,1M+3M+6M,True,mid,1,2,,,
GHL^23,GHL,,6,2007-09-19,2009-04-17,2007-09-19..2007-09-25; 2008-02-14..2008-04-08; 2008-09-25..2008-10-09; 2008-12-05..2009-01-09; 2009-02-18..2009-02-25; 2009-04-16..2009-04-17,1M+3M+6M; 1M+3M+6M; 1M+3M+6M; 3M+6M; 6M; 6M,True,small,1,13,,,
GHM,GHM,,1,2008-06-02,2008-08-26,2008-06-02..2008-08-26,1M+3M+6M,True,small,2,5,,,
GHRS,GHRS,,1,2025-02-05,2025-02-20,2025-02-05..2025-02-20,1M,False,small,5,2,,,
GIC,GIC,,2,2006-10-12,2007-03-02,2006-10-12..2006-10-16; 2007-01-18..2007-03-02,1M+3M+6M; 1M+3M+6M,True,small,1,3,,,
GIGM,GIGM,,4,2006-05-02,2007-11-09,2006-05-02..2006-05-23; 2006-09-12..2006-10-04; 2007-02-27..2007-03-06; 2007-11-06..2007-11-09,1M+3M+6M; 1M+3M+6M; 1M+3M+6M; 3M,True,small,1,9,,,
GIII,GIII,,3,2016-02-09,2020-09-23,2016-02-09..2016-02-16; 2016-07-26..2016-07-27; 2020-09-22..2020-09-23,1M+3M+6M; 1M+3M+6M; 1M,True,mid,2,6,,,
GIL,GIL,,2,2009-06-03,2009-06-19,2009-06-03..2009-06-15; 2009-06-17..2009-06-19,1M; 3M,False,mid,3,3,,,
GILD,GILD,,2,2008-11-10,2020-04-09,2008-11-10..2008-12-09; 2020-03-09..2020-04-09,3M+6M; 1M+3M+6M,True,large_plus,2,7,,,
GIMO^17,GIMO,,1,2016-11-14,2016-12-01,2016-11-14..2016-12-01,1M+3M+6M,True,mid,2,2,,,
GIS,GIS,,1,2020-03-17,2020-04-07,2020-03-17..2020-04-07,1M+3M+6M,True,large_plus,5,3,,,
GKOS,GKOS,,5,2018-09-06,2023-12-29,2018-09-06..2018-09-24; 2018-12-19..2018-12-20; 2019-09-27..2019-09-30; 2022-01-12..2022-02-23; 2023-12-27..2023-12-29,1M+3M+6M; 3M+6M; 6M; 1M+3M+6M; 6M,True,mid,2,12,,,
GLBC^11,GLBC,,2,2007-12-19,2011-06-09,2007-12-19..2008-01-25; 2011-06-08..2011-06-09,1M+3M+6M; 1M+3M+6M,True,mid,1,3,,,
GLBE,GLBE,,5,2021-07-08,2023-06-13,2021-07-08..2021-09-30; 2021-12-08..2022-01-03; 2022-08-17..2022-09-23; 2023-01-20..2023-03-08; 2023-05-22..2023-06-13,1M+3M; 1M+6M; 1M+3M; 1M+3M; 1M+3M+6M,True,mid,1,21,,,
GLBR,GLBR,,1,2015-12-29,2016-01-19,2015-12-29..2016-01-19,1M+3M+6M,True,small,1,3,P123 backfill: 11x 1-day move -- almost certainly an uncorrected split,,
GLDN.1^08,GLDN,,1,2007-10-30,2007-11-14,2007-10-30..2007-11-14,1M+3M+6M,True,mid,3,2,,,
GLNG,GLNG,,8,2007-10-15,2022-06-15,2007-10-15..2007-10-18; 2011-03-30..2011-06-13; 2011-09-23..2011-10-03; 2016-02-08..2016-02-12; 2016-07-29..2016-09-20; 2016-11-28..2016-12-05; 2022-03-15..2022-04-25; 2022-06-02..2022-06-15,6M; 1M+3M+6M; 1M+3M+6M; 1M+3M+6M; 1M+3M+6M; 1M+3M+6M; 1M+3M+6M; 3M+6M,True,mid,1,20,,,
GLOB,GLOB,,2,2015-07-24,2022-04-07,2015-07-24..2015-07-31; 2022-02-28..2022-04-07,1M+3M+6M; 3M+6M,True,large_plus,6,2,,,
GLOG^21,GLOG,,1,2014-02-05,2014-02-06,2014-02-05..2014-02-06,1M,False,small,12,2,,,
GLSI,GLSI,,3,2020-12-09,2026-02-13,2020-12-09..2021-02-18; 2021-04-08..2021-05-07; 2026-01-08..2026-02-13,1M+3M; 6M; 1M+3M+6M,True,small,1,9,,,
GLUE,GLUE,,2,2024-10-31,2026-02-02,2024-10-31..2024-11-13; 2025-10-31..2026-02-02,1M+3M; 1M+3M+6M,True,small,3,8,,,
GLUU^21,GLUU,,12,2011-03-01,2020-02-13,2011-03-01..2011-03-11; 2011-05-27..2011-07-28; 2012-03-28..2012-04-17; 2012-06-05..2012-07-18; 2013-03-18..2013-05-03; 2013-10-28..2013-12-06; 2014-07-10..2014-08-04; 2016-02-18..2016-03-02; 2017-04-04..2017-04-13; 2017-12-13..2017-12-15; 2018-11-14..2019-01-11; 2020-02-10..2020-02-13,1M+3M+6M; 1M+3M+6M; 1M+3M+6M; 1M+3M+6M; 1M+3M+6M; 1M+3M+6M; 1M+3M+6M; 1M+3M+6M; 1M+3M+6M; 6M; 1M+3M+6M; 6M,True,small,1,26,,,
GLW,GLW,,3,2009-01-12,2026-07-13,2009-01-12..2009-05-08; 2026-02-05..2026-05-11; 2026-06-25..2026-07-13,1M+3M+6M; 1M+3M+6M; 1M+6M,True,large_plus,2,16,,,
GLXY,GLXY,,6,2021-04-15,2026-05-08,2021-04-15..2021-05-11; 2025-05-16..2025-06-02; 2025-07-17..2025-08-11; 2025-09-22..2025-10-28; 2026-01-21..2026-01-27; 2026-04-28..2026-05-08,1M+3M+6M; 1M+3M+6M; 1M+3M+6M; 1M+3M+6M; 1M; 1M,True,large_plus,1,15,,,
GMBL,GMBL,,1,2021-02-25,2021-03-10,2021-02-25..2021-03-10,1M,False,small,5,1,,,
GMCR^16,GMCR,,11,2007-08-07,2013-05-29,2007-08-07..2007-08-30; 2008-12-01..2008-12-12; 2009-01-28..2009-06-22; 2009-07-30..2009-08-13; 2010-12-10..2010-12-15; 2011-02-17..2011-03-02; 2011-08-08..2011-09-27; 2012-08-16..2012-09-27; 2012-11-14..2012-12-17; 2013-02-11..2013-02-12; 2013-05-24..2013-05-29,1M+3M+6M; 1M+3M; 3M+6M; 1M+3M+6M; 1M+3M+6M; 1M+3M+6M; 1M+3M+6M; 1M+3M+6M; 1M+3M+6M; 1M+3M+6M; 1M+3M+6M,True,mid,1,35,,,
GMDAQ^24,GMDAQ,GMDA,1,2023-05-03,2023-05-30,2023-05-03..2023-05-30,1M+3M,False,small,2,1,,,
GME,GME,,16,2009-01-27,2025-06-10,2009-01-27..2009-04-08; 2019-09-12..2019-12-10; 2020-03-26..2020-03-30; 2020-08-31..2020-11-03; 2020-12-24..2021-03-26; 2021-05-25..2021-06-18; 2021-09-01..2021-09-17; 2021-11-05..2021-11-30; 2022-03-31..2022-04-14; 2022-06-15..2022-08-23; 2023-04-04..2023-04-12; 2023-06-14..2023-06-21; 2023-12-18..2023-12-28; 2024-05-10..2024-06-21; 2024-11-12..2025-01-15; 2025-04-15..2025-06-10,1M+3M+6M; 1M+3M+6M; 1M+3M+6M; 1M+3M; 1M+3M+6M; 1M+3M+6M; 1M+3M+6M; 1M+3M+6M; 1M+3M+6M; 1M+3M+6M; 1M+3M+6M; 3M; 1M; 1M+3M+6M; 1M+3M+6M; 1M+3M+6M,True,large_plus,1,43,,,
GMST^08,GMST,,1,2007-07-26,2007-08-01,2007-07-26..2007-08-01,1M+3M+6M,True,mid,3,1,,,
GMS^25,GMS,,1,2019-09-05,2019-09-17,2019-09-05..2019-09-17,1M+3M+6M,True,small,4,3,,,
GNA^10,GNA,,1,2009-05-28,2009-06-19,2009-05-28..2009-06-19,1M,False,mid,4,3,,,
GNBTQ^23,GNBTQ,GNBT,1,2006-02-24,2006-04-06,2006-02-24..2006-04-06,1M+3M+6M,True,small,1,2,,,
GNK,GNK,,3,2021-05-12,2022-06-08,2021-05-12..2021-07-07; 2022-02-24..2022-02-25; 2022-04-29..2022-06-08,1M+3M; 1M+3M; 3M+6M,False,small,8,9,,,
GNMK^21,GNMK,,2,2020-04-09,2020-07-21,2020-04-09..2020-05-20; 2020-06-29..2020-07-21,1M+3M+6M; 1M+3M+6M,True,small,1,4,,,
GNOM.2^13,GNOM,,1,2012-02-22,2012-03-06,2012-02-22..2012-03-06,1M,False,small,1,1,,,
GNPX,GNPX,,3,2020-02-18,2022-02-10,2020-02-18..2020-03-09; 2020-05-07..2020-06-16; 2022-01-07..2022-02-10,1M+3M+6M; 3M+6M; 1M+3M,True,small,1,8,,,
GNRC,GNRC,,4,2021-02-25,2025-10-31,2021-02-25..2021-03-05; 2022-03-03..2022-03-09; 2022-06-09..2022-06-21; 2025-10-29..2025-10-31,1M+3M+6M; 1M+3M+6M; 1M+3M+6M; 1M+3M+6M,True,large_plus,5,9,,,
GNS,GNS,,2,2023-01-23,2025-07-24,2023-01-23..2023-02-23; 2025-07-10..2025-07-24,1M+3M+6M; 1M+3M+6M,True,small,1,3,,,
GNVC^17,GNVC,,1,2010-01-27,2010-03-29,2010-01-27..2010-03-29,1M+3M+6M,True,small,1,4,,,
GNW,GNW,,10,2008-12-29,2020-09-14,2008-12-29..2009-01-06; 2009-04-03..2009-10-05; 2010-02-05..2010-02-12; 2010-08-02..2010-08-05; 2011-10-28..2011-11-16; 2016-03-14..2016-03-16; 2016-05-03..2016-05-23; 2016-09-08..2016-09-20; 2018-06-01..2018-06-08; 2020-09-02..2020-09-14,1M; 1M+3M+6M; 1M+3M+6M; 1M+3M+6M; 1M+3M; 1M; 1M+3M; 1M+3M+6M; 1M; 1M,True,small,1,28,,,
GO,GO,,3,2019-08-21,2025-04-23,2019-08-21..2019-09-05; 2020-03-26..2020-04-13; 2025-04-14..2025-04-23,1M; 1M+3M+6M; 1M+3M+6M,True,mid,4,7,,,
GOEVQ,GOEVQ,GOEV,2,2022-07-25,2024-04-26,2022-07-25..2022-08-03; 2024-04-24..2024-04-26,1M; 1M+3M+6M,True,small,7,2,,,
GOGL.1^25,GOGL,,1,2022-04-21,2022-05-31,2022-04-21..2022-05-31,1M+3M+6M,True,mid,1,2,,,
GOGO,GOGO,,9,2013-09-19,2025-04-10,2013-09-19..2013-12-18; 2014-03-12..2014-03-14; 2014-06-09..2014-06-17; 2018-10-23..2018-11-19; 2019-09-17..2019-10-03; 2020-08-28..2020-10-26; 2021-10-04..2021-10-08; 2022-04-12..2022-04-28; 2025-04-03..2025-04-10,1M+3M; 6M; 1M+3M+6M; 1M+3M+6M; 1M+3M+6M; 1M+3M+6M; 1M+3M+6M; 1M+3M; 1M+3M+6M,True,small,1,25,,,
GOLD,GOLD,,2,2024-04-18,2026-03-02,2024-04-18..2024-05-13; 2026-02-04..2026-03-02,1M+3M+6M; 1M+3M+6M,True,small,5,5,,,
GOLD.3^19,GOLD,AMRK,2,2008-01-22,2009-04-06,2008-01-22..2008-03-19; 2008-12-02..2009-04-06,1M+3M+6M; 1M+3M+6M,True,mid,1,12,,,
GOMO^15,GOMO,,1,2014-02-14,2014-03-13,2014-02-14..2014-03-13,1M+3M,False,small,9,2,,,
GOOS,GOOS,,5,2018-02-08,2019-02-22,2018-02-08..2018-02-13; 2018-06-22..2018-07-09; 2018-10-08..2018-10-09; 2018-11-16..2018-12-10; 2019-02-14..2019-02-22,1M+3M+6M; 1M+3M+6M; 1M+3M+6M; 1M+3M+6M; 1M+3M+6M,True,mid,1,9,,,
GOSS,GOSS,,2,2019-11-22,2022-09-16,2019-11-22..2019-12-03; 2022-07-14..2022-09-16,1M+3M+6M; 1M+3M+6M,True,small,6,8,,,
GOTU,GOTU,,12,2019-08-12,2025-03-27,2019-08-12..2019-12-12; 2020-01-23..2020-04-01; 2020-05-14..2020-08-19; 2020-10-01..2020-10-22; 2021-01-26..2021-03-04; 2021-10-13..2021-10-21; 2022-06-27..2022-07-05; 2022-12-19..2023-04-10; 2023-12-13..2023-12-15; 2024-02-14..2024-03-22; 2024-05-21..2024-05-28; 2025-03-11..2025-03-27,1M+3M+6M; 1M+3M+6M; 1M+3M+6M; 1M+3M+6M; 1M+3M; 1M; 1M+6M; 1M+3M+6M; 1M+3M; 1M+3M+6M; 6M; 1M+3M+6M,True,small,1,39,,,
GOVX,GOVX,,1,2022-08-08,2022-08-18,2022-08-08..2022-08-18,1M+3M,False,small,1,1,,,
GP,GP,,1,2020-11-20,2021-01-20,2020-11-20..2021-01-20,1M+6M,False,small,3,3,,,
GPCR,GPCR,,5,2023-09-21,2026-02-06,2023-09-21..2023-11-10; 2024-02-07..2024-02-22; 2024-06-06..2024-06-25; 2025-05-02..2025-05-12; 2025-11-05..2026-02-06,1M+3M+6M; 1M+3M+6M; 1M+3M+6M; 1M; 1M+3M+6M,True,small,1,14,,,
GPI,GPI,,4,2009-04-30,2020-10-27,2009-04-30..2009-05-11; 2009-07-02..2009-07-24; 2011-11-01..2011-11-07; 2020-10-22..2020-10-27,3M+6M; 1M+3M+6M; 6M; 1M+6M,True,small,2,8,,,
GPOR,GPOR,,2,2022-05-09,2023-03-22,2022-05-09..2022-05-13; 2023-03-13..2023-03-22,3M+6M; 1M,False,mid,8,7,,,
GPORQ^21,GPORQ,GPOR,7,2011-03-07,2019-11-11,2011-03-07..2011-04-14; 2011-08-02..2011-08-05; 2011-10-26..2011-11-23; 2012-07-17..2012-08-13; 2014-11-17..2014-11-28; 2016-01-26..2016-02-19; 2019-11-07..2019-11-11,1M+3M+6M; 1M+3M+6M; 1M+3M+6M; 1M+3M+6M; 1M+3M+6M; 1M+3M+6M; 1M,True,small,2,18,,,
GPRE,GPRE,,11,2014-03-27,2026-04-06,2014-03-27..2014-04-10; 2015-02-09..2015-02-10; 2015-03-16..2015-03-23; 2015-10-12..2015-10-16; 2015-12-07..2016-01-06; 2018-10-18..2018-10-25; 2019-09-20..2019-09-27; 2021-08-04..2021-08-13; 2022-05-18..2022-06-01; 2026-02-09..2026-02-20; 2026-03-25..2026-04-06,1M+3M+6M; 1M; 3M; 6M; 3M+6M; 1M+3M+6M; 1M; 6M; 1M+3M+6M; 1M; 3M+6M,True,small,4,27,,,
GPRO,GPRO,,8,2014-09-12,2025-10-06,2014-09-12..2014-10-16; 2016-06-28..2016-10-12; 2017-08-16..2017-10-04; 2018-10-09..2018-10-25; 2019-10-01..2019-10-07; 2020-10-13..2020-10-26; 2021-03-18..2021-04-01; 2025-07-30..2025-10-06,1M+3M; 1M+3M+6M; 1M+3M+6M; 6M; 1M+3M+6M; 1M; 1M; 1M+3M+6M,True,small,1,23,,,
GPUS,GPUS,,1,2020-11-30,2020-12-14,2020-11-30..2020-12-14,1M,False,small,5,2,,,
GRAB,GRAB,,9,2021-04-19,2025-10-02,2021-04-19..2021-04-27; 2021-10-26..2021-11-15; 2022-07-25..2022-08-25; 2022-11-16..2023-02-03; 2023-05-18..2023-05-24; 2024-11-22..2024-12-06; 2025-02-20..2025-03-03; 2025-09-25..2025-09-30; 2025-10-01..2025-10-02,1M+3M; 1M; 1M+3M+6M; 1M+3M+6M; 1M+3M+6M; 1M+3M+6M; 1M+3M+6M; 1M; 3M,True,large_plus,1,22,,,
GRAL,GRAL,,4,2025-01-30,2026-02-04,2025-01-30..2025-03-05; 2025-05-02..2025-07-11; 2025-10-06..2025-12-15; 2026-01-30..2026-02-04,1M+3M+6M; 1M+6M; 1M+3M+6M; 6M,True,mid,3,14,,,
GRA^21,GRA,,7,2006-12-05,2011-08-08,2006-12-05..2006-12-18; 2007-03-02..2007-03-08; 2008-02-25..2008-02-29; 2008-04-07..2008-04-11; 2009-06-03..2009-06-08; 2009-10-05..2009-10-30; 2011-08-05..2011-08-08,1M+3M+6M; 1M+3M+6M; 6M; 1M; 1M+6M; 1M+3M+6M; 3M+6M,True,small,2,15,,,
GRBK,GRBK,,3,2021-12-15,2024-08-08,2021-12-15..2021-12-21; 2022-05-13..2022-05-24; 2024-08-07..2024-08-08,3M+6M; 1M+3M+6M; 1M,True,small,8,4,,,
GRCE,GRCE,,1,2019-12-27,2019-12-31,2019-12-27..2019-12-31,6M,False,small,8,1,,,
GRDI^24,GRDI,,1,2024-06-26,2024-07-11,2024-06-26..2024-07-11,1M,False,small,1,2,,,
GRIN.2^24,GRIN,,1,2022-02-25,2022-06-08,2022-02-25..2022-06-08,1M+3M+6M,True,small,2,4,,,
GRML,GRML,,1,2025-06-16,2025-07-28,2025-06-16..2025-07-28,1M+3M+6M,True,small,1,1,,,
GRMN,GRMN,,4,2007-08-10,2008-06-16,2007-08-10..2007-08-24; 2007-10-03..2007-11-02; 2007-12-18..2007-12-19; 2008-06-10..2008-06-16,1M+3M+6M; 1M+3M+6M; 1M+3M+6M; 1M+3M+6M,True,large_plus,1,9,,,
GROM,GROM,,1,2021-10-11,2021-10-25,2021-10-11..2021-10-25,1M,False,small,4,1,,,
GROW,GROW,,4,2006-09-11,2018-01-02,2006-09-11..2007-01-08; 2007-03-30..2007-04-25; 2007-06-25..2007-07-02; 2017-12-18..2018-01-02,1M+3M+6M; 1M+3M+6M; 1M+3M+6M; 1M+3M+6M,True,small,1,11,,,
GRPN,GRPN,,16,2012-02-09,2026-08-06,2012-02-09..2012-02-17; 2012-10-12..2012-10-23; 2012-12-14..2013-04-18; 2014-11-11..2014-11-21; 2015-12-23..2016-01-07; 2016-02-22..2016-03-15; 2016-08-12..2016-08-16; 2017-03-01..2017-03-07; 2018-07-27..2018-08-07; 2020-08-19..2020-09-08; 2022-01-13..2022-02-08; 2023-08-14..2023-10-13; 2023-12-26..2024-02-12; 2024-05-16..2024-05-24; 2025-03-17..2025-07-10; 2026-07-10..2026-08-06,1M+3M; 1M+3M+6M; 1M+3M+6M; 1M+3M+6M; 1M+3M+6M; 1M+3M+6M; 1M+3M+6M; 1M+3M+6M; 1M+3M+6M; 1M; 1M+3M; 1M+3M+6M; 6M; 1M; 1M+3M+6M; 1M+3M+6M,True,small,1,46,,,
GRRR,GRRR,,3,2023-07-07,2025-06-20,2023-07-07..2023-07-20; 2024-12-18..2025-03-18; 2025-06-09..2025-06-20,1M+3M; 1M+3M+6M; 6M,True,small,1,9,,,
GRTSQ^25,GRTSQ,GRTS,2,2021-01-19,2022-01-03,2021-01-19..2021-02-04; 2021-12-01..2022-01-03,1M; 1M+3M+6M,True,small,1,5,,,
GRUB.2^21,GRUB,,4,2014-06-12,2019-02-27,2014-06-12..2014-06-23; 2014-08-06..2014-09-03; 2016-02-29..2016-03-03; 2019-02-07..2019-02-27,1M; 1M+3M; 1M; 1M+3M+6M,True,mid,1,6,,,
GRWG,GRWG,,3,2020-08-17,2022-12-09,2020-08-17..2021-02-12; 2021-04-13..2021-04-20; 2022-11-11..2022-12-09,1M+3M+6M; 6M; 1M+3M,True,small,2,14,,,
GS,GS,,1,2009-01-13,2009-04-27,2009-01-13..2009-04-27,1M+3M+6M,True,large_plus,1,8,,,
GSAT,GSAT,,14,2014-06-16,2026-04-02,2014-06-16..2014-07-01; 2014-11-20..2014-12-31; 2016-05-27..2016-06-03; 2016-12-23..2017-02-08; 2017-04-27..2017-06-29; 2021-01-28..2021-03-02; 2021-05-21..2021-07-14; 2021-09-02..2021-09-22; 2022-08-29..2022-09-15; 2024-01-09..2024-01-19; 2024-11-05..2024-11-27; 2024-12-20..2025-01-15; 2025-10-31..2025-12-23; 2026-03-26..2026-04-02,1M+3M+6M; 1M+3M+6M; 1M+3M+6M; 1M+3M+6M; 1M+3M+6M; 1M; 1M+6M; 1M+3M+6M; 1M+3M+6M; 1M+3M+6M; 1M+3M; 3M; 1M+3M+6M; 6M,True,mid,1,31,,,
GSHD,GSHD,,7,2019-10-07,2026-08-14,2019-10-07..2019-11-04; 2020-06-12..2020-06-18; 2020-09-09..2020-09-10; 2023-03-01..2023-03-23; 2024-08-05..2024-08-13; 2025-03-07..2025-04-07; 2026-07-16..2026-08-14,1M+3M+6M; 6M; 6M; 1M+3M+6M; 1M+3M; 1M+3M+6M; 1M+3M,True,mid,1,18,,,
GSIT,GSIT,,3,2023-05-15,2026-05-13,2023-05-15..2023-06-28; 2025-10-20..2025-11-10; 2026-05-11..2026-05-13,1M+3M+6M; 1M+3M; 1M,True,small,1,6,,,
GSKY^22,GSKY,,2,2018-09-12,2019-03-25,2018-09-12..2018-09-14; 2019-03-15..2019-03-25,1M; 1M+3M+6M,True,mid,9,4,,,
GSL,GSL,,1,2022-02-03,2022-02-14,2022-02-03..2022-02-14,1M+3M+6M,True,small,5,4,,,
GSM,GSM,,3,2021-02-22,2022-03-10,2021-02-22..2021-03-10; 2021-09-01..2021-10-13; 2022-03-03..2022-03-10,6M; 1M+3M+6M; 1M+3M,True,small,3,6,,,
GSOL.1^17,GSOL,,1,2007-10-29,2007-11-08,2007-10-29..2007-11-08,1M+3M+6M,True,small,1,2,,,
GSS^22,GSS,,5,2007-02-27,2010-05-25,2007-02-27..2007-03-21; 2007-09-21..2007-10-04; 2008-01-11..2008-03-11; 2009-10-08..2009-12-14; 2010-05-18..2010-05-25,1M+3M+6M; 1M+3M+6M; 1M+3M+6M; 1M+3M+6M; 3M,True,small,3,15,,,
GT,GT,,8,2009-04-02,2025-04-28,2009-04-02..2009-06-22; 2009-08-05..2009-08-24; 2010-04-30..2010-05-03; 2010-08-02..2010-08-06; 2011-11-09..2011-11-10; 2021-02-25..2021-03-10; 2022-01-24..2022-01-26; 2025-04-17..2025-04-28,1M+3M+6M; 1M+3M+6M; 1M+6M; 1M+3M+6M; 3M; 1M; 3M+6M; 1M+3M+6M,True,mid,1,19,,,
GTE,GTE,,3,2008-06-10,2026-08-28,2008-06-10..2008-07-08; 2022-03-07..2022-06-17; 2026-08-10..2026-08-28,1M+3M+6M; 1M+3M+6M; 1M,True,small,2,7,,,
GTEC,GTEC,,2,2020-11-16,2021-12-07,2020-11-16..2020-12-21; 2021-11-22..2021-12-07,1M+3M; 1M,False,small,2,4,,,
GTHX^24,GTHX,,4,2018-03-22,2022-09-22,2018-03-22..2018-06-01; 2018-07-19..2018-09-25; 2019-06-27..2019-09-24; 2022-08-09..2022-09-22,1M+3M+6M; 1M+3M+6M; 1M+3M+6M; 1M+3M+6M,True,small,1,12,,,
GTI.1^15,GTI,,5,2007-09-13,2012-11-13,2007-09-13..2007-09-14; 2008-12-18..2008-12-22; 2009-02-10..2009-02-23; 2010-05-18..2010-05-24; 2012-11-07..2012-11-13,1M+3M+6M; 1M; 3M; 1M; 1M+3M+6M,True,small,4,10,,,
GTLB,GTLB,,3,2022-06-22,2026-08-06,2022-06-22..2022-08-24; 2023-06-08..2023-06-29; 2026-07-24..2026-08-06,1M+3M; 1M+3M; 3M,False,mid,5,7,,,
GTLS^26,GTLS,,14,2007-06-28,2023-06-26,2007-06-28..2007-07-10; 2008-03-06..2008-03-24; 2008-05-01..2008-05-06; 2008-07-09..2008-08-04; 2009-06-04..2009-06-05; 2010-12-03..2010-12-07; 2011-07-11..2011-07-28; 2011-09-20..2011-09-27; 2011-10-27..2011-12-19; 2015-03-02..2015-03-13; 2021-05-03..2021-05-07; 2022-03-09..2022-03-22; 2022-10-28..2022-11-08; 2023-06-21..2023-06-26,1M+3M+6M; 1M+3M+6M; 3M+6M; 1M+3M+6M; 3M; 1M+3M+6M; 3M+6M; 1M; 3M+6M; 1M+6M; 3M; 1M; 1M+6M; 1M,True,small,1,39,,,
GTM,GTM,,6,2020-10-07,2026-08-13,2020-10-07..2020-10-28; 2020-12-02..2021-02-25; 2021-08-09..2021-08-20; 2022-02-25..2022-03-31; 2025-03-12..2025-03-17; 2026-08-03..2026-08-13,1M+3M; 1M+3M+6M; 1M+3M+6M; 1M+3M+6M; 3M; 1M,True,large_plus,4,19,,,
GTN,GTN,,3,2013-12-03,2015-11-16,2013-12-03..2014-01-10; 2014-04-25..2014-04-29; 2015-11-09..2015-11-16,1M+3M+6M; 1M+3M+6M; 3M+6M,True,small,2,5,,,
GTW^07,GTW,,1,2007-01-19,2007-01-25,2007-01-19..2007-01-25,1M+3M+6M,True,small,8,1,,,
GTX,GTX,,1,2019-01-09,2019-01-28,2019-01-09..2019-01-28,3M,False,small,11,3,,,
GU^12,GU,,1,2008-04-04,2008-05-27,2008-04-04..2008-05-27,1M+3M,False,small,1,2,,,
GVA,GVA,,3,2008-11-19,2019-10-29,2008-11-19..2009-01-15; 2009-03-19..2009-04-03; 2019-10-25..2019-10-29,1M+3M+6M; 6M; 1M+3M+6M,True,small,2,5,,,
GWH,GWH,,1,2025-10-13,2025-10-31,2025-10-13..2025-10-31,1M+3M,False,small,2,1,,,
GWPH^21,GWPH,,7,2014-01-28,2019-11-08,2014-01-28..2014-03-25; 2014-05-09..2014-05-19; 2014-07-07..2014-07-15; 2015-04-27..2015-05-07; 2016-09-20..2016-09-23; 2018-09-28..2018-10-10; 2019-11-07..2019-11-08,1M+3M+6M; 1M+3M+6M; 3M+6M; 1M+3M+6M; 1M+3M+6M; 1M+3M+6M; 1M+3M+6M,True,mid,1,17,,,
GWRE,GWRE,,2,2026-03-16,2026-09-09,2026-03-16..2026-03-25; 2026-07-22..2026-09-09,1M+3M+6M; 1M+3M+6M,True,large_plus,1,4,,,
GW^08,GW,,1,2008-02-14,2008-02-20,2008-02-14..2008-02-20,3M,False,small,13,2,,,
GXDX^11,GXDX,,2,2008-08-27,2008-11-24,2008-08-27..2008-09-11; 2008-11-18..2008-11-24,6M; 3M+6M,False,small,10,4,,,
GYMB^10,GYMB,,2,2007-08-30,2008-04-10,2007-08-30..2007-08-31; 2008-02-01..2008-04-10,6M; 1M+3M+6M,True,small,6,6,,,
GYRE,GYRE,,2,2018-02-09,2022-07-06,2018-02-09..2018-03-19; 2022-07-05..2022-07-06,1M+3M+6M; 3M+6M,True,small,1,4,,,
HABT^20,HABT,,1,2015-05-08,2015-05-14,2015-05-08..2015-05-14,1M,False,small,13,2,,,
HAIN,HAIN,,2,2019-05-28,2020-04-15,2019-05-28..2019-05-29; 2020-04-08..2020-04-15,1M+3M+6M; 1M+6M,True,mid,4,4,,,
HAL,HAL,,7,2009-01-06,2022-03-18,2009-01-06..2009-01-09; 2009-01-13..2009-02-05; 2009-04-23..2009-05-07; 2020-04-29..2020-06-02; 2020-06-11..2020-06-22; 2021-02-26..2021-03-11; 2022-03-11..2022-03-18,1M; 3M; 1M+6M; 1M; 3M; 1M+3M; 1M+3M+6M,True,large_plus,3,18,,,
HALO,HALO,,8,2013-07-11,2017-03-31,2013-07-11..2013-07-19; 2013-09-30..2014-02-03; 2015-01-06..2015-02-03; 2015-05-05..2015-05-06; 2015-11-11..2015-12-11; 2016-04-15..2016-04-20; 2016-11-23..2016-12-02; 2017-01-25..2017-03-31,1M+3M+6M; 1M+3M+6M; 1M+3M+6M; 6M; 1M+3M+6M; 1M; 1M+3M+6M; 1M+3M+6M,True,small,1,20,,,
HAPN,HAPN,,5,2016-08-11,2021-11-19,2016-08-11..2016-09-01; 2016-11-23..2016-11-30; 2018-10-12..2018-10-15; 2021-03-17..2021-03-26; 2021-08-03..2021-11-19,1M+3M+6M; 1M+3M+6M; 1M+3M+6M; 1M+3M+6M; 1M+3M+6M,True,small,1,11,,,
HAR^17,HAR,,2,2009-07-22,2009-09-04,2009-07-22..2009-07-23; 2009-09-01..2009-09-04,1M; 3M,False,mid,11,7,,,
HAYN^24,HAYN,,2,2007-09-21,2008-03-06,2007-09-21..2007-09-25; 2008-02-27..2008-03-06,1M+3M+6M; 1M,True,small,6,5,,,
HAYW,HAYW,,1,2021-05-07,2021-05-28,2021-05-07..2021-05-28,1M,False,mid,1,6,,,
HA^24,HA,,2,2020-11-09,2024-08-16,2020-11-09..2020-11-10; 2024-08-15..2024-08-16,1M; 1M+6M,False,small,10,4,,,
HBAN,HBAN,,6,2008-08-01,2011-10-25,2008-08-01..2008-11-12; 2009-04-13..2009-06-24; 2009-08-17..2009-08-26; 2010-01-22..2010-02-10; 2010-04-26..2010-05-13; 2011-10-07..2011-10-25,1M+3M+6M; 1M+3M; 6M; 1M+3M+6M; 1M+3M+6M; 1M+3M+6M,True,mid,1,14,,,
HBI^25,HBI,,3,2007-08-02,2024-08-20,2007-08-02..2007-08-15; 2009-03-25..2009-04-13; 2024-08-08..2024-08-20,1M+3M+6M; 1M; 1M+3M+6M,True,small,1,12,,,
HBM,HBM,,1,2026-01-30,2026-03-05,2026-01-30..2026-03-05,3M+6M,False,large_plus,10,2,,,
HCA,HCA,,1,2011-11-01,2011-11-09,2011-11-01..2011-11-09,1M+3M+6M,True,large_plus,1,1,,,
HCBK^15,HCBK,,2,2008-07-21,2008-09-26,2008-07-21..2008-08-04; 2008-09-22..2008-09-26,1M+3M+6M; 6M,True,large_plus,2,5,,,
HCC,HCC,,6,2018-02-16,2022-06-21,2018-02-16..2018-03-09; 2018-05-07..2018-05-09; 2022-01-25..2022-02-01; 2022-03-11..2022-03-18; 2022-03-21..2022-04-19; 2022-06-09..2022-06-21,1M+3M+6M; 3M+6M; 3M+6M; 3M; 6M; 6M,True,small,7,14,,,
HCC.1^15,HCC,,1,2008-11-19,2008-12-26,2008-11-19..2008-12-26,3M+6M,False,mid,4,2,,,
HCM,HCM,,2,2018-11-19,2023-01-12,2018-11-19..2018-12-10; 2022-12-02..2023-01-12,3M+6M; 1M+3M+6M,True,small,4,7,,,
HCP^25,HCP,,1,2022-04-11,2022-04-20,2022-04-11..2022-04-20,1M+3M,False,mid,1,1,,,
HD,HD,,2,2008-02-04,2008-12-24,2008-02-04..2008-02-11; 2008-12-02..2008-12-24,1M+3M+6M; 1M+3M+6M,True,large_plus,2,6,,,
HDB,HDB,,3,2007-10-25,2008-12-31,2007-10-25..2007-12-19; 2008-08-05..2008-09-16; 2008-12-22..2008-12-31,1M+3M+6M; 1M+3M+6M; 1M+6M,True,large_plus,3,8,,,
HDP^19,HDP,,6,2015-05-27,2018-09-25,2015-05-27..2015-06-15; 2015-08-13..2015-08-25; 2015-12-17..2015-12-21; 2016-11-16..2016-11-18; 2017-05-25..2017-05-31; 2018-09-17..2018-09-25,1M+3M; 1M+3M+6M; 1M+3M+6M; 1M; 1M+3M+6M; 3M,True,small,4,11,,,
HDSN,HDSN,,1,2022-05-13,2022-06-21,2022-05-13..2022-06-21,1M+3M+6M,True,small,1,5,,,
HDYNQ,HDYNQ,"HDYN, HDY",4,2011-01-14,2011-11-10,2011-01-14..2011-01-26; 2011-03-10..2011-03-25; 2011-06-09..2011-08-05; 2011-10-26..2011-11-10,1M+3M+6M; 1M+3M+6M; 1M+3M+6M; 1M+3M+6M,True,small,1,6,,,
HE,HE,,1,2024-07-22,2024-08-12,2024-07-22..2024-08-12,1M+3M,False,small,3,2,,,
HEES^25,HEES,,1,2015-02-26,2015-03-17,2015-02-26..2015-03-17,1M+6M,False,small,6,4,,,
HELE,HELE,,1,2023-05-10,2023-05-15,2023-05-10..2023-05-15,1M+6M,False,mid,12,1,,,
HERE,HERE,,1,2025-06-16,2025-07-29,2025-06-16..2025-07-29,1M+3M+6M,True,small,2,1,,,
HEROQ.1^15,HEROQ,HERO,5,2009-11-18,2012-08-08,2009-11-18..2009-11-19; 2009-11-24..2009-11-25; 2011-02-16..2011-05-23; 2011-12-12..2012-03-05; 2012-07-18..2012-08-08,1M; 3M; 1M+3M+6M; 1M+3M+6M; 1M+3M+6M,True,small,2,16,,,
HES^25,HES,,6,2008-04-30,2020-12-03,2008-04-30..2008-05-01; 2008-09-03..2008-09-05; 2009-01-07..2009-03-30; 2009-06-02..2009-06-09; 2020-04-29..2020-05-20; 2020-11-30..2020-12-03,1M+3M+6M; 1M+3M+6M; 1M+3M+6M; 1M+3M+6M; 1M+3M; 6M,True,large_plus,1,13,,,
HEXO^23,HEXO,,1,2019-02-22,2019-05-14,2019-02-22..2019-05-14,1M+3M+6M,True,small,4,5,,,
HGENQ^24,HGENQ,HGEN,1,2020-12-21,2020-12-24,2020-12-21..2020-12-24,1M,False,small,8,3,,,
HGRAF,HGRAF,,1,2026-03-09,2026-03-23,2026-03-09..2026-03-23,1M+3M+6M,True,mid,1,2,,,
HGSI^12,HGSI,,5,2008-01-18,2012-02-10,2008-01-18..2008-01-22; 2008-07-22..2008-07-28; 2009-06-09..2009-11-20; 2010-06-22..2010-06-28; 2012-01-13..2012-02-10,3M+6M; 1M; 1M+3M+6M; 1M+3M+6M; 1M+3M+6M,True,small,1,21,,,
HIBB^24,HIBB,,6,2017-11-21,2021-07-23,2017-11-21..2017-12-12; 2018-01-24..2018-03-08; 2018-08-24..2018-08-28; 2019-06-06..2019-06-13; 2020-10-09..2020-10-12; 2021-07-19..2021-07-23,1M+3M; 3M+6M; 6M; 1M+3M+6M; 3M; 6M,True,small,5,13,,,
HIG,HIG,,3,2008-12-22,2009-10-16,2008-12-22..2009-01-07; 2009-04-07..2009-06-02; 2009-07-31..2009-10-16,1M; 1M+3M+6M; 1M+3M+6M,True,mid,1,11,,,
HIMS,HIMS,,12,2022-07-27,2026-07-06,2022-07-27..2022-08-11; 2022-11-23..2022-12-14; 2023-02-01..2023-05-12; 2024-03-06..2024-04-05; 2024-05-24..2024-07-01; 2024-10-08..2024-12-19; 2025-02-03..2025-03-04; 2025-05-07..2025-06-24; 2025-07-31..2025-08-12; 2025-09-25..2025-10-02; 2026-03-25..2026-03-26; 2026-06-17..2026-07-06,3M+6M; 1M+6M; 1M+3M+6M; 1M+3M+6M; 1M+3M+6M; 1M+3M+6M; 1M+3M+6M; 1M+3M+6M; 1M+3M+6M; 1M; 1M; 1M,True,mid,1,34,,,
HIMX,HIMX,,16,2013-03-20,2026-06-10,2013-03-20..2013-06-04; 2013-07-26..2013-10-17; 2014-01-10..2014-03-25; 2014-12-19..2015-02-12; 2016-04-12..2016-04-15; 2017-02-27..2017-03-07; 2017-06-15..2017-06-20; 2017-09-07..2017-09-22; 2017-11-15..2017-12-08; 2021-02-10..2021-02-25; 2021-03-01..2021-03-02; 2021-04-13..2021-05-05; 2021-06-15..2021-07-19; 2021-12-17..2022-01-13; 2025-01-23..2025-03-05; 2026-05-01..2026-06-10,1M+3M+6M; 1M+3M+6M; 1M+3M+6M; 1M+3M+6M; 6M; 1M; 1M+6M; 1M+3M+6M; 1M+3M+6M; 1M; 3M+6M; 3M+6M; 6M; 1M+3M+6M; 1M+3M; 1M+3M+6M,True,small,1,41,,,
HIT,HIT,,1,2025-03-05,2025-03-11,2025-03-05..2025-03-11,1M,False,small,9,1,,,
HITK^14,HITK,,2,2009-10-01,2009-12-31,2009-10-01..2009-10-27; 2009-12-23..2009-12-31,1M+3M+6M; 1M+3M+6M,True,small,3,5,,,
HITT^14,HITT,,2,2006-07-10,2006-10-27,2006-07-10..2006-09-11; 2006-10-24..2006-10-27,1M+3M+6M; 1M+3M+6M,True,small,3,2,,,
HIVE,HIVE,,4,2021-01-07,2025-10-08,2021-01-07..2021-03-10; 2021-11-16..2021-11-19; 2023-12-21..2023-12-28; 2025-09-15..2025-10-08,1M+3M+6M; 6M; 1M; 1M,True,small,1,9,,,
HIW,HIW,,1,2008-08-04,2008-08-08,2008-08-04..2008-08-08,3M+6M,False,mid,4,2,,,
HK.1^11,HK,,5,2008-03-17,2009-05-08,2008-03-17..2008-03-20; 2008-05-07..2008-07-18; 2008-11-17..2008-11-18; 2009-01-09..2009-02-11; 2009-04-07..2009-05-08,1M+3M+6M; 1M+3M+6M; 1M; 1M+3M; 6M,True,mid,1,14,,,
HKD,HKD,,1,2024-10-07,2024-10-11,2024-10-07..2024-10-11,1M,False,small,10,1,,,
HKIT,HKIT,,2,2023-08-25,2024-02-23,2023-08-25..2023-09-05; 2024-02-20..2024-02-23,1M+3M; 1M,False,small,1,2,,,
HL,HL,,26,2006-02-08,2026-02-04,2006-02-08..2006-04-26; 2007-03-07..2007-03-14; 2007-11-19..2007-11-27; 2008-03-07..2008-03-25; 2008-12-19..2008-12-23; 2009-09-10..2009-12-16; 2010-11-09..2010-11-29; 2011-03-07..2011-03-08; 2013-06-14..2013-06-17; 2013-08-27..2013-09-05; 2014-12-02..2015-02-03; 2015-10-08..2015-10-27; 2016-02-16..2016-06-28; 2016-11-10..2016-12-09; 2019-01-09..2019-01-23; 2019-06-27..2019-08-06; 2019-09-17..2019-11-26; 2020-01-08..2020-01-14; 2020-07-17..2020-08-26; 2021-05-07..2021-06-03; 2022-03-01..2022-03-15; 2022-10-13..2022-12-20; 2022-12-21..2022-12-22; 2023-10-30..2023-11-01; 2024-04-12..2024-04-24; 2025-10-16..2026-02-04,1M+3M+6M; 1M+3M+6M; 1M+3M+6M; 1M+3M+6M; 1M; 1M+3M+6M; 1M+3M+6M; 1M+3M+6M; 1M; 1M+6M; 1M+3M+6M; 1M+3M+6M; 1M+3M+6M; 1M+3M+6M; 1M+3M+6M; 1M+3M+6M; 1M+3M+6M; 6M; 1M+3M+6M; 1M+3M+6M; 1M; 1M+3M; 6M; 1M+3M+6M; 1M+3M+6M; 1M+3M+6M,True,small,1,83,,,
HLF,HLF,,6,2013-06-05,2025-12-11,2013-06-05..2013-06-06; 2013-07-31..2013-08-09; 2014-10-24..2014-11-06; 2015-02-25..2015-04-10; 2025-03-03..2025-04-09; 2025-12-02..2025-12-11,1M+3M+6M; 1M+3M+6M; 1M+3M+6M; 1M+3M+6M; 1M+3M+6M; 1M,True,mid,1,14,,,
HLG^22,HLG,,1,2018-04-09,2018-04-23,2018-04-09..2018-04-23,1M+3M+6M,True,small,1,1,,,
HLIO,HLIO,,1,2007-07-24,2007-07-26,2007-07-24..2007-07-26,3M+6M,False,small,6,2,,,
HLIT,HLIT,,2,2005-01-18,2023-11-10,2005-01-18..2005-02-01; 2023-10-27..2023-11-10,1M+3M+6M; 1M+3M+6M,True,small,2,6,,,
HLMN,HLMN,,1,2022-05-05,2022-05-11,2022-05-05..2022-05-11,3M,False,mid,12,2,,,
HMA.2^14,HMA,,2,2009-04-28,2009-08-20,2009-04-28..2009-06-09; 2009-07-29..2009-08-20,1M+3M+6M; 6M,True,small,2,7,,,
HMHC^22,HMHC,,2,2021-04-15,2022-02-04,2021-04-15..2021-05-25; 2022-01-21..2022-02-04,3M+6M; 1M+3M+6M,True,mid,1,5,,,
HMIN^16,HMIN,,4,2006-12-29,2010-03-12,2006-12-29..2007-01-23; 2007-10-22..2007-11-06; 2009-10-12..2009-11-17; 2010-03-09..2010-03-12,1M; 1M+3M; 1M+3M+6M; 1M+3M+6M,True,small,1,10,,,
HMNY,HMNY,,1,2017-09-25,2017-10-24,2017-09-25..2017-10-24,1M+3M+6M,True,small,1,4,,,
HMSY^21,HMSY,,3,2008-01-22,2020-04-15,2008-01-22..2008-01-30; 2008-12-09..2008-12-18; 2020-04-13..2020-04-15,3M+6M; 3M+6M; 1M,False,small,4,7,,,
HMY,HMY,,18,2006-05-05,2025-04-28,2006-05-05..2006-05-09; 2008-01-17..2008-01-25; 2008-10-01..2008-10-08; 2008-12-09..2009-03-04; 2013-08-19..2013-08-26; 2014-12-30..2015-01-30; 2016-03-01..2016-04-20; 2016-06-17..2016-07-25; 2017-01-18..2017-02-27; 2017-04-19..2017-04-20; 2018-02-22..2018-04-04; 2019-07-02..2019-09-12; 2020-03-09..2020-03-11; 2020-07-13..2020-08-07; 2022-03-02..2022-03-18; 2022-03-23..2022-03-25; 2022-10-19..2022-10-24; 2025-04-08..2025-04-28,1M+3M+6M; 1M+3M+6M; 1M; 1M+3M+6M; 1M+3M; 1M+3M; 1M+3M+6M; 1M+3M+6M; 1M+3M; 1M+3M+6M; 1M; 1M+3M+6M; 1M+3M; 1M+3M+6M; 1M; 6M; 1M; 1M+3M+6M,True,mid,1,45,,,
HNGE,HNGE,,2,2025-08-06,2026-09-11,2025-08-06..2025-08-29; 2026-07-23..2026-09-11,1M; 6M,False,mid,5,5,,,
HNRG,HNRG,,1,2025-04-17,2025-04-30,2025-04-17..2025-04-30,1M+3M+6M,True,small,6,2,,,
HNR^17,HNR,,1,2011-07-21,2011-07-25,2011-07-21..2011-07-25,1M+3M+6M,True,small,9,2,,,
HNSN^16,HNSN,,1,2007-10-09,2007-11-06,2007-10-09..2007-11-06,1M+3M+6M,True,small,5,1,,,
HNST,HNST,,1,2024-11-15,2024-12-10,2024-11-15..2024-12-10,1M+6M,False,small,9,2,,,
HNT^16,HNT,,1,2009-01-13,2009-02-25,2009-01-13..2009-02-25,1M+3M,False,small,4,3,,,
HOFV^26,HOFV,,2,2021-03-24,2021-06-10,2021-03-24..2021-04-13; 2021-06-07..2021-06-10,1M+3M; 3M,False,small,4,4,,,
HOG,HOG,,4,2008-09-22,2009-11-03,2008-09-22..2008-09-24; 2009-03-31..2009-04-17; 2009-04-24..2009-05-01; 2009-10-30..2009-11-03,6M; 1M; 3M; 1M+3M+6M,True,mid,3,10,,,
HOGS^13,HOGS,,1,2010-11-09,2010-11-18,2010-11-09..2010-11-18,6M,False,small,8,1,,,
HOKUQ,HOKUQ,HOKU,5,2005-09-30,2008-01-16,2005-09-30..2005-10-21; 2007-01-22..2007-02-28; 2007-06-21..2007-07-26; 2007-09-14..2007-10-02; 2007-12-13..2008-01-16,1M; 1M+3M+6M; 1M+3M+6M; 1M+3M+6M; 1M+3M+6M,True,small,1,10,,,
HOLO,HOLO,,1,2024-02-12,2024-02-23,2024-02-12..2024-02-23,1M+3M,False,small,1,2,,,
HOME^21,HOME,,6,2017-12-08,2021-05-05,2017-12-08..2017-12-19; 2018-04-05..2018-04-12; 2019-09-06..2019-10-30; 2020-05-26..2020-09-08; 2020-10-16..2020-10-30; 2021-04-30..2021-05-05,1M; 1M+3M+6M; 1M+3M+6M; 1M+3M+6M; 3M+6M; 1M+3M,True,small,1,21,,,
HOOD,HOOD,,7,2022-10-10,2026-07-22,2022-10-10..2022-11-11; 2023-12-15..2023-12-26; 2024-05-23..2024-07-29; 2024-11-13..2025-02-27; 2025-04-30..2025-08-27; 2025-10-10..2025-11-12; 2026-06-15..2026-07-22,1M+3M+6M; 1M+3M+6M; 1M+3M+6M; 1M+3M+6M; 1M+3M+6M; 6M; 1M+3M+6M,True,large_plus,1,38,,,
HOTT^13,HOTT,,2,2008-12-12,2009-04-29,2008-12-12..2008-12-31; 2009-03-19..2009-04-29,3M+6M; 6M,False,small,1,6,,,
HOT^16,HOT,,4,2009-04-22,2010-05-11,2009-04-22..2009-04-23; 2009-05-28..2009-06-04; 2009-08-12..2009-08-26; 2010-05-07..2010-05-11,1M; 3M; 1M+3M+6M; 3M+6M,True,mid,1,9,,,
HOUR,HOUR,,1,2025-09-08,2025-09-26,2025-09-08..2025-09-26,1M+3M,False,small,6,2,,,
HOUS^26,HOUS,,1,2025-09-24,2025-09-30,2025-09-24..2025-09-30,3M,False,small,10,3,,,
HOV,HOV,,11,2008-02-05,2024-08-08,2008-02-05..2008-05-06; 2009-08-21..2009-09-02; 2009-11-17..2009-11-25; 2010-04-21..2010-05-17; 2012-02-16..2012-02-23; 2012-06-29..2012-07-18; 2012-09-06..2013-01-15; 2021-03-10..2021-06-01; 2021-12-28..2022-01-10; 2023-12-20..2024-01-02; 2024-07-29..2024-08-08,1M+3M+6M; 1M+6M; 1M+6M; 1M+3M+6M; 1M+3M+6M; 1M+3M+6M; 1M+3M+6M; 1M+3M+6M; 1M+3M+6M; 1M; 1M,True,small,1,27,,,
HP,HP,,3,2020-11-23,2022-06-15,2020-11-23..2020-11-25; 2022-01-21..2022-03-24; 2022-05-11..2022-06-15,1M; 1M+3M+6M; 3M+6M,True,mid,2,8,,,
HPE,HPE,,1,2026-06-05,2026-09-21,2026-06-05..2026-09-21,1M+3M+6M,True,large_plus,1,3,,,
HPK,HPK,,2,2022-04-14,2023-10-06,2022-04-14..2022-06-21; 2023-10-04..2023-10-06,1M+3M+6M; 1M+3M+6M,True,mid,1,5,,,
HPP,HPP,,3,2023-08-04,2026-07-20,2023-08-04..2023-09-21; 2023-11-30..2024-01-03; 2026-06-26..2026-07-20,1M+3M; 1M+6M; 3M,False,small,5,8,,,
HPQ,HPQ,HP,1,2026-09-15,2026-09-16,2026-09-15..2026-09-16,1M+3M+6M,True,large_plus,4,1,,,
HPR^21,HPR,,1,2018-04-10,2018-06-07,2018-04-10..2018-06-07,1M+3M+6M,True,small,6,2,,,
HPTX^15,HPTX,,1,2015-03-23,2015-03-31,2015-03-23..2015-03-31,1M+3M+6M,True,small,1,1,,,
HQ,HQ,,1,2026-06-18,2026-07-10,2026-06-18..2026-07-10,1M+3M+6M,True,small,3,2,,,
HRB,HRB,,1,2008-12-19,2009-01-02,2008-12-19..2009-01-02,6M,False,mid,8,5,,,
HRBN^11,HRBN,,1,2011-07-15,2011-10-11,2011-07-15..2011-10-11,1M+3M+6M,True,small,1,5,,,
HRI,HRI,,3,2021-03-18,2026-08-06,2021-03-18..2021-03-23; 2021-04-01..2021-04-05; 2026-08-05..2026-08-06,1M; 3M; 1M,False,mid,10,6,,,
HRMY,HRMY,,3,2021-09-23,2022-07-25,2021-09-23..2021-10-11; 2022-01-04..2022-01-10; 2022-06-29..2022-07-25,3M+6M; 1M+3M+6M; 1M+6M,True,mid,3,6,,,
HROW,HROW,,1,2024-08-14,2024-10-30,2024-08-14..2024-10-30,1M+3M+6M,True,small,1,4,,,
HRTG,HRTG,,1,2025-05-14,2025-05-29,2025-05-14..2025-05-29,3M+6M,False,small,10,3,,,
HRTX,HRTX,,8,2015-06-02,2022-08-25,2015-06-02..2015-09-22; 2015-11-17..2015-12-11; 2016-04-19..2016-04-20; 2016-08-12..2016-08-29; 2017-07-21..2017-08-03; 2017-11-22..2017-11-24; 2018-03-21..2018-07-12; 2022-08-17..2022-08-25,1M+3M+6M; 1M+6M; 1M; 1M; 1M+3M+6M; 6M; 1M+3M+6M; 1M,True,small,1,25,,,
HSAI,HSAI,,3,2024-12-09,2025-09-12,2024-12-09..2025-03-28; 2025-05-15..2025-07-17; 2025-08-18..2025-09-12,1M+3M+6M; 1M+3M+6M; 1M+6M,True,mid,1,15,,,
HSII^25,HSII,,1,2008-02-28,2008-03-14,2008-02-28..2008-03-14,1M,False,small,7,3,,,
HSNI^18,HSNI,,3,2010-03-03,2011-10-06,2010-03-03..2010-05-05; 2010-07-14..2010-08-05; 2011-09-28..2011-10-06,1M+3M+6M; 1M+3M+6M; 1M+3M+6M,True,small,3,11,,,
HSOA^10,HSOA,,2,2006-10-23,2007-06-13,2006-10-23..2006-10-25; 2007-06-01..2007-06-13,1M+3M+6M; 1M+3M+6M,True,small,4,3,,,
HST,HST,,5,2009-04-23,2020-11-27,2009-04-23..2009-06-05; 2009-08-07..2009-08-26; 2009-10-02..2009-10-06; 2011-10-19..2011-10-20; 2020-11-23..2020-11-27,1M+3M; 6M; 1M+6M; 1M+6M; 3M,False,mid,2,13,,,
HTCR,HTCR,,1,2022-07-11,2022-07-21,2022-07-11..2022-07-21,1M,False,small,7,1,,,
HTFL,HTFL,,3,2026-01-15,2026-09-15,2026-01-15..2026-01-16; 2026-04-14..2026-04-15; 2026-08-25..2026-09-15,1M; 1M; 1M+3M+6M,True,mid,2,3,,,
HTGMQ,HTGMQ,HTGM,1,2018-02-14,2018-02-15,2018-02-14..2018-02-15,1M+3M+6M,True,small,3,2,,,
HTHT,HTHT,,4,2017-10-26,2022-07-13,2017-10-26..2017-11-03; 2018-11-27..2019-02-01; 2021-02-18..2021-02-25; 2022-06-15..2022-07-13,1M+3M+6M; 1M+3M+6M; 1M; 1M+3M+6M,True,large_plus,2,12,,,
HTS^16,HTS,,2,2008-12-02,2009-04-07,2008-12-02..2008-12-18; 2009-04-06..2009-04-07,1M+3M; 6M,False,small,6,5,,,
HTT,HTT,,3,2018-02-05,2019-07-24,2018-02-05..2018-03-21; 2018-12-11..2019-03-01; 2019-04-30..2019-07-24,1M+3M; 1M+3M; 1M+3M+6M,True,mid,1,9,,,
HTZ,HTZ,,3,2021-10-25,2026-04-22,2021-10-25..2021-11-15; 2025-04-17..2025-07-29; 2026-04-09..2026-04-22,1M+3M; 1M+3M+6M; 1M,True,small,1,6,,,
HT^23,HT,,1,2010-04-08,2010-04-13,2010-04-08..2010-04-13,1M+3M+6M,True,small,9,2,,,
HUBG,HUBG,,1,2008-03-19,2008-03-28,2008-03-19..2008-03-28,3M+6M,False,small,10,1,,,
HUBS,HUBS,,5,2021-03-04,2026-09-01,2021-03-04..2021-03-05; 2022-02-28..2022-03-01; 2022-08-09..2022-08-23; 2022-11-14..2022-12-22; 2026-07-22..2026-09-01,1M; 1M; 1M+6M; 1M+3M+6M; 1M+3M+6M,True,large_plus,1,9,,,
HUDI,HUDI,,3,2021-10-29,2023-05-26,2021-10-29..2021-12-15; 2022-11-03..2022-11-04; 2023-05-01..2023-05-26,1M+3M+6M; 1M+3M+6M; 1M,True,small,1,7,,,
HUM,HUM,,1,2009-01-06,2009-02-20,2009-01-06..2009-02-20,1M+3M+6M,True,mid,7,2,,,
HUMA,HUMA,,3,2024-05-20,2025-06-11,2024-05-20..2024-06-12; 2024-07-25..2024-08-12; 2025-06-09..2025-06-11,1M+3M+6M; 1M+3M+6M; 1M,True,small,2,10,,,
HUN,HUN,,6,2008-10-24,2016-03-24,2008-10-24..2008-11-03; 2009-03-26..2009-03-30; 2009-04-30..2009-05-27; 2009-09-28..2009-10-02; 2011-11-04..2011-11-17; 2016-02-29..2016-03-24,1M+3M+6M; 1M; 3M; 1M+3M+6M; 1M; 1M+3M,True,mid,1,15,,,
HURN,HURN,,3,2008-07-25,2026-08-13,2008-07-25..2008-08-20; 2008-11-20..2008-12-29; 2026-07-31..2026-08-13,3M; 6M; 1M,False,small,2,8,,,
HUT,HUT,,13,2021-02-18,2026-06-16,2021-02-18..2021-03-25; 2021-08-04..2021-08-09; 2021-08-11..2021-11-19; 2022-08-01..2022-08-16; 2023-01-25..2023-02-09; 2023-04-06..2023-04-18; 2023-05-30..2023-07-26; 2023-11-02..2023-11-15; 2024-06-11..2024-07-24; 2024-10-28..2024-12-19; 2025-06-30..2025-11-11; 2025-12-24..2026-01-29; 2026-04-13..2026-06-16,1M+3M+6M; 6M; 1M+3M+6M; 1M; 1M; 1M+3M; 1M+3M+6M; 1M+3M+6M; 1M+3M+6M; 1M+3M+6M; 1M+3M+6M; 1M+3M+6M; 1M+3M+6M,True,small,1,50,,,
HUYA,HUYA,,7,2018-07-18,2026-02-13,2018-07-18..2018-07-20; 2019-01-11..2019-04-09; 2019-09-04..2019-10-03; 2020-01-22..2020-01-24; 2020-08-25..2020-09-14; 2022-12-27..2023-02-14; 2026-02-10..2026-02-13,1M; 1M+3M+6M; 1M+3M+6M; 6M; 3M; 1M+3M+6M; 3M,True,mid,1,17,,,
HWCC^21,HWCC,,1,2006-11-06,2006-11-22,2006-11-06..2006-11-22,1M+3M,False,small,12,1,,,
HW^17,HW,,3,2008-03-11,2015-08-26,2008-03-11..2008-03-19; 2008-08-05..2008-08-15; 2015-08-24..2015-08-26,1M; 3M+6M; 1M+3M+6M,True,small,6,7,,,
HXL,HXL,,3,2008-06-11,2020-11-23,2008-06-11..2008-06-12; 2009-02-11..2009-02-12; 2020-11-18..2020-11-23,3M+6M; 1M; 1M,False,mid,10,5,,,
HYFM,HYFM,,1,2021-05-04,2021-05-07,2021-05-04..2021-05-07,1M,False,mid,10,2,,,
HYLN,HYLN,,1,2026-05-22,2026-06-25,2026-05-22..2026-06-25,1M+3M+6M,True,small,4,3,,,
HYMC,HYMC,,3,2022-03-14,2026-05-20,2022-03-14..2022-04-19; 2025-11-13..2026-03-13; 2026-04-28..2026-05-20,1M+3M; 1M+3M+6M; 6M,True,small,1,11,,,
HYPD,HYPD,,1,2025-06-30,2025-07-24,2025-06-30..2025-07-24,1M+3M,False,small,1,1,,,
HYREQ,HYREQ,HYRE,1,2021-05-24,2021-07-07,2021-05-24..2021-07-07,3M,False,small,7,1,,,
HYZN^25,HYZN,,2,2021-09-13,2021-12-01,2021-09-13..2021-09-15; 2021-11-22..2021-12-01,1M; 1M,False,mid,1,3,,,
HZNP^23,HZNP,,6,2013-12-11,2018-11-29,2013-12-11..2014-04-07; 2014-06-05..2014-06-13; 2014-09-19..2014-10-29; 2015-04-28..2015-05-05; 2015-11-20..2016-01-08; 2018-11-09..2018-11-29,1M+3M+6M; 1M+3M+6M; 1M+3M+6M; 1M+3M+6M; 1M+3M+6M; 1M+3M+6M,True,mid,1,17,,,
HZO,HZO,,1,2021-05-07,2021-05-10,2021-05-07..2021-05-10,1M,False,small,13,1,,,
IA,IA,,1,2026-02-02,2026-03-25,2026-02-02..2026-03-25,1M+3M+6M,True,small,3,2,,,
IAG,IAG,,21,2008-12-19,2026-03-10,2008-12-19..2009-06-08; 2009-09-08..2009-12-09; 2010-05-14..2010-05-24; 2013-07-31..2013-09-09; 2014-12-08..2015-01-21; 2015-08-26..2015-09-01; 2015-10-14..2015-10-29; 2016-02-17..2016-03-09; 2016-04-15..2016-07-25; 2016-11-09..2016-11-14; 2017-01-10..2017-01-26; 2017-06-14..2017-06-23; 2018-12-24..2019-01-16; 2019-08-08..2019-08-09; 2019-09-26..2019-10-07; 2022-12-16..2023-01-19; 2023-05-17..2023-05-19; 2024-04-22..2024-04-30; 2025-04-04..2025-05-02; 2025-11-26..2025-12-03; 2026-01-30..2026-03-10,1M+3M+6M; 1M+3M+6M; 1M+3M+6M; 1M+3M+6M; 1M; 1M+3M+6M; 1M+3M+6M; 1M+3M+6M; 1M+3M+6M; 1M+3M+6M; 1M+3M+6M; 1M+3M+6M; 1M+3M+6M; 3M; 3M+6M; 3M+6M; 6M; 1M+3M+6M; 1M+3M+6M; 1M; 1M+3M+6M,True,small,1,69,,,
IAUX,IAUX,,1,2026-01-28,2026-03-03,2026-01-28..2026-03-03,3M+6M,False,small,5,2,,,
IBIO,IBIO,,4,2014-10-17,2026-01-16,2014-10-17..2014-10-30; 2020-03-02..2020-03-19; 2020-05-15..2020-08-06; 2026-01-12..2026-01-16,1M+3M+6M; 1M+3M+6M; 1M+3M+6M; 3M+6M,True,small,1,11,,,
IBKR,IBKR,,1,2008-02-05,2008-02-13,2008-02-05..2008-02-13,3M+6M,False,small,7,3,,,
IBN,IBN,,4,2007-11-09,2009-06-03,2007-11-09..2007-11-15; 2008-08-08..2008-08-18; 2008-12-22..2008-12-30; 2009-04-28..2009-06-03,1M+3M+6M; 1M+3M+6M; 1M; 1M+3M+6M,True,large_plus,1,7,,,
IBP,IBP,,1,2022-05-18,2022-05-23,2022-05-18..2022-05-23,1M,False,mid,14,2,,,
IBRX,IBRX,,13,2022-01-12,2026-07-16,2022-01-12..2022-01-14; 2022-02-24..2022-02-25; 2022-09-19..2022-09-29; 2022-10-13..2022-10-14; 2023-05-04..2023-05-18; 2023-10-31..2024-01-12; 2024-02-23..2024-05-21; 2024-10-25..2024-11-18; 2025-02-06..2025-02-20; 2025-06-04..2025-06-16; 2026-01-16..2026-03-12; 2026-05-12..2026-05-28; 2026-07-07..2026-07-16,1M+3M+6M; 1M; 1M+3M; 6M; 1M+3M+6M; 1M+3M+6M; 1M+3M+6M; 1M; 1M; 1M; 1M+3M+6M; 6M; 6M,True,mid,1,29,,,
IBTA,IBTA,,1,2025-04-17,2025-04-24,2025-04-17..2025-04-24,1M+6M,False,small,8,2,,,
ICCM,ICCM,,1,2022-12-27,2022-12-29,2022-12-27..2022-12-29,1M,False,small,13,2,,,
ICCT^26,ICCT,,1,2023-09-05,2023-09-08,2023-09-05..2023-09-08,1M+3M+6M,True,small,2,1,,,
ICE,ICE,,7,2006-01-20,2009-04-01,2006-01-20..2006-04-04; 2006-05-12..2006-05-22; 2006-07-14..2006-07-27; 2006-10-02..2006-10-03; 2006-11-20..2007-03-05; 2008-12-22..2008-12-30; 2009-03-12..2009-04-01,1M+3M; 1M+3M+6M; 1M+3M+6M; 1M+3M+6M; 1M+3M+6M; 3M; 1M+6M,True,mid,1,25,,,
ICHR,ICHR,,3,2017-05-12,2026-07-14,2017-05-12..2017-06-20; 2017-10-25..2017-11-02; 2026-01-21..2026-07-14,1M+3M+6M; 1M+3M+6M; 1M+3M+6M,True,small,1,11,,,
ICLD,ICLD,,2,2013-11-25,2015-05-27,2013-11-25..2014-01-28; 2015-05-11..2015-05-27,1M+3M+6M; 1M+3M+6M,True,small,1,3,,,
ICON.1^21,ICON,,1,2016-02-12,2016-03-14,2016-02-12..2016-03-14,1M+3M+6M,True,small,5,3,,,
ICO^11,ICO,,5,2008-01-25,2011-03-24,2008-01-25..2008-02-27; 2008-04-22..2008-07-07; 2009-10-22..2009-10-23; 2010-03-25..2010-04-08; 2011-01-14..2011-03-24,1M+3M+6M; 1M+3M+6M; 1M; 1M+3M+6M; 1M+3M+6M,True,small,1,15,,,
ICPT^23,ICPT,,14,2013-12-20,2023-05-04,2013-12-20..2014-03-24; 2014-06-19..2014-06-27; 2014-08-15..2014-08-29; 2015-01-09..2015-04-01; 2016-04-05..2016-04-28; 2016-06-10..2016-06-17; 2017-01-17..2017-01-18; 2018-04-09..2018-04-25; 2018-06-27..2018-06-28; 2018-11-26..2018-12-13; 2019-04-12..2019-04-15; 2019-12-12..2019-12-17; 2022-05-09..2022-05-27; 2023-05-01..2023-05-04,1M+3M+6M; 1M+3M+6M; 1M+3M+6M; 1M+3M+6M; 1M+3M+6M; 1M+3M+6M; 1M+3M+6M; 1M+3M+6M; 1M+3M+6M; 1M+3M+6M; 1M+3M+6M; 1M+3M+6M; 1M+3M+6M; 6M,True,mid,1,33,,,
ICUI,ICUI,,1,2020-04-15,2020-04-16,2020-04-15..2020-04-16,3M+6M,False,mid,10,2,,,
ICVX^24,ICVX,,1,2022-12-15,2023-01-30,2022-12-15..2023-01-30,1M+3M,False,small,1,2,,,
ID.2^11,ID,,1,2010-08-10,2010-08-26,2010-08-10..2010-08-26,1M+3M+6M,True,small,3,2,,,
IDA,IDA,,1,2008-11-20,2008-12-03,2008-11-20..2008-12-03,1M+3M+6M,True,small,12,1,,,
IDCC,IDCC,,3,2008-08-15,2011-09-09,2008-08-15..2008-08-19; 2008-11-24..2008-12-17; 2011-07-22..2011-09-09,6M; 1M+3M+6M; 1M+3M+6M,True,small,1,8,,,
IDEXQ^26,IDEXQ,IDEX,2,2020-06-16,2020-12-03,2020-06-16..2020-07-08; 2020-11-23..2020-12-03,1M+3M+6M; 1M+6M,True,small,1,5,,,
IDIX^14,IDIX,,2,2012-01-10,2012-07-16,2012-01-10..2012-02-06; 2012-05-25..2012-07-16,1M+3M+6M; 1M+3M+6M,True,small,1,4,,,
IDR,IDR,,2,2025-09-26,2026-01-07,2025-09-26..2025-10-06; 2025-12-09..2026-01-07,3M; 6M,False,small,11,6,,,
IDT,IDT,,2,2010-07-15,2021-08-19,2010-07-15..2010-08-13; 2021-07-13..2021-08-19,1M+3M+6M; 1M+3M+6M,True,small,1,8,,,
IDYA,IDYA,,3,2023-04-28,2023-11-14,2023-04-28..2023-05-18; 2023-08-21..2023-08-25; 2023-11-09..2023-11-14,1M+3M+6M; 1M+3M+6M; 1M+3M+6M,True,small,5,7,,,
IEP,IEP,,1,2013-11-07,2013-12-19,2013-11-07..2013-12-19,1M+3M+6M,True,large_plus,1,2,,,
IESC,IESC,,6,2024-04-15,2026-08-24,2024-04-15..2024-05-28; 2024-07-24..2024-09-06; 2025-04-29..2025-04-30; 2025-08-01..2025-08-13; 2026-04-15..2026-05-06; 2026-08-13..2026-08-24,1M+3M+6M; 3M+6M; 1M; 3M+6M; 3M+6M; 1M+6M,True,mid,4,19,,,
IFRX,IFRX,,4,2019-04-16,2023-05-12,2019-04-16..2019-05-03; 2020-05-01..2020-05-13; 2021-10-29..2021-11-30; 2023-04-05..2023-05-12,1M+3M+6M; 3M; 1M+3M+6M; 1M+3M+6M,True,small,1,12,,,
IGC,IGC,,2,2018-09-24,2020-08-31,2018-09-24..2018-10-16; 2020-08-17..2020-08-31,1M+3M+6M; 1M+6M,True,small,1,2,,,
IGMS^25,IGMS,,5,2020-09-22,2022-04-06,2020-09-22..2020-10-08; 2020-12-08..2020-12-16; 2021-06-04..2021-06-08; 2021-07-15..2021-07-21; 2022-03-30..2022-04-06,1M; 1M; 1M; 1M+3M+6M; 1M,True,mid,1,12,,,
IGT.1^15,IGT,,1,2009-05-21,2009-06-04,2009-05-21..2009-06-04,1M,False,mid,7,1,,,
IGTE^15,IGTE,,1,2010-11-30,2010-12-03,2010-11-30..2010-12-03,1M+3M+6M,True,small,6,1,,,
IHRT,IHRT,,1,2021-03-29,2021-04-01,2021-03-29..2021-04-01,1M,False,mid,7,2,,,
IHT,IHT,,1,2021-05-17,2021-06-22,2021-05-17..2021-06-22,1M+3M+6M,True,small,1,2,,,
IIIN,IIIN,,1,2006-03-16,2006-04-18,2006-03-16..2006-04-18,1M+3M+6M,True,small,1,1,,,
IIJIY,IIJIY,,2,2005-06-03,2005-12-09,2005-06-03..2005-08-12; 2005-10-04..2005-12-09,1M+3M+6M; 1M+3M+6M,True,small,1,8,,,
IIN^22,IIN,,1,2018-08-10,2018-09-13,2018-08-10..2018-09-13,1M+3M+6M,True,small,1,2,,,
IIPR,IIPR,,3,2018-11-20,2019-07-22,2018-11-20..2018-12-14; 2019-03-06..2019-04-05; 2019-06-21..2019-07-22,1M+3M+6M; 3M+6M; 1M+3M+6M,True,small,1,7,,,
ILAG,ILAG,,1,2022-10-14,2022-10-21,2022-10-14..2022-10-21,1M,False,small,3,1,,,
ILLR,ILLR,,1,2024-04-22,2024-06-11,2024-04-22..2024-06-11,1M+3M+6M,True,small,1,2,,,
ILMN,ILMN,,5,2006-07-07,2024-08-22,2006-07-07..2006-07-21; 2006-09-29..2006-10-17; 2009-01-15..2009-03-17; 2022-01-24..2022-01-25; 2024-08-13..2024-08-22,1M+3M+6M; 1M+3M+6M; 1M+3M+6M; 1M+3M+6M; 1M+3M+6M,True,large_plus,1,12,,,
IL^17,IL,,2,2011-03-08,2011-05-10,2011-03-08..2011-03-10; 2011-04-27..2011-05-10,1M+3M; 1M+3M+6M,True,small,8,3,,,
IMAX,IMAX,,2,2005-02-22,2010-03-22,2005-02-22..2005-03-01; 2010-03-11..2010-03-22,1M+3M+6M; 1M+3M+6M,True,small,4,3,,,
IMCR,IMCR,,4,2022-08-05,2024-01-23,2022-08-05..2022-08-30; 2022-10-26..2022-12-05; 2023-02-14..2023-02-17; 2024-01-05..2024-01-23,3M+6M; 1M+3M+6M; 6M; 1M+3M+6M,True,mid,2,12,,,
IMDX,IMDX,,1,2019-01-31,2019-02-20,2019-01-31..2019-02-20,1M+3M+6M,True,small,1,2,,,
IMGN^24,IMGN,,13,2014-12-01,2023-11-24,2014-12-01..2014-12-18; 2015-02-18..2015-02-19; 2015-03-25..2015-08-05; 2015-11-10..2016-01-06; 2017-05-18..2017-07-19; 2017-08-31..2017-10-10; 2018-01-31..2018-04-02; 2018-06-04..2018-06-13; 2019-12-18..2020-02-24; 2020-10-26..2020-11-06; 2021-12-15..2022-01-12; 2023-05-02..2023-06-29; 2023-11-17..2023-11-24,1M+3M+6M; 6M; 1M+3M+6M; 1M+3M+6M; 1M+3M+6M; 1M+3M+6M; 1M+3M+6M; 6M; 1M+3M+6M; 1M; 1M+3M+6M; 1M+3M+6M; 1M+3M+6M,True,small,1,39,,,
IMMR,IMMR,,3,2007-07-16,2018-02-22,2007-07-16..2007-07-26; 2007-10-08..2007-10-11; 2018-01-31..2018-02-22,1M+3M+6M; 6M; 1M+3M,True,small,5,6,,,
IMMU^20,IMMU,,9,2009-08-28,2020-06-04,2009-08-28..2009-09-25; 2016-06-06..2016-06-10; 2017-02-10..2017-04-06; 2017-05-19..2017-10-13; 2017-12-15..2018-02-07; 2018-04-30..2018-06-26; 2018-11-02..2018-11-13; 2019-08-19..2019-10-01; 2020-04-17..2020-06-04,3M+6M; 3M+6M; 1M+3M+6M; 1M+3M+6M; 1M+3M+6M; 1M+3M+6M; 1M+3M+6M; 1M+3M+6M; 1M+3M+6M,True,small,1,29,,,
IMMX,IMMX,,2,2026-07-07,2026-09-10,2026-07-07..2026-07-21; 2026-08-21..2026-09-10,6M; 1M,False,small,7,3,,,
IMNM,IMNM,,4,2021-02-18,2026-02-12,2021-02-18..2021-03-03; 2024-02-09..2024-03-18; 2024-06-18..2024-06-20; 2025-12-08..2026-02-12,1M; 1M+3M+6M; 6M; 3M+6M,True,small,3,12,,,
IMNN,IMNN,,4,2012-12-13,2025-06-04,2012-12-13..2013-01-23; 2013-06-04..2013-06-18; 2020-06-17..2020-07-07; 2025-06-02..2025-06-04,1M+3M+6M; 1M+3M+6M; 1M+3M+6M; 1M,True,small,1,4,,,
IMO,IMO,,1,2008-12-29,2008-12-31,2008-12-29..2008-12-31,3M,False,large_plus,11,2,,,
IMPP,IMPP,,1,2022-03-08,2022-03-22,2022-03-08..2022-03-22,1M,False,small,2,1,,,
IMPV^19,IMPV,,1,2014-09-15,2014-09-24,2014-09-15..2014-09-24,3M,False,small,9,1,,,
IMRX,IMRX,,2,2024-09-16,2025-10-02,2024-09-16..2024-10-08; 2025-09-25..2025-10-02,1M+3M; 6M,False,small,2,2,,,
IMTE,IMTE,,2,2022-01-19,2022-04-11,2022-01-19..2022-02-03; 2022-04-04..2022-04-11,1M+3M+6M; 1M+3M+6M,True,small,1,3,,,
IMUX,IMUX,,1,2022-10-14,2022-10-20,2022-10-14..2022-10-20,1M+3M,False,small,3,1,,,
IMVT,IMVT,,7,2020-08-31,2025-12-31,2020-08-31..2020-11-18; 2022-10-10..2023-02-22; 2023-05-17..2023-06-06; 2023-09-20..2023-10-20; 2023-12-06..2024-01-22; 2025-11-03..2025-11-18; 2025-12-18..2025-12-31,1M+3M+6M; 1M+3M+6M; 1M+3M+6M; 1M+3M+6M; 1M+3M+6M; 1M; 3M,True,mid,1,30,,,
INAB,INAB,,1,2023-05-08,2023-06-05,2023-05-08..2023-06-05,1M+3M+6M,True,small,3,1,,,
INBX,INBX,,4,2025-10-24,2026-09-09,2025-10-24..2025-12-19; 2026-02-13..2026-02-24; 2026-04-21..2026-05-08; 2026-08-25..2026-09-09,1M+3M+6M; 6M; 1M+3M+6M; 1M,True,small,1,8,,,
INBX.1^24,INBX,INXB,2,2022-10-10,2024-01-19,2022-10-10..2022-11-23; 2023-12-29..2024-01-19,1M+3M+6M; 1M+3M,True,small,2,8,,,
INCY,INCY,,7,2008-01-15,2015-09-25,2008-01-15..2008-02-20; 2009-08-17..2009-08-21; 2009-11-17..2009-12-11; 2013-10-08..2013-11-19; 2014-02-21..2014-03-10; 2014-05-19..2014-05-23; 2015-09-04..2015-09-25,1M+3M+6M; 3M; 1M+3M+6M; 1M+3M+6M; 1M+3M+6M; 1M+3M+6M; 1M+3M+6M,True,small,1,18,,,
INDI,INDI,,1,2021-12-01,2021-12-02,2021-12-01..2021-12-02,3M,False,small,14,1,,,
INDO,INDO,,5,2022-02-28,2026-03-06,2022-02-28..2022-03-24; 2022-08-23..2022-09-08; 2024-04-15..2024-04-26; 2025-06-17..2025-06-23; 2026-03-02..2026-03-06,1M+3M+6M; 1M; 1M+3M; 1M; 1M+3M,True,small,1,7,,,
INFA^25,INFA,,2,2021-12-22,2022-05-04,2021-12-22..2021-12-31; 2022-04-25..2022-05-04,1M; 1M+6M,False,large_plus,1,4,,,
INFIQ,INFIQ,INFI,6,2013-08-07,2021-08-27,2013-08-07..2013-08-14; 2013-12-09..2013-12-10; 2014-09-04..2014-09-23; 2014-12-15..2015-01-02; 2017-10-13..2017-11-16; 2021-08-25..2021-08-27,1M; 1M; 1M+3M+6M; 1M+3M+6M; 1M+3M+6M; 1M,True,small,2,15,,,
INFN^25,INFN,,3,2011-08-30,2019-12-02,2011-08-30..2011-10-20; 2019-08-09..2019-09-26; 2019-11-11..2019-12-02,1M+3M+6M; 1M+3M+6M; 3M+6M,True,small,2,8,,,
INFQ,INFQ,INF,2,2026-04-17,2026-08-28,2026-04-17..2026-04-22; 2026-08-21..2026-08-28,1M; 1M,False,mid,11,4,,,
INFY,INFY,,2,2009-01-20,2026-01-06,2009-01-20..2009-01-27; 2025-12-19..2026-01-06,1M+3M+6M; 1M+3M+6M,True,large_plus,4,4,,,
ING,ING,,3,2008-12-30,2011-11-02,2008-12-30..2009-01-02; 2009-04-06..2009-05-21; 2011-11-01..2011-11-02,1M; 1M+3M; 1M+3M+6M,True,large_plus,2,8,,,
INGN,INGN,,2,2015-08-24,2020-04-13,2015-08-24..2015-09-01; 2020-04-03..2020-04-13,1M+3M+6M; 1M,True,small,3,3,,,
INGR,INGR,,1,2008-11-21,2008-12-10,2008-11-21..2008-12-10,1M,False,small,9,1,,,
INHD,INHD,,1,2025-09-02,2025-09-18,2025-09-02..2025-09-18,1M+3M,False,small,1,1,,,
INHX^12,INHX,,1,2011-11-08,2011-12-19,2011-11-08..2011-12-19,1M+3M+6M,True,small,1,3,,,
INKT,INKT,,1,2025-07-14,2025-07-29,2025-07-14..2025-07-29,1M+6M,False,small,3,1,,,
INMB,INMB,,2,2020-07-14,2021-07-27,2020-07-14..2020-08-05; 2021-07-16..2021-07-27,1M; 3M,False,small,5,2,,,
INMD,INMD,,5,2019-10-28,2022-11-22,2019-10-28..2019-12-05; 2021-05-05..2021-05-06; 2021-09-13..2021-11-19; 2022-07-26..2022-08-09; 2022-10-24..2022-11-22,1M+3M; 6M; 1M+3M+6M; 1M; 1M+3M+6M,True,mid,2,13,,,
INO,INO,,10,2009-08-04,2022-11-15,2009-08-04..2009-08-24; 2013-07-31..2013-09-27; 2013-12-27..2014-04-01; 2014-06-26..2014-08-06; 2014-10-07..2014-11-06; 2015-04-09..2015-04-28; 2016-02-19..2016-05-10; 2017-05-25..2017-06-14; 2020-01-27..2020-07-29; 2022-11-07..2022-11-15,1M+3M+6M; 1M+3M+6M; 1M+3M+6M; 1M+3M+6M; 1M+3M+6M; 1M+3M+6M; 1M+3M+6M; 1M+3M; 1M+3M+6M; 1M,True,small,1,30,,,
INOD,INOD,,6,2024-05-10,2026-06-17,2024-05-10..2024-06-20; 2024-08-22..2024-08-26; 2024-11-08..2024-12-05; 2025-02-14..2025-03-07; 2025-09-19..2025-10-08; 2026-05-11..2026-06-17,1M+3M+6M; 6M; 1M+3M+6M; 1M+6M; 1M; 1M+3M,True,small,1,13,,,
INOV.1^21,INOV,,1,2016-03-01,2016-03-03,2016-03-01..2016-03-03,3M,False,mid,15,1,,,
INSG,INSG,,5,2005-05-26,2020-04-29,2005-05-26..2005-06-21; 2006-07-27..2006-08-14; 2007-07-26..2007-07-30; 2019-12-10..2020-02-21; 2020-04-14..2020-04-29,1M+3M; 1M+3M+6M; 3M+6M; 1M+3M+6M; 1M+3M+6M,True,small,2,11,,,
INSM,INSM,,7,2017-09-13,2024-06-17,2017-09-13..2017-09-25; 2017-11-28..2018-01-08; 2018-05-03..2018-05-21; 2018-11-27..2018-12-04; 2019-01-16..2019-03-13; 2020-01-16..2020-02-26; 2024-06-07..2024-06-17,1M+3M+6M; 1M+3M+6M; 1M+3M+6M; 1M+3M; 1M+3M+6M; 3M+6M; 1M+3M+6M,True,mid,1,17,,,
INSP,INSP,,9,2018-07-10,2025-12-17,2018-07-10..2018-07-24; 2019-01-15..2019-03-13; 2019-05-24..2019-06-04; 2020-03-04..2020-03-12; 2021-08-18..2021-08-19; 2022-01-14..2022-01-18; 2024-04-19..2024-05-08; 2024-08-09..2024-08-21; 2025-12-04..2025-12-17,1M; 1M+3M+6M; 1M+6M; 1M+6M; 1M; 1M+6M; 1M+3M+6M; 1M+3M; 1M,True,mid,3,27,,,
INSW,INSW,,3,2020-04-01,2023-03-16,2020-04-01..2020-04-06; 2022-05-09..2022-05-17; 2023-03-15..2023-03-16,1M+6M; 1M+3M+6M; 6M,True,small,7,6,,,
INTA,INTA,,2,2025-02-06,2026-08-03,2025-02-06..2025-02-18; 2026-07-24..2026-08-03,1M+3M+6M; 1M+3M,True,mid,8,5,,,
INTC,INTC,,5,2025-02-20,2026-07-08,2025-02-20..2025-04-03; 2025-08-28..2025-08-29; 2025-10-07..2025-10-17; 2025-12-16..2026-02-13; 2026-04-20..2026-07-08,1M+3M+6M; 1M+3M+6M; 1M+3M; 1M+3M+6M; 1M+3M+6M,True,large_plus,1,16,,,
INTZ,INTZ,,1,2025-01-06,2025-01-10,2025-01-06..2025-01-10,1M,False,small,4,1,,,
INV,INV,,1,2026-04-29,2026-05-11,2026-04-29..2026-05-11,3M+6M,False,small,10,2,,,
INVA,INVA,,3,2012-04-11,2015-03-19,2012-04-11..2012-04-19; 2013-05-22..2013-05-30; 2015-02-23..2015-03-19,1M+3M+6M; 1M+3M+6M; 1M+3M+6M,True,mid,1,4,,,
INVE,INVE,,1,2011-04-14,2011-05-04,2011-04-14..2011-05-04,1M+3M+6M,True,small,2,1,,,
INVN.2^17,INVN,,4,2012-01-31,2016-11-16,2012-01-31..2012-04-03; 2013-09-20..2013-09-23; 2014-03-28..2014-04-07; 2016-11-15..2016-11-16,1M+3M; 6M; 1M+3M+6M; 6M,True,small,2,10,,,
INVX,INVX,,2,2006-05-19,2006-08-17,2006-05-19..2006-06-07; 2006-07-17..2006-08-17,3M+6M; 1M+3M+6M,True,small,3,3,,,
INVZ,INVZ,,6,2021-11-19,2025-09-16,2021-11-19..2021-12-09; 2022-05-10..2022-05-31; 2022-09-13..2022-09-21; 2025-01-07..2025-01-21; 2025-07-10..2025-07-11; 2025-09-15..2025-09-16,1M; 1M+3M+6M; 6M; 1M; 1M; 6M,True,small,4,12,,,
IOC^17,IOC,,16,2006-11-15,2013-08-14,2006-11-15..2007-01-04; 2007-04-27..2007-05-01; 2007-06-07..2007-06-26; 2007-08-17..2007-09-27; 2008-02-22..2008-03-10; 2008-05-07..2008-07-03; 2009-03-31..2009-06-03; 2009-10-02..2009-11-16; 2010-03-26..2010-04-15; 2011-09-07..2011-09-12; 2011-11-10..2011-12-13; 2012-05-14..2012-06-26; 2012-08-17..2012-08-20; 2013-02-28..2013-03-19; 2013-05-24..2013-06-05; 2013-08-13..2013-08-14,1M+3M+6M; 1M+3M+6M; 1M+3M+6M; 1M+3M+6M; 1M+3M; 1M+3M+6M; 3M+6M; 1M+3M+6M; 1M+3M+6M; 1M+3M+6M; 1M+3M+6M; 1M+3M+6M; 1M+3M+6M; 1M+3M+6M; 1M+3M+6M; 1M+3M+6M,True,mid,1,33,,,
IONQ,IONQ,ION,8,2021-11-26,2026-06-03,2021-11-26..2021-12-03; 2022-02-25..2022-03-02; 2023-04-03..2023-09-21; 2023-12-06..2023-12-27; 2024-09-30..2025-02-03; 2025-04-17..2025-07-23; 2025-09-15..2025-10-17; 2026-04-23..2026-06-03,1M; 1M; 1M+3M+6M; 6M; 1M+3M+6M; 1M+3M+6M; 1M+3M+6M; 1M+3M,True,mid,1,31,,,
IONS,IONS,,17,2006-11-14,2022-01-26,2006-11-14..2006-12-01; 2007-08-21..2007-08-28; 2012-07-24..2012-08-15; 2013-06-20..2013-07-26; 2013-10-08..2013-10-10; 2014-01-27..2014-03-10; 2014-09-15..2014-10-31; 2014-12-15..2015-02-02; 2015-11-06..2015-11-23; 2016-03-31..2016-04-21; 2016-07-19..2016-08-18; 2016-10-11..2016-10-12; 2016-11-17..2017-01-09; 2017-03-07..2017-03-14; 2018-03-15..2018-03-16; 2018-11-08..2018-11-12; 2022-01-25..2022-01-26,1M+3M+6M; 1M+3M; 1M+3M+6M; 1M+3M+6M; 1M+3M+6M; 1M+3M+6M; 1M+3M+6M; 1M+3M+6M; 1M+3M+6M; 1M+6M; 1M+3M+6M; 1M+3M+6M; 1M+3M+6M; 1M+3M+6M; 1M+3M+6M; 1M+3M+6M; 3M,True,mid,1,35,,,
IOT,IOT,,8,2022-07-08,2026-09-21,2022-07-08..2022-07-28; 2022-12-14..2022-12-29; 2023-02-09..2023-07-26; 2023-09-15..2023-09-21; 2023-11-22..2023-12-28; 2024-02-20..2024-03-27; 2024-08-01..2024-08-16; 2026-07-15..2026-09-21,1M; 1M; 1M+3M+6M; 1M+3M+6M; 1M+3M+6M; 1M+3M+6M; 1M+3M+6M; 1M+3M+6M,True,large_plus,1,28,,,
IOTR,IOTR,,1,2026-01-23,2026-01-30,2026-01-23..2026-01-30,1M,False,small,9,1,,,
IOTS^20,IOTS,,1,2020-04-02,2020-04-03,2020-04-02..2020-04-03,3M+6M,False,small,12,1,,,
IOVA,IOVA,,14,2018-01-26,2026-09-10,2018-01-26..2018-03-16; 2018-07-31..2018-09-05; 2019-04-08..2019-08-02; 2019-11-12..2019-12-11; 2020-02-27..2020-05-26; 2021-07-01..2021-07-09; 2022-04-07..2022-04-08; 2022-07-18..2022-07-20; 2023-05-11..2023-05-31; 2023-11-17..2024-03-15; 2024-08-15..2024-09-06; 2025-07-23..2025-08-07; 2026-02-24..2026-03-19; 2026-07-16..2026-09-10,1M+3M+6M; 1M+3M+6M; 1M+3M+6M; 1M+3M+6M; 1M+3M+6M; 1M; 1M; 1M; 1M; 1M+3M+6M; 1M+3M; 1M; 1M+3M; 1M+3M+6M,True,small,1,44,,,
IP,IP,,1,2009-04-02,2009-07-10,2009-04-02..2009-07-10,1M+3M+6M,True,mid,1,5,,,
IPCR^09,IPCR,,1,2008-11-19,2008-12-05,2008-11-19..2008-12-05,1M,False,small,4,4,,,
IPGP,IPGP,,4,2011-02-22,2026-03-05,2011-02-22..2011-06-14; 2011-09-26..2011-09-29; 2012-01-25..2012-03-01; 2026-02-13..2026-03-05,1M+3M+6M; 1M+3M+6M; 1M+3M+6M; 1M,True,mid,1,13,,,
IPG^25,IPG,,3,2009-03-09,2009-08-04,2009-03-09..2009-03-24; 2009-04-20..2009-05-01; 2009-08-03..2009-08-04,1M; 3M; 6M,False,mid,7,9,,,
IPHA,IPHA,,1,2021-09-03,2021-10-05,2021-09-03..2021-10-05,1M+3M+6M,True,small,4,2,,,
IPHI^21,IPHI,,1,2015-08-26,2015-09-01,2015-08-26..2015-09-01,1M+3M+6M,True,small,4,2,,,
IPHS^20,IPHS,,1,2008-06-19,2008-07-01,2008-06-19..2008-07-01,1M+3M+6M,True,small,8,2,,,
IPI,IPI,,4,2008-06-19,2022-04-28,2008-06-19..2008-07-07; 2009-01-22..2009-02-19; 2009-05-18..2009-06-11; 2022-03-04..2022-04-28,1M; 1M; 1M+6M; 1M+3M+6M,True,mid,1,10,,,
IQ,IQ,,13,2018-05-24,2025-09-05,2018-05-24..2018-07-20; 2019-03-06..2019-03-14; 2020-06-18..2020-07-08; 2020-11-18..2020-11-20; 2021-02-18..2021-03-24; 2022-04-11..2022-04-18; 2022-06-07..2022-07-01; 2022-11-29..2023-03-16; 2023-08-08..2023-08-16; 2024-05-17..2024-05-23; 2025-02-10..2025-02-19; 2025-03-14..2025-03-31; 2025-08-27..2025-09-05,1M+3M; 1M+3M+6M; 1M+6M; 6M; 1M; 1M; 1M+3M+6M; 1M+3M+6M; 1M; 3M; 1M; 1M+3M+6M; 1M+3M,True,mid,1,27,,,
IR,IR,,1,2020-04-23,2020-04-24,2020-04-23..2020-04-24,1M,False,large_plus,15,2,,,
IRBTQ^26,IRBTQ,IRBT,3,2014-02-14,2024-05-17,2014-02-14..2014-02-26; 2018-12-06..2018-12-14; 2024-05-13..2024-05-17,1M; 6M; 1M,False,small,8,8,,,
IRDM,IRDM,,6,2017-01-05,2026-07-08,2017-01-05..2017-01-09; 2018-06-06..2018-06-20; 2018-10-08..2018-10-12; 2018-12-06..2018-12-10; 2019-09-18..2019-09-23; 2026-04-02..2026-07-08,1M+3M+6M; 1M+3M; 1M+3M+6M; 3M+6M; 1M+3M+6M; 1M+3M+6M,True,mid,3,15,,,
IREN,IREN,,6,2023-12-04,2026-05-08,2023-12-04..2024-01-08; 2024-05-22..2024-07-16; 2024-11-06..2024-12-06; 2025-05-19..2025-11-14; 2026-01-16..2026-02-05; 2026-05-05..2026-05-08,1M+3M+6M; 1M+3M+6M; 1M+6M; 1M+3M+6M; 1M+6M; 1M,True,small,1,24,,,
IRON,IRON,,4,2023-06-23,2024-11-14,2023-06-23..2023-07-06; 2024-01-19..2024-01-22; 2024-06-10..2024-07-09; 2024-11-08..2024-11-14,1M+3M+6M; 6M; 1M+3M; 6M,True,small,5,11,,,
IRTC,IRTC,,8,2020-03-05,2024-11-14,2020-03-05..2020-03-13; 2020-04-20..2020-06-02; 2020-08-04..2020-10-22; 2021-11-04..2022-04-18; 2022-06-06..2022-06-08; 2022-07-25..2022-07-27; 2024-07-03..2024-07-10; 2024-11-06..2024-11-14,1M+3M+6M; 1M+3M+6M; 1M+3M+6M; 1M+3M+6M; 6M; 1M+6M; 1M+3M+6M; 1M,True,mid,1,25,,,
IRWD,IRWD,,7,2014-05-14,2026-02-06,2014-05-14..2014-05-22; 2014-11-04..2014-11-11; 2014-11-19..2014-11-20; 2015-01-05..2015-02-09; 2018-04-19..2018-05-15; 2019-01-25..2019-02-04; 2025-12-17..2026-02-06,1M+3M+6M; 1M+6M; 3M; 1M+3M+6M; 1M+3M+6M; 1M; 3M+6M,True,small,1,20,,,
ISEE^23,ISEE,,4,2021-07-14,2023-03-22,2021-07-14..2021-11-16; 2022-01-06..2022-01-07; 2022-02-24..2022-03-09; 2022-09-12..2023-03-22,1M+3M+6M; 6M; 6M; 1M+3M+6M,True,small,1,19,,,
ISE^07,ISE,,1,2006-11-27,2006-11-29,2006-11-27..2006-11-29,1M+3M+6M,True,mid,2,1,,,
ISIL^17,ISIL,,1,2009-02-13,2009-04-01,2009-02-13..2009-04-01,1M+3M,False,small,9,2,,,
ISLN^10,ISLN,,1,2010-07-26,2010-11-08,2010-07-26..2010-11-08,1M+3M+6M,True,small,1,8,,,
ISON,ISON,,1,2005-01-03,2005-01-11,2005-01-03..2005-01-11,1M+3M+6M,True,small,2,1,,,
ISPC,ISPC,,1,2021-11-29,2021-12-16,2021-11-29..2021-12-16,1M+3M,False,small,1,1,,,
ISRG,ISRG,,2,2007-11-05,2009-04-28,2007-11-05..2007-12-19; 2009-04-27..2009-04-28,1M+3M+6M; 1M,True,large_plus,2,4,,,
ISSI^15,ISSI,,1,2010-04-29,2010-05-11,2010-04-29..2010-05-11,3M+6M,False,small,1,2,,,
ISUNQ,ISUNQ,ISUN,1,2021-01-22,2021-02-03,2021-01-22..2021-02-03,1M,False,small,9,1,,,
ISYS^11,ISYS,,1,2008-08-01,2008-08-26,2008-08-01..2008-08-26,3M+6M,False,small,6,3,,,
IS^22,IS,,2,2021-08-30,2022-08-10,2021-08-30..2021-10-01; 2022-07-19..2022-08-10,1M+3M; 1M,False,large_plus,1,5,,,
IT,IT,,1,2026-08-04,2026-08-21,2026-08-04..2026-08-21,1M+3M+6M,True,mid,1,2,,,
ITCI^25,ITCI,,10,2015-07-15,2022-03-18,2015-07-15..2015-07-23; 2015-09-18..2016-01-06; 2016-04-18..2016-04-26; 2016-06-14..2016-06-21; 2016-12-23..2017-01-13; 2017-09-07..2017-09-26; 2018-03-06..2018-03-28; 2019-12-13..2020-01-15; 2020-09-14..2020-10-01; 2021-12-30..2022-03-18,1M+3M+6M; 1M+3M+6M; 1M; 1M+3M; 1M+3M+6M; 1M+3M+6M; 1M+3M; 1M+3M+6M; 1M; 1M+3M+6M,True,small,1,25,,,
ITGR,ITGR,,1,2008-12-05,2009-01-12,2008-12-05..2009-01-12,6M,False,small,6,3,,,
ITMN^14,ITMN,,12,2008-01-16,2014-05-20,2008-01-16..2008-01-31; 2008-04-07..2008-04-22; 2009-02-05..2009-02-27; 2010-02-04..2010-02-19; 2010-07-19..2010-07-28; 2010-12-31..2011-01-06; 2011-04-18..2011-04-28; 2012-06-29..2012-07-12; 2012-11-28..2012-12-13; 2013-07-25..2013-07-31; 2014-02-28..2014-04-02; 2014-05-16..2014-05-20,1M+3M+6M; 1M+6M; 1M+3M+6M; 1M+3M+6M; 1M+3M+6M; 1M+3M+6M; 1M+3M+6M; 1M+3M+6M; 1M+3M+6M; 1M+3M+6M; 1M+3M+6M; 1M+3M+6M,True,small,1,26,,,
ITOC,ITOC,,1,2025-06-30,2025-07-28,2025-06-30..2025-07-28,1M+3M+6M,True,small,2,2,,,
ITOS^25,ITOS,,1,2021-12-17,2022-01-11,2021-12-17..2022-01-11,1M+3M+6M,True,small,3,3,,,
ITRI,ITRI,,3,2007-08-14,2008-12-30,2007-08-14..2007-08-22; 2008-01-08..2008-01-11; 2008-12-22..2008-12-30,1M+3M+6M; 1M+3M+6M; 1M,True,mid,4,6,,,
ITRN,ITRN,,1,2025-03-03,2025-03-11,2025-03-03..2025-03-11,3M+6M,False,small,10,2,,,
IVR,IVR,,1,2020-06-05,2020-06-17,2020-06-05..2020-06-17,1M,False,small,7,1,,,
IVVD,IVVD,,6,2021-12-09,2026-01-09,2021-12-09..2021-12-13; 2022-02-15..2022-02-17; 2024-01-16..2024-01-31; 2025-02-10..2025-02-26; 2025-09-12..2025-09-24; 2025-11-18..2026-01-09,1M; 1M; 1M+3M+6M; 1M; 1M; 1M+3M+6M,True,small,1,9,,,
IVZ,IVZ,,3,2008-01-04,2020-06-24,2008-01-04..2008-01-09; 2008-08-14..2008-08-19; 2020-06-16..2020-06-24,1M+3M+6M; 6M; 1M,True,mid,2,6,,,
IXHL,IXHL,,1,2025-07-28,2025-08-01,2025-07-28..2025-08-01,1M+3M,False,small,1,2,,,
IZEA,IZEA,,4,2020-06-15,2021-04-21,2020-06-15..2020-06-26; 2020-08-10..2020-08-20; 2021-01-14..2021-02-02; 2021-04-12..2021-04-21,1M+3M+6M; 6M; 1M+3M; 6M,True,small,1,7,,,
IZM,IZM,,1,2024-04-11,2024-04-16,2024-04-11..2024-04-16,1M+3M+6M,True,small,1,1,,,
J,J,,3,2007-08-16,2009-01-21,2007-08-16..2007-08-23; 2008-12-09..2008-12-19; 2009-01-08..2009-01-21,1M+3M+6M; 1M; 3M,True,mid,2,5,,,
JACK,JACK,,2,2009-01-30,2009-04-02,2009-01-30..2009-02-10; 2009-04-01..2009-04-02,6M; 6M,False,small,10,4,,,
JADE.2^13,JADE,,1,2007-02-23,2007-06-01,2007-02-23..2007-06-01,1M+3M+6M,True,small,1,4,,,
JAGX,JAGX,,2,2021-01-11,2021-06-22,2021-01-11..2021-02-01; 2021-06-08..2021-06-22,1M+3M+6M; 1M+3M+6M,True,large_plus,1,3,,,
JAH^16,JAH,,2,2009-03-25,2009-04-21,2009-03-25..2009-03-26; 2009-04-16..2009-04-21,1M; 3M,False,small,8,7,,,
JAKK,JAKK,,1,2008-02-14,2008-03-06,2008-02-14..2008-03-06,1M+3M+6M,True,small,6,5,,,
JAMF^26,JAMF,,1,2022-01-04,2022-01-11,2022-01-04..2022-01-11,1M+6M,False,mid,4,1,,,
JAMN,JAMN,,1,2011-05-11,2011-05-24,2011-05-11..2011-05-24,1M+3M+6M,True,small,1,1,,,
JANX,JANX,,4,2024-02-27,2024-11-05,2024-02-27..2024-05-16; 2024-09-09..2024-09-20; 2024-10-24..2024-10-30; 2024-11-01..2024-11-05,1M+3M+6M; 1M+3M+6M; 3M; 1M,True,mid,1,10,,,
JASO^18,JASO,,14,2007-04-17,2013-11-14,2007-04-17..2007-07-25; 2007-09-14..2008-01-10; 2008-04-04..2008-05-27; 2009-01-12..2009-01-13; 2009-03-31..2009-04-02; 2009-06-10..2009-06-19; 2009-11-25..2010-01-07; 2010-04-09..2010-04-12; 2010-07-09..2010-07-21; 2010-10-04..2010-10-22; 2012-01-26..2012-02-27; 2013-05-20..2013-06-11; 2013-07-18..2013-08-07; 2013-09-20..2013-11-14,1M+3M; 1M+3M+6M; 1M+3M+6M; 1M; 1M; 1M; 1M+3M+6M; 1M; 1M+3M+6M; 1M+3M+6M; 1M; 1M+3M+6M; 1M+3M+6M; 1M+3M+6M,True,small,1,45,,,
JAS^11,JAS,,2,2008-06-12,2008-09-24,2008-06-12..2008-06-18; 2008-08-12..2008-09-24,3M+6M; 6M,False,small,5,5,,,
JAVA.1^10,JAVA,,1,2009-01-07,2009-04-08,2009-01-07..2009-04-08,1M+3M+6M,True,mid,1,5,,,
JAZZ,JAZZ,,5,2009-06-22,2011-10-19,2009-06-22..2009-09-29; 2010-08-23..2010-08-25; 2011-01-20..2011-02-01; 2011-03-16..2011-04-29; 2011-08-01..2011-10-19,1M+3M+6M; 1M+3M+6M; 1M+3M+6M; 1M+3M+6M; 1M+3M+6M,True,small,1,18,,,
JBIO,JBIO,,1,2026-04-17,2026-05-13,2026-04-17..2026-05-13,1M+3M+6M,True,small,6,1,,,
JBL,JBL,,3,2008-07-02,2026-04-07,2008-07-02..2008-07-16; 2009-04-09..2009-04-21; 2026-04-06..2026-04-07,1M+3M+6M; 1M; 1M+3M+6M,True,large_plus,3,7,,,
JBLU,JBLU,,9,2006-06-07,2025-01-13,2006-06-07..2006-06-12; 2008-02-12..2008-02-14; 2008-07-29..2008-09-17; 2008-11-07..2009-01-21; 2011-12-15..2011-12-28; 2020-06-05..2020-06-08; 2024-02-20..2024-02-26; 2024-07-30..2024-07-31; 2024-12-20..2025-01-13,1M; 1M; 1M+3M; 1M+3M+6M; 1M+3M+6M; 1M; 1M+3M; 6M; 1M,True,small,1,21,,,
JCG^11,JCG,,5,2007-12-04,2009-07-14,2007-12-04..2007-12-11; 2008-03-25..2008-03-31; 2009-04-09..2009-04-20; 2009-05-29..2009-06-03; 2009-07-08..2009-07-14,1M+3M+6M; 1M+6M; 3M; 1M; 6M,True,small,1,16,,,
JCI,JCI,,1,2009-04-08,2009-04-22,2009-04-08..2009-04-22,1M,False,mid,7,4,,,
JD,JD,,4,2015-10-14,2024-10-18,2015-10-14..2015-11-20; 2019-01-09..2019-01-14; 2020-03-10..2020-03-17; 2024-10-15..2024-10-18,1M+3M+6M; 1M+3M+6M; 1M+3M+6M; 1M+3M+6M,True,large_plus,1,11,,,
JEF,JEF,,1,2007-08-10,2007-08-27,2007-08-10..2007-08-27,1M+3M+6M,True,mid,1,2,,,
JEF.3^13,JEF,LUK,5,2008-08-06,2012-02-01,2008-08-06..2008-10-07; 2009-01-06..2009-01-14; 2009-03-31..2009-04-03; 2009-04-24..2009-04-28; 2011-12-21..2012-02-01,1M+3M+6M; 6M; 1M; 3M; 1M+3M+6M,True,mid,3,11,,,
JFIN,JFIN,,2,2020-06-12,2021-04-09,2020-06-12..2020-07-01; 2021-03-22..2021-04-09,1M; 1M,False,small,4,2,,,
JIVE.1^17,JIVE,,2,2012-03-06,2012-07-11,2012-03-06..2012-03-19; 2012-06-29..2012-07-11,1M+3M; 1M+3M+6M,True,small,2,4,,,
JKS,JKS,,17,2010-09-07,2025-03-11,2010-09-07..2010-11-15; 2011-01-20..2011-02-16; 2011-05-17..2011-05-23; 2013-08-14..2014-01-24; 2014-09-18..2014-09-24; 2015-09-29..2015-10-21; 2017-05-30..2017-06-08; 2017-07-31..2017-09-25; 2019-02-12..2019-04-12; 2020-02-24..2020-02-26; 2020-09-22..2021-01-07; 2021-06-29..2021-08-13; 2021-10-20..2021-11-29; 2022-04-27..2022-07-20; 2023-11-07..2023-11-16; 2024-10-04..2024-10-07; 2025-03-07..2025-03-11,1M+3M; 1M+3M+6M; 1M+3M+6M; 1M+3M+6M; 6M; 1M+3M+6M; 1M+3M+6M; 1M+3M+6M; 1M+3M+6M; 1M; 1M+3M+6M; 1M+3M+6M; 1M+6M; 1M+3M+6M; 1M+3M+6M; 1M; 6M,True,small,1,56,,,
JLL,JLL,,1,2008-03-26,2008-04-02,2008-03-26..2008-04-02,3M,False,mid,8,3,,,
JMEI^20,JMEI,,2,2014-08-12,2015-05-29,2014-08-12..2014-08-28; 2015-03-17..2015-05-29,1M+3M; 1M+3M+6M,True,mid,1,7,,,
JMIA,JMIA,,7,2020-01-21,2026-01-06,2020-01-21..2020-01-28; 2020-07-29..2020-08-18; 2020-10-16..2021-02-12; 2024-02-27..2024-03-22; 2024-05-15..2024-08-02; 2025-08-08..2025-10-17; 2025-12-10..2026-01-06,1M; 1M+3M; 1M+3M+6M; 1M+6M; 1M+3M+6M; 1M+3M+6M; 6M,True,small,1,21,,,
JNCE^23,JNCE,,1,2020-09-03,2020-09-30,2020-09-03..2020-09-30,1M,False,small,3,3,,,
JNS^17,JNS,,6,2008-05-12,2014-10-16,2008-05-12..2008-05-20; 2008-06-26..2008-06-27; 2008-08-11..2008-08-12; 2009-03-30..2009-04-02; 2009-07-27..2009-08-17; 2014-10-13..2014-10-16,1M+3M; 3M; 6M; 1M; 1M+3M+6M; 1M+3M+6M,True,mid,2,12,,,
JNY^14,JNY,,4,2009-04-29,2011-08-09,2009-04-29..2009-06-26; 2009-08-04..2009-08-17; 2009-11-13..2009-11-17; 2011-08-05..2011-08-09,1M+3M; 6M; 6M; 1M+6M,False,small,4,7,,,
JOBS^22,JOBS,,2,2010-11-15,2018-12-20,2010-11-15..2010-11-23; 2018-11-23..2018-12-20,1M+3M+6M; 1M+3M,True,mid,1,6,,,
JOBY,JOBY,,6,2022-08-08,2025-10-20,2022-08-08..2022-08-09; 2023-05-05..2023-07-24; 2024-07-17..2024-07-30; 2024-11-25..2025-01-22; 2025-06-06..2025-08-18; 2025-10-03..2025-10-20,6M; 1M+3M+6M; 1M+3M+6M; 1M+3M+6M; 1M+3M+6M; 1M+3M+6M,True,mid,1,15,,,
JOE,JOE,,7,2006-08-04,2012-02-01,2006-08-04..2006-09-27; 2008-01-14..2008-02-11; 2008-03-26..2008-04-03; 2008-08-15..2008-08-21; 2009-04-21..2009-04-28; 2011-02-09..2011-02-10; 2012-01-27..2012-02-01,1M+3M+6M; 1M+3M+6M; 1M+3M+6M; 6M; 1M; 1M+3M+6M; 6M,True,mid,1,18,,,
JOSB^14,JOSB,,3,2007-09-21,2009-01-27,2007-09-21..2007-09-24; 2008-08-28..2008-10-08; 2009-01-05..2009-01-27,1M+3M+6M; 1M+6M; 6M,True,small,3,3,,,
JOYY,JOYY,,15,2013-05-21,2025-03-10,2013-05-21..2013-11-27; 2014-03-06..2014-03-21; 2014-11-13..2014-11-14; 2015-06-26..2015-06-29; 2016-08-19..2016-09-20; 2017-03-21..2017-03-30; 2017-11-21..2017-12-07; 2018-11-28..2018-11-30; 2019-03-11..2019-03-22; 2020-06-17..2020-07-01; 2020-08-31..2020-09-01; 2021-02-16..2021-02-26; 2021-09-09..2021-09-17; 2022-02-10..2022-02-15; 2025-02-26..2025-03-10,1M+3M+6M; 1M+3M+6M; 1M+3M+6M; 1M+3M+6M; 1M+3M+6M; 1M+3M+6M; 1M+3M+6M; 1M+3M; 1M+6M; 1M; 3M; 1M; 1M; 3M; 1M+3M+6M,True,mid,1,37,,,
JOY^17,JOY,,2,2016-02-22,2016-07-13,2016-02-22..2016-05-06; 2016-06-15..2016-07-13,1M+3M+6M; 1M+3M+6M,True,mid,1,8,,,
JPM,JPM,,4,2008-02-07,2009-06-01,2008-02-07..2008-02-11; 2008-07-31..2008-08-13; 2008-09-19..2008-10-14; 2009-04-03..2009-06-01,1M+3M+6M; 1M+3M+6M; 1M+3M+6M; 1M+3M+6M,True,large_plus,1,10,,,
JPPYY,JPPYY,,1,2017-10-18,2017-11-20,2017-10-18..2017-11-20,3M+6M,False,small,2,1,,,
JSDA,JSDA,,1,2007-04-10,2007-04-30,2007-04-10..2007-04-30,1M+3M+6M,True,small,2,1,,,
JSPR,JSPR,,1,2023-01-13,2023-02-14,2023-01-13..2023-02-14,1M+3M,False,small,1,3,,,
JUNO^18,JUNO,,7,2015-03-10,2017-12-06,2015-03-10..2015-04-24; 2015-06-10..2015-06-22; 2015-10-01..2015-12-09; 2016-03-03..2016-04-26; 2017-03-01..2017-03-22; 2017-05-24..2017-07-17; 2017-08-31..2017-12-06,1M+3M; 1M+3M; 1M+3M+6M; 1M+3M+6M; 1M+3M+6M; 1M+3M+6M; 1M+3M+6M,True,mid,1,25,,,
JVA,JVA,,2,2011-06-22,2012-04-03,2011-06-22..2011-07-26; 2012-03-16..2012-04-03,1M+3M+6M; 1M+3M+6M,True,small,1,4,,,
JWEL,JWEL,,1,2021-12-28,2022-01-03,2021-12-28..2022-01-03,1M+3M+6M,True,small,1,1,,,
JWN^25,JWN,,3,2020-11-17,2021-05-18,2020-11-17..2021-01-22; 2021-03-15..2021-03-30; 2021-05-14..2021-05-18,1M+3M; 6M; 6M,False,mid,1,8,,,
JXN,JXN,,1,2021-12-13,2022-01-24,2021-12-13..2022-01-24,1M+3M,False,mid,1,3,,,
JYD,JYD,,1,2025-03-31,2025-04-02,2025-03-31..2025-04-02,1M+3M+6M,True,mid,1,2,,,
JYNT,JYNT,,1,2021-07-19,2021-08-24,2021-07-19..2021-08-24,3M+6M,False,small,2,2,,,
KALA,KALA,,2,2020-03-23,2023-01-06,2020-03-23..2020-06-19; 2023-01-03..2023-01-06,1M+3M+6M; 1M+3M+6M,True,small,1,9,,,
KALU,KALU,,1,2022-05-05,2022-05-10,2022-05-05..2022-05-10,6M,False,small,13,1,,,
KALV^26,KALV,,3,2025-12-04,2026-04-15,2025-12-04..2025-12-12; 2026-03-31..2026-04-07; 2026-04-09..2026-04-15,1M; 1M; 6M,False,small,11,11,,,
KATE^17,KATE,,1,2017-01-06,2017-01-18,2017-01-06..2017-01-18,1M+3M+6M,True,mid,2,3,,,
KAVL,KAVL,,1,2022-02-14,2022-03-10,2022-02-14..2022-03-10,1M+3M,False,small,1,3,,,
KAZR,KAZR,,1,2025-03-20,2025-04-16,2025-03-20..2025-04-16,1M,False,small,5,2,,,
KB,KB,,1,2008-12-24,2008-12-29,2008-12-24..2008-12-29,1M,False,mid,8,1,,,
KBH,KBH,,8,2008-02-06,2022-01-25,2008-02-06..2008-02-15; 2008-03-03..2008-04-15; 2008-08-29..2008-09-15; 2009-03-30..2009-04-03; 2011-10-12..2012-03-26; 2012-07-10..2012-07-25; 2012-09-26..2012-10-10; 2022-01-24..2022-01-25,1M; 1M+3M+6M; 1M; 1M; 1M+3M+6M; 1M+3M+6M; 1M+3M+6M; 3M,True,small,2,23,,,
KBR,KBR,,1,2007-07-26,2007-08-17,2007-07-26..2007-08-17,1M+3M+6M,True,mid,3,3,,,
KBW^13,KBW,,2,2008-07-25,2008-10-10,2008-07-25..2008-08-05; 2008-10-07..2008-10-10,1M; 1M+3M+6M,True,small,2,5,,,
KC,KC,,7,2020-07-06,2025-03-24,2020-07-06..2020-07-21; 2020-12-14..2021-02-26; 2022-06-07..2022-06-16; 2023-01-06..2023-02-06; 2023-03-27..2023-04-20; 2023-06-21..2023-08-10; 2024-11-14..2025-03-24,1M; 1M+3M+6M; 1M; 1M+3M; 1M+3M+6M; 1M+6M; 1M+3M+6M,True,small,1,24,,,
KCI^11,KCI,,1,2009-02-02,2009-02-18,2009-02-02..2009-02-18,1M,False,small,6,1,,,
KDMN^21,KDMN,,1,2021-08-10,2021-08-13,2021-08-10..2021-08-13,1M,False,small,16,3,,,
KDNY^23,KDNY,,2,2022-06-09,2022-11-18,2022-06-09..2022-09-19; 2022-11-17..2022-11-18,1M+3M+6M; 6M,True,small,7,9,,,
KEEL,KEEL,,6,2021-03-22,2026-07-06,2021-03-22..2021-03-30; 2021-08-10..2021-08-23; 2021-11-09..2021-11-30; 2023-07-07..2023-07-27; 2023-11-22..2024-01-10; 2026-05-07..2026-07-06,3M+6M; 1M+6M; 1M+6M; 1M+3M+6M; 1M+3M+6M; 1M+3M+6M,True,small,2,13,,,
KEM.2^20,KEM,,5,2017-04-03,2018-12-12,2017-04-03..2017-04-06; 2017-06-09..2017-06-20; 2017-08-02..2017-09-15; 2017-10-26..2017-10-31; 2018-11-09..2018-12-12,1M+3M+6M; 3M+6M; 1M+3M+6M; 1M+3M+6M; 1M+3M+6M,True,small,1,10,,,
KEP,KEP,,1,2008-12-16,2009-01-02,2008-12-16..2009-01-02,1M+3M+6M,True,large_plus,4,2,,,
KERX^18,KERX,,8,2010-04-14,2016-05-02,2010-04-14..2010-05-21; 2012-03-06..2012-03-30; 2013-01-28..2013-04-26; 2013-11-07..2013-12-13; 2014-02-05..2014-02-12; 2014-10-23..2014-11-13; 2015-11-02..2015-11-30; 2016-04-05..2016-05-02,1M+3M+6M; 1M+3M+6M; 1M+3M+6M; 1M+3M+6M; 1M+6M; 1M+3M+6M; 1M; 6M,True,small,1,23,,,
KEY,KEY,,7,2008-02-01,2023-08-04,2008-02-01..2008-02-08; 2008-09-04..2008-09-26; 2009-03-23..2009-03-24; 2009-08-20..2009-08-27; 2010-01-25..2010-02-10; 2011-10-24..2011-11-02; 2023-07-31..2023-08-04,1M+3M+6M; 1M; 1M; 1M; 1M+3M+6M; 1M+3M+6M; 1M+3M+6M,True,mid,2,15,,,
KFN^14,KFN,,1,2009-08-20,2009-11-17,2009-08-20..2009-11-17,1M+3M+6M,True,small,1,4,,,
KG.1^11,KG,,3,2008-01-18,2008-12-22,2008-01-18..2008-01-24; 2008-08-08..2008-09-09; 2008-11-14..2008-12-22,1M+3M+6M; 3M+6M; 1M+3M+6M,True,mid,6,7,,,
KGC,KGC,,14,2008-01-17,2020-09-30,2008-01-17..2008-03-19; 2008-07-16..2008-07-23; 2008-11-25..2009-02-26; 2012-06-21..2012-06-25; 2013-08-27..2013-09-04; 2014-12-04..2015-02-03; 2015-10-12..2015-11-02; 2016-02-12..2016-05-19; 2018-12-26..2019-01-09; 2019-08-19..2019-09-12; 2020-03-04..2020-03-09; 2020-04-20..2020-05-14; 2020-08-11..2020-08-12; 2020-09-29..2020-09-30,1M+3M+6M; 1M+3M+6M; 1M+3M+6M; 1M+3M+6M; 1M+3M+6M; 1M+3M+6M; 1M+3M+6M; 1M+3M+6M; 1M+3M+6M; 1M+3M+6M; 1M+3M; 1M+3M; 1M; 1M+3M+6M,True,mid,1,47,,,
KIM,KIM,,4,2007-08-22,2009-09-02,2007-08-22..2007-08-28; 2008-08-11..2008-08-14; 2009-04-27..2009-04-30; 2009-08-21..2009-09-02,1M+3M+6M; 6M; 1M; 1M,True,mid,1,11,,,
KING^16,KING,,2,2014-07-07,2014-11-25,2014-07-07..2014-07-23; 2014-11-18..2014-11-25,1M+3M; 1M+3M+6M,True,mid,1,3,,,
KIN^21,KIN,,1,2021-06-16,2021-06-22,2021-06-16..2021-06-22,1M+3M,False,small,7,1,,,
KITE^17,KITE,,6,2014-09-03,2017-03-28,2014-09-03..2015-01-28; 2015-03-20..2015-03-30; 2015-06-16..2015-08-10; 2015-09-30..2015-12-03; 2016-06-09..2016-06-21; 2017-03-07..2017-03-28,1M+3M+6M; 1M+3M+6M; 1M+3M+6M; 1M+3M+6M; 1M+3M+6M; 1M+3M+6M,True,mid,1,22,,,
KKD^16,KKD,,1,2011-05-31,2011-06-15,2011-05-31..2011-06-15,1M+3M+6M,True,small,1,3,,,
KKR,KKR,,1,2011-10-26,2011-11-17,2011-10-26..2011-11-17,1M+3M+6M,True,mid,1,2,,,
KLAC,KLAC,,1,2026-06-11,2026-07-06,2026-06-11..2026-07-06,1M,False,large_plus,1,2,,,
KLAR,KLAR,,1,2026-06-26,2026-07-16,2026-06-26..2026-07-16,1M+3M,False,large_plus,7,3,,,
KLIC,KLIC,,8,2005-08-01,2026-07-01,2005-08-01..2005-08-09; 2010-03-04..2010-05-04; 2010-06-28..2010-07-22; 2021-05-04..2021-05-07; 2021-08-19..2021-08-24; 2021-12-13..2021-12-21; 2026-02-17..2026-02-23; 2026-05-22..2026-07-01,1M+3M+6M; 3M+6M; 1M+3M+6M; 3M+6M; 1M+3M+6M; 6M; 3M; 6M,True,mid,5,13,,,
KL^22,KL,,2,2019-08-16,2020-05-01,2019-08-16..2019-08-19; 2020-04-16..2020-05-01,3M+6M; 1M+3M+6M,True,large_plus,4,5,,,
KMI,KMI,,1,2016-02-16,2016-02-19,2016-02-16..2016-02-19,1M+3M+6M,True,large_plus,4,3,,,
KMX,KMX,,3,2008-04-08,2009-07-09,2008-04-08..2008-04-30; 2009-02-23..2009-04-09; 2009-06-18..2009-07-09,6M; 1M+3M+6M; 1M+3M+6M,True,mid,1,11,,,
KNBE^23,KNBE,,1,2021-09-08,2021-09-10,2021-09-08..2021-09-10,1M+3M,False,mid,12,2,,,
KNDI,KNDI,,8,2013-06-12,2020-11-20,2013-06-12..2013-07-01; 2013-09-25..2013-10-14; 2013-12-30..2014-03-26; 2014-06-17..2014-09-03; 2014-11-10..2014-11-17; 2019-02-22..2019-03-14; 2020-07-29..2020-08-20; 2020-11-17..2020-11-20,1M+3M+6M; 1M+3M+6M; 1M+3M+6M; 1M+3M+6M; 1M+6M; 1M+3M+6M; 1M; 6M,True,small,1,19,,,
KND^18,KND,,3,2011-11-18,2018-01-04,2011-11-18..2011-12-08; 2017-05-01..2017-05-18; 2017-12-18..2018-01-04,1M; 1M+3M+6M; 1M+3M,True,small,2,4,,,
KNSA,KNSA,,2,2023-08-03,2024-08-09,2023-08-03..2023-08-11; 2024-08-08..2024-08-09,1M+6M; 6M,False,small,11,2,,,
KNTK,KNTK,,1,2020-11-06,2020-12-17,2020-11-06..2020-12-17,1M+3M+6M,True,small,2,2,,,
KNX,KNX,,2,2008-04-29,2008-07-23,2008-04-29..2008-05-09; 2008-07-18..2008-07-23,6M; 1M+3M+6M,True,small,7,4,,,
KO,KO,,1,2008-12-04,2008-12-05,2008-12-04..2008-12-05,3M+6M,False,large_plus,11,1,,,
KOD,KOD,,6,2019-11-21,2026-08-10,2019-11-21..2020-01-10; 2020-04-30..2020-06-03; 2020-10-02..2021-01-12; 2025-09-25..2026-01-12; 2026-03-27..2026-05-06; 2026-07-27..2026-08-10,1M+3M+6M; 6M; 1M+3M+6M; 1M+3M+6M; 1M+3M+6M; 6M,True,mid,1,26,,,
KODK,KODK,,5,2018-01-10,2026-05-07,2018-01-10..2018-02-02; 2020-07-28..2020-08-14; 2020-10-02..2020-10-23; 2020-12-11..2020-12-23; 2026-04-02..2026-05-07,1M+3M; 1M+3M+6M; 3M+6M; 6M; 1M+3M+6M,True,small,1,8,,,
KOG^14,KOG,,7,2010-10-27,2013-11-06,2010-10-27..2010-12-27; 2011-03-04..2011-05-09; 2011-08-04..2011-08-05; 2011-09-21..2011-09-22; 2011-11-01..2011-12-01; 2012-07-19..2012-07-26; 2013-11-01..2013-11-06,1M+3M+6M; 3M+6M; 1M+6M; 3M; 1M+3M+6M; 1M+3M+6M; 1M+3M+6M,True,small,1,16,,,
KOP,KOP,,2,2007-08-27,2008-03-20,2007-08-27..2007-09-10; 2008-03-19..2008-03-20,1M+3M+6M; 6M,True,small,3,6,,,
KOPN,KOPN,,5,2021-02-11,2026-08-31,2021-02-11..2021-04-16; 2021-06-14..2021-06-23; 2025-01-27..2025-02-13; 2026-04-24..2026-06-05; 2026-08-14..2026-08-31,1M+3M+6M; 6M; 3M; 1M+3M; 6M,True,small,5,8,,,
KOS,KOS,,9,2015-10-22,2026-05-06,2015-10-22..2015-11-19; 2017-05-23..2017-06-01; 2018-05-21..2018-05-25; 2019-01-25..2019-03-13; 2019-08-16..2019-08-23; 2021-10-04..2021-11-03; 2022-01-19..2022-04-22; 2022-08-18..2022-08-30; 2026-01-28..2026-05-06,1M+6M; 1M+3M+6M; 1M+3M+6M; 1M+3M+6M; 1M+3M+6M; 1M+3M; 1M+3M+6M; 6M; 1M+3M+6M,True,mid,1,27,,,
KOSS,KOSS,,3,2021-02-01,2024-07-29,2021-02-01..2021-03-30; 2021-06-02..2021-06-18; 2024-07-08..2024-07-29,1M+3M+6M; 1M+6M; 1M+3M+6M,True,small,1,7,,,
KPLT,KPLT,,1,2021-09-23,2021-09-27,2021-09-23..2021-09-27,1M,False,small,10,1,,,
KPTI,KPTI,,10,2014-06-16,2022-03-01,2014-06-16..2014-07-10; 2014-11-07..2014-12-11; 2015-03-23..2015-04-27; 2018-05-07..2018-06-01; 2019-07-03..2019-10-21; 2019-12-06..2020-01-13; 2020-03-04..2020-04-27; 2021-11-11..2021-11-12; 2021-11-16..2021-11-26; 2022-01-13..2022-03-01,1M+3M+6M; 1M+3M+6M; 1M+6M; 1M+3M+6M; 1M+3M+6M; 3M+6M; 1M+3M+6M; 3M; 1M; 1M+3M+6M,True,small,1,26,,,
KR,KR,,1,2020-03-12,2020-04-13,2020-03-12..2020-04-13,1M+3M+6M,True,large_plus,2,3,,,
KRA^22,KRA,,1,2020-11-03,2020-11-04,2020-11-03..2020-11-04,3M,False,small,10,2,,,
KRMN,KRMN,,4,2025-05-16,2026-03-26,2025-05-16..2025-05-30; 2025-11-06..2025-11-07; 2025-12-30..2026-02-04; 2026-03-20..2026-03-26,3M; 3M; 1M+3M+6M; 1M+3M+6M,True,large_plus,4,13,,,
KRNT,KRNT,,2,2020-11-12,2021-12-03,2020-11-12..2020-11-13; 2021-11-23..2021-12-03,6M; 6M,False,mid,9,3,,,
KRO,KRO,,1,2012-01-18,2012-01-24,2012-01-18..2012-01-24,1M+3M+6M,True,mid,2,1,,,
KROS,KROS,,4,2022-10-14,2025-04-24,2022-10-14..2022-11-10; 2024-01-04..2024-03-20; 2024-09-18..2024-09-23; 2025-04-21..2025-04-24,1M+3M; 1M+3M+6M; 1M+3M; 1M+3M,True,small,5,14,,,
KRRO,KRRO,,1,2025-10-09,2025-10-20,2025-10-09..2025-10-20,3M,False,small,11,1,,,
KRTX^24,KRTX,,3,2019-11-18,2022-08-30,2019-11-18..2020-02-24; 2020-04-29..2020-05-12; 2022-07-14..2022-08-30,1M+3M+6M; 6M; 1M+3M+6M,True,mid,1,6,,,
KRUS,KRUS,,3,2023-07-18,2024-09-19,2023-07-18..2023-07-27; 2024-01-10..2024-01-19; 2024-08-23..2024-09-19,6M; 1M; 1M,False,small,11,7,,,
KRYS,KRYS,,5,2019-07-01,2024-03-22,2019-07-01..2019-08-05; 2021-11-30..2021-12-23; 2022-07-25..2022-08-05; 2023-06-01..2023-06-08; 2024-03-01..2024-03-22,1M+3M+6M; 1M+3M; 6M; 1M+3M+6M; 1M+3M+6M,True,small,1,12,,,
KSCP,KSCP,,1,2023-07-26,2023-08-02,2023-07-26..2023-08-02,1M+3M,False,small,1,1,,,
KSS,KSS,,7,2008-02-13,2026-06-17,2008-02-13..2008-02-19; 2008-08-12..2008-09-22; 2008-12-12..2009-02-04; 2021-03-05..2021-03-31; 2023-11-21..2023-12-11; 2025-12-03..2025-12-22; 2026-06-15..2026-06-17,1M+3M+6M; 1M+3M+6M; 1M+3M+6M; 6M; 3M+6M; 1M+6M; 1M,True,mid,1,19,,,
KTB,KTB,,2,2019-07-25,2020-11-17,2019-07-25..2019-08-29; 2020-10-30..2020-11-17,1M; 1M+3M+6M,True,small,11,8,,,
KTOS,KTOS,,6,2018-11-23,2026-08-24,2018-11-23..2018-11-27; 2025-04-17..2025-04-25; 2025-06-24..2025-08-27; 2025-10-10..2025-10-21; 2026-01-20..2026-02-02; 2026-08-12..2026-08-24,1M+3M+6M; 6M; 1M+3M+6M; 1M+3M; 1M+3M+6M; 1M+3M,True,large_plus,2,15,,,
KULR,KULR,,1,2024-12-02,2025-01-14,2024-12-02..2025-01-14,1M+3M+6M,True,small,2,3,,,
KURA,KURA,,5,2017-09-18,2024-02-09,2017-09-18..2017-10-13; 2020-11-06..2020-11-20; 2022-06-28..2022-07-19; 2022-10-20..2022-10-24; 2024-01-25..2024-02-09,1M+3M+6M; 3M; 1M+6M; 1M; 1M+3M+6M,True,small,2,14,,,
KUST,KUST,,4,2014-12-08,2020-11-12,2014-12-08..2014-12-12; 2015-05-18..2015-05-22; 2020-06-08..2020-06-29; 2020-11-02..2020-11-12,1M+6M; 1M+3M+6M; 1M+3M+6M; 6M,True,small,1,6,,,
KVYO,KVYO,,4,2024-02-15,2026-07-30,2024-02-15..2024-02-22; 2024-08-09..2024-08-21; 2025-02-11..2025-02-21; 2026-07-22..2026-07-30,1M; 1M+3M+6M; 3M; 1M,True,mid,4,5,,,
KWR,KWR,,1,2022-11-08,2022-11-09,2022-11-08..2022-11-09,1M,False,mid,7,2,,,
KXIN,KXIN,,2,2020-10-19,2021-09-03,2020-10-19..2020-12-10; 2021-08-17..2021-09-03,1M+3M+6M; 1M,True,small,1,5,,,
KYIV,KYIV,,1,2025-08-19,2025-08-21,2025-08-19..2025-08-21,1M,False,mid,8,1,,,
KYMR,KYMR,,15,2020-12-18,2026-07-17,2020-12-18..2021-01-11; 2021-05-11..2021-05-13; 2021-07-07..2021-09-27; 2022-01-05..2022-01-12; 2022-07-05..2022-07-08; 2022-08-08..2022-08-29; 2022-11-02..2022-11-21; 2023-01-30..2023-02-03; 2023-11-17..2023-12-07; 2024-01-02..2024-03-15; 2024-07-16..2024-10-04; 2025-05-08..2025-06-23; 2025-11-14..2025-11-25; 2026-02-26..2026-03-02; 2026-06-25..2026-07-17,1M+3M; 1M; 1M+3M+6M; 1M+3M+6M; 1M; 3M; 1M+6M; 1M+6M; 1M; 1M+3M+6M; 1M+3M+6M; 1M+3M+6M; 6M; 1M; 1M,True,mid,2,44,,,
KYNB,KYNB,,11,2015-07-01,2023-01-30,2015-07-01..2015-07-13; 2015-08-31..2015-09-29; 2015-11-17..2016-01-07; 2016-11-22..2016-12-07; 2017-01-23..2017-03-21; 2017-08-15..2017-08-25; 2018-02-02..2018-03-09; 2019-01-02..2019-01-11; 2021-12-09..2022-02-22; 2022-10-19..2022-11-08; 2023-01-20..2023-01-30,1M+3M+6M; 1M+3M+6M; 1M+3M+6M; 1M+3M+6M; 1M+3M+6M; 1M+3M+6M; 1M+3M+6M; 1M+3M+6M; 1M+3M+6M; 1M+3M+6M; 6M,True,small,1,32,,,
KYTH^15,KYTH,,2,2013-10-03,2015-03-26,2013-10-03..2013-10-16; 2015-03-09..2015-03-26,1M+3M+6M; 1M+3M+6M,True,small,2,3,,,
KYTX,KYTX,,1,2025-12-15,2026-01-06,2025-12-15..2026-01-06,1M+3M+6M,True,small,8,3,,,
KZR^26,KZR,,2,2021-11-18,2022-07-27,2021-11-18..2022-01-11; 2022-06-30..2022-07-27,1M+3M+6M; 1M,True,small,1,7,,,
LAB,LAB,,3,2014-02-03,2020-08-28,2014-02-03..2014-02-19; 2019-03-26..2019-04-04; 2020-08-26..2020-08-28,3M+6M; 1M+6M; 1M,False,small,6,5,,,
LAC,LAC,,2,2024-10-22,2025-10-14,2024-10-22..2024-11-05; 2025-09-26..2025-10-14,1M; 1M+3M,False,small,2,6,,,
LAES,LAES,,2,2024-12-16,2025-06-18,2024-12-16..2025-01-16; 2025-05-21..2025-06-18,1M+3M+6M; 6M,True,small,1,5,,,
LAKE,LAKE,,2,2014-10-13,2020-04-14,2014-10-13..2014-10-28; 2020-02-27..2020-04-14,1M+3M+6M; 1M+3M+6M,True,small,1,4,,,
LAMR,LAMR,,4,2008-08-05,2011-11-22,2008-08-05..2008-08-25; 2009-03-31..2009-05-26; 2009-08-10..2009-08-24; 2011-10-31..2011-11-22,6M; 1M+3M; 1M+6M; 1M+3M+6M,True,mid,2,14,,,
LAR,LAR,,7,2020-09-15,2026-05-13,2020-09-15..2020-10-15; 2021-01-11..2021-01-26; 2021-08-18..2021-12-10; 2022-03-25..2022-04-06; 2023-10-12..2023-10-13; 2025-12-08..2026-01-13; 2026-04-22..2026-05-13,1M+3M+6M; 1M+6M; 1M+3M+6M; 1M+6M; 1M+3M+6M; 6M; 6M,True,small,1,19,,,
LASE,LASE,,2,2024-09-23,2025-08-26,2024-09-23..2024-10-09; 2025-08-25..2025-08-26,1M+3M+6M; 1M,True,small,1,3,,,
LASR,LASR,,4,2025-06-06,2026-05-12,2025-06-06..2025-06-09; 2025-08-07..2025-08-21; 2025-10-29..2025-11-04; 2026-02-06..2026-05-12,1M; 6M; 6M; 1M+3M+6M,True,small,8,14,,,
LAW,LAW,,1,2022-02-15,2022-02-18,2022-02-15..2022-02-18,1M,False,mid,2,1,,,
LAZ,LAZ,,2,2007-11-05,2008-08-08,2007-11-05..2007-11-06; 2008-08-04..2008-08-08,3M+6M; 1M+3M+6M,True,mid,6,3,,,
LAZRQ^26,LAZRQ,LAZR,3,2022-08-10,2023-05-26,2022-08-10..2022-08-26; 2023-02-03..2023-03-20; 2023-05-22..2023-05-26,1M; 1M+3M+6M; 1M,True,mid,2,8,,,
LB,LB,,5,2024-08-26,2026-03-06,2024-08-26..2024-11-27; 2025-01-21..2025-04-04; 2025-05-21..2025-05-27; 2025-11-13..2025-11-14; 2026-02-26..2026-03-06,1M+3M; 1M+3M+6M; 3M; 1M; 1M,True,mid,4,16,,,
LBPH^24,LBPH,,2,2024-01-03,2024-08-22,2024-01-03..2024-02-01; 2024-07-01..2024-08-22,1M+3M+6M; 1M+3M+6M,True,small,1,5,,,
LBRT,LBRT,,8,2018-06-01,2026-04-01,2018-06-01..2018-06-05; 2018-08-03..2018-08-21; 2021-05-10..2021-05-26; 2021-09-30..2021-10-12; 2022-01-19..2022-05-04; 2022-10-24..2022-11-07; 2025-10-21..2025-11-12; 2026-02-02..2026-04-01,1M+3M; 1M+3M+6M; 1M+3M; 1M+3M+6M; 1M+3M+6M; 1M+3M; 1M; 1M+3M+6M,True,mid,3,29,,,
LBRX,LBRX,,1,2026-07-29,2026-08-26,2026-07-29..2026-08-26,1M+6M,False,small,6,2,,,
LBTYA,LBTYA,,1,2009-01-08,2009-01-22,2009-01-08..2009-01-22,1M,False,mid,4,1,,,
LCC^13,LCC,,10,2008-07-30,2012-09-21,2008-07-30..2008-09-16; 2008-11-03..2008-11-11; 2008-12-29..2009-01-22; 2009-09-17..2009-10-06; 2009-12-09..2010-02-18; 2010-05-26..2010-08-12; 2011-09-26..2011-09-29; 2011-12-21..2012-02-22; 2012-04-27..2012-07-23; 2012-09-14..2012-09-21,1M+3M; 1M+3M+6M; 3M+6M; 1M+3M; 1M+3M+6M; 1M+3M+6M; 1M; 1M+3M+6M; 1M+3M+6M; 1M+6M,True,small,1,33,,,
LCID,LCID,,9,2021-09-30,2026-07-30,2021-09-30..2021-12-08; 2022-06-10..2022-08-01; 2023-01-30..2023-02-17; 2023-07-20..2023-08-10; 2023-12-11..2023-12-22; 2024-07-12..2024-09-13; 2024-12-20..2025-01-17; 2025-04-15..2025-05-21; 2026-07-17..2026-07-30,1M+3M; 1M+3M+6M; 1M+3M+6M; 1M+3M+6M; 1M+3M+6M; 1M+3M+6M; 1M; 1M+3M+6M; 1M,True,large_plus,1,21,,,
LCII,LCII,,2,2007-08-08,2022-06-01,2007-08-08..2007-08-29; 2022-05-25..2022-06-01,1M+6M; 1M,False,mid,9,4,,,
LDI,LDI,,1,2025-09-08,2025-09-22,2025-09-08..2025-09-22,1M+3M+6M,True,small,6,3,,,
LDSH^11,LDSH,,1,2007-08-09,2007-08-22,2007-08-09..2007-08-22,1M,False,small,6,3,,,
LE,LE,,1,2014-09-26,2014-11-20,2014-09-26..2014-11-20,1M+3M+6M,True,small,6,4,,,
LEAF^21,LEAF,,1,2021-04-05,2021-04-14,2021-04-05..2021-04-14,1M,False,small,9,3,,,
LEAP.5^14,LEAP,,7,2008-03-12,2012-10-09,2008-03-12..2008-04-22; 2008-12-26..2008-12-29; 2009-03-09..2009-03-30; 2011-01-21..2011-01-24; 2011-11-08..2012-03-12; 2012-06-22..2012-07-12; 2012-09-24..2012-10-09,1M+3M+6M; 1M; 1M+3M+6M; 1M; 1M+3M+6M; 1M+3M+6M; 1M+3M+6M,True,small,1,19,,,
LEDS,LEDS,,1,2021-06-01,2021-06-25,2021-06-01..2021-06-25,1M+3M+6M,True,small,2,2,,,
LEGN,LEGN,,7,2021-05-19,2026-06-11,2021-05-19..2021-06-09; 2021-07-27..2021-08-06; 2021-10-13..2021-10-26; 2022-06-21..2022-07-07; 2024-07-18..2024-07-31; 2025-06-18..2025-06-27; 2026-05-07..2026-06-11,1M+3M; 1M+3M+6M; 1M+6M; 1M+3M+6M; 1M+3M+6M; 1M; 1M,True,mid,1,15,,,
LEJUY,LEJUY,,1,2014-08-22,2014-09-12,2014-08-22..2014-09-12,1M+3M,False,small,2,2,,,
LEN,LEN,,10,2008-02-08,2020-06-26,2008-02-08..2008-02-21; 2008-04-09..2008-05-20; 2008-09-03..2008-10-01; 2008-12-16..2008-12-26; 2009-03-24..2009-03-25; 2009-07-24..2009-09-24; 2010-02-24..2010-02-25; 2011-10-11..2011-11-03; 2012-05-17..2012-05-22; 2020-05-28..2020-06-26,1M; 1M+3M+6M; 1M+3M+6M; 1M; 1M; 1M+3M; 1M+3M+6M; 1M+3M+6M; 1M+3M+6M; 1M+3M+6M,True,mid,1,28,,,
LEND.1^07,LEND,,2,2007-05-03,2007-09-20,2007-05-03..2007-06-06; 2007-09-17..2007-09-20,1M+3M+6M; 1M+3M+6M,True,small,2,6,,,
LESL,LESL,,1,2021-04-14,2021-05-10,2021-04-14..2021-05-10,1M,False,mid,5,4,,,
LEU,LEU,,7,2021-11-11,2025-10-28,2021-11-11..2021-11-24; 2022-09-06..2022-09-09; 2024-10-02..2024-11-12; 2025-02-10..2025-02-12; 2025-02-26..2025-02-28; 2025-05-27..2025-08-06; 2025-09-18..2025-10-28,1M+3M+6M; 1M+3M; 1M+3M+6M; 1M; 6M; 1M+3M+6M; 1M+6M,True,small,1,17,,,
LFIN,LFIN,,1,2018-03-20,2018-03-29,2018-03-20..2018-03-29,1M+3M,False,mid,1,1,,,
LFMD,LFMD,,3,2021-02-01,2025-07-07,2021-02-01..2021-02-22; 2021-06-08..2021-06-11; 2025-04-30..2025-07-07,1M; 1M; 1M+3M+6M,True,small,6,6,,,
LFST,LFST,,1,2022-01-03,2022-01-07,2022-01-03..2022-01-07,1M,False,mid,7,2,,,
LFWD,LFWD,,1,2015-12-23,2016-01-13,2015-12-23..2016-01-13,1M+3M+6M,True,small,1,1,,,
LF^16,LF,,1,2012-07-06,2012-08-16,2012-07-06..2012-08-16,1M+3M+6M,True,small,1,3,,,
LGIH,LGIH,,3,2015-09-09,2020-06-02,2015-09-09..2015-12-09; 2018-11-28..2018-12-12; 2020-05-28..2020-06-02,1M+3M+6M; 1M+3M+6M; 1M,True,small,1,11,,,
LGMK,LGMK,,2,2017-12-26,2021-01-14,2017-12-26..2018-01-12; 2021-01-04..2021-01-14,1M+3M+6M; 1M+3M,True,small,1,5,,,
LGN,LGN,,1,2026-04-15,2026-05-13,2026-04-15..2026-05-13,6M,False,mid,13,1,,,
LGND,LGND,,9,2005-09-13,2024-08-09,2005-09-13..2005-10-19; 2013-07-01..2013-08-08; 2013-10-31..2013-12-11; 2014-02-13..2014-02-14; 2015-02-10..2015-02-11; 2015-08-07..2015-08-10; 2019-09-26..2019-10-01; 2021-01-28..2021-02-05; 2024-08-07..2024-08-09,1M+3M+6M; 1M+3M+6M; 1M+6M; 1M+3M+6M; 3M+6M; 6M; 6M; 1M; 3M+6M,True,small,3,28,,,
LGVN,LGVN,,2,2021-11-18,2022-05-05,2021-11-18..2021-12-14; 2022-03-31..2022-05-05,1M+3M+6M; 1M+3M+6M,True,small,1,3,,,
LHCG^23,LHCG,,1,2008-11-06,2009-01-09,2008-11-06..2009-01-09,1M+3M+6M,True,small,3,4,,,
LHO^18,LHO,,3,2009-04-22,2011-10-25,2009-04-22..2009-05-11; 2009-10-06..2009-10-07; 2011-10-04..2011-10-25,1M; 6M; 1M+3M+6M,True,small,3,8,,,
LI,LI,,7,2020-10-09,2024-10-18,2020-10-09..2020-12-08; 2021-06-04..2021-08-03; 2021-11-26..2021-12-13; 2022-03-01..2022-03-02; 2022-06-13..2022-07-18; 2022-11-30..2023-01-12; 2024-10-09..2024-10-18,1M+3M; 1M+3M+6M; 1M+3M+6M; 1M+3M+6M; 1M+3M+6M; 1M+3M+6M; 1M+3M+6M,True,large_plus,1,21,,,
LIANY,LIANY,,1,2023-10-26,2023-11-27,2023-10-26..2023-11-27,1M+3M+6M,True,small,1,2,,,
LICYQ,LICYQ,LICY,4,2021-10-06,2024-04-11,2021-10-06..2021-10-08; 2021-11-17..2021-11-30; 2022-05-27..2022-05-31; 2024-03-25..2024-04-11,1M; 3M; 1M; 1M+3M,False,mid,3,6,,,
LIDR,LIDR,,1,2025-07-28,2025-09-11,2025-07-28..2025-09-11,1M+3M+6M,True,small,2,4,,,
LIFE,LIFE,,2,2026-05-11,2026-09-21,2026-05-11..2026-05-13; 2026-08-04..2026-09-21,3M; 1M+3M+6M,True,small,1,4,,,
LIFE.3^14,LIFE,,1,2009-01-20,2009-01-23,2009-01-20..2009-01-23,1M,False,mid,6,3,,,
LII,LII,,1,2007-08-09,2007-08-10,2007-08-09..2007-08-10,1M+3M+6M,True,mid,10,1,,,
LIMN,LIMN,,1,2026-02-09,2026-02-10,2026-02-09..2026-02-10,1M,False,small,12,2,,,
LINC,LINC,,2,2026-02-24,2026-03-30,2026-02-24..2026-03-03; 2026-03-25..2026-03-30,1M; 3M,False,small,11,5,,,
LINEQ^17,LINEQ,LINE,1,2008-11-07,2008-11-14,2008-11-07..2008-11-14,1M,False,small,8,1,,,
LION,LION,,2,2012-03-28,2023-03-02,2012-03-28..2012-04-04; 2023-02-22..2023-03-02,3M+6M; 1M+3M+6M,True,mid,1,2,,,
LITB,LITB,,1,2013-08-01,2013-08-19,2013-08-01..2013-08-19,1M,False,small,6,2,,,
LITE,LITE,,9,2016-02-12,2026-09-21,2016-02-12..2016-02-19; 2016-12-09..2016-12-22; 2017-02-23..2017-04-05; 2017-05-23..2017-08-04; 2017-11-02..2017-11-10; 2019-02-07..2019-02-08; 2024-09-06..2024-09-09; 2025-10-24..2026-05-26; 2026-08-14..2026-09-21,1M+3M+6M; 1M+3M+6M; 1M+3M+6M; 1M+3M+6M; 1M+3M+6M; 1M+3M+6M; 1M+3M; 1M+3M+6M; 1M+6M,True,mid,1,33,,,
LIVE,LIVE,,2,2014-02-03,2014-07-07,2014-02-03..2014-03-06; 2014-06-25..2014-07-07,1M+3M+6M; 6M,True,small,1,4,,,
LIVN,LIVN,,4,2005-02-10,2008-07-22,2005-02-10..2005-03-01; 2005-04-11..2005-04-22; 2006-11-22..2006-12-07; 2008-07-09..2008-07-22,1M+3M+6M; 1M+3M+6M; 1M+3M+6M; 1M+3M+6M,True,small,1,8,,,
LJPC^22,LJPC,,7,2014-03-17,2019-07-19,2014-03-17..2014-03-28; 2015-09-15..2015-09-24; 2017-02-28..2017-03-30; 2017-05-23..2017-06-05; 2018-02-07..2018-02-09; 2018-08-06..2018-08-08; 2019-06-17..2019-07-19,1M+6M; 1M+3M+6M; 1M+3M+6M; 1M+3M+6M; 1M; 6M; 3M+6M,True,small,1,11,,,
LKCOF,LKCOF,,1,2021-06-15,2021-07-02,2021-06-15..2021-07-02,1M+6M,False,small,4,2,,,
LKNCY,LKNCY,,10,2019-07-30,2025-05-15,2019-07-30..2019-08-13; 2019-11-19..2020-01-30; 2022-02-08..2022-03-01; 2022-06-06..2022-08-17; 2022-11-14..2023-03-09; 2023-07-06..2023-09-25; 2024-06-27..2024-07-05; 2024-10-15..2024-10-18; 2025-02-20..2025-04-07; 2025-05-14..2025-05-15,1M; 1M+3M+6M; 1M+3M+6M; 1M+3M+6M; 1M+3M+6M; 1M+3M+6M; 1M+3M+6M; 3M; 1M+3M+6M; 3M,True,mid,1,32,,,
LKQ,LKQ,"LK, LKQX",3,2007-08-09,2009-03-18,2007-08-09..2007-08-30; 2008-03-17..2008-04-04; 2009-03-06..2009-03-18,1M+3M+6M; 1M+3M+6M; 1M+3M+6M,True,small,1,6,,,
LLAP^24,LLAP,,1,2023-02-23,2023-03-09,2023-02-23..2023-03-09,1M,False,small,4,2,,,
LLEN^19,LLEN,,1,2010-12-09,2010-12-21,2010-12-09..2010-12-21,1M+3M+6M,True,small,9,2,,,
LMB,LMB,,2,2024-08-20,2025-04-25,2024-08-20..2024-08-22; 2025-04-21..2025-04-25,6M; 1M+3M+6M,True,small,11,5,,,
LMDIA^09,LMDIA,,2,2008-12-26,2009-01-22,2008-12-26..2009-01-14; 2009-01-16..2009-01-22,1M; 6M,False,mid,3,5,,,
LMND,LMND,,12,2020-12-18,2026-01-23,2020-12-18..2021-01-15; 2021-06-11..2021-06-25; 2023-05-22..2023-06-05; 2023-07-25..2023-08-02; 2023-11-06..2023-12-13; 2024-05-01..2024-05-06; 2024-11-04..2024-12-12; 2025-02-26..2025-03-17; 2025-06-06..2025-07-01; 2025-08-12..2025-09-02; 2025-11-06..2025-11-28; 2026-01-14..2026-01-23,1M+3M; 1M; 1M; 3M; 1M+3M+6M; 1M+6M; 1M+3M+6M; 6M; 1M+6M; 1M+3M+6M; 1M+6M; 3M,True,mid,1,28,,,
LMNX.1^21,LMNX,,1,2020-03-12,2020-04-17,2020-03-12..2020-04-17,1M+3M+6M,True,small,4,4,,,
LMPX,LMPX,,1,2020-10-13,2020-10-23,2020-10-13..2020-10-23,1M+3M+6M,True,small,4,2,,,
LM^20,LM,,3,2008-08-20,2010-05-20,2008-08-20..2008-08-22; 2009-06-05..2009-07-10; 2010-05-18..2010-05-20,1M; 1M+3M+6M; 1M+3M+6M,True,mid,3,8,,,
LNC,LNC,,5,2008-09-16,2011-11-11,2008-09-16..2008-09-19; 2008-12-24..2009-01-07; 2009-04-30..2009-06-11; 2009-08-06..2009-10-01; 2011-10-28..2011-11-11,1M+3M+6M; 1M; 1M+3M+6M; 1M+3M+6M; 1M,True,mid,2,13,,,
LNG,LNG,,8,2005-10-06,2022-05-10,2005-10-06..2005-10-07; 2010-11-30..2011-03-28; 2011-05-26..2011-06-13; 2011-10-31..2011-11-21; 2012-01-25..2012-03-21; 2012-07-12..2012-07-23; 2016-03-07..2016-03-11; 2022-05-09..2022-05-10,1M+3M+6M; 1M+3M+6M; 1M+3M+6M; 1M+3M+6M; 1M+3M+6M; 1M+3M+6M; 1M; 1M+3M+6M,True,small,1,25,,,
LNKD^16,LNKD,,3,2011-07-15,2012-05-21,2011-07-15..2011-08-03; 2011-10-26..2011-10-31; 2012-05-17..2012-05-21,1M; 1M+3M; 1M+3M+6M,True,mid,1,4,,,
LNN,LNN,,3,2007-12-26,2008-06-18,2007-12-26..2008-01-16; 2008-03-03..2008-05-01; 2008-06-17..2008-06-18,1M+3M+6M; 1M+3M+6M; 6M,True,small,1,8,,,
LNTH,LNTH,,6,2017-05-17,2025-03-21,2017-05-17..2017-05-30; 2017-07-14..2017-08-03; 2022-03-04..2022-08-23; 2023-10-12..2023-10-20; 2024-07-24..2024-08-01; 2025-03-13..2025-03-21,1M+3M+6M; 1M+3M+6M; 1M+3M+6M; 1M+3M+6M; 1M+3M+6M; 1M+3M,True,mid,1,18,,,
LNWO,LNWO,,13,2014-09-12,2021-05-27,2014-09-12..2014-09-26; 2014-11-12..2014-12-12; 2016-03-03..2016-03-16; 2016-11-16..2016-11-18; 2017-07-31..2017-08-10; 2018-05-03..2018-05-21; 2019-01-15..2019-02-05; 2019-05-06..2019-05-07; 2019-09-26..2019-10-01; 2019-11-15..2019-11-27; 2020-09-15..2020-10-16; 2020-11-23..2020-11-27; 2021-05-04..2021-05-27,1M+3M+6M; 1M+3M+6M; 1M; 3M+6M; 1M+3M+6M; 1M+3M+6M; 1M+3M+6M; 1M+3M+6M; 1M+3M+6M; 1M+3M+6M; 1M+3M+6M; 3M; 1M+3M,True,mid,1,36,,,
LOAR,LOAR,,2,2024-08-06,2025-05-16,2024-08-06..2024-09-27; 2025-04-09..2025-05-16,1M+3M; 1M+3M+6M,True,mid,2,7,,,
LOB,LOB,,2,2020-11-06,2021-04-08,2020-11-06..2020-11-13; 2021-03-03..2021-04-08,1M+3M+6M; 1M+3M+6M,True,mid,7,8,,,
LOCM,LOCM,,2,2007-07-02,2011-01-10,2007-07-02..2007-07-24; 2011-01-07..2011-01-10,1M+3M+6M; 1M+3M+6M,True,small,1,4,,,
LOCO,LOCO,,1,2014-09-19,2014-10-17,2014-09-19..2014-10-17,1M,False,small,13,3,,,
LODE,LODE,,1,2021-02-17,2021-03-11,2021-02-17..2021-03-11,1M,False,small,1,1,,,
LOGC,LOGC,,1,2021-06-25,2021-07-09,2021-06-25..2021-07-09,1M+3M+6M,True,large_plus,2,2,,,
LOGM^20,LOGM,,2,2010-10-06,2011-10-06,2010-10-06..2010-10-12; 2011-09-27..2011-10-06,1M+3M+6M; 1M+3M+6M,True,small,3,8,,,
LOMA,LOMA,,1,2018-01-16,2018-01-22,2018-01-16..2018-01-22,1M,False,mid,12,2,,,
LONA,LONA,,1,2025-12-22,2026-01-14,2025-12-22..2026-01-14,1M,False,small,9,2,,,
LOVE,LOVE,,2,2020-06-11,2021-04-29,2020-06-11..2020-07-15; 2021-04-27..2021-04-29,3M; 1M,False,small,5,6,,,
LOW,LOW,,2,2008-02-04,2008-12-29,2008-02-04..2008-02-11; 2008-12-03..2008-12-29,1M+3M+6M; 1M+3M+6M,True,large_plus,1,5,,,
LOXO^19,LOXO,,6,2017-01-09,2018-06-21,2017-01-09..2017-01-31; 2017-03-23..2017-04-17; 2017-06-09..2017-06-30; 2017-09-13..2017-10-02; 2018-02-05..2018-03-23; 2018-06-06..2018-06-21,1M+3M+6M; 1M+3M+6M; 1M+3M+6M; 1M+3M+6M; 1M+3M+6M; 1M+3M+6M,True,mid,1,19,,,
LPG,LPG,,1,2023-12-07,2024-01-12,2023-12-07..2024-01-12,6M,False,small,9,2,,,
LPLA,LPLA,,1,2016-03-31,2016-04-22,2016-03-31..2016-04-22,1M+6M,False,mid,8,2,,,
LPRO^26,LPRO,,1,2020-08-27,2020-11-13,2020-08-27..2020-11-13,1M+3M,False,mid,9,3,,,
LPSN^26,LPSN,,1,2022-11-10,2022-11-16,2022-11-10..2022-11-16,1M,False,small,12,2,,,
LPS^14,LPS,,2,2009-01-12,2009-04-23,2009-01-12..2009-02-03; 2009-03-20..2009-04-23,6M; 6M,False,mid,8,7,,,
LPTH,LPTH,,2,2025-09-26,2026-01-29,2025-09-26..2025-10-27; 2025-12-31..2026-01-29,3M+6M; 1M+6M,False,small,8,8,,,
LPX,LPX,,7,2009-08-24,2022-05-19,2009-08-24..2009-09-03; 2010-04-27..2010-05-07; 2011-10-27..2011-12-20; 2012-05-17..2012-06-05; 2012-11-12..2012-11-16; 2021-05-12..2021-05-18; 2022-05-11..2022-05-19,1M; 1M+3M+6M; 1M+3M+6M; 1M+3M+6M; 1M+3M+6M; 3M; 1M+6M,True,small,1,17,,,
LQDA,LQDA,,6,2022-08-15,2026-08-11,2022-08-15..2022-08-17; 2023-12-20..2024-04-04; 2025-08-04..2025-08-29; 2025-11-18..2025-12-04; 2026-01-05..2026-02-09; 2026-05-19..2026-08-11,1M; 1M+3M+6M; 1M+3M+6M; 1M; 1M+3M+6M; 1M+3M+6M,True,mid,1,18,,,
LQDT,LQDT,,4,2011-09-12,2021-05-20,2011-09-12..2011-10-20; 2011-12-06..2011-12-23; 2012-05-17..2012-05-22; 2021-05-12..2021-05-20,1M+3M+6M; 1M+3M+6M; 1M+3M+6M; 1M+3M+6M,True,small,1,6,,,
LRCX,LRCX,,4,2009-03-23,2026-07-09,2009-03-23..2009-04-17; 2021-03-03..2021-03-05; 2026-02-05..2026-02-19; 2026-06-11..2026-07-09,6M; 6M; 3M+6M; 1M+3M+6M,True,large_plus,8,12,,,
LRMR,LRMR,,1,2026-02-26,2026-03-19,2026-02-26..2026-03-19,1M,False,small,8,3,,,
LRN,LRN,,3,2019-01-25,2020-08-11,2019-01-25..2019-02-07; 2020-03-12..2020-04-13; 2020-07-16..2020-08-11,1M+3M+6M; 1M+3M+6M; 1M,True,small,3,11,,,
LSAK,LSAK,,1,2005-08-08,2005-09-15,2005-08-08..2005-09-15,1M+3M+6M,True,small,3,1,,,
LSCC,LSCC,,10,2010-04-29,2026-02-17,2010-04-29..2010-05-14; 2010-07-19..2010-08-06; 2015-10-30..2016-01-11; 2016-03-01..2016-03-15; 2019-04-29..2019-05-17; 2019-09-10..2019-09-26; 2019-11-15..2019-11-18; 2020-01-24..2020-01-30; 2025-03-05..2025-03-07; 2026-02-13..2026-02-17,1M+3M+6M; 1M+3M+6M; 1M+3M+6M; 6M; 1M+3M+6M; 1M+3M+6M; 1M+3M+6M; 6M; 1M+3M; 3M,True,small,1,20,,,
LSI.1^14,LSI,,2,2008-02-14,2009-07-21,2008-02-14..2008-02-15; 2009-06-11..2009-07-21,1M; 1M+3M+6M,True,mid,3,6,,,
LSPD,LSPD,,1,2022-04-05,2022-04-06,2022-04-05..2022-04-06,1M,False,mid,12,1,,,
LTBR,LTBR,,4,2024-10-28,2025-06-17,2024-10-28..2024-11-13; 2025-01-24..2025-02-28; 2025-05-23..2025-05-30; 2025-06-03..2025-06-17,1M+3M+6M; 1M+6M; 1M; 6M,True,small,3,6,,,
LTH,LTH,,1,2024-08-07,2024-08-21,2024-08-07..2024-08-21,1M+3M+6M,True,mid,4,4,,,
LTM.2^15,LTM,LFL,3,2007-08-21,2010-05-24,2007-08-21..2007-08-22; 2008-08-28..2008-08-29; 2010-05-21..2010-05-24,1M; 6M; 3M+6M,False,small,11,6,,,
LTRPA^25,LTRPA,,3,2017-08-25,2018-12-19,2017-08-25..2017-08-28; 2018-02-16..2018-03-07; 2018-12-14..2018-12-19,1M+3M+6M; 1M; 3M+6M,True,small,5,6,,,
LU,LU,,6,2021-09-02,2024-10-18,2021-09-02..2021-09-10; 2022-02-22..2022-03-29; 2022-05-24..2022-07-05; 2022-12-09..2023-02-13; 2024-06-26..2024-07-26; 2024-10-07..2024-10-18,1M+3M+6M; 1M+3M+6M; 1M+3M+6M; 1M+3M; 1M+3M+6M; 1M+3M+6M,True,large_plus,1,13,,,
LUB^22,LUB,,1,2020-09-14,2020-10-06,2020-09-14..2020-10-06,1M+3M+6M,True,small,2,3,,,
LUCK,LUCK,,4,2022-07-01,2024-01-12,2022-07-01..2022-07-13; 2022-09-20..2022-10-04; 2023-10-24..2023-10-30; 2024-01-04..2024-01-12,6M; 1M+3M+6M; 1M+3M+6M; 1M+3M+6M,True,mid,4,9,,,
LUFK^13,LUFK,,2,2008-07-22,2011-12-19,2008-07-22..2008-07-25; 2011-11-21..2011-12-19,6M; 1M+3M+6M,True,mid,3,5,,,
LULU,LULU,,8,2007-09-21,2011-09-29,2007-09-21..2007-11-05; 2007-12-26..2008-01-07; 2008-04-08..2008-04-18; 2008-05-27..2008-05-29; 2009-04-27..2009-05-01; 2009-11-02..2009-11-13; 2010-06-17..2010-06-29; 2011-09-22..2011-09-29,1M+3M; 1M+3M; 1M; 1M+3M+6M; 1M+3M; 1M+3M+6M; 1M+3M+6M; 1M+3M+6M,True,mid,1,17,,,
LUMN,LUMN,,3,2024-07-25,2025-11-17,2024-07-25..2024-11-25; 2025-09-04..2025-09-12; 2025-10-23..2025-11-17,1M+3M+6M; 1M; 1M+3M+6M,True,mid,1,9,,,
LUNMF,LUNMF,,1,2008-02-29,2008-03-03,2008-02-29..2008-03-03,1M,False,mid,10,1,,,
LUNR,LUNR,,6,2023-02-17,2026-06-09,2023-02-17..2023-03-07; 2024-02-13..2024-03-25; 2024-08-20..2025-02-10; 2025-05-19..2025-05-22; 2025-12-19..2026-01-22; 2026-03-25..2026-06-09,1M+3M+6M; 1M+3M+6M; 1M+3M+6M; 1M; 1M+3M; 1M+3M+6M,True,mid,1,22,,,
LUV,LUV,,2,2008-07-24,2020-06-17,2008-07-24..2008-07-28; 2020-06-05..2020-06-17,1M+3M+6M; 1M,True,large_plus,1,4,,,
LVGO^20,LVGO,,2,2019-11-05,2020-09-10,2019-11-05..2019-12-11; 2020-04-14..2020-09-10,1M+3M; 1M+3M+6M,True,mid,1,13,,,
LVLT^17,LVLT,,8,2007-12-13,2011-06-13,2007-12-13..2007-12-19; 2008-04-22..2008-06-20; 2008-08-11..2008-09-09; 2009-01-13..2009-01-30; 2009-06-15..2009-08-04; 2009-12-17..2009-12-21; 2011-01-19..2011-03-11; 2011-05-31..2011-06-13,1M+3M+6M; 1M+3M+6M; 3M+6M; 1M+3M; 1M+3M+6M; 1M+3M+6M; 1M+3M+6M; 1M+3M+6M,True,mid,1,19,,,
LVS,LVS,,13,2006-06-08,2022-10-17,2006-06-08..2006-06-13; 2007-01-26..2007-01-29; 2007-08-13..2007-08-22; 2007-10-03..2007-10-15; 2008-08-12..2008-08-25; 2009-01-02..2009-01-13; 2009-04-06..2009-06-12; 2009-07-30..2009-10-21; 2010-01-22..2010-01-27; 2010-03-25..2010-05-07; 2010-06-29..2010-06-30; 2010-11-16..2010-11-17; 2022-10-11..2022-10-17,1M+3M+6M; 1M+3M+6M; 1M+3M+6M; 1M+3M+6M; 1M+3M+6M; 1M; 1M+3M+6M; 1M+3M+6M; 1M+3M+6M; 1M+3M+6M; 1M+3M+6M; 1M+3M+6M; 1M+3M+6M,True,large_plus,1,28,,,
LVWR,LVWR,,2,2025-06-04,2026-08-12,2025-06-04..2025-06-26; 2026-07-31..2026-08-12,1M+3M; 1M,False,small,1,2,,,
LWLG,LWLG,,4,2021-12-06,2026-05-21,2021-12-06..2021-12-29; 2022-07-20..2022-08-05; 2025-10-06..2025-11-13; 2026-03-12..2026-05-21,1M+3M+6M; 1M+6M; 3M+6M; 1M+3M+6M,True,small,1,15,,,
LX,LX,,4,2019-04-03,2025-04-04,2019-04-03..2019-04-26; 2021-02-16..2021-03-01; 2021-06-11..2021-06-28; 2024-10-07..2025-04-04,1M+3M+6M; 1M; 1M; 1M+3M+6M,True,mid,1,17,,,
LXEO,LXEO,,1,2025-11-25,2025-12-05,2025-11-25..2025-12-05,6M,False,small,15,2,,,
LXFT^19,LXFT,,1,2015-08-25,2015-08-27,2015-08-25..2015-08-27,3M+6M,False,small,6,2,,,
LXK^16,LXK,,1,2011-08-10,2011-08-12,2011-08-10..2011-08-12,1M+3M+6M,True,mid,4,2,,,
LXRX,LXRX,,5,2015-08-04,2024-02-23,2015-08-04..2015-09-28; 2015-11-17..2015-12-09; 2020-12-08..2021-01-04; 2021-01-14..2021-02-10; 2024-02-16..2024-02-23,1M+3M+6M; 1M+3M+6M; 1M; 3M; 1M,True,small,1,12,,,
LXU,LXU,,6,2016-04-07,2026-04-08,2016-04-07..2016-04-13; 2016-06-07..2016-06-20; 2022-03-10..2022-04-28; 2022-09-13..2022-09-15; 2022-10-25..2022-10-31; 2026-03-12..2026-04-08,3M; 1M+3M+6M; 1M+3M+6M; 1M; 3M; 1M+3M+6M,True,small,1,16,,,
LYB,LYB,,2,2011-11-02,2026-04-10,2011-11-02..2011-11-09; 2026-04-08..2026-04-10,1M+3M+6M; 3M+6M,True,large_plus,2,2,,,
LYFT,LYFT,,7,2020-11-12,2024-04-08,2020-11-12..2020-11-25; 2021-03-10..2021-03-25; 2023-01-26..2023-02-07; 2023-04-24..2023-05-05; 2023-06-22..2023-06-27; 2023-12-12..2023-12-20; 2024-02-21..2024-04-08,1M+3M; 1M+3M+6M; 1M; 1M+3M+6M; 1M; 1M+3M+6M; 1M+3M+6M,True,mid,4,20,,,
LYV,LYV,,3,2008-08-08,2022-03-07,2008-08-08..2008-08-27; 2020-06-03..2020-06-09; 2022-03-03..2022-03-07,1M+6M; 1M; 1M+3M+6M,True,large_plus,2,7,,,
LZ,LZ,,3,2022-02-15,2023-05-30,2022-02-15..2022-02-17; 2022-04-29..2022-05-04; 2023-05-17..2023-05-30,1M; 1M; 1M+3M+6M,True,mid,5,6,,,
LZB,LZB,,1,2010-03-19,2010-03-24,2010-03-19..2010-03-24,3M+6M,False,small,11,1,,,
M,M,,6,2008-02-12,2021-12-02,2008-02-12..2008-03-06; 2009-04-17..2009-04-24; 2020-11-18..2020-12-08; 2021-05-14..2021-06-02; 2021-08-26..2021-09-08; 2021-11-19..2021-12-02,1M+3M+6M; 6M; 1M; 6M; 1M+3M+6M; 1M+3M+6M,True,mid,6,15,,,
MA,MA,,4,2007-11-09,2011-08-24,2007-11-09..2007-12-20; 2008-03-28..2008-04-02; 2009-02-23..2009-03-20; 2011-08-12..2011-08-24,1M+3M+6M; 1M+3M+6M; 1M+3M+6M; 1M+3M+6M,True,large_plus,1,9,,,
MAC,MAC,,5,2009-04-21,2021-06-21,2009-04-21..2009-05-08; 2009-08-10..2009-10-02; 2010-05-07..2010-05-17; 2021-01-26..2021-01-28; 2021-06-11..2021-06-21,1M; 1M+3M+6M; 1M+3M+6M; 1M; 3M,True,mid,2,15,,,
MACK^24,MACK,,7,2013-12-18,2022-11-29,2013-12-18..2014-01-24; 2014-05-09..2014-06-05; 2014-09-30..2015-01-02; 2015-04-28..2015-05-01; 2016-03-29..2016-04-06; 2016-09-29..2016-11-29; 2022-11-21..2022-11-29,1M+3M+6M; 1M+3M+6M; 1M+3M+6M; 6M; 1M; 1M+3M; 1M+3M+6M,True,small,1,15,,,
MAGN,MAGN,,1,2025-12-01,2025-12-11,2025-12-01..2025-12-11,1M,False,small,4,3,,,
MAKO.2^13,MAKO,,6,2011-05-31,2013-06-20,2011-05-31..2011-06-13; 2011-09-01..2011-11-01; 2012-01-19..2012-01-31; 2012-09-14..2012-09-26; 2013-03-04..2013-03-06; 2013-05-20..2013-06-20,1M+3M+6M; 1M+3M+6M; 1M+6M; 1M; 1M+3M+6M; 6M,True,small,1,17,,,
MAN,MAN,,1,2026-07-23,2026-08-04,2026-07-23..2026-08-04,1M+3M+6M,True,mid,2,4,,,
MANE,MANE,,2,2026-04-01,2026-07-10,2026-04-01..2026-05-21; 2026-07-09..2026-07-10,1M+3M; 3M,False,mid,4,4,,,
MANU,MANU,,3,2022-11-29,2023-07-07,2022-11-29..2022-12-19; 2023-02-21..2023-03-01; 2023-06-23..2023-07-07,1M+3M+6M; 3M+6M; 1M,True,mid,2,7,,,
MAPP.2^13,MAPP,,1,2009-06-10,2009-07-08,2009-06-10..2009-07-08,1M+3M+6M,True,small,1,2,,,
MAR,MAR,,1,2008-02-05,2008-02-07,2008-02-05..2008-02-07,1M+6M,False,large_plus,7,2,,,
MARA,MARA,,14,2017-11-27,2025-05-27,2017-11-27..2017-12-28; 2020-08-03..2020-08-24; 2020-10-21..2021-04-20; 2021-06-30..2021-09-09; 2021-10-18..2021-11-22; 2022-07-22..2022-08-16; 2022-10-25..2022-10-28; 2023-01-23..2023-02-07; 2023-03-29..2023-05-17; 2023-06-14..2023-07-31; 2023-11-08..2024-01-12; 2024-02-23..2024-03-08; 2024-05-17..2024-07-24; 2025-05-05..2025-05-27,1M+3M+6M; 1M+3M+6M; 1M+3M+6M; 1M+3M+6M; 1M+3M+6M; 1M; 1M; 1M; 1M+3M+6M; 1M+3M+6M; 1M+3M+6M; 1M+3M+6M; 1M+3M+6M; 1M+3M+6M,True,small,1,46,,,
MARK,MARK,,2,2017-12-08,2020-06-16,2017-12-08..2018-01-29; 2020-05-11..2020-06-16,1M+3M+6M; 1M+3M+6M,True,small,1,5,,,
MAS,MAS,,4,2009-04-02,2012-11-15,2009-04-02..2009-04-16; 2009-06-03..2009-06-05; 2009-07-29..2009-08-19; 2012-11-14..2012-11-15,1M; 3M; 1M+3M+6M; 1M+3M+6M,True,mid,1,10,,,
MASI^26,MASI,,2,2020-03-12,2025-03-11,2020-03-12..2020-03-17; 2025-03-10..2025-03-11,1M+3M+6M; 6M,True,mid,7,6,,,
MASS,MASS,,1,2025-03-05,2025-04-03,2025-03-05..2025-04-03,1M+3M+6M,True,small,3,4,,,
MAT,MAT,,2,2018-05-04,2019-02-28,2018-05-04..2018-05-09; 2019-02-15..2019-02-28,1M+3M+6M; 1M+3M+6M,True,mid,2,4,,,
MATK^11,MATK,,1,2008-01-22,2008-01-28,2008-01-22..2008-01-28,1M+3M+6M,True,small,10,2,,,
MATR.1^08,MATR,MAPP,2,2006-10-24,2008-02-06,2006-10-24..2006-10-26; 2008-01-15..2008-02-06,1M+3M+6M; 1M+3M+6M,True,small,1,4,,,
MAX,MAX,,1,2024-08-07,2024-08-19,2024-08-07..2024-08-19,1M+6M,False,small,12,1,,,
MAXNQ,MAXNQ,MAXN,4,2022-08-18,2024-11-14,2022-08-18..2022-10-04; 2022-11-28..2022-12-08; 2023-03-20..2023-05-26; 2024-11-13..2024-11-14,1M+3M+6M; 1M+6M; 1M+3M+6M; 1M,True,small,2,10,,,
MAXR^23,MAXR,,6,2019-05-15,2022-03-09,2019-05-15..2019-07-23; 2019-09-16..2019-09-30; 2019-11-07..2020-02-20; 2020-08-21..2020-08-25; 2020-09-18..2020-09-21; 2022-03-03..2022-03-09,1M+3M+6M; 1M+3M+6M; 1M+3M+6M; 1M; 3M; 1M,True,small,1,18,,,
MAZE,MAZE,,2,2025-09-23,2026-03-24,2025-09-23..2025-09-29; 2025-11-12..2026-03-24,1M; 1M+3M+6M,True,small,3,10,,,
MBAI,MBAI,,1,2021-01-11,2021-02-01,2021-01-11..2021-02-01,1M,False,small,4,2,,,
MBFI^19,MBFI,,1,2009-09-24,2009-10-02,2009-09-24..2009-10-02,1M,False,small,7,3,,,
MBI,MBI,,19,2007-09-04,2018-04-25,2007-09-04..2007-09-05; 2008-08-04..2008-09-18; 2009-03-27..2009-04-06; 2009-09-22..2009-09-28; 2010-01-04..2010-02-01; 2010-03-15..2010-05-11; 2010-10-19..2010-11-03; 2011-01-10..2011-01-26; 2011-07-18..2011-07-19; 2011-09-21..2011-09-23; 2011-10-14..2011-10-26; 2011-12-08..2012-01-23; 2013-02-14..2013-03-25; 2013-05-09..2013-05-28; 2015-08-20..2015-09-11; 2016-01-15..2016-02-11; 2017-11-20..2017-11-27; 2018-03-01..2018-03-06; 2018-04-23..2018-04-25,1M+3M+6M; 1M+3M+6M; 1M; 1M; 1M+6M; 1M+3M+6M; 1M+3M+6M; 1M+3M+6M; 1M+3M+6M; 1M; 3M+6M; 1M+3M+6M; 1M+3M+6M; 1M+3M+6M; 1M+6M; 1M+3M+6M; 1M; 1M; 3M+6M,True,small,1,43,,,
MBIO,MBIO,,1,2019-04-30,2019-05-08,2019-04-30..2019-05-08,1M+3M+6M,True,mid,3,1,,,
MBLY,MBLY,,4,2022-12-21,2025-07-16,2022-12-21..2023-02-28; 2023-04-14..2023-05-01; 2024-10-28..2025-01-14; 2025-07-08..2025-07-16,1M+3M; 1M+3M+6M; 1M+3M+6M; 1M+3M+6M,True,large_plus,1,16,,,
MBOT,MBOT,,2,2019-12-30,2022-01-07,2019-12-30..2020-01-24; 2022-01-04..2022-01-07,1M+3M+6M; 1M,True,small,4,3,,,
MBRX,MBRX,,2,2017-08-07,2020-04-23,2017-08-07..2017-08-09; 2020-04-14..2020-04-23,1M+3M+6M; 1M,True,small,1,2,,,
MBT^22,MBT,,3,2007-11-07,2015-02-24,2007-11-07..2007-12-17; 2009-03-10..2009-06-18; 2015-02-03..2015-02-24,1M+3M+6M; 1M+3M+6M; 1M+3M+6M,True,mid,1,10,,,
MBX,MBX,,3,2025-11-13,2026-08-24,2025-11-13..2026-02-24; 2026-04-21..2026-04-23; 2026-06-23..2026-08-24,1M+3M+6M; 6M; 1M+3M+6M,True,small,1,8,,,
MCB,MCB,,1,2023-06-09,2023-07-26,2023-06-09..2023-07-26,1M,False,small,7,4,,,
MCFE^22,MCFE,,1,2021-03-15,2021-03-26,2021-03-15..2021-03-26,1M+3M,False,large_plus,3,3,,,
MCOM,MCOM,,1,2022-08-15,2022-08-19,2022-08-15..2022-08-19,1M,False,large_plus,2,1,,,
MCRB,MCRB,,2,2020-08-10,2021-12-15,2020-08-10..2020-11-27; 2021-11-19..2021-12-15,1M+3M+6M; 1M+3M,True,small,1,8,,,
MCRI,MCRI,,1,2005-04-11,2005-04-15,2005-04-11..2005-04-15,1M+3M+6M,True,small,1,1,,,
MCY,MCY,,1,2008-09-22,2008-10-02,2008-09-22..2008-10-02,6M,False,mid,7,1,,,
MDA,MDA,,1,2026-05-14,2026-06-10,2026-05-14..2026-06-10,6M,False,mid,13,3,,,
MDB,MDB,,15,2018-03-09,2025-11-20,2018-03-09..2018-04-13; 2018-06-25..2018-08-03; 2018-11-15..2018-12-21; 2019-03-06..2019-04-09; 2019-06-11..2019-06-27; 2020-05-27..2020-06-12; 2020-09-03..2020-09-14; 2020-12-23..2020-12-30; 2021-11-23..2021-11-26; 2022-04-05..2022-04-18; 2022-06-29..2022-08-09; 2022-12-19..2023-02-21; 2024-12-10..2024-12-13; 2025-08-08..2025-08-11; 2025-11-17..2025-11-20,1M+3M; 1M+3M+6M; 1M+3M+6M; 1M+3M+6M; 1M+3M+6M; 1M+3M+6M; 1M+3M+6M; 1M+3M+6M; 3M+6M; 1M+3M+6M; 1M+3M+6M; 1M+3M+6M; 6M; 1M+3M+6M; 3M+6M,True,large_plus,1,31,,,
MDCO^20,MDCO,,5,2008-07-11,2019-09-13,2008-07-11..2008-07-24; 2010-08-04..2010-09-28; 2015-11-17..2015-11-20; 2018-01-31..2018-03-20; 2019-09-06..2019-09-13,1M+3M+6M; 1M+3M+6M; 1M+3M+6M; 1M+3M+6M; 1M+3M+6M,True,mid,1,17,,,
MDC^24,MDC,,4,2008-02-01,2012-06-05,2008-02-01..2008-02-21; 2008-04-07..2008-04-10; 2009-02-06..2009-02-09; 2012-05-18..2012-06-05,1M+3M+6M; 3M+6M; 6M; 1M+3M+6M,True,small,4,6,,,
MDGL,MDGL,,14,2017-12-07,2026-04-10,2017-12-07..2018-02-20; 2018-05-14..2018-06-27; 2019-02-19..2019-03-28; 2022-02-24..2022-03-07; 2022-12-22..2023-01-20; 2023-05-04..2023-05-12; 2023-11-20..2024-01-29; 2024-03-07..2024-04-01; 2024-06-11..2024-06-28; 2024-11-12..2024-11-26; 2025-01-30..2025-02-07; 2025-03-18..2025-03-19; 2025-11-11..2025-11-24; 2026-04-06..2026-04-10,1M+3M+6M; 1M+3M+6M; 1M+3M+6M; 1M; 1M+3M+6M; 1M+3M+6M; 1M+3M+6M; 1M+3M+6M; 1M+3M+6M; 1M; 1M+3M+6M; 3M+6M; 1M+3M+6M; 1M+6M,True,mid,1,38,,,
MDIA,MDIA,,2,2021-07-19,2024-04-24,2021-07-19..2021-09-15; 2024-04-08..2024-04-24,1M+3M+6M; 1M+3M+6M,True,small,1,4,,,
MDLA^21,MDLA,,1,2019-12-04,2020-01-17,2019-12-04..2020-01-17,1M+3M,False,mid,11,1,,,
MDRX,MDRX,,3,2009-03-02,2009-07-10,2009-03-02..2009-03-05; 2009-04-15..2009-05-04; 2009-07-02..2009-07-10,3M; 6M; 1M+3M+6M,True,small,4,7,,,
MDSO^19,MDSO,,2,2013-08-06,2013-11-12,2013-08-06..2013-08-13; 2013-10-25..2013-11-12,1M+3M+6M; 1M+3M+6M,True,mid,4,5,,,
MDVN^16,MDVN,,7,2007-06-27,2016-04-19,2007-06-27..2007-06-28; 2008-08-08..2008-09-25; 2011-09-23..2011-09-29; 2011-11-10..2011-11-23; 2012-05-29..2012-06-05; 2013-11-07..2013-11-12; 2016-03-09..2016-04-19,1M+3M+6M; 1M+3M+6M; 1M+6M; 1M+3M+6M; 1M+3M+6M; 1M+3M+6M; 1M+3M+6M,True,small,1,18,,,
MDXG,MDXG,,5,2017-05-01,2021-08-03,2017-05-01..2017-05-17; 2017-08-24..2017-09-06; 2018-05-01..2018-05-08; 2018-08-30..2018-10-05; 2021-07-30..2021-08-03,1M+3M+6M; 1M+3M+6M; 1M+3M+6M; 1M; 3M+6M,True,small,1,9,,,
ME.2^10,ME,,1,2010-01-29,2010-02-12,2010-01-29..2010-02-12,1M+3M+6M,True,small,10,2,,,
MEA^15,MEA,,1,2008-05-13,2008-07-08,2008-05-13..2008-07-08,1M+3M+6M,True,small,8,3,,,
MED,MED,,6,2006-06-02,2018-09-24,2006-06-02..2006-07-25; 2009-09-08..2009-11-13; 2010-01-06..2010-01-08; 2010-03-23..2010-05-26; 2018-06-25..2018-07-03; 2018-09-20..2018-09-24,1M+3M+6M; 1M+3M+6M; 3M+6M; 1M+3M+6M; 3M+6M; 3M+6M,True,small,1,13,,,
MEDP,MEDP,,2,2018-09-19,2022-11-11,2018-09-19..2018-09-25; 2022-11-04..2022-11-11,3M+6M; 1M+3M+6M,True,mid,8,2,,,
MEDX.1^09,MEDX,,1,2008-07-25,2008-08-07,2008-07-25..2008-08-07,1M+3M,False,small,6,3,,,
MEET^20,MEET,,1,2016-07-13,2016-08-17,2016-07-13..2016-08-17,1M+3M+6M,True,small,1,3,,,
MEE^11,MEE,,7,2007-11-12,2010-04-07,2007-11-12..2007-11-16; 2008-02-11..2008-07-08; 2009-05-04..2009-06-10; 2009-08-03..2009-08-31; 2009-10-28..2009-10-30; 2010-01-22..2010-01-26; 2010-04-06..2010-04-07,1M+3M; 1M+3M+6M; 1M; 1M+3M+6M; 1M+6M; 1M+3M+6M; 1M+3M+6M,True,mid,1,24,,,
MEI,MEI,,2,2013-12-10,2026-07-15,2013-12-10..2013-12-23; 2026-06-25..2026-07-15,1M+3M+6M; 1M+3M+6M,True,small,4,4,,,
MELI,MELI,,12,2007-10-05,2022-11-22,2007-10-05..2007-10-10; 2007-11-08..2008-01-14; 2008-03-25..2008-05-22; 2009-04-28..2009-05-06; 2009-06-30..2009-07-23; 2009-12-08..2009-12-16; 2010-05-21..2010-07-01; 2020-08-10..2020-08-13; 2020-11-10..2020-11-18; 2022-03-23..2022-04-08; 2022-08-19..2022-08-23; 2022-11-10..2022-11-22,1M; 1M+3M; 1M+3M+6M; 6M; 1M+6M; 1M+3M+6M; 1M+3M+6M; 1M+3M; 1M+3M+6M; 1M+3M+6M; 1M+6M; 1M+3M+6M,True,large_plus,1,29,,,
MER^09,MER,,1,2008-02-06,2008-02-11,2008-02-06..2008-02-11,3M,False,large_plus,13,2,,,
MESO,MESO,,3,2020-04-24,2024-05-08,2020-04-24..2020-05-05; 2020-08-24..2020-09-10; 2024-03-26..2024-05-08,1M; 1M+3M+6M; 1M+3M+6M,True,small,1,9,,,
MET,MET,,3,2008-09-17,2009-06-17,2008-09-17..2008-09-25; 2008-12-22..2009-01-06; 2009-04-06..2009-06-17,1M+3M+6M; 1M; 1M+3M+6M,True,large_plus,1,10,,,
METC,METC,,4,2022-06-22,2026-09-04,2022-06-22..2022-06-23; 2023-11-13..2024-01-24; 2025-07-14..2025-10-23; 2026-08-31..2026-09-04,6M; 1M+3M+6M; 1M+3M+6M; 1M,True,small,1,10,,,
MFA,MFA,,3,2007-08-30,2009-01-29,2007-08-30..2007-09-04; 2008-01-29..2008-02-05; 2009-01-14..2009-01-29,1M+3M+6M; 3M+6M; 3M+6M,True,small,6,6,,,
MFC,MFC,,3,2008-09-29,2009-08-12,2008-09-29..2008-10-06; 2009-04-06..2009-05-28; 2009-08-07..2009-08-12,6M; 1M+3M+6M; 1M+3M+6M,True,large_plus,3,9,,,
MFIC,MFIC,,1,2009-04-13,2009-04-27,2009-04-13..2009-04-27,1M,False,small,2,1,,,
MFN^12,MFN,,1,2011-08-16,2011-09-23,2011-08-16..2011-09-23,1M+3M+6M,True,small,1,4,,,
MGA,MGA,,2,2009-06-22,2010-05-25,2009-06-22..2009-07-09; 2010-05-20..2010-05-25,1M+3M+6M; 1M+3M+6M,True,mid,3,5,,,
MGAM,MGAM,,1,2023-02-06,2023-02-10,2023-02-06..2023-02-10,1M+3M,False,small,4,1,,,
MGG^09,MGG,,1,2009-03-10,2009-03-31,2009-03-10..2009-03-31,3M+6M,False,small,4,4,,,
MGIC^26,MGIC,,2,2010-12-28,2011-02-22,2010-12-28..2010-12-30; 2011-02-17..2011-02-22,1M+3M+6M; 3M+6M,True,small,2,4,,,
MGI^23,MGI,,4,2019-07-01,2022-02-14,2019-07-01..2019-07-11; 2020-10-30..2020-11-20; 2021-07-21..2021-08-05; 2021-12-10..2022-02-14,1M; 1M+3M+6M; 3M+6M; 1M+3M+6M,True,small,2,9,,,
MGLN^22,MGLN,,1,2012-08-01,2012-08-06,2012-08-01..2012-08-06,1M+3M+6M,True,small,7,2,,,
MGM,MGM,,9,2008-08-15,2021-03-23,2008-08-15..2008-08-18; 2009-04-13..2009-05-20; 2009-08-10..2009-10-21; 2010-01-22..2010-02-04; 2010-04-08..2010-05-06; 2010-10-14..2010-11-19; 2020-06-08..2020-06-12; 2020-08-17..2020-09-18; 2021-03-05..2021-03-23,1M; 1M; 1M+3M+6M; 1M+3M+6M; 1M+3M+6M; 1M+3M+6M; 1M; 1M+3M+6M; 1M+3M+6M,True,mid,1,25,,,
MGNI,MGNI,,9,2019-08-27,2025-09-09,2019-08-27..2019-09-09; 2020-01-10..2020-02-25; 2020-10-27..2021-03-01; 2022-11-11..2022-12-20; 2023-02-03..2023-02-10; 2023-02-15..2023-02-28; 2023-05-24..2023-06-08; 2024-06-04..2024-06-05; 2025-09-02..2025-09-09,1M+3M+6M; 1M; 1M+3M+6M; 1M+3M; 3M; 1M+6M; 1M; 1M; 3M+6M,True,small,2,28,,,
MGNX,MGNX,,11,2014-12-22,2024-03-18,2014-12-22..2015-01-14; 2015-03-20..2015-03-25; 2015-07-15..2015-07-16; 2015-10-28..2015-11-23; 2019-02-07..2019-03-04; 2019-05-30..2019-06-05; 2020-05-06..2020-07-21; 2020-09-10..2020-09-28; 2021-03-22..2021-03-26; 2021-04-27..2021-04-30; 2024-02-01..2024-03-18,1M+3M+6M; 6M; 1M+3M+6M; 1M+6M; 1M+3M+6M; 1M+3M+6M; 1M+3M+6M; 6M; 1M; 3M+6M; 1M+3M+6M,True,small,1,24,,,
MGPI,MGPI,,2,2006-04-26,2019-05-03,2006-04-26..2006-05-24; 2019-05-02..2019-05-03,1M+3M+6M; 1M+3M+6M,True,small,2,4,,,
MGTI,MGTI,,1,2016-05-23,2016-07-20,2016-05-23..2016-07-20,1M+3M+6M,True,small,1,1,,,
MGTX,MGTX,,1,2021-11-04,2021-11-09,2021-11-04..2021-11-09,1M,False,small,14,1,,,
MGY,MGY,,2,2021-03-04,2022-02-15,2021-03-04..2021-03-08; 2022-01-21..2022-02-15,3M; 1M+3M+6M,True,mid,4,5,,,
MHGC^16,MHGC,,1,2008-07-30,2008-09-04,2008-07-30..2008-09-04,1M+3M,False,small,8,2,,,
MHK,MHK,,3,2008-12-26,2022-05-18,2008-12-26..2009-01-02; 2009-04-06..2009-04-27; 2022-05-11..2022-05-18,1M; 1M; 1M,False,mid,3,7,,,
MHO,MHO,,2,2024-08-02,2024-08-09,2024-08-02..2024-08-06; 2024-08-08..2024-08-09,1M; 6M,False,mid,9,3,,,
MHS^12,MHS,,1,2008-11-26,2008-12-15,2008-11-26..2008-12-15,6M,False,large_plus,6,3,,,
MI,MI,,3,2021-03-22,2022-04-18,2021-03-22..2021-05-04; 2021-09-01..2021-09-15; 2022-04-05..2022-04-18,1M+3M+6M; 6M; 1M,True,small,1,6,,,
MI.1^11,MI,,5,2008-09-09,2010-05-06,2008-09-09..2008-10-08; 2009-05-13..2009-05-18; 2009-08-18..2009-10-07; 2009-12-17..2010-02-03; 2010-04-21..2010-05-06,1M+3M; 3M; 1M+3M+6M; 1M+3M+6M; 1M+3M+6M,True,mid,1,11,,,
MIDD,MIDD,,3,2007-08-09,2020-06-05,2007-08-09..2007-08-28; 2009-04-27..2009-04-29; 2020-06-04..2020-06-05,1M; 3M; 1M,False,small,9,6,,,
MIK^21,MIK,,3,2019-09-13,2020-09-15,2019-09-13..2019-11-04; 2020-06-18..2020-07-06; 2020-08-19..2020-09-15,1M+3M+6M; 1M+3M; 3M+6M,True,small,1,9,,,
MIPS^13,MIPS,,1,2010-10-07,2011-01-25,2010-10-07..2011-01-25,1M+3M+6M,True,small,1,6,,,
MIRM,MIRM,,2,2019-12-19,2024-08-20,2019-12-19..2020-01-13; 2024-06-20..2024-08-20,1M+3M; 1M+3M+6M,True,small,2,8,,,
MIST,MIST,,1,2020-07-28,2020-08-20,2020-07-28..2020-08-20,1M,False,small,5,2,,,
MITK,MITK,,1,2026-07-20,2026-07-21,2026-07-20..2026-07-21,6M,False,small,11,2,,,
MITT,MITT,,1,2020-06-09,2020-06-12,2020-06-09..2020-06-12,1M,False,small,7,2,,,
MKL,MKL,,1,2009-01-20,2009-01-22,2009-01-20..2009-01-22,6M,False,mid,10,2,,,
MKSI,MKSI,,3,2026-02-04,2026-07-10,2026-02-04..2026-03-03; 2026-05-07..2026-05-08; 2026-06-23..2026-07-10,1M+3M+6M; 6M; 1M+6M,True,large_plus,5,6,,,
MKTO^16,MKTO,,3,2013-11-06,2016-05-27,2013-11-06..2013-11-07; 2013-12-26..2014-01-15; 2016-05-10..2016-05-27,1M; 1M+3M+6M; 1M+3M+6M,True,small,2,5,,,
MKTX,MKTX,,1,2020-04-13,2020-04-22,2020-04-13..2020-04-22,1M+3M+6M,True,large_plus,7,3,,,
MLAB,MLAB,,1,2022-11-18,2022-12-01,2022-11-18..2022-12-01,1M,False,small,12,1,,,
MLCO,MLCO,,12,2008-02-15,2023-02-08,2008-02-15..2008-03-25; 2009-05-04..2009-05-28; 2009-08-03..2009-09-25; 2010-02-24..2010-04-22; 2011-02-02..2011-02-09; 2011-05-16..2011-05-18; 2015-10-26..2015-11-11; 2016-02-29..2016-03-02; 2022-01-21..2022-01-24; 2022-02-01..2022-02-22; 2022-09-23..2022-10-19; 2022-11-28..2023-02-08,1M+6M; 3M+6M; 1M+3M+6M; 1M+3M+6M; 1M+3M+6M; 1M+3M+6M; 1M+6M; 3M; 1M; 3M; 1M+3M+6M; 1M+3M+6M,True,mid,1,29,,,
MLGO,MLGO,,3,2023-09-22,2025-04-16,2023-09-22..2023-12-06; 2024-07-01..2024-07-08; 2025-02-27..2025-04-16,1M+3M+6M; 1M+3M+6M; 1M+3M+6M,True,small,1,7,,,
MLKN,MLKN,,2,2011-10-12,2020-09-25,2011-10-12..2011-10-21; 2020-09-23..2020-09-25,1M+3M+6M; 1M,True,mid,6,2,,,
MLM,MLM,,2,2008-08-13,2009-01-13,2008-08-13..2008-09-11; 2008-12-31..2009-01-13,6M; 6M,False,mid,7,5,,,
MLNM^08,MLNM,,1,2008-01-18,2008-01-29,2008-01-18..2008-01-29,1M+3M+6M,True,mid,1,3,,,
MLNX^20,MLNX,,4,2011-09-22,2013-04-26,2011-09-22..2011-09-30; 2012-04-27..2012-05-08; 2012-06-20..2012-07-25; 2013-03-19..2013-04-26,1M+3M+6M; 1M+3M+6M; 1M+3M+6M; 1M+3M+6M,True,mid,1,11,,,
MLTX,MLTX,,6,2023-05-23,2025-12-04,2023-05-23..2023-08-30; 2023-10-11..2023-10-19; 2023-12-13..2023-12-22; 2024-07-09..2024-08-15; 2025-05-07..2025-05-08; 2025-11-28..2025-12-04,1M+3M+6M; 1M+3M+6M; 1M+6M; 1M+3M+6M; 3M; 1M,True,mid,1,18,,,
MLYS,MLYS,,3,2025-03-10,2025-12-01,2025-03-10..2025-04-03; 2025-05-15..2025-05-16; 2025-09-03..2025-12-01,1M+3M+6M; 3M; 1M+3M+6M,True,small,1,11,,,
ML^25,ML,,2,2024-03-14,2024-11-19,2024-03-14..2024-06-13; 2024-11-08..2024-11-19,3M+6M; 1M,False,small,3,9,,,
MM.1^08,MM,,1,2008-02-05,2008-02-08,2008-02-05..2008-02-08,6M,False,small,11,1,,,
MMATQ,MMATQ,MMAT,2,2021-09-02,2022-12-09,2021-09-02..2021-09-28; 2022-11-04..2022-12-09,1M; 1M+3M,False,small,1,5,,,
MMED,MMED,,2,2026-06-11,2026-07-31,2026-06-11..2026-06-16; 2026-07-29..2026-07-31,1M; 1M+3M,False,mid,8,7,,,
MMM,MMM,,1,2008-11-17,2008-12-04,2008-11-17..2008-12-04,3M+6M,False,large_plus,8,2,,,
MMP^23,MMP,,1,2008-11-06,2008-11-11,2008-11-06..2008-11-11,1M+3M+6M,True,mid,3,2,,,
MMR^13,MMR,,7,2008-01-22,2012-08-06,2008-01-22..2008-05-02; 2008-08-20..2008-09-08; 2010-01-13..2010-02-24; 2010-06-23..2010-07-02; 2010-09-02..2010-10-21; 2011-11-02..2011-12-16; 2012-05-31..2012-08-06,1M+3M+6M; 6M; 1M+3M+6M; 1M+6M; 1M+3M+6M; 1M+3M+6M; 1M+3M+6M,True,small,1,28,,,
MMSI,MMSI,,1,2020-05-04,2020-05-08,2020-05-04..2020-05-08,6M,False,mid,12,2,,,
MMYT,MMYT,,7,2014-06-25,2025-04-28,2014-06-25..2014-07-09; 2016-10-19..2016-11-04; 2018-03-19..2018-03-22; 2019-01-28..2019-02-12; 2024-05-22..2024-06-03; 2024-07-23..2024-08-12; 2025-04-23..2025-04-28,1M+3M+6M; 1M+3M+6M; 1M+3M+6M; 1M+3M+6M; 3M+6M; 1M+3M+6M; 1M+3M+6M,True,mid,2,19,,,
MM^15,MM,,2,2012-10-05,2013-06-14,2012-10-05..2012-11-09; 2013-05-16..2013-06-14,1M+3M+6M; 1M+3M+6M,True,small,2,8,,,
MNDT^22,MNDT,,1,2022-02-24,2022-03-09,2022-02-24..2022-03-09,1M+3M,False,mid,7,2,,,
MNDY,MNDY,,4,2021-08-18,2023-06-20,2021-08-18..2021-09-17; 2021-11-01..2021-11-18; 2022-12-08..2023-03-07; 2023-06-07..2023-06-20,1M+3M; 1M+3M; 1M+3M+6M; 1M+6M,True,large_plus,1,14,,,
MNKD,MNKD,,21,2009-12-22,2024-09-17,2009-12-22..2010-02-05; 2010-06-28..2010-08-02; 2010-12-15..2011-01-05; 2013-03-18..2013-06-21; 2013-08-06..2013-08-15; 2014-04-15..2014-04-28; 2014-06-05..2014-07-02; 2014-11-10..2014-12-03; 2015-02-10..2015-02-26; 2015-06-08..2015-06-25; 2016-03-23..2016-04-06; 2017-10-04..2017-10-25; 2018-02-07..2018-03-05; 2018-09-13..2018-10-03; 2021-04-21..2021-04-26; 2022-06-02..2022-06-13; 2022-11-25..2022-12-19; 2022-12-27..2022-12-30; 2023-03-01..2023-03-02; 2023-08-11..2023-08-18; 2024-09-16..2024-09-17,1M+3M+6M; 1M+3M+6M; 1M+3M+6M; 1M+3M+6M; 1M+3M+6M; 1M+3M+6M; 1M+3M+6M; 1M+3M+6M; 1M+3M+6M; 1M+3M+6M; 1M+3M; 1M+3M+6M; 6M; 1M; 1M; 1M+3M; 1M; 3M; 6M; 1M; 6M,True,small,1,42,,,
MNPR,MNPR,,2,2024-10-28,2026-09-10,2024-10-28..2024-12-05; 2026-07-02..2026-09-10,1M+3M+6M; 1M+3M+6M,True,small,1,7,,,
MNSO,MNSO,,5,2020-12-21,2024-10-07,2020-12-21..2021-01-25; 2021-04-23..2021-05-07; 2022-12-07..2023-03-22; 2023-11-09..2023-11-21; 2024-10-04..2024-10-07,1M; 1M+3M+6M; 1M+3M+6M; 3M+6M; 1M,True,mid,1,17,,,
MNST,MNST,,11,2005-02-14,2012-05-17,2005-02-14..2005-05-24; 2005-07-22..2005-08-01; 2005-11-15..2005-11-16; 2006-01-30..2006-02-01; 2006-03-14..2006-03-28; 2006-05-12..2006-06-02; 2006-07-12..2006-07-21; 2006-09-28..2006-10-04; 2007-10-19..2007-11-07; 2008-08-25..2008-10-09; 2012-05-09..2012-05-17,1M+3M+6M; 1M+3M+6M; 1M+3M+6M; 1M+3M+6M; 1M+3M+6M; 1M+3M+6M; 1M+3M+6M; 1M+3M+6M; 1M+3M+6M; 1M+3M+6M; 1M+3M+6M,True,mid,1,27,,,
MNTA^20,MNTA,,6,2010-07-27,2020-06-22,2010-07-27..2010-08-12; 2010-11-01..2010-11-11; 2015-04-21..2015-05-12; 2018-05-10..2018-05-21; 2019-12-30..2020-03-02; 2020-04-21..2020-06-22,1M+3M+6M; 1M+3M+6M; 1M+3M+6M; 3M+6M; 1M+3M+6M; 6M,True,small,2,18,,,
MNTN,MNTN,,2,2025-07-23,2026-08-24,2025-07-23..2025-08-06; 2026-08-19..2026-08-24,1M; 1M,False,mid,3,4,,,
MNTS,MNTS,,2,2022-04-07,2026-06-15,2022-04-07..2022-04-19; 2026-05-26..2026-06-15,1M; 1M+3M,False,small,4,2,,,
MNTV^23,MNTV,,1,2022-10-28,2022-11-14,2022-10-28..2022-11-14,1M,False,small,12,2,,,
MOBI.2^16,MOBI,,3,2011-04-26,2014-09-29,2011-04-26..2011-05-10; 2014-03-18..2014-04-01; 2014-09-18..2014-09-29,1M+3M; 1M+3M+6M; 1M+3M+6M,True,small,1,5,,,
MOBX,MOBX,,1,2026-03-09,2026-03-13,2026-03-09..2026-03-13,1M,False,small,7,1,,,
MOD,MOD,,4,2023-08-17,2026-05-04,2023-08-17..2023-08-18; 2023-10-18..2023-10-20; 2026-02-11..2026-03-03; 2026-04-13..2026-05-04,1M+3M+6M; 1M+3M+6M; 1M+3M; 1M+3M+6M,True,large_plus,1,9,,,
MOH,MOH,,2,2018-12-17,2025-04-22,2018-12-17..2018-12-18; 2025-04-21..2025-04-22,6M; 1M+3M+6M,True,large_plus,7,2,,,
MOMO,MOMO,,9,2015-05-20,2023-05-26,2015-05-20..2015-07-07; 2016-03-11..2016-03-22; 2016-08-24..2016-11-07; 2017-03-20..2017-04-07; 2017-05-23..2017-06-01; 2018-03-01..2018-04-04; 2018-09-10..2018-09-12; 2022-12-08..2023-02-14; 2023-05-18..2023-05-26,1M+3M+6M; 1M+6M; 1M+3M+6M; 1M+3M+6M; 1M+3M+6M; 1M+3M+6M; 1M+3M+6M; 1M+3M+6M; 6M,True,mid,1,22,,,
MON.1^18,MON,,3,2008-01-16,2009-01-27,2008-01-16..2008-01-22; 2008-04-29..2008-04-30; 2009-01-20..2009-01-27,1M+3M+6M; 1M+3M+6M; 1M+3M+6M,True,large_plus,1,5,,,
MORF^24,MORF,,5,2021-03-01,2024-07-03,2021-03-01..2021-03-24; 2023-02-17..2023-03-21; 2023-05-02..2023-05-16; 2024-02-08..2024-02-12; 2024-06-28..2024-07-03,1M+3M; 1M+3M+6M; 1M+3M+6M; 1M; 6M,True,small,2,10,,,
MORN,MORN,,1,2007-08-13,2007-08-23,2007-08-13..2007-08-23,1M+3M+6M,True,mid,1,2,,,
MOR^24,MOR,,1,2023-12-21,2024-02-20,2023-12-21..2024-02-20,1M+3M+6M,True,small,1,4,,,
MOS,MOS,,5,2007-08-30,2022-04-27,2007-08-30..2007-09-05; 2007-10-22..2008-03-11; 2009-01-02..2009-06-03; 2021-02-24..2021-03-23; 2022-03-01..2022-04-27,1M+3M+6M; 1M+3M+6M; 1M+3M+6M; 1M+3M+6M; 1M+3M+6M,True,large_plus,1,25,,,
MOVE.1^14,MOVE,,1,2014-08-01,2014-08-04,2014-08-01..2014-08-04,1M+3M+6M,True,small,2,2,,,
MP,MP,,9,2021-03-02,2026-08-28,2021-03-02..2021-03-05; 2021-07-15..2021-08-17; 2021-11-12..2022-01-20; 2022-03-24..2022-04-11; 2023-03-02..2023-03-03; 2025-02-19..2025-03-24; 2025-06-16..2025-08-27; 2025-10-10..2025-10-27; 2026-08-21..2026-08-28,3M; 1M+3M+6M; 1M+3M+6M; 1M+6M; 6M; 1M+3M+6M; 1M+3M+6M; 1M+3M+6M; 1M,True,mid,1,26,,,
MPC,MPC,,3,2011-10-31,2020-06-22,2011-10-31..2011-11-17; 2020-05-04..2020-06-02; 2020-06-18..2020-06-22,1M+3M; 1M; 3M,False,large_plus,1,9,,,
MPG.3^13,MPG,,2,2009-10-19,2010-04-29,2009-10-19..2009-10-28; 2010-03-30..2010-04-29,1M+3M; 1M+3M+6M,True,small,1,4,,,
MPLT,MPLT,,1,2026-07-09,2026-07-24,2026-07-09..2026-07-24,6M,False,small,4,2,,,
MPLX,MPLX,,4,2014-11-10,2020-05-22,2014-11-10..2014-11-18; 2015-01-13..2015-01-15; 2016-03-14..2016-03-16; 2020-04-28..2020-05-22,1M+3M+6M; 1M+3M+6M; 1M; 1M,True,mid,3,8,,,
MPT,MPT,,4,2024-02-29,2025-02-11,2024-02-29..2024-06-04; 2024-08-02..2024-08-07; 2024-09-18..2024-10-01; 2025-01-27..2025-02-11,1M+3M+6M; 6M; 1M+3M+6M; 1M,True,mid,3,14,,,
MPU,MPU,,1,2021-08-16,2021-09-24,2021-08-16..2021-09-24,1M+3M+6M,True,small,1,3,,,
MPWR,MPWR,,4,2008-08-12,2022-06-16,2008-08-12..2008-08-22; 2020-11-10..2020-11-17; 2022-02-28..2022-04-08; 2022-06-02..2022-06-16,6M; 6M; 1M+3M+6M; 1M+3M+6M,True,large_plus,5,10,,,
MQ,MQ,,5,2021-09-20,2025-03-12,2021-09-20..2021-09-24; 2022-06-08..2022-06-13; 2023-05-15..2023-05-24; 2023-08-11..2023-08-29; 2025-03-07..2025-03-12,1M+3M; 1M; 1M; 1M+3M+6M; 3M,True,mid,4,10,,,
MR.1^16,MR,,7,2006-11-27,2009-02-11,2006-11-27..2006-11-30; 2007-03-01..2007-03-07; 2007-06-14..2007-06-20; 2007-08-13..2007-08-17; 2007-12-13..2007-12-21; 2008-08-07..2008-08-18; 2009-02-05..2009-02-11,1M; 1M+3M; 1M+3M+6M; 3M; 1M+3M+6M; 6M; 1M,True,small,2,13,,,
MRAM,MRAM,,2,2021-11-12,2026-05-28,2021-11-12..2021-12-09; 2026-04-30..2026-05-28,1M+3M+6M; 1M+3M+6M,True,small,1,5,,,
MRC^25,MRC,,2,2016-03-04,2022-04-05,2016-03-04..2016-03-14; 2022-03-21..2022-04-05,1M+6M; 3M,False,small,13,4,,,
MRD^16,MRD,,3,2015-02-02,2016-05-31,2015-02-02..2015-03-13; 2015-08-24..2015-09-11; 2016-05-03..2016-05-31,1M+3M+6M; 1M+3M+6M; 1M+3M+6M,True,mid,1,8,,,
MREO,MREO,,1,2022-06-22,2022-07-29,2022-06-22..2022-07-29,1M+3M,False,small,2,2,,,
MRINQ^25,MRINQ,MRIN,3,2018-12-24,2021-10-13,2018-12-24..2018-12-28; 2021-07-06..2021-07-20; 2021-09-24..2021-10-13,1M+3M+6M; 1M+3M+6M; 1M+3M+6M,True,small,1,5,,,
MRLN,MRLN,,1,2026-04-16,2026-04-17,2026-04-16..2026-04-17,1M,False,small,3,1,,,
MRM,MRM,,1,2021-09-27,2021-10-01,2021-09-27..2021-10-01,1M,False,small,12,1,,,
MRNA,MRNA,,14,2019-02-08,2026-09-15,2019-02-08..2019-05-15; 2019-09-04..2019-10-02; 2019-12-06..2019-12-11; 2020-01-28..2020-08-04; 2020-11-17..2020-12-22; 2021-02-03..2021-02-24; 2021-04-22..2021-09-28; 2022-07-05..2022-08-18; 2022-10-28..2023-01-04; 2023-12-18..2024-01-22; 2024-05-28..2024-06-12; 2025-06-09..2025-06-10; 2025-12-23..2026-03-23; 2026-06-24..2026-09-15,1M+3M; 1M+3M+6M; 1M+3M+6M; 1M+3M+6M; 1M+3M+6M; 1M+3M+6M; 1M+3M+6M; 1M+3M+6M; 1M+3M+6M; 1M+3M+6M; 1M+3M+6M; 1M+3M+6M; 1M+3M+6M; 1M+3M+6M,True,large_plus,1,49,,,
MRNS^25,MRNS,,4,2017-09-28,2023-07-14,2017-09-28..2018-01-11; 2020-09-15..2020-10-13; 2020-10-26..2020-10-27; 2023-06-30..2023-07-14,1M+3M+6M; 1M; 3M; 1M+3M+6M,True,small,1,12,,,
MRO^24,MRO,,7,2015-10-09,2022-06-16,2015-10-09..2015-11-16; 2016-03-11..2016-05-06; 2016-06-27..2016-07-08; 2020-04-30..2020-05-04; 2021-02-26..2021-03-12; 2022-03-08..2022-03-17; 2022-05-11..2022-06-16,1M+3M+6M; 1M+3M+6M; 1M+3M+6M; 1M; 1M+3M+6M; 3M+6M; 1M+3M+6M,True,large_plus,1,16,,,
MRSH,MRSH,,2,2008-01-25,2008-09-29,2008-01-25..2008-02-06; 2008-09-23..2008-09-29,1M+3M+6M; 3M+6M,True,large_plus,1,3,,,
MRSN^26,MRSN,,5,2020-04-21,2024-03-21,2020-04-21..2020-07-17; 2020-09-21..2020-09-25; 2022-08-12..2022-09-15; 2023-05-05..2023-06-14; 2024-03-08..2024-03-21,1M+3M+6M; 6M; 1M+3M+6M; 1M+3M; 3M+6M,True,small,2,15,,,
MRTX^24,MRTX,,13,2015-09-16,2023-10-18,2015-09-16..2015-10-19; 2017-09-18..2017-10-26; 2018-01-25..2018-03-28; 2018-05-08..2018-08-15; 2018-12-03..2019-04-03; 2019-05-24..2019-06-14; 2019-11-05..2019-11-22; 2020-01-02..2020-01-09; 2020-10-27..2020-11-17; 2021-10-01..2021-10-04; 2022-06-29..2022-07-07; 2022-11-23..2022-12-05; 2023-08-25..2023-10-18,1M+3M+6M; 1M+3M+6M; 1M+3M+6M; 1M+3M+6M; 1M+3M+6M; 1M+3M+6M; 1M+3M+6M; 1M+3M+6M; 1M+3M+6M; 3M; 1M; 1M+3M+6M; 1M+3M+6M,True,mid,1,43,,,
MRUS^25,MRUS,,4,2023-04-21,2025-06-13,2023-04-21..2023-05-01; 2024-01-19..2024-01-22; 2024-05-31..2024-07-03; 2025-05-29..2025-06-13,3M; 1M; 1M+3M+6M; 1M+3M+6M,True,mid,3,9,,,
MRVI,MRVI,,8,2021-05-11,2026-09-10,2021-05-11..2021-05-27; 2021-08-11..2021-09-08; 2022-02-28..2022-03-22; 2023-03-03..2023-03-14; 2024-03-22..2024-04-05; 2024-05-23..2024-05-31; 2024-07-26..2024-08-30; 2026-07-24..2026-09-10,1M+3M+6M; 1M+3M+6M; 1M; 1M; 1M+3M+6M; 1M+6M; 1M+6M; 3M+6M,True,mid,2,15,,,
MRVL,MRVL,,9,2006-09-21,2026-09-03,2006-09-21..2006-10-03; 2009-03-10..2009-06-24; 2021-12-16..2021-12-21; 2022-12-05..2022-12-07; 2023-06-06..2023-06-15; 2024-12-18..2024-12-23; 2026-03-18..2026-03-30; 2026-05-07..2026-07-01; 2026-08-26..2026-09-03,1M+3M+6M; 1M+3M+6M; 1M+3M+6M; 1M+3M+6M; 1M+3M+6M; 1M+3M+6M; 1M+3M+6M; 1M+3M+6M; 1M+3M+6M,True,large_plus,1,28,,,
MRX,MRX,,1,2025-04-11,2025-04-28,2025-04-11..2025-04-28,1M+3M+6M,True,mid,6,2,,,
MRX.3^12,MRX,,1,2009-01-21,2009-01-23,2009-01-21..2009-01-23,3M,False,small,14,1,,,
MR^20,MR,,1,2015-02-17,2015-02-18,2015-02-17..2015-02-18,1M,False,small,15,1,,,
MS,MS,,4,2008-04-02,2011-11-10,2008-04-02..2008-04-09; 2008-08-07..2008-08-21; 2008-12-22..2009-06-03; 2011-11-01..2011-11-10,1M+3M+6M; 1M+3M+6M; 1M+3M+6M; 1M+3M+6M,True,large_plus,1,17,,,
MSA,MSA,,1,2007-08-09,2007-08-16,2007-08-09..2007-08-16,1M,False,small,11,2,,,
MSAI,MSAI,,1,2025-11-03,2025-11-14,2025-11-03..2025-11-14,1M,False,small,3,1,,,
MSB,MSB,,1,2010-09-30,2010-12-23,2010-09-30..2010-12-23,1M+3M+6M,True,small,2,5,,,
MSTR,MSTR,,17,2007-11-09,2026-09-21,2007-11-09..2007-11-27; 2011-10-07..2011-10-19; 2020-12-01..2021-02-26; 2021-06-29..2021-08-24; 2022-07-21..2022-08-15; 2022-10-25..2022-10-31; 2023-01-25..2023-03-01; 2023-04-06..2023-05-11; 2023-06-27..2023-07-27; 2023-10-27..2024-01-11; 2024-02-21..2024-04-09; 2024-05-29..2024-06-11; 2024-07-30..2024-08-05; 2024-09-27..2024-12-11; 2025-04-07..2025-05-27; 2026-03-27..2026-05-01; 2026-08-26..2026-09-21,1M+3M+6M; 1M+3M+6M; 1M+3M+6M; 1M+3M; 1M; 1M; 1M+3M; 1M+3M+6M; 1M+3M+6M; 1M+3M+6M; 1M+3M+6M; 1M+3M+6M; 1M+3M+6M; 1M+3M+6M; 1M+3M+6M; 1M; 1M+3M+6M,True,mid,1,56,,,
MT,MT,,2,2009-04-20,2016-05-03,2009-04-20..2009-06-18; 2016-03-10..2016-05-03,1M+6M; 1M+3M+6M,True,large_plus,2,10,,,
MTB,MTB,,1,2008-09-17,2008-10-08,2008-09-17..2008-10-08,1M+3M+6M,True,mid,1,1,,,
MTBLY,MTBLY,,4,2012-01-20,2021-10-25,2012-01-20..2012-05-02; 2013-08-13..2013-08-22; 2018-01-04..2018-01-17; 2021-10-21..2021-10-25,1M+3M+6M; 1M+3M+6M; 1M+3M+6M; 1M+3M+6M,True,small,1,8,,,
MTC,MTC,,1,2025-11-10,2025-12-18,2025-11-10..2025-12-18,1M+3M+6M,True,small,1,2,,,
MTCH,MTCH,,1,2020-07-02,2020-07-06,2020-07-02..2020-07-06,3M+6M,False,large_plus,13,2,,,
MTCH.5^20,MTCH,,4,2016-05-09,2020-05-15,2016-05-09..2016-07-01; 2018-02-21..2018-03-01; 2019-08-14..2019-08-19; 2020-04-17..2020-05-15,1M+3M+6M; 1M+3M+6M; 1M+3M+6M; 1M+3M+6M,True,large_plus,1,12,,,
MTDR,MTDR,,12,2013-10-28,2022-06-21,2013-10-28..2013-12-10; 2015-01-14..2015-02-27; 2015-10-09..2015-11-23; 2016-04-29..2016-05-23; 2016-08-15..2016-08-17; 2019-09-30..2019-10-01; 2020-04-29..2020-05-27; 2020-06-08..2020-06-23; 2021-03-03..2021-05-28; 2021-10-21..2021-10-29; 2022-01-18..2022-03-24; 2022-06-17..2022-06-21,1M+3M+6M; 1M+3M+6M; 1M+3M+6M; 3M; 1M+3M+6M; 6M; 1M; 3M; 1M+3M+6M; 1M+3M+6M; 1M+3M+6M; 6M,True,mid,1,36,,,
MTG,MTG,,13,2007-12-07,2013-06-21,2007-12-07..2007-12-14; 2008-08-14..2008-09-04; 2009-05-04..2009-06-01; 2009-07-24..2009-08-14; 2009-09-09..2009-09-28; 2009-12-16..2010-04-27; 2010-07-29..2010-08-02; 2010-10-15..2010-10-28; 2011-01-19..2011-01-21; 2011-10-28..2012-03-22; 2012-10-17..2012-10-19; 2013-01-08..2013-01-24; 2013-03-05..2013-06-21,1M+3M+6M; 1M; 1M; 1M+3M+6M; 6M; 1M+3M+6M; 1M+6M; 1M+3M+6M; 1M+3M+6M; 1M+3M+6M; 1M+3M+6M; 1M+3M+6M; 1M+3M+6M,True,small,1,31,,,
MTH,MTH,,3,2008-02-14,2012-06-05,2008-02-14..2008-04-21; 2008-08-07..2008-09-29; 2012-06-04..2012-06-05,1M+3M+6M; 1M+3M+6M; 1M+3M+6M,True,small,1,10,,,
MTLS,MTLS,,1,2021-01-14,2021-01-15,2021-01-14..2021-01-15,1M,False,mid,8,2,,,
MTL^22,MTL,,7,2007-10-16,2012-10-02,2007-10-16..2008-01-14; 2008-02-25..2008-06-12; 2009-02-24..2009-02-25; 2009-04-09..2009-06-16; 2009-08-03..2009-12-01; 2010-01-21..2010-02-25; 2012-07-03..2012-10-02,1M+3M+6M; 1M+3M+6M; 1M; 1M+3M+6M; 1M+3M+6M; 1M+3M+6M; 1M+3M+6M,True,mid,1,29,,,
MTN,MTN,,1,2011-10-07,2011-10-11,2011-10-07..2011-10-11,1M+3M+6M,True,small,8,2,,,
MTOR^22,MTOR,,3,2011-10-24,2014-02-11,2011-10-24..2011-10-28; 2012-01-17..2012-02-23; 2014-02-07..2014-02-11,1M; 1M; 3M,False,small,5,7,,,
MTPLF,MTPLF,,1,2025-05-19,2025-06-30,2025-05-19..2025-06-30,1M+3M+6M,True,mid,1,2,,,
MTRN,MTRN,,1,2007-04-26,2007-05-01,2007-04-26..2007-05-01,3M+6M,False,small,6,3,,,
MTRX,MTRX,,1,2007-10-22,2007-10-25,2007-10-22..2007-10-25,1M,False,small,13,1,,,
MTSI,MTSI,,9,2015-02-06,2026-02-23,2015-02-06..2015-02-11; 2015-11-24..2015-11-25; 2016-12-16..2016-12-20; 2018-05-08..2018-05-11; 2018-11-27..2018-12-10; 2019-02-06..2019-02-12; 2019-08-05..2019-08-09; 2025-11-20..2025-11-25; 2026-02-05..2026-02-23,3M+6M; 3M; 1M+3M+6M; 1M; 1M+3M+6M; 3M; 1M+3M; 1M+3M+6M; 1M+3M+6M,True,small,4,19,,,
MTSR^25,MTSR,,1,2025-05-14,2025-07-29,2025-05-14..2025-07-29,1M+3M,False,mid,4,6,,,
MTTR^25,MTTR,,2,2021-09-17,2021-12-10,2021-09-17..2021-10-04; 2021-10-21..2021-12-10,1M; 1M+3M,False,mid,2,6,,,
MTUS,MTUS,,6,2014-08-14,2022-06-09,2014-08-14..2014-08-15; 2016-12-16..2016-12-22; 2017-03-02..2017-03-14; 2021-03-05..2021-03-23; 2021-04-19..2021-05-28; 2022-03-15..2022-06-09,1M; 1M+3M+6M; 1M+3M+6M; 1M; 1M+3M+6M; 3M+6M,True,small,1,17,,,
MTW,MTW,,9,2009-09-22,2016-11-29,2009-09-22..2009-11-18; 2010-01-19..2010-01-28; 2010-04-28..2010-04-30; 2011-10-31..2011-11-21; 2011-12-09..2011-12-12; 2012-07-10..2012-08-15; 2012-11-07..2012-11-09; 2016-02-18..2016-02-23; 2016-11-28..2016-11-29,1M+3M+6M; 1M+6M; 1M+3M+6M; 1M; 3M+6M; 1M+3M+6M; 1M+3M+6M; 1M+3M+6M; 1M,True,small,2,21,,,
MTZ,MTZ,,4,2012-08-07,2026-07-13,2012-08-07..2012-08-14; 2015-10-16..2015-10-21; 2026-03-06..2026-03-13; 2026-07-10..2026-07-13,1M+3M+6M; 6M; 1M+3M+6M; 6M,True,large_plus,4,8,,,
MU,MU,,15,2008-02-15,2026-07-09,2008-02-15..2008-02-29; 2009-01-07..2009-02-13; 2009-03-31..2009-04-20; 2009-06-02..2009-06-23; 2009-10-05..2009-10-23; 2011-09-22..2011-09-29; 2011-11-16..2011-12-28; 2012-07-17..2012-07-19; 2015-10-20..2015-10-27; 2016-03-09..2016-03-10; 2021-03-04..2021-03-24; 2022-10-27..2022-10-28; 2025-11-17..2025-12-18; 2026-02-03..2026-03-25; 2026-05-12..2026-07-09,1M+3M+6M; 1M+6M; 3M+6M; 1M+6M; 1M+3M+6M; 1M+3M+6M; 1M+3M+6M; 1M+3M+6M; 1M+3M+6M; 1M+3M+6M; 6M; 1M+3M+6M; 1M+3M+6M; 1M+3M+6M; 1M+3M+6M,True,mid,1,38,,,
MUDS^22,MUDS,,1,2021-04-16,2021-05-10,2021-04-16..2021-05-10,1M+3M,False,small,5,3,,,
MUR,MUR,,7,2016-03-04,2022-03-15,2016-03-04..2016-05-11; 2016-07-05..2016-07-22; 2019-09-24..2019-10-03; 2020-06-09..2020-06-17; 2021-03-04..2021-03-12; 2021-05-12..2021-05-27; 2022-01-21..2022-03-15,1M+3M+6M; 1M+3M+6M; 1M+3M+6M; 3M; 1M; 1M+3M+6M; 1M+3M+6M,True,mid,2,20,,,
MUX,MUX,,9,2010-12-08,2026-03-03,2010-12-08..2011-01-12; 2011-02-28..2011-04-29; 2011-07-27..2011-08-04; 2012-01-19..2012-03-07; 2012-09-21..2012-10-03; 2016-06-17..2016-08-15; 2017-01-05..2017-02-24; 2024-04-25..2024-05-10; 2026-02-09..2026-03-03,1M+3M+6M; 1M+3M+6M; 1M+3M+6M; 1M+3M+6M; 1M+3M+6M; 1M+3M+6M; 1M+3M+6M; 1M+3M+6M; 6M,True,small,1,25,,,
MVIS,MVIS,,7,2020-06-08,2025-01-27,2020-06-08..2020-08-05; 2020-10-09..2020-10-29; 2020-12-15..2021-01-05; 2021-02-08..2021-06-23; 2022-07-15..2022-08-10; 2023-05-31..2023-06-22; 2025-01-22..2025-01-27,1M+3M+6M; 6M; 1M+3M+6M; 1M+3M+6M; 3M+6M; 1M+3M+6M; 1M,True,small,1,15,,,
MVST,MVST,,3,2023-07-27,2025-06-30,2023-07-27..2023-08-10; 2024-12-09..2025-01-17; 2025-04-17..2025-06-30,1M+3M+6M; 1M+3M+6M; 1M+3M+6M,True,small,1,8,,,
MWA,MWA,,2,2007-06-28,2009-10-08,2007-06-28..2007-07-09; 2009-10-06..2009-10-08,1M+3M+6M; 3M,True,mid,2,2,,,
MWV^15,MWV,,1,2009-04-02,2009-04-06,2009-04-02..2009-04-06,1M,False,mid,13,2,,,
MWW^16,MWW,,3,2012-03-19,2015-03-09,2012-03-19..2012-03-20; 2012-09-07..2012-10-16; 2015-02-19..2015-03-09,1M+3M+6M; 1M+3M+6M; 1M+3M+6M,True,small,2,5,,,
MX,MX,,1,2026-05-29,2026-06-04,2026-05-29..2026-06-04,1M+3M+6M,True,small,7,1,,,
MXC,MXC,,1,2022-03-07,2022-03-11,2022-03-07..2022-03-11,1M+3M+6M,True,small,2,2,,,
MXIM^21,MXIM,,2,2009-01-30,2018-02-13,2009-01-30..2009-02-03; 2018-02-06..2018-02-13,1M; 1M+3M+6M,True,large_plus,2,2,,,
MXL,MXL,,3,2016-03-10,2026-07-14,2016-03-10..2016-03-28; 2021-12-13..2021-12-23; 2026-04-21..2026-07-14,6M; 1M+3M+6M; 1M+3M+6M,True,mid,1,9,,,
MXWL^19,MXWL,,1,2014-03-11,2014-05-20,2014-03-11..2014-05-20,1M+3M+6M,True,small,1,3,,,
MYGN,MYGN,,8,2008-11-12,2023-11-17,2008-11-12..2008-11-21; 2013-12-03..2013-12-06; 2014-04-10..2014-05-12; 2019-08-01..2019-08-13; 2019-10-04..2019-11-06; 2022-08-04..2022-08-05; 2023-03-06..2023-03-21; 2023-11-14..2023-11-17,1M+3M+6M; 1M+3M+6M; 1M+3M+6M; 1M+3M+6M; 1M+3M+6M; 1M; 1M+3M+6M; 3M+6M,True,mid,1,17,,,
MYOK^20,MYOK,,8,2017-08-08,2020-06-04,2017-08-08..2017-10-02; 2017-12-26..2018-03-09; 2018-08-09..2018-08-17; 2018-10-04..2018-10-05; 2018-11-23..2018-12-13; 2019-03-14..2019-03-25; 2019-09-24..2019-10-03; 2020-05-13..2020-06-04,1M+3M+6M; 1M+3M+6M; 1M+3M+6M; 3M+6M; 1M+3M+6M; 1M+6M; 1M+3M+6M; 1M+3M+6M,True,mid,1,18,,,
MYOV^23,MYOV,,3,2019-11-19,2022-09-26,2019-11-19..2019-12-18; 2020-12-03..2020-12-10; 2022-09-12..2022-09-26,1M+3M+6M; 1M; 6M,True,small,1,6,,,
MZOR^18,MZOR,,3,2017-05-04,2018-02-13,2017-05-04..2017-06-02; 2017-11-02..2017-11-17; 2018-02-12..2018-02-13,1M+3M+6M; 1M+3M+6M; 6M,True,small,1,5,,,
NAAS,NAAS,,2,2020-08-18,2024-08-05,2020-08-18..2020-09-29; 2024-08-02..2024-08-05,1M+3M; 1M,False,mid,2,3,,,
NAGE,NAGE,,2,2024-11-08,2025-07-03,2024-11-08..2024-11-29; 2025-07-01..2025-07-03,1M+3M+6M; 6M,True,small,7,6,,,
NAK,NAK,,10,2011-01-20,2026-04-23,2011-01-20..2011-02-17; 2017-01-19..2017-02-15; 2017-05-11..2017-05-24; 2020-07-20..2020-08-04; 2025-04-28..2025-05-02; 2025-06-30..2025-07-16; 2025-10-09..2025-10-16; 2025-12-16..2025-12-24; 2026-01-28..2026-02-06; 2026-04-14..2026-04-23,1M+3M+6M; 1M+3M+6M; 1M+3M+6M; 3M+6M; 3M+6M; 6M; 1M; 3M; 6M; 1M,True,small,1,16,,,
NAKA,NAKA,,1,2025-05-19,2025-06-10,2025-05-19..2025-06-10,1M+3M+6M,True,small,1,1,,,
NAMM,NAMM,,1,2026-01-26,2026-03-12,2026-01-26..2026-03-12,1M+3M,False,small,2,2,,,
NAMS,NAMS,,4,2024-12-19,2025-11-28,2024-12-19..2024-12-27; 2025-03-18..2025-03-28; 2025-10-22..2025-10-23; 2025-11-21..2025-11-28,3M; 1M+3M+6M; 1M; 6M,True,mid,5,6,,,
NAPA^24,NAPA,,1,2021-10-11,2021-10-12,2021-10-11..2021-10-12,3M,False,mid,15,1,,,
NARI^25,NARI,,7,2020-08-07,2023-08-22,2020-08-07..2020-08-21; 2020-09-09..2020-09-15; 2022-01-06..2022-01-13; 2022-03-02..2022-03-04; 2022-07-26..2022-07-28; 2022-10-18..2022-10-25; 2023-08-15..2023-08-22,1M; 3M; 1M+3M+6M; 1M; 6M; 1M+6M; 1M+3M+6M,True,mid,5,14,,,
NAT,NAT,,9,2008-11-17,2026-04-17,2008-11-17..2008-11-19; 2008-12-11..2008-12-30; 2019-10-11..2019-10-31; 2020-01-08..2020-01-15; 2020-04-02..2020-04-28; 2022-04-18..2022-05-03; 2022-09-09..2022-12-05; 2023-03-09..2023-03-17; 2026-04-07..2026-04-17,1M; 3M; 1M+3M+6M; 6M; 1M+3M+6M; 1M+3M; 1M+3M+6M; 1M+6M; 3M+6M,True,small,1,22,,,
NAVI,NAVI,,4,2008-02-14,2009-07-28,2008-02-14..2008-03-04; 2008-05-02..2008-06-27; 2009-01-09..2009-01-29; 2009-05-28..2009-07-28,1M+3M+6M; 1M+3M+6M; 1M+3M; 1M+3M+6M,True,mid,1,9,,,
NAVN,NAVN,,3,2026-01-08,2026-08-10,2026-01-08..2026-01-13; 2026-04-13..2026-05-05; 2026-06-02..2026-08-10,1M; 1M; 3M+6M,False,mid,3,10,,,
NAV^21,NAV,,12,2009-01-20,2019-09-25,2009-01-20..2009-02-04; 2009-02-12..2009-02-19; 2009-03-31..2009-04-06; 2009-05-01..2009-07-01; 2010-05-20..2010-05-25; 2015-09-16..2015-09-17; 2016-03-03..2016-05-05; 2016-06-23..2016-09-23; 2016-12-20..2016-12-21; 2017-06-14..2017-06-21; 2018-04-24..2018-04-27; 2019-09-23..2019-09-25,1M; 3M; 3M; 1M+6M; 1M+3M+6M; 1M+3M; 1M+3M; 1M+3M+6M; 1M+3M+6M; 1M+3M+6M; 1M+3M+6M; 1M+6M,True,mid,1,29,,,
NB,NB,,1,2025-08-08,2025-10-22,2025-08-08..2025-10-22,1M+3M+6M,True,small,6,5,,,
NBEVQ^23,NBEVQ,NBEV,2,2018-09-20,2019-02-14,2018-09-20..2018-10-19; 2018-12-14..2019-02-14,1M+3M+6M; 1M+3M+6M,True,small,1,5,,,
NBIS,NBIS,,4,2015-10-23,2026-07-06,2015-10-23..2015-10-30; 2024-10-28..2025-02-28; 2025-05-20..2025-11-10; 2026-03-16..2026-07-06,1M+3M+6M; 1M+3M+6M; 1M+3M+6M; 1M+3M+6M,True,mid,1,28,,,
NBIX,NBIX,,8,2006-09-01,2018-02-26,2006-09-01..2006-09-12; 2013-09-10..2013-09-11; 2014-01-23..2014-02-26; 2014-12-22..2015-04-29; 2015-09-21..2015-09-25; 2015-11-03..2015-11-11; 2016-04-05..2016-04-19; 2018-02-08..2018-02-26,1M+3M+6M; 6M; 1M+3M; 1M+3M+6M; 1M+3M+6M; 1M+3M+6M; 1M+3M+6M; 3M+6M,True,mid,1,27,,,
NBL^20,NBL,,6,2008-11-17,2020-04-30,2008-11-17..2008-11-21; 2009-01-07..2009-01-14; 2009-02-10..2009-02-19; 2016-02-29..2016-03-09; 2019-09-24..2019-09-25; 2020-04-29..2020-04-30,1M; 3M; 6M; 1M+3M+6M; 1M+3M+6M; 1M,True,mid,1,15,,,
NBP,NBP,,3,2021-04-26,2025-09-05,2021-04-26..2021-07-14; 2021-09-30..2021-10-11; 2025-08-22..2025-09-05,1M+3M+6M; 6M; 1M+3M+6M,True,mid,3,9,,,
NBR,NBR,,15,2011-11-02,2026-04-10,2011-11-02..2011-11-23; 2015-02-18..2015-03-04; 2015-10-14..2015-10-15; 2016-03-03..2016-05-02; 2016-12-14..2016-12-15; 2018-04-02..2018-04-03; 2019-01-28..2019-02-13; 2019-04-01..2019-05-16; 2019-12-18..2020-01-14; 2020-05-22..2020-06-19; 2020-08-10..2020-08-12; 2022-01-13..2022-04-20; 2022-06-10..2022-06-16; 2022-10-27..2022-11-15; 2026-04-01..2026-04-10,1M+3M+6M; 1M+3M+6M; 6M; 1M+3M+6M; 1M+3M+6M; 1M+3M+6M; 1M; 1M+3M+6M; 1M; 1M; 3M; 1M+3M+6M; 6M; 1M+3M; 6M,True,small,1,44,,,
NCC^09,NCC,,1,2008-02-07,2008-02-12,2008-02-07..2008-02-12,1M,False,large_plus,6,1,,,
NCI,NCI,,1,2026-03-09,2026-03-20,2026-03-09..2026-03-20,1M+3M+6M,True,small,1,1,,,
NCI.3^19,NCI,,2,2008-03-03,2008-12-08,2008-03-03..2008-03-12; 2008-11-26..2008-12-08,1M+3M; 1M+3M,False,small,1,4,,,
NCLH,NCLH,,8,2020-05-27,2026-02-25,2020-05-27..2020-06-19; 2020-09-02..2020-09-09; 2021-03-04..2021-05-12; 2022-01-11..2022-01-19; 2022-09-15..2022-09-29; 2022-11-04..2022-11-22; 2023-02-09..2023-02-10; 2026-02-24..2026-02-25,1M; 1M; 1M+3M+6M; 1M; 1M+3M+6M; 1M+3M; 6M; 1M,True,mid,2,21,,,
NCNO,NCNO,,1,2023-06-23,2023-06-30,2023-06-23..2023-06-30,3M,False,mid,14,2,,,
NCOC^10,NCOC,,1,2008-06-20,2008-06-30,2008-06-20..2008-06-30,1M+3M+6M,True,small,6,2,,,
NCTY,NCTY,,2,2006-03-31,2021-03-25,2006-03-31..2006-04-18; 2021-01-11..2021-03-25,1M+3M+6M; 1M+3M+6M,True,small,1,8,,,
NDAQ,NDAQ,NDA,5,2005-04-28,2008-08-21,2005-04-28..2005-05-12; 2005-10-19..2005-12-12; 2006-02-01..2006-03-29; 2007-11-09..2007-11-15; 2008-08-11..2008-08-21,1M+3M+6M; 1M+3M+6M; 1M+3M+6M; 1M+3M; 1M,True,mid,1,13,,,
NDN^12,NDN,,2,2008-02-12,2008-12-10,2008-02-12..2008-04-07; 2008-09-09..2008-12-10,1M+3M; 1M+3M+6M,True,small,1,7,,,
NDRM^17,NDRM,,1,2015-01-13,2015-01-22,2015-01-13..2015-01-22,1M,False,small,2,1,,,
NE,NE,,1,2022-05-26,2022-06-09,2022-05-26..2022-06-09,1M+3M+6M,True,mid,7,1,,,
NEE,NEE,,1,2008-11-19,2008-12-02,2008-11-19..2008-12-02,1M+3M+6M,True,large_plus,5,2,,,
NEGG,NEGG,,4,2021-11-23,2025-12-10,2021-11-23..2021-12-06; 2022-04-06..2022-04-19; 2025-06-26..2025-08-29; 2025-10-20..2025-12-10,1M+6M; 1M; 1M+3M+6M; 1M+6M,True,mid,1,8,,,
NEM,NEM,,3,2008-12-05,2020-04-16,2008-12-05..2009-04-06; 2016-02-10..2016-03-23; 2020-03-11..2020-04-16,1M+3M+6M; 1M+3M+6M; 1M+3M+6M,True,large_plus,1,18,,,
NEO,NEO,,7,2018-11-07,2026-08-06,2018-11-07..2018-11-16; 2019-08-12..2019-08-16; 2022-11-16..2022-12-07; 2023-02-23..2023-03-29; 2023-10-30..2023-11-13; 2024-08-09..2024-08-14; 2026-08-03..2026-08-06,1M+3M+6M; 1M+3M+6M; 1M; 1M+3M+6M; 1M+3M+6M; 6M; 3M,True,small,2,17,,,
NEOG,NEOG,,1,2026-01-23,2026-01-28,2026-01-23..2026-01-28,1M,False,mid,13,2,,,
NEON,NEON,,1,2025-07-08,2025-07-29,2025-07-08..2025-07-29,1M+3M+6M,True,small,6,3,,,
NEPTF,NEPTF,,1,2018-09-24,2018-10-22,2018-09-24..2018-10-22,1M+3M+6M,True,small,6,1,,,
NERV,NERV,,3,2016-05-31,2023-07-21,2016-05-31..2016-07-14; 2022-08-29..2022-10-12; 2023-07-03..2023-07-21,1M+3M+6M; 1M+3M+6M; 1M+3M+6M,True,small,1,7,,,
NESR,NESR,,1,2026-04-20,2026-04-22,2026-04-20..2026-04-22,6M,False,mid,16,3,,,
NET,NET,,12,2020-02-24,2026-09-21,2020-02-24..2020-08-18; 2020-10-16..2020-12-31; 2021-04-29..2021-05-11; 2021-10-28..2021-11-29; 2022-02-25..2022-04-12; 2022-07-27..2022-08-26; 2023-02-02..2023-03-01; 2023-06-07..2023-08-01; 2024-02-20..2024-02-27; 2025-02-25..2025-02-27; 2026-03-10..2026-04-01; 2026-07-23..2026-09-21,1M+3M+6M; 1M+3M+6M; 1M+3M+6M; 1M+3M+6M; 1M+3M+6M; 1M+3M+6M; 1M+3M+6M; 1M+3M+6M; 1M+3M+6M; 1M+3M+6M; 1M+6M; 1M+3M+6M,True,large_plus,1,37,,,
NETL.1^12,NETL,,3,2007-03-02,2009-03-20,2007-03-02..2007-03-05; 2008-06-09..2008-06-16; 2009-02-10..2009-03-20,3M; 3M; 1M+3M+6M,True,small,2,12,,,
NEU,NEU,,3,2006-04-10,2008-04-28,2006-04-10..2006-05-18; 2006-07-14..2006-09-13; 2008-04-25..2008-04-28,1M+3M+6M; 1M+3M+6M; 6M,True,small,1,8,,,
NEWR^23,NEWR,,1,2021-11-23,2021-12-02,2021-11-23..2021-12-02,1M+3M+6M,True,mid,7,1,,,
NEXA,NEXA,,2,2026-03-03,2026-05-11,2026-03-03..2026-03-04; 2026-04-20..2026-05-11,6M; 1M+6M,False,mid,5,4,,,
NEXT,NEXT,,8,2021-06-08,2026-04-13,2021-06-08..2021-07-01; 2022-04-06..2022-04-28; 2023-06-16..2023-07-05; 2024-05-31..2024-06-20; 2025-01-17..2025-02-05; 2025-03-31..2025-04-04; 2025-06-05..2025-06-17; 2026-03-26..2026-04-13,1M+3M; 1M+3M+6M; 1M+3M+6M; 3M+6M; 1M+3M+6M; 1M+3M+6M; 6M; 1M,True,small,1,21,,,
NEX^23,NEX,,2,2022-01-07,2022-11-04,2022-01-07..2022-06-16; 2022-10-26..2022-11-04,1M+3M+6M; 1M+3M,True,mid,1,11,,,
NFE,NFE,,5,2020-09-10,2025-02-03,2020-09-10..2020-10-29; 2020-12-11..2021-01-11; 2022-02-28..2022-06-16; 2022-11-09..2022-11-15; 2024-12-12..2025-02-03,1M+3M+6M; 6M; 1M+3M+6M; 1M+3M+6M; 1M+3M,True,mid,1,19,,,
NFLX,NFLX,,17,2005-04-18,2022-11-07,2005-04-18..2005-06-28; 2005-10-19..2005-10-26; 2008-01-03..2008-01-10; 2008-03-14..2008-04-23; 2008-12-09..2008-12-15; 2009-01-14..2009-04-30; 2010-05-05..2010-06-08; 2010-08-19..2010-08-25; 2012-01-11..2012-01-26; 2012-07-25..2012-07-26; 2012-10-24..2012-12-20; 2013-01-31..2013-02-14; 2013-10-22..2013-11-07; 2015-08-21..2015-08-24; 2015-10-15..2015-10-21; 2020-09-14..2020-09-15; 2022-10-07..2022-11-07,1M+3M+6M; 1M+3M+6M; 6M; 1M+3M+6M; 1M; 1M+3M+6M; 1M+3M+6M; 1M+3M+6M; 1M+3M+6M; 1M+3M+6M; 1M+3M+6M; 1M+3M+6M; 1M+3M+6M; 1M+3M+6M; 1M+3M+6M; 3M; 1M+3M+6M,True,mid,1,52,,,
NFX.1^19,NFX,,1,2009-04-21,2009-05-27,2009-04-21..2009-05-27,3M+6M,False,mid,9,5,,,
NG,NG,,21,2006-02-07,2026-03-10,2006-02-07..2006-02-08; 2007-11-08..2007-11-20; 2008-01-18..2008-02-01; 2009-09-25..2009-10-13; 2009-11-30..2010-01-12; 2010-11-12..2010-11-29; 2011-11-01..2011-12-13; 2012-06-14..2012-06-20; 2012-09-24..2012-10-04; 2014-03-13..2014-03-26; 2015-01-05..2015-02-03; 2016-03-11..2016-03-30; 2016-06-28..2016-06-29; 2017-01-17..2017-02-28; 2020-01-13..2020-01-17; 2020-04-14..2020-05-07; 2020-09-11..2020-09-24; 2025-04-29..2025-05-07; 2025-07-25..2025-08-05; 2025-10-02..2025-10-10; 2026-03-04..2026-03-10,1M; 1M+3M+6M; 1M; 1M+6M; 1M+3M+6M; 1M+3M+6M; 1M+3M+6M; 1M+3M+6M; 1M+6M; 1M+3M; 1M+3M; 6M; 1M+3M+6M; 1M+3M; 1M+3M+6M; 1M+3M+6M; 1M; 1M+3M; 1M+6M; 3M+6M; 1M,True,small,1,46,,,
NGD^26,NGD,,15,2010-01-15,2026-03-03,2010-01-15..2010-02-19; 2010-05-06..2010-06-14; 2010-11-16..2010-11-19; 2011-08-15..2011-08-29; 2013-08-21..2013-09-03; 2014-12-05..2015-01-23; 2015-09-18..2015-10-28; 2016-02-10..2016-05-19; 2017-01-19..2017-01-30; 2022-01-13..2022-04-05; 2024-04-19..2024-06-05; 2024-08-13..2024-08-20; 2024-09-27..2024-09-30; 2025-04-04..2025-05-16; 2025-12-31..2026-03-03,1M+3M+6M; 1M+3M+6M; 1M+3M+6M; 1M+3M+6M; 1M+3M+6M; 1M+3M+6M; 1M+3M+6M; 1M+3M+6M; 1M+3M+6M; 1M+3M+6M; 3M+6M; 3M+6M; 3M+6M; 1M+3M+6M; 1M+3M+6M,True,mid,1,45,,,
NGL,NGL,,3,2015-02-04,2016-07-07,2015-02-04..2015-02-17; 2016-02-02..2016-02-09; 2016-04-21..2016-07-07,1M+3M+6M; 1M+3M+6M; 1M+3M+6M,True,small,1,5,,,
NGLOY,NGLOY,,1,2008-12-18,2009-01-07,2008-12-18..2009-01-07,1M,False,large_plus,14,3,,,
NGMS^24,NGMS,,1,2021-06-02,2021-06-15,2021-06-02..2021-06-15,3M,False,small,11,3,,,
NGNE,NGNE,,2,2015-08-13,2026-07-22,2015-08-13..2015-09-30; 2026-07-21..2026-07-22,1M+3M+6M; 6M,True,mid,1,3,,,
NGS,NGS,,2,2005-09-26,2006-02-09,2005-09-26..2005-10-14; 2006-02-01..2006-02-09,1M+3M+6M; 1M+6M,True,small,1,2,,,
NHP.1^11,NHP,,2,2008-01-24,2008-08-12,2008-01-24..2008-02-05; 2008-07-28..2008-08-12,1M+3M+6M; 1M+3M+6M,True,mid,4,4,,,
NHTC,NHTC,,3,2015-05-14,2016-03-31,2015-05-14..2015-07-09; 2015-10-26..2015-12-11; 2016-02-24..2016-03-31,1M+3M+6M; 1M+3M+6M; 1M+6M,True,small,1,8,,,
NIHD^20,NIHD,,2,2018-08-01,2018-11-19,2018-08-01..2018-09-07; 2018-11-02..2018-11-19,1M+3M+6M; 1M+3M+6M,True,small,1,5,,,
NINEQ^26,NINEQ,NINE,1,2022-11-21,2023-01-27,2022-11-21..2023-01-27,1M+3M+6M,True,small,1,4,,,
NIO,NIO,,14,2019-02-08,2026-04-09,2019-02-08..2019-03-08; 2019-07-18..2019-07-31; 2019-11-15..2020-02-05; 2020-04-30..2021-02-22; 2021-11-10..2021-11-17; 2022-06-10..2022-07-12; 2022-12-06..2022-12-21; 2023-06-15..2023-08-16; 2023-12-21..2024-01-10; 2024-05-13..2024-05-23; 2024-09-12..2024-10-16; 2025-03-10..2025-03-27; 2025-07-25..2025-10-15; 2026-03-20..2026-04-09,1M+3M; 1M+3M+6M; 1M+3M+6M; 1M+3M+6M; 6M; 1M+3M+6M; 1M+3M+6M; 1M+3M+6M; 1M+3M+6M; 1M+3M+6M; 1M+3M+6M; 1M+3M+6M; 1M+3M+6M; 1M+3M,True,large_plus,1,57,,,
NIQ,NIQ,NI,1,2026-07-16,2026-07-24,2026-07-16..2026-07-24,1M,False,mid,8,2,,,
NIU,NIU,,2,2020-07-02,2020-12-03,2020-07-02..2020-07-13; 2020-10-13..2020-12-03,1M; 1M+3M+6M,True,mid,4,6,,,
NJR,NJR,,1,2008-11-13,2008-12-05,2008-11-13..2008-12-05,1M+3M+6M,True,small,5,2,,,
NKE,NKE,,1,2008-09-29,2008-10-09,2008-09-29..2008-10-09,1M+3M+6M,True,large_plus,3,2,,,
NKGN,NKGN,,1,2024-03-25,2024-03-28,2024-03-25..2024-03-28,1M,False,small,7,1,,,
NKLAQ^25,NKLAQ,NKLA,3,2022-03-25,2023-08-14,2022-03-25..2022-04-06; 2022-08-02..2022-08-08; 2023-06-22..2023-08-14,1M; 1M; 1M+3M,False,mid,1,7,,,
NKTR,NKTR,,13,2014-12-10,2026-07-21,2014-12-10..2014-12-15; 2015-09-22..2015-10-01; 2015-11-11..2015-11-30; 2017-03-06..2017-04-11; 2017-06-05..2017-06-08; 2017-11-15..2018-03-21; 2019-01-22..2019-01-28; 2019-11-14..2020-01-23; 2021-12-30..2022-01-06; 2025-06-24..2025-11-07; 2026-02-13..2026-03-09; 2026-04-13..2026-05-06; 2026-07-17..2026-07-21,1M+3M+6M; 1M+3M+6M; 1M+3M+6M; 1M+3M+6M; 1M+3M+6M; 1M+3M+6M; 1M+3M+6M; 1M+3M+6M; 1M+6M; 1M+3M+6M; 1M+6M; 3M; 6M,True,mid,1,35,,,
NKTX,NKTX,,5,2020-12-18,2024-02-23,2020-12-18..2021-01-05; 2021-08-05..2021-08-06; 2022-04-28..2022-05-16; 2023-10-20..2023-11-28; 2024-01-08..2024-02-23,1M; 1M; 1M+3M+6M; 1M+3M+6M; 1M+3M+6M,True,small,1,13,,,
NLSN^22,NLSN,,1,2022-03-18,2022-03-31,2022-03-18..2022-03-31,1M,False,mid,3,2,,,
NLST,NLST,,2,2009-11-18,2026-09-10,2009-11-18..2009-12-31; 2026-08-17..2026-09-10,1M+3M+6M; 1M+3M+6M,True,mid,1,3,,,
NLY,NLY,,2,2008-09-15,2009-02-06,2008-09-15..2008-09-16; 2008-11-18..2009-02-06,6M; 3M+6M,False,mid,5,4,,,
NMAX,NMAX,,1,2026-08-31,2026-09-02,2026-08-31..2026-09-02,1M,False,small,13,1,,,
NMBL.1^17,NMBL,,3,2014-03-04,2014-08-29,2014-03-04..2014-03-07; 2014-06-18..2014-06-26; 2014-08-28..2014-08-29,1M; 1M+3M+6M; 1M+3M+6M,True,mid,4,6,,,
NMGC,NMGC,,1,2005-12-14,2006-01-24,2005-12-14..2006-01-24,1M+3M+6M,True,small,1,2,,,
NMM,NMM,,3,2015-02-02,2021-05-14,2015-02-02..2015-02-03; 2015-02-12..2015-02-13; 2021-04-06..2021-05-14,1M; 3M; 1M+3M+6M,True,small,4,7,,,
NMRA,NMRA,,2,2024-08-05,2024-10-21,2024-08-05..2024-08-09; 2024-10-07..2024-10-21,3M; 1M+3M+6M,True,mid,7,4,,,
NMRD,NMRD,,1,2021-05-18,2021-06-09,2021-05-18..2021-06-09,1M+3M+6M,True,small,3,2,,,
NMRK,NMRK,,1,2022-03-01,2022-03-04,2022-03-01..2022-03-04,6M,False,mid,15,1,,,
NMTRQ,NMTRQ,NMTR,1,2018-04-03,2018-04-17,2018-04-03..2018-04-17,1M,False,small,1,2,,,
NM^23,NM,,5,2007-07-24,2014-01-09,2007-07-24..2007-08-02; 2007-10-15..2007-11-09; 2008-02-21..2008-02-27; 2008-05-01..2008-05-12; 2014-01-07..2014-01-09,1M+3M+6M; 1M+3M+6M; 1M+6M; 1M+3M; 1M+3M+6M,True,small,2,9,,,
NN,NN,,2,2024-11-14,2025-04-10,2024-11-14..2024-12-20; 2025-04-01..2025-04-10,1M+3M+6M; 1M+3M+6M,True,small,3,6,,,
NNBR,NNBR,,1,2026-07-01,2026-08-12,2026-07-01..2026-08-12,3M+6M,False,small,3,3,,,
NNDM,NNDM,,2,2020-05-26,2021-02-19,2020-05-26..2020-06-12; 2020-10-06..2021-02-19,1M; 1M+3M+6M,True,small,3,8,,,
NNE,NNE,,3,2024-07-05,2025-02-13,2024-07-05..2024-07-19; 2024-09-30..2024-12-11; 2025-01-23..2025-02-13,1M; 1M+3M+6M; 1M+6M,True,small,2,9,,,
NNOX,NNOX,,3,2020-11-30,2024-03-08,2020-11-30..2020-12-07; 2023-05-02..2023-06-20; 2024-02-16..2024-03-08,1M+3M; 1M+3M+6M; 1M,True,small,1,7,,,
NNVC,NNVC,,2,2020-01-27,2020-05-21,2020-01-27..2020-03-10; 2020-05-18..2020-05-21,1M+3M+6M; 6M,True,small,1,4,,,
NOAH,NOAH,,9,2013-09-16,2019-03-14,2013-09-16..2013-11-27; 2014-12-08..2015-01-12; 2015-03-27..2015-03-31; 2015-05-21..2015-05-27; 2015-11-13..2015-12-04; 2017-11-28..2017-12-07; 2018-03-28..2018-04-03; 2018-12-10..2018-12-11; 2019-03-07..2019-03-14,1M+3M+6M; 1M+3M+6M; 6M; 1M+3M+6M; 3M+6M; 1M+3M+6M; 1M+3M+6M; 1M+3M; 6M,True,mid,3,23,,,
NOG,NOG,,13,2010-04-08,2022-10-31,2010-04-08..2010-04-27; 2011-07-06..2011-08-02; 2011-09-19..2011-12-13; 2015-02-02..2015-02-27; 2015-04-14..2015-04-24; 2018-06-13..2018-08-13; 2018-10-05..2018-10-16; 2019-08-29..2019-09-16; 2021-05-10..2021-05-24; 2021-10-06..2021-10-26; 2022-01-13..2022-03-21; 2022-06-13..2022-06-22; 2022-09-22..2022-10-31,1M+3M+6M; 1M+3M+6M; 1M+3M+6M; 1M; 1M+3M+6M; 1M+3M+6M; 1M+3M+6M; 1M+3M+6M; 6M; 1M+6M; 1M+3M+6M; 6M; 1M+3M+6M,True,small,3,38,,,
NOK,NOK,,3,2012-08-10,2026-06-10,2012-08-10..2012-09-26; 2012-12-10..2012-12-11; 2026-05-07..2026-06-10,1M+3M+6M; 1M+3M+6M; 1M+3M+6M,True,large_plus,1,10,,,
NOMD,NOMD,,1,2016-09-09,2016-09-14,2016-09-09..2016-09-14,1M+3M+6M,True,mid,3,2,,,
NOTVQ^26,NOTVQ,NOTV,1,2021-10-27,2021-12-01,2021-10-27..2021-12-01,1M+3M+6M,True,small,6,1,,,
NOV,NOV,,7,2007-08-06,2022-03-11,2007-08-06..2007-08-08; 2007-10-22..2007-10-25; 2008-07-07..2008-07-09; 2009-01-07..2009-06-17; 2016-05-10..2016-05-17; 2019-08-07..2019-08-09; 2022-02-07..2022-03-11,1M+3M+6M; 1M+3M+6M; 1M+3M+6M; 1M+3M+6M; 1M+3M+6M; 1M+3M+6M; 3M+6M,True,large_plus,1,19,,,
NOVAQ^25,NOVAQ,NOVA,9,2020-08-03,2024-09-27,2020-08-03..2020-08-13; 2020-10-01..2020-11-27; 2021-07-02..2021-08-03; 2021-10-28..2021-11-01; 2022-03-16..2022-03-25; 2022-08-01..2022-08-15; 2022-11-21..2022-11-28; 2023-04-25..2023-05-05; 2024-06-03..2024-09-27,1M+3M; 1M+3M+6M; 1M; 1M; 1M; 3M+6M; 1M; 1M+3M+6M; 1M+3M+6M,True,mid,2,23,,,
NOVCQ^23,NOVCQ,NOVC,1,2007-04-26,2007-06-28,2007-04-26..2007-06-28,1M+3M+6M,True,small,1,1,,,
NOVT,NOVT,,1,2018-11-20,2018-11-27,2018-11-20..2018-11-27,1M+6M,False,mid,11,2,,,
NOW,NOW,,3,2012-09-13,2026-08-06,2012-09-13..2012-10-08; 2018-12-20..2018-12-21; 2026-08-04..2026-08-06,1M+3M; 1M+3M+6M; 1M+3M+6M,True,large_plus,1,9,,,
NPBC^16,NPBC,,2,2008-02-25,2008-11-17,2008-02-25..2008-04-02; 2008-11-06..2008-11-17,1M+3M+6M; 1M+3M,True,small,7,6,,,
NPKI,NPKI,,3,2010-08-05,2011-11-07,2010-08-05..2010-08-11; 2011-05-03..2011-05-24; 2011-11-01..2011-11-07,3M+6M; 1M+3M+6M; 1M,True,small,1,6,,,
NPSP^15,NPSP,,8,2011-02-09,2015-01-07,2011-02-09..2011-02-17; 2012-10-23..2012-10-26; 2013-06-04..2013-06-11; 2013-08-21..2013-08-28; 2014-01-27..2014-03-05; 2014-05-22..2014-06-19; 2014-09-12..2014-09-16; 2014-11-06..2015-01-07,1M+3M+6M; 1M+3M+6M; 3M; 1M+3M+6M; 1M+3M+6M; 1M+3M+6M; 1M+3M+6M; 1M+3M+6M,True,mid,1,17,,,
NPT,NPT,,2,2026-03-04,2026-07-09,2026-03-04..2026-03-17; 2026-06-22..2026-07-09,1M+3M; 1M,False,small,3,4,,,
NPTN^22,NPTN,,3,2016-09-20,2017-12-06,2016-09-20..2016-09-29; 2017-05-25..2017-06-15; 2017-11-14..2017-12-06,1M+3M+6M; 1M+3M+6M; 1M,True,small,7,5,,,
NRDS,NRDS,,1,2023-02-27,2023-03-15,2023-02-27..2023-03-15,1M+3M+6M,True,small,2,1,,,
NRF^17,NRF,,1,2015-11-16,2015-11-24,2015-11-16..2015-11-24,1M+3M+6M,True,mid,5,1,,,
NRG,NRG,,5,2008-11-13,2025-03-04,2008-11-13..2008-11-17; 2009-01-08..2009-01-26; 2009-07-21..2009-07-28; 2016-03-02..2016-03-31; 2025-03-03..2025-03-04,1M; 3M; 1M+3M+6M; 1M+3M; 1M+3M+6M,True,mid,4,11,,,
NRGV,NRGV,,1,2025-10-14,2026-01-29,2025-10-14..2026-01-29,1M+3M+6M,True,small,2,7,,,
NRIX,NRIX,,4,2024-04-09,2026-07-21,2024-04-09..2024-09-13; 2024-11-04..2024-11-05; 2025-11-21..2025-12-29; 2026-07-02..2026-07-21,1M+3M+6M; 6M; 1M+3M; 1M,True,small,2,16,,,
NRPH^07,NRPH,,1,2006-10-12,2006-10-26,2006-10-12..2006-10-26,1M+3M+6M,True,small,1,4,,,
NSIT,NSIT,,1,2026-06-05,2026-06-10,2026-06-05..2026-06-10,1M,False,mid,6,1,,,
NSM.2^11,NSM,,1,2009-02-18,2009-02-26,2009-02-18..2009-02-26,1M,False,mid,10,1,,,
NSM^18,NSM,,5,2012-06-11,2017-11-02,2012-06-11..2012-06-27; 2012-10-01..2012-11-05; 2013-01-18..2013-01-24; 2014-03-18..2014-04-29; 2017-11-01..2017-11-02,1M+3M; 1M+3M+6M; 1M+3M+6M; 1M+3M+6M; 6M,True,mid,1,11,,,
NSP,NSP,,3,2026-04-07,2026-08-18,2026-04-07..2026-04-14; 2026-08-03..2026-08-10; 2026-08-17..2026-08-18,1M; 3M; 6M,False,small,6,5,,,
NSR.3^17,NSR,,1,2008-12-05,2008-12-08,2008-12-05..2008-12-08,1M,False,small,10,2,,,
NSRGY,NSRGY,,2,2008-06-04,2009-12-10,2008-06-04..2008-06-13; 2009-11-20..2009-12-10,1M+3M+6M; 1M+3M+6M,True,large_plus,1,3,,,
NSTGQ^24,NSTGQ,NSTG,3,2019-05-16,2021-05-03,2019-05-16..2019-06-12; 2019-08-01..2019-08-02; 2021-04-19..2021-05-03,1M+3M+6M; 6M; 1M+3M+6M,True,small,4,6,,,
NST^12,NST,,1,2008-11-14,2008-12-09,2008-11-14..2008-12-09,1M+3M+6M,True,mid,5,4,,,
NTAP,NTAP,,2,2009-01-22,2026-06-16,2009-01-22..2009-01-29; 2026-06-05..2026-06-16,1M+3M+6M; 1M,True,large_plus,7,3,,,
NTBLQ,NTBLQ,NTBL,2,2015-06-01,2016-07-14,2015-06-01..2015-06-16; 2016-07-08..2016-07-14,1M+3M+6M; 1M+3M+6M,True,small,4,3,,,
NTCL,NTCL,,1,2025-05-07,2025-05-16,2025-05-07..2025-05-16,1M+3M,False,small,2,1,,,
NTES,NTES,,5,2005-09-27,2009-06-22,2005-09-27..2005-10-12; 2007-10-24..2007-11-15; 2008-08-13..2008-08-14; 2009-03-11..2009-04-03; 2009-06-19..2009-06-22,1M+3M+6M; 1M+3M+6M; 6M; 1M+6M; 1M+6M,True,mid,1,15,,,
NTGR,NTGR,,1,2011-10-11,2011-10-21,2011-10-11..2011-10-21,1M+6M,False,small,6,5,,,
NTI^16,NTI,,1,2012-11-27,2012-12-04,2012-11-27..2012-12-04,1M+3M,False,mid,2,2,,,
NTLA,NTLA,,12,2018-01-29,2025-10-24,2018-01-29..2018-03-13; 2018-05-23..2018-07-26; 2018-09-11..2018-09-12; 2019-03-21..2019-03-25; 2020-11-30..2021-01-22; 2021-04-05..2021-05-10; 2021-06-14..2021-09-16; 2022-07-05..2022-07-28; 2023-05-16..2023-05-24; 2023-11-29..2023-11-30; 2024-02-28..2024-03-01; 2025-10-08..2025-10-24,1M+3M; 1M+3M+6M; 3M; 1M; 1M+3M+6M; 1M+3M+6M; 1M+3M+6M; 1M+3M; 1M+3M; 1M; 1M; 1M+3M,True,mid,1,32,,,
NTNX,NTNX,,5,2016-12-02,2018-04-02,2016-12-02..2016-12-06; 2017-01-25..2017-02-13; 2017-05-31..2017-06-15; 2017-12-05..2017-12-15; 2018-03-27..2018-04-02,1M; 1M+3M; 1M+3M+6M; 1M+3M+6M; 1M+3M+6M,True,mid,2,11,,,
NTPIF,NTPIF,,3,2012-09-17,2021-06-23,2012-09-17..2012-09-26; 2012-11-13..2012-12-12; 2021-05-21..2021-06-23,1M+3M+6M; 1M+3M+6M; 1M+3M+6M,True,small,1,5,,,
NTRA,NTRA,,8,2018-07-12,2025-01-29,2018-07-12..2018-08-20; 2019-03-28..2019-06-03; 2019-08-12..2019-10-28; 2021-01-26..2021-02-12; 2022-07-20..2022-08-05; 2022-12-28..2023-01-05; 2023-03-10..2023-03-20; 2025-01-27..2025-01-29,1M+3M+6M; 1M+3M+6M; 1M+3M+6M; 6M; 3M; 6M; 1M+3M+6M; 1M+3M+6M,True,mid,1,27,,,
NTRI^19,NTRI,,5,2008-04-24,2018-08-17,2008-04-24..2008-04-25; 2008-08-26..2008-08-27; 2010-05-07..2010-05-27; 2017-07-27..2017-08-04; 2018-08-07..2018-08-17,1M; 6M; 1M; 3M+6M; 3M+6M,False,small,7,10,,,
NTRS,NTRS,,4,2008-07-25,2009-04-23,2008-07-25..2008-08-01; 2008-09-17..2008-09-22; 2008-12-29..2009-02-20; 2009-04-01..2009-04-23,1M+3M+6M; 1M+3M+6M; 1M+3M+6M; 3M+6M,True,large_plus,1,10,,,
NTSK,NTSK,,1,2026-07-15,2026-07-28,2026-07-15..2026-07-28,1M,False,mid,4,2,,,
NU,NU,,2,2022-07-19,2023-03-01,2022-07-19..2022-09-27; 2023-02-16..2023-03-01,1M+3M+6M; 1M+3M+6M,True,large_plus,1,9,,,
NUAI,NUAI,,2,2025-10-13,2026-02-10,2025-10-13..2025-11-13; 2026-01-22..2026-02-10,1M+3M+6M; 1M+6M,True,small,1,6,,,
NUAN^22,NUAN,,2,2006-11-09,2007-08-24,2006-11-09..2006-11-16; 2007-08-17..2007-08-24,1M+3M+6M; 1M+3M+6M,True,mid,5,4,,,
NUE,NUE,,6,2006-08-04,2022-05-03,2006-08-04..2006-08-07; 2008-03-19..2008-04-02; 2008-12-16..2009-01-14; 2009-04-03..2009-05-12; 2022-03-14..2022-03-16; 2022-04-29..2022-05-03,1M+3M+6M; 1M+3M+6M; 1M+3M+6M; 6M; 1M; 1M+3M+6M,True,large_plus,1,15,,,
NURO^25,NURO,,1,2021-07-26,2021-08-11,2021-07-26..2021-08-11,1M+3M+6M,True,small,1,2,,,
NUS,NUS,,3,2012-08-07,2015-02-24,2012-08-07..2012-08-10; 2014-10-16..2014-11-10; 2015-02-09..2015-02-24,1M+3M+6M; 1M+3M+6M; 1M+3M+6M,True,mid,2,6,,,
NUTX,NUTX,,3,2025-04-23,2026-09-21,2025-04-23..2025-06-05; 2025-12-10..2025-12-30; 2026-08-26..2026-09-21,1M+3M+6M; 1M; 6M,True,small,2,6,,,
NUVA^23,NUVA,,2,2010-03-11,2012-02-09,2010-03-11..2010-03-17; 2012-01-25..2012-02-09,1M+3M+6M; 1M+3M,True,small,2,3,,,
NUVB,NUVB,,2,2025-11-19,2026-07-31,2025-11-19..2026-01-08; 2026-07-28..2026-07-31,1M+3M+6M; 3M,True,mid,2,5,,,
NUVL^26,NUVL,,4,2022-11-01,2024-10-03,2022-11-01..2022-12-13; 2023-05-31..2023-06-27; 2023-09-18..2023-10-24; 2024-09-19..2024-10-03,1M+3M+6M; 3M+6M; 1M+3M+6M; 1M+3M+6M,True,mid,1,11,,,
NVA.1^26,NVA,,1,2025-10-14,2025-12-11,2025-10-14..2025-12-11,1M+3M+6M,True,small,3,3,,,
NVAX,NVAX,,26,2005-10-18,2026-09-11,2005-10-18..2005-11-10; 2005-12-20..2006-04-06; 2009-04-30..2009-09-15; 2013-09-18..2013-09-24; 2013-12-04..2014-02-28; 2014-05-21..2014-07-10; 2014-10-27..2014-11-13; 2015-01-16..2015-03-27; 2015-08-12..2015-08-26; 2015-11-30..2016-01-05; 2017-07-25..2017-07-28; 2018-01-17..2018-03-07; 2018-12-11..2019-02-13; 2020-01-21..2020-08-19; 2020-10-15..2020-10-20; 2020-12-02..2020-12-07; 2021-01-29..2021-02-24; 2021-04-27..2021-05-07; 2021-06-21..2021-09-20; 2021-11-22..2021-12-23; 2022-07-08..2022-07-22; 2023-04-18..2023-04-26; 2023-09-08..2023-09-15; 2024-05-13..2024-06-18; 2024-09-24..2024-10-15; 2026-09-02..2026-09-11,1M+3M+6M; 1M+3M+6M; 1M+3M+6M; 3M; 1M+3M+6M; 1M+3M+6M; 1M+3M+6M; 1M+3M+6M; 1M+3M+6M; 1M+3M+6M; 3M; 1M+3M+6M; 1M+3M+6M; 1M+3M+6M; 6M; 6M; 1M+3M+6M; 1M+3M+6M; 1M+3M+6M; 1M+3M+6M; 1M+3M; 1M; 1M+3M+6M; 1M+3M+6M; 1M+6M; 1M,True,small,1,71,,,
NVCN^23,NVCN,,1,2016-12-12,2017-01-19,2016-12-12..2017-01-19,1M+3M+6M,True,small,1,2,,,
NVCR,NVCR,,16,2017-04-03,2026-05-14,2017-04-03..2017-05-11; 2017-06-27..2017-08-10; 2018-01-31..2018-02-01; 2018-07-27..2018-08-03; 2018-09-20..2018-10-11; 2018-12-19..2019-01-10; 2020-01-31..2020-02-03; 2020-09-22..2020-10-28; 2020-12-07..2021-01-08; 2021-04-27..2021-05-10; 2022-02-18..2022-02-25; 2023-01-06..2023-01-18; 2024-05-15..2024-06-10; 2024-08-05..2024-08-13; 2024-12-03..2025-01-03; 2026-05-11..2026-05-14,1M+3M+6M; 1M+3M+6M; 1M; 1M+3M+6M; 1M+3M+6M; 1M+3M+6M; 6M; 1M+3M+6M; 1M+3M+6M; 1M+3M+6M; 1M; 1M+3M+6M; 1M+3M+6M; 3M+6M; 1M+3M; 1M,True,mid,1,36,,,
NVCT,NVCT,,1,2026-07-29,2026-08-05,2026-07-29..2026-08-05,3M+6M,False,small,2,1,,,
NVDA,NVDA,,10,2006-08-08,2024-09-05,2006-08-08..2006-08-22; 2007-10-26..2007-10-30; 2009-03-17..2009-04-28; 2011-01-19..2011-02-01; 2011-09-29..2011-10-20; 2020-02-28..2020-03-04; 2020-09-10..2020-09-15; 2021-11-22..2021-12-10; 2022-04-06..2022-04-08; 2024-09-04..2024-09-05,1M+3M+6M; 1M+3M+6M; 1M+6M; 1M+3M+6M; 1M+3M; 1M+3M+6M; 1M+3M+6M; 1M+3M+6M; 3M+6M; 1M+3M+6M,True,large_plus,1,21,,,
NVEC,NVEC,,1,2006-08-31,2006-11-30,2006-08-31..2006-11-30,1M+3M+6M,True,small,1,6,,,
NVEI^24,NVEI,,1,2022-03-25,2022-04-08,2022-03-25..2022-04-08,1M+3M+6M,True,large_plus,1,1,,,
NVE^13,NVE,,1,2008-11-19,2008-12-23,2008-11-19..2008-12-23,1M+3M,False,mid,1,3,,,
NVLS.1^12,NVLS,,1,2009-03-27,2009-03-31,2009-03-27..2009-03-31,3M,False,small,11,3,,,
NVMI,NVMI,,2,2026-02-10,2026-04-07,2026-02-10..2026-02-11; 2026-04-06..2026-04-07,3M; 3M+6M,False,large_plus,9,6,,,
NVNI,NVNI,,1,2024-12-23,2025-02-18,2024-12-23..2025-02-18,1M+3M+6M,True,small,1,3,,,
NVR,NVR,,3,2007-11-16,2008-09-15,2007-11-16..2008-02-13; 2008-04-03..2008-04-21; 2008-08-05..2008-09-15,1M+3M+6M; 1M+3M+6M; 3M+6M,True,mid,2,11,,,
NVRI,NVRI,,1,2009-01-21,2009-01-22,2009-01-21..2009-01-22,3M,False,mid,9,1,,,
NVRO^25,NVRO,,2,2015-10-01,2019-01-28,2015-10-01..2015-10-06; 2019-01-24..2019-01-28,1M+3M+6M; 3M+6M,True,small,3,3,,,
NVT.1^08,NVT,,1,2007-08-09,2007-08-21,2007-08-09..2007-08-21,1M+3M+6M,True,mid,1,4,,,
NVTAQ^24,NVTAQ,NVTA,9,2018-09-05,2022-11-16,2018-09-05..2018-10-05; 2019-01-23..2019-04-24; 2019-06-27..2019-08-20; 2020-02-06..2020-02-26; 2020-06-22..2020-07-22; 2020-08-28..2020-10-23; 2020-12-02..2020-12-18; 2022-08-18..2022-08-26; 2022-11-15..2022-11-16,1M+3M+6M; 1M+3M+6M; 1M+3M+6M; 1M+3M+6M; 1M+3M; 1M+3M+6M; 6M; 1M; 1M,True,small,1,23,,,
NVTS,NVTS,,5,2023-03-15,2026-06-11,2023-03-15..2023-04-17; 2023-05-24..2023-07-24; 2025-05-23..2025-08-07; 2025-10-02..2025-11-04; 2026-04-21..2026-06-11,1M+3M+6M; 1M+3M+6M; 1M+3M+6M; 1M+6M; 1M+3M+6M,True,small,1,17,,,
NWA^08,NWA,,2,2008-01-31,2008-09-29,2008-01-31..2008-02-11; 2008-07-23..2008-09-29,1M+3M+6M; 1M+3M,True,mid,1,4,,,
NWBO,NWBO,,2,2014-03-12,2014-07-01,2014-03-12..2014-03-28; 2014-06-20..2014-07-01,1M+3M+6M; 3M+6M,True,small,4,2,,,
NWG,NWG,,1,2009-05-13,2009-05-22,2009-05-13..2009-05-22,1M+3M,False,large_plus,3,1,,,
NWL,NWL,,2,2009-05-13,2026-07-07,2009-05-13..2009-05-27; 2026-06-22..2026-07-07,1M; 1M,False,mid,3,5,,,
NWN,NWN,,1,2008-10-07,2008-10-08,2008-10-07..2008-10-08,1M+6M,False,small,11,1,,,
NXE,NXE,,4,2021-09-15,2026-01-30,2021-09-15..2021-10-29; 2023-10-02..2023-10-04; 2024-04-16..2024-05-09; 2026-01-29..2026-01-30,1M+3M+6M; 1M+3M+6M; 1M+3M+6M; 1M,True,mid,2,11,,,
NXG.1^11,NXG,SZC,1,2011-09-12,2011-09-21,2011-09-12..2011-09-21,1M+3M+6M,True,small,3,1,,,
NXH,NXH,,14,2005-08-18,2023-08-14,2005-08-18..2005-08-22; 2006-03-22..2006-04-10; 2007-10-15..2007-11-13; 2010-05-06..2010-05-12; 2013-05-14..2013-08-07; 2017-10-02..2018-01-26; 2018-07-25..2018-07-30; 2019-02-01..2019-03-06; 2019-07-03..2019-08-16; 2020-04-17..2020-09-02; 2021-04-26..2021-07-14; 2021-10-04..2021-10-05; 2021-11-02..2021-11-15; 2023-06-22..2023-08-14,1M+3M+6M; 1M+3M+6M; 1M+3M+6M; 3M; 1M+3M+6M; 1M+3M+6M; 1M; 1M+3M; 1M+3M+6M; 1M+3M+6M; 1M+3M+6M; 6M; 1M; 1M+3M+6M,True,small,1,41,,,
NXPI,NXPI,,4,2011-01-28,2012-08-08,2011-01-28..2011-04-14; 2011-09-23..2011-09-27; 2011-11-03..2011-11-07; 2012-07-30..2012-08-08,1M+3M+6M; 1M+3M+6M; 3M; 1M+3M+6M,True,mid,1,11,,,
NXST,NXST,,2,2013-04-25,2014-05-22,2013-04-25..2013-05-02; 2014-05-13..2014-05-22,1M+3M+6M; 1M+3M+6M,True,small,4,4,,,
NXT,NXT,,10,2023-04-06,2026-04-07,2023-04-06..2023-06-05; 2023-08-08..2023-08-15; 2023-11-20..2023-11-21; 2024-01-03..2024-01-05; 2024-05-29..2024-06-25; 2025-01-21..2025-01-24; 2025-05-19..2025-06-04; 2025-11-07..2025-11-18; 2026-01-30..2026-02-20; 2026-03-31..2026-04-07,1M+3M; 1M+3M+6M; 3M+6M; 1M+3M+6M; 1M+3M+6M; 1M; 3M+6M; 1M+3M+6M; 1M+6M; 1M+3M+6M,True,large_plus,2,24,,,
NXTC,NXTC,,1,2019-11-07,2020-01-10,2019-11-07..2020-01-10,1M+3M+6M,True,small,1,1,,,
NXTM^19,NXTM,,1,2011-10-04,2011-10-11,2011-10-04..2011-10-11,1M+3M+6M,True,small,2,2,,,
NXTT,NXTT,,1,2025-05-12,2025-06-04,2025-05-12..2025-06-04,1M+3M+6M,True,small,2,2,,,
NXY^13,NXY,,3,2008-12-01,2009-05-19,2008-12-01..2008-12-03; 2009-01-15..2009-01-16; 2009-04-13..2009-05-19,1M; 3M; 6M,False,large_plus,2,7,,,
NYT,NYT,,4,2008-02-25,2012-10-26,2008-02-25..2008-04-07; 2009-10-14..2009-11-03; 2011-02-07..2011-02-08; 2012-10-25..2012-10-26,1M+3M+6M; 1M; 1M+3M+6M; 1M+3M+6M,True,small,2,9,,,
NYX.1^13,NYX,,1,2006-11-29,2006-12-05,2006-11-29..2006-12-05,1M+3M+6M,True,large_plus,1,2,,,
NZ.1^10,NZ,,1,2010-09-09,2010-09-17,2010-09-09..2010-09-17,1M+3M+6M,True,small,1,1,,,
N^16,N,,2,2010-10-07,2011-12-22,2010-10-07..2010-10-11; 2011-11-22..2011-12-22,1M+3M+6M; 1M+3M+6M,True,mid,1,3,,,
O,O,,2,2008-07-25,2009-01-07,2008-07-25..2008-08-04; 2008-12-19..2009-01-07,1M+3M+6M; 6M,True,mid,7,3,,,
OBE,OBE,,1,2026-04-27,2026-05-12,2026-04-27..2026-05-12,3M+6M,False,small,5,1,,,
OBX,OBX,,1,2021-12-21,2022-01-11,2021-12-21..2022-01-11,1M,False,small,1,2,,,
OC,OC,,5,2009-04-15,2026-07-08,2009-04-15..2009-05-06; 2009-07-29..2009-09-21; 2009-10-28..2009-11-16; 2010-05-14..2010-05-21; 2026-07-06..2026-07-08,1M; 1M+3M+6M; 1M+3M+6M; 1M+3M+6M; 1M,True,mid,1,14,,,
OCC,OCC,,1,2026-06-08,2026-07-01,2026-06-08..2026-07-01,1M+3M+6M,True,small,3,2,,,
OCDX^22,OCDX,,1,2021-04-08,2021-04-12,2021-04-08..2021-04-12,1M,False,mid,10,2,,,
OCEA,OCEA,,1,2024-02-26,2024-03-27,2024-02-26..2024-03-27,1M+3M,False,small,1,1,,,
OCFT^25,OCFT,,2,2020-06-19,2020-08-04,2020-06-19..2020-06-23; 2020-06-26..2020-08-04,6M; 1M+3M+6M,True,mid,5,5,,,
OCG,OCG,,1,2021-03-19,2021-04-07,2021-03-19..2021-04-07,1M,False,small,3,1,,,
OCGN,OCGN,,5,2020-12-28,2026-03-20,2020-12-28..2021-03-03; 2021-05-03..2021-05-14; 2021-10-28..2021-11-05; 2024-03-22..2024-05-31; 2026-03-11..2026-03-20,1M+3M+6M; 1M+3M+6M; 1M+3M; 1M+3M+6M; 1M+3M,True,small,1,10,,,
OCLR^18,OCLR,,8,2010-06-25,2017-06-26,2010-06-25..2010-06-29; 2010-10-11..2010-10-21; 2011-02-15..2011-03-08; 2016-02-08..2016-05-05; 2016-08-10..2016-08-11; 2016-09-23..2016-09-28; 2016-11-23..2017-03-01; 2017-06-13..2017-06-26,6M; 1M+3M+6M; 1M+3M+6M; 1M+3M+6M; 1M+3M+6M; 1M+3M+6M; 1M+3M+6M; 1M+3M+6M,True,small,1,23,,,
OCUL,OCUL,,8,2016-11-21,2025-12-12,2016-11-21..2016-11-23; 2017-02-24..2017-03-30; 2023-02-17..2023-03-10; 2024-02-22..2024-03-18; 2024-07-03..2024-08-22; 2024-10-22..2024-10-25; 2025-08-12..2025-08-21; 2025-12-11..2025-12-12,1M+3M; 1M+6M; 1M+3M+6M; 1M+3M+6M; 1M+3M+6M; 6M; 3M+6M; 1M,True,small,1,15,,,
ODD,ODD,,4,2023-11-16,2026-07-21,2023-11-16..2024-01-10; 2024-06-21..2024-06-27; 2025-05-02..2025-05-20; 2026-07-06..2026-07-21,1M+3M; 1M+3M+6M; 1M+3M+6M; 1M,True,mid,2,11,,,
ODFL,ODFL,,3,2008-02-01,2008-07-28,2008-02-01..2008-02-11; 2008-03-19..2008-03-31; 2008-07-23..2008-07-28,1M+3M; 3M+6M; 1M+3M,False,small,5,9,,,
ODP^25,ODP,,15,2008-09-09,2021-04-20,2008-09-09..2008-09-10; 2008-12-29..2009-01-06; 2009-04-28..2009-06-19; 2009-09-04..2009-10-23; 2010-10-27..2010-10-28; 2012-02-07..2012-04-05; 2012-09-14..2012-11-28; 2013-01-29..2013-02-22; 2016-03-31..2016-04-20; 2017-03-13..2017-03-14; 2018-11-21..2018-12-10; 2019-03-04..2019-03-15; 2019-09-26..2019-11-27; 2021-01-20..2021-01-22; 2021-04-15..2021-04-20,1M; 1M; 1M+3M; 1M+6M; 3M+6M; 1M+3M+6M; 1M+3M+6M; 1M+3M+6M; 1M+3M+6M; 1M+3M+6M; 6M; 6M; 1M+3M+6M; 1M; 1M,True,small,1,33,,,
OFG,OFG,,1,2008-03-11,2008-04-03,2008-03-11..2008-04-03,1M+3M+6M,True,small,2,2,,,
OGEN,OGEN,,1,2020-07-20,2020-07-28,2020-07-20..2020-07-28,1M+3M,False,small,8,1,,,
OGN,OGN,,1,2026-04-17,2026-04-28,2026-04-17..2026-04-28,1M,False,mid,4,2,,,
OHI,OHI,,1,2009-01-28,2009-02-10,2009-01-28..2009-02-10,6M,False,small,11,3,,,
OI,OI,,3,2007-08-10,2022-05-12,2007-08-10..2007-08-13; 2009-04-08..2009-05-29; 2022-05-02..2022-05-12,6M; 1M; 1M+6M,False,mid,6,9,,,
OII,OII,,11,2006-06-13,2026-08-04,2006-06-13..2006-08-10; 2008-01-17..2008-01-18; 2009-03-25..2009-03-30; 2009-05-07..2009-05-26; 2019-09-26..2019-09-27; 2021-05-11..2021-05-17; 2022-11-02..2022-11-15; 2023-01-10..2023-01-23; 2023-03-09..2023-03-14; 2026-02-23..2026-02-24; 2026-07-29..2026-08-04,1M+3M+6M; 1M+3M+6M; 3M; 6M; 6M; 1M; 1M+3M; 3M+6M; 6M; 1M; 1M+6M,True,mid,1,28,,,
OIS,OIS,,2,2019-04-30,2026-03-11,2019-04-30..2019-05-10; 2026-02-25..2026-03-11,1M+3M+6M; 1M+3M+6M,True,small,6,4,,,
OKE,OKE,,3,2016-02-01,2020-11-16,2016-02-01..2016-03-23; 2020-05-01..2020-05-18; 2020-11-06..2020-11-16,1M+3M+6M; 1M; 1M,True,large_plus,7,15,,,
OKLO,OKLO,,4,2024-04-23,2026-05-11,2024-04-23..2024-05-09; 2024-10-02..2025-02-25; 2025-05-12..2025-10-28; 2026-04-28..2026-05-11,1M+3M; 1M+3M+6M; 1M+3M+6M; 1M,True,small,1,18,,,
OKS^17,OKS,,2,2008-11-06,2016-03-23,2008-11-06..2008-11-18; 2016-02-02..2016-03-23,1M+3M+6M; 1M+3M+6M,True,mid,3,7,,,
OKTA,OKTA,,10,2017-06-13,2026-07-27,2017-06-13..2017-06-29; 2017-09-21..2017-09-27; 2018-03-09..2018-03-20; 2018-06-07..2018-06-15; 2018-07-30..2018-09-26; 2018-12-06..2019-01-15; 2020-06-04..2020-06-12; 2022-07-01..2022-08-23; 2022-12-13..2023-02-01; 2026-06-03..2026-07-27,1M; 1M+3M; 1M+3M+6M; 1M+3M+6M; 1M+3M+6M; 1M+3M+6M; 3M+6M; 1M+3M; 1M+3M+6M; 1M+3M+6M,True,mid,1,30,,,
OLED,OLED,,10,2011-01-21,2016-11-18,2011-01-21..2011-05-10; 2011-08-26..2011-09-29; 2012-01-24..2012-02-21; 2012-05-08..2012-05-11; 2012-08-13..2012-08-28; 2013-01-10..2013-03-25; 2013-08-15..2013-08-28; 2013-12-03..2013-12-04; 2015-12-03..2015-12-21; 2016-11-16..2016-11-18,1M+3M+6M; 1M+3M+6M; 1M+6M; 1M+3M+6M; 1M+3M+6M; 1M+3M+6M; 1M+3M+6M; 6M; 1M+3M+6M; 1M+3M+6M,True,small,1,25,,,
OLK^24,OLK,,1,2021-07-29,2021-08-09,2021-07-29..2021-08-09,1M+3M,False,mid,8,2,,,
OLLI,OLLI,,6,2016-02-26,2025-04-16,2016-02-26..2016-03-07; 2020-04-17..2020-04-22; 2020-05-13..2020-05-14; 2020-08-31..2020-09-01; 2022-04-21..2022-04-29; 2025-04-07..2025-04-16,3M+6M; 1M; 3M; 6M; 1M; 1M+3M+6M,True,mid,4,14,,,
OLMA,OLMA,,1,2025-11-20,2025-12-29,2025-11-20..2025-12-29,1M+3M+6M,True,small,1,3,,,
OLN,OLN,,2,2020-11-09,2021-04-07,2020-11-09..2020-11-24; 2021-03-26..2021-04-07,1M+3M; 1M+3M+6M,True,mid,5,6,,,
OLO^25,OLO,,2,2021-06-04,2021-08-30,2021-06-04..2021-06-21; 2021-08-25..2021-08-30,1M; 3M,False,mid,8,3,,,
OLPX^26,OLPX,,1,2022-06-06,2022-06-10,2022-06-06..2022-06-10,1M+3M+6M,True,large_plus,4,1,,,
OM,OM,,1,2022-11-30,2023-01-20,2022-11-30..2023-01-20,1M+3M+6M,True,small,3,6,,,
OMCL,OMCL,,3,2008-01-25,2024-08-20,2008-01-25..2008-01-31; 2008-03-26..2008-03-31; 2024-08-05..2024-08-20,1M+3M+6M; 1M; 1M+3M+6M,True,small,5,6,,,
OMDA,OMDA,,1,2026-08-13,2026-08-14,2026-08-13..2026-08-14,6M,False,small,11,2,,,
OMED.2^19,OMED,,1,2013-12-09,2014-02-21,2013-12-09..2014-02-21,1M+3M,False,small,1,4,,,
OMER,OMER,,13,2013-09-25,2026-09-01,2013-09-25..2013-10-23; 2015-03-09..2015-03-24; 2016-11-17..2016-11-28; 2017-04-05..2017-04-20; 2017-06-16..2017-07-06; 2017-08-14..2017-08-24; 2017-12-01..2017-12-11; 2018-04-04..2018-06-05; 2018-07-27..2018-09-21; 2020-03-04..2020-03-12; 2024-12-06..2024-12-09; 2025-10-31..2026-01-15; 2026-07-28..2026-09-01,1M+3M+6M; 1M+6M; 1M+3M; 1M+3M+6M; 1M+3M+6M; 1M+3M+6M; 1M; 1M+3M+6M; 1M+3M+6M; 1M; 1M; 1M+3M+6M; 1M,True,small,1,29,,,
OMEX,OMEX,,1,2007-05-25,2007-06-12,2007-05-25..2007-06-12,1M+3M+6M,True,small,1,2,,,
OMGAQ^25,OMGAQ,OMGA,1,2024-01-04,2024-01-24,2024-01-04..2024-01-24,1M+3M,False,small,5,1,,,
OMG^15,OMG,,4,2008-01-16,2009-11-13,2008-01-16..2008-01-22; 2009-01-07..2009-01-13; 2009-04-09..2009-04-17; 2009-11-12..2009-11-13,1M+3M+6M; 3M; 6M; 1M,True,small,7,10,,,
OMRI^08,OMRI,,2,2006-11-24,2008-12-02,2006-11-24..2006-12-21; 2008-11-24..2008-12-02,1M+3M+6M; 1M+3M+6M,True,small,1,4,,,
OMTR^09,OMTR,,4,2007-07-02,2009-03-23,2007-07-02..2007-08-27; 2007-10-11..2007-11-09; 2007-12-27..2008-01-09; 2009-02-26..2009-03-23,1M+3M+6M; 1M+3M+6M; 1M+3M+6M; 1M+3M+6M,True,mid,3,10,,,
OMX^13,OMX,,7,2009-05-04,2013-03-11,2009-05-04..2009-05-11; 2009-07-31..2009-08-12; 2010-02-12..2010-02-17; 2012-04-05..2012-04-09; 2012-09-25..2012-10-03; 2012-11-16..2012-11-26; 2013-02-20..2013-03-11,1M; 1M; 1M+3M+6M; 1M; 1M+3M+6M; 1M+3M+6M; 1M+3M+6M,True,small,1,15,,,
ON,ON,,7,2005-07-26,2021-12-20,2005-07-26..2005-08-11; 2006-08-02..2006-08-16; 2009-01-09..2009-02-05; 2009-05-20..2009-06-03; 2011-11-17..2011-11-22; 2021-03-23..2021-03-24; 2021-12-16..2021-12-20,1M+3M+6M; 1M+3M+6M; 1M; 6M; 1M+3M; 6M; 1M+3M+6M,True,small,1,15,,,
ONB,ONB,,1,2008-02-04,2008-02-11,2008-02-04..2008-02-11,6M,False,small,13,2,,,
ONC,ONC,,9,2017-09-18,2022-12-21,2017-09-18..2017-10-18; 2017-12-08..2018-03-23; 2018-08-08..2018-08-13; 2018-11-29..2018-12-17; 2020-07-24..2020-07-31; 2021-01-27..2021-01-29; 2022-04-12..2022-04-18; 2022-06-24..2022-08-24; 2022-10-31..2022-12-21,1M+3M+6M; 1M+3M+6M; 1M+3M+6M; 1M+3M+6M; 1M+3M+6M; 1M; 1M+3M+6M; 1M+3M+6M; 1M+3M+6M,True,large_plus,1,26,,,
ONCE^19,ONCE,,8,2015-03-27,2019-01-23,2015-03-27..2015-04-14; 2015-10-06..2015-12-07; 2016-05-19..2016-06-15; 2016-07-25..2016-10-04; 2017-01-18..2017-01-25; 2017-06-29..2017-08-01; 2018-02-07..2018-07-19; 2019-01-15..2019-01-23,1M; 1M+3M+6M; 1M+3M+6M; 1M+3M+6M; 3M+6M; 1M+3M+6M; 1M+3M+6M; 1M+3M,True,small,1,28,,,
ONCT^24,ONCT,,2,2020-11-09,2021-04-09,2020-11-09..2020-11-18; 2021-03-31..2021-04-09,1M+3M; 1M+6M,False,small,3,4,,,
ONDK^20,ONDK,,1,2015-04-06,2015-04-07,2015-04-06..2015-04-07,1M,False,small,5,2,,,
ONDS,ONDS,,4,2024-12-30,2026-01-28,2024-12-30..2025-01-16; 2025-06-04..2025-06-27; 2025-07-30..2025-10-21; 2025-12-08..2026-01-28,1M+6M; 1M+3M+6M; 1M+3M+6M; 1M+3M+6M,True,small,1,19,,,
ONEM^23,ONEM,,1,2020-05-01,2020-06-04,2020-05-01..2020-06-04,1M+3M,False,mid,9,5,,,
ONIT,ONIT,,5,2012-11-05,2017-01-17,2012-11-05..2012-11-08; 2015-03-04..2015-03-06; 2015-05-06..2015-05-22; 2015-10-23..2015-10-26; 2016-10-20..2017-01-17,1M+3M+6M; 1M; 1M+3M; 6M; 1M+3M+6M,True,small,1,13,,,
ONMD,ONMD,,2,2024-05-28,2025-10-28,2024-05-28..2024-06-07; 2025-10-13..2025-10-28,1M+3M; 1M+3M+6M,True,small,1,2,,,
ONON,ONON,,2,2021-11-11,2023-04-12,2021-11-11..2021-12-06; 2023-03-27..2023-04-12,1M; 1M+3M+6M,True,large_plus,2,7,,,
ONT.1^10,ONT,MEG,1,2007-04-26,2007-06-26,2007-04-26..2007-06-26,1M+3M+6M,True,small,1,2,,,
ONTO,ONTO,,2,2026-02-18,2026-07-09,2026-02-18..2026-03-04; 2026-06-25..2026-07-09,3M+6M; 1M+6M,False,large_plus,4,5,,,
ONXX^13,ONXX,,5,2007-02-15,2011-12-15,2007-02-15..2007-03-09; 2007-11-19..2007-11-27; 2008-07-30..2008-08-15; 2011-10-12..2011-10-19; 2011-12-13..2011-12-15,1M+3M+6M; 1M+3M+6M; 3M; 1M+3M+6M; 1M+3M+6M,True,mid,1,10,,,
OPAD,OPAD,,1,2025-09-02,2025-09-19,2025-09-02..2025-09-19,1M+3M,False,small,3,2,,,
OPEN,OPEN,,5,2021-08-30,2025-10-02,2021-08-30..2021-11-04; 2023-01-26..2023-02-15; 2023-04-12..2023-08-07; 2023-12-01..2024-01-04; 2025-07-21..2025-10-02,1M+3M+6M; 1M; 1M+3M+6M; 1M+3M+6M; 1M+3M+6M,True,small,1,23,,,
OPEN.4^14,OPEN,,4,2010-12-03,2012-09-26,2010-12-03..2010-12-14; 2011-12-27..2012-02-08; 2012-06-13..2012-07-02; 2012-09-25..2012-09-26,1M+3M+6M; 1M+3M+6M; 1M+3M+6M; 6M,True,small,3,8,,,
OPFI,OPFI,,1,2025-01-15,2025-02-12,2025-01-15..2025-02-12,1M+3M+6M,True,small,2,3,,,
OPK,OPK,,11,2013-01-30,2025-03-12,2013-01-30..2013-02-14; 2013-09-04..2013-10-31; 2016-03-30..2016-04-06; 2018-05-18..2018-08-14; 2019-01-22..2019-01-29; 2020-03-06..2020-03-20; 2020-07-06..2020-08-12; 2020-10-15..2020-10-27; 2021-12-29..2022-01-12; 2024-04-17..2024-04-22; 2025-03-07..2025-03-12,1M+3M+6M; 1M+3M+6M; 3M+6M; 1M+3M+6M; 1M+3M+6M; 1M+3M+6M; 1M+3M+6M; 1M; 1M+3M+6M; 1M; 3M,True,mid,1,33,,,
OPLK^14,OPLK,,1,2011-02-23,2011-03-02,2011-02-23..2011-03-02,3M,False,small,14,1,,,
OPRA,OPRA,,2,2023-06-06,2024-04-03,2023-06-06..2023-07-24; 2024-03-08..2024-04-03,1M+3M+6M; 1M+3M+6M,True,mid,1,5,,,
OPSW^07,OPSW,,1,2006-09-29,2006-10-05,2006-09-29..2006-10-05,1M+3M+6M,True,small,3,1,,,
OPTR^13,OPTR,,1,2011-09-13,2011-10-26,2011-09-13..2011-10-26,1M+3M+6M,True,small,1,3,,,
OPTT,OPTT,,4,2014-02-18,2025-01-17,2014-02-18..2014-03-24; 2020-10-12..2020-10-23; 2020-12-02..2020-12-14; 2025-01-06..2025-01-17,1M+3M+6M; 1M+3M+6M; 6M; 1M+3M,True,small,2,8,,,
OPTU,OPTU,,1,2026-06-24,2026-06-30,2026-06-24..2026-06-30,1M,False,small,2,1,,,
OPTX,OPTX,,2,2026-01-09,2026-06-25,2026-01-09..2026-02-18; 2026-06-04..2026-06-25,1M+3M+6M; 1M+6M,True,small,1,6,,,
ORA,ORA,,1,2006-02-24,2006-02-27,2006-02-24..2006-02-27,1M+3M+6M,True,small,9,1,,,
ORCL,ORCL,,1,2025-09-24,2025-09-29,2025-09-24..2025-09-29,1M+6M,False,large_plus,12,2,,,
ORGO,ORGO,,2,2021-03-10,2025-03-25,2021-03-10..2021-05-04; 2025-02-28..2025-03-25,1M+3M+6M; 1M+3M+6M,True,small,1,7,,,
ORH^09,ORH,,2,2008-09-25,2008-12-09,2008-09-25..2008-10-08; 2008-11-19..2008-12-09,1M+3M+6M; 1M+3M+6M,True,mid,1,5,,,
ORI,ORI,,3,2008-09-18,2009-04-22,2008-09-18..2008-09-30; 2008-12-29..2009-01-22; 2009-04-13..2009-04-22,1M+6M; 3M+6M; 6M,False,mid,4,6,,,
ORIC,ORIC,,2,2023-01-25,2025-06-24,2023-01-25..2023-02-02; 2025-06-09..2025-06-24,3M; 1M,False,small,8,6,,,
ORIO,ORIO,,1,2021-03-17,2021-04-16,2021-03-17..2021-04-16,3M+6M,False,small,7,2,,,
ORKA,ORKA,,4,2010-03-29,2026-08-28,2010-03-29..2010-04-01; 2025-12-04..2025-12-26; 2026-02-10..2026-05-08; 2026-06-23..2026-08-28,1M+3M+6M; 3M; 1M+3M+6M; 1M+3M+6M,True,small,1,13,,,
ORLA^26,ORLA,,4,2025-03-21,2026-02-09,2025-03-21..2025-05-07; 2025-06-23..2025-07-30; 2025-12-01..2025-12-02; 2026-01-02..2026-02-09,1M+3M+6M; 6M; 1M; 3M,True,mid,1,13,,,
ORLY,ORLY,,1,2008-12-03,2008-12-24,2008-12-03..2008-12-24,3M+6M,False,mid,3,4,,,
ORMP,ORMP,,3,2014-01-09,2022-08-19,2014-01-09..2014-01-30; 2021-08-05..2021-11-22; 2022-07-12..2022-08-19,1M+3M+6M; 1M+3M+6M; 1M+3M,True,small,1,7,,,
OSCR,OSCR,,11,2021-09-17,2026-09-21,2021-09-17..2021-09-29; 2022-04-01..2022-04-04; 2023-04-12..2023-06-28; 2023-11-15..2024-03-04; 2024-04-23..2024-05-31; 2024-08-16..2024-10-03; 2025-01-29..2025-02-05; 2025-05-13..2025-07-03; 2025-08-27..2025-09-12; 2026-05-15..2026-07-21; 2026-08-07..2026-09-21,1M; 1M; 1M+3M+6M; 1M+3M+6M; 1M+3M+6M; 1M+3M+6M; 1M; 1M+3M+6M; 1M; 1M+3M; 6M,True,mid,1,39,,,
OSG,OSG,,1,2014-03-12,2014-03-13,2014-03-12..2014-03-13,1M,False,small,15,1,,,
OSH^23,OSH,,5,2021-04-14,2023-01-27,2021-04-14..2021-04-19; 2022-03-10..2022-03-30; 2022-07-07..2022-08-03; 2023-01-17..2023-01-24; 2023-01-26..2023-01-27,1M+3M+6M; 1M; 1M+3M+6M; 1M; 3M,True,mid,1,10,,,
OSIR^19,OSIR,,1,2013-08-14,2013-09-05,2013-08-14..2013-09-05,1M+3M+6M,True,small,1,3,,,
OSK,OSK,,5,2008-12-17,2015-09-11,2008-12-17..2009-01-27; 2009-06-25..2009-09-21; 2009-12-14..2009-12-16; 2011-11-14..2011-11-18; 2015-09-09..2015-09-11,1M+3M; 1M+3M+6M; 1M+3M+6M; 1M+3M+6M; 1M+3M+6M,True,mid,1,10,,,
OSPN,OSPN,,6,2007-03-02,2015-05-07,2007-03-02..2007-03-09; 2007-07-31..2007-08-28; 2007-10-19..2007-10-24; 2007-12-20..2007-12-21; 2014-09-25..2014-12-31; 2015-04-28..2015-05-07,1M+3M+6M; 1M+3M+6M; 3M+6M; 6M; 1M+3M+6M; 1M+6M,True,small,1,15,,,
OSS,OSS,,1,2026-05-06,2026-07-01,2026-05-06..2026-07-01,1M+6M,False,small,3,3,,,
OST,OST,,1,2025-05-01,2025-06-25,2025-05-01..2025-06-25,1M+3M+6M,True,small,3,2,,,
OSUR,OSUR,,2,2012-07-11,2020-05-22,2012-07-11..2012-07-23; 2020-04-15..2020-05-22,1M+3M+6M; 1M+3M+6M,True,small,6,4,,,
OTLK,OTLK,,2,2019-06-03,2026-07-10,2019-06-03..2019-06-07; 2026-06-15..2026-07-10,1M+3M+6M; 1M+3M,True,small,1,2,,,
OTLY,OTLY,,1,2023-01-10,2023-01-30,2023-01-10..2023-01-30,1M,False,small,4,4,,,
OTRKQ,OTRKQ,OTRK,1,2020-08-06,2020-09-21,2020-08-06..2020-09-21,1M+3M+6M,True,small,3,2,,,
OUST,OUST,,3,2024-04-03,2026-07-14,2024-04-03..2024-06-04; 2025-06-05..2025-11-03; 2026-05-26..2026-07-14,1M+3M+6M; 1M+3M+6M; 1M+3M,True,small,2,11,,,
OVID,OVID,,1,2026-04-10,2026-04-16,2026-04-10..2026-04-16,1M,False,small,11,1,,,
OVTI^16,OVTI,,4,2007-04-11,2012-03-08,2007-04-11..2007-04-12; 2010-06-08..2010-08-12; 2011-03-07..2011-03-22; 2012-02-29..2012-03-08,1M+3M+6M; 1M+3M+6M; 1M; 1M+3M+6M,True,small,1,8,,,
OVV,OVV,,7,2009-01-09,2022-11-21,2009-01-09..2009-01-20; 2020-04-29..2020-08-11; 2021-03-03..2021-03-16; 2021-05-13..2021-05-14; 2022-01-21..2022-03-21; 2022-06-14..2022-06-21; 2022-10-24..2022-11-21,3M; 1M+3M; 1M+3M+6M; 6M; 1M+3M+6M; 1M+3M+6M; 3M+6M,True,large_plus,1,19,,,
OWL,OWL,,1,2021-08-03,2021-08-05,2021-08-03..2021-08-05,1M,False,large_plus,6,2,,,
OWW^15,OWW,,3,2013-06-04,2014-03-04,2013-06-04..2013-06-06; 2013-08-13..2013-08-23; 2014-03-03..2014-03-04,1M+3M+6M; 3M+6M; 1M,True,small,2,3,,,
OXM,OXM,,1,2011-09-16,2011-09-29,2011-09-16..2011-09-29,1M+3M+6M,True,small,3,3,,,
OXY,OXY,,6,2008-12-29,2022-05-31,2008-12-29..2009-02-03; 2020-04-30..2020-05-01; 2020-06-09..2020-06-29; 2020-11-16..2021-03-23; 2021-05-19..2021-07-14; 2022-01-28..2022-05-31,3M+6M; 1M; 1M+3M; 1M+3M+6M; 1M+3M+6M; 1M+3M+6M,True,large_plus,1,27,,,
OZON^23,OZON,,1,2021-01-22,2021-03-02,2021-01-22..2021-03-02,1M+3M,False,large_plus,7,3,,,
P,P,,2,2016-04-06,2026-08-31,2016-04-06..2016-04-14; 2026-08-03..2026-08-31,3M+6M; 1M+3M+6M,True,large_plus,1,2,,,
P.4^19,P,PSTG,10,2011-10-14,2018-04-02,2011-10-14..2011-10-19; 2012-01-20..2012-03-07; 2012-05-21..2012-07-02; 2012-09-07..2012-10-05; 2013-01-08..2013-03-04; 2013-05-24..2013-07-18; 2013-09-23..2013-10-11; 2014-01-24..2014-02-19; 2015-12-21..2016-01-05; 2018-02-20..2018-04-02,1M+3M; 1M+3M+6M; 1M+3M+6M; 1M+3M+6M; 1M+3M+6M; 1M+3M+6M; 1M+3M+6M; 1M+3M+6M; 1M+3M+6M; 1M,True,mid,1,28,,,
PAA,PAA,,3,2008-11-07,2016-03-23,2008-11-07..2008-11-11; 2009-02-23..2009-03-02; 2016-03-09..2016-03-23,1M+3M+6M; 6M; 3M,True,mid,7,5,,,
PAAS,PAAS,,15,2007-11-19,2026-03-12,2007-11-19..2007-11-21; 2008-01-22..2008-01-24; 2008-03-18..2008-03-19; 2008-07-16..2008-07-23; 2008-12-15..2009-01-09; 2009-01-20..2009-02-05; 2009-09-14..2009-09-23; 2010-05-20..2010-05-24; 2011-04-18..2011-04-21; 2015-09-25..2015-11-02; 2016-02-09..2016-04-05; 2016-05-18..2016-05-25; 2016-11-28..2016-12-05; 2025-04-21..2025-04-25; 2026-01-30..2026-03-12,1M+3M; 1M+3M+6M; 1M+3M+6M; 1M+3M+6M; 1M; 3M; 1M; 3M+6M; 1M+3M+6M; 1M+3M+6M; 1M+3M+6M; 1M+3M+6M; 1M+3M+6M; 3M; 3M+6M,True,mid,2,36,,,
PACB,PACB,,10,2015-10-06,2024-11-06,2015-10-06..2016-01-14; 2016-04-11..2016-06-13; 2016-08-09..2016-08-22; 2020-08-21..2021-02-26; 2022-10-20..2022-12-06; 2023-01-24..2023-02-08; 2023-04-06..2023-06-23; 2023-11-30..2023-12-11; 2024-07-30..2024-08-01; 2024-11-01..2024-11-06,1M+3M+6M; 1M+3M+6M; 1M+3M+6M; 1M+3M+6M; 1M+3M+6M; 3M+6M; 1M+3M+6M; 1M; 1M; 1M,True,small,1,31,,,
PACS,PACS,,2,2025-11-20,2026-05-20,2025-11-20..2026-03-04; 2026-05-15..2026-05-20,1M+3M+6M; 6M,True,mid,2,7,,,
PAET^11,PAET,,1,2011-08-08,2011-08-12,2011-08-08..2011-08-12,1M+3M+6M,True,small,4,2,,,
PAG,PAG,,2,2009-04-29,2009-07-20,2009-04-29..2009-05-04; 2009-06-22..2009-07-20,6M; 1M+3M+6M,True,small,8,5,,,
PAGP,PAGP,,1,2016-04-12,2016-07-25,2016-04-12..2016-07-25,1M+3M+6M,True,mid,4,7,,,
PAGS,PAGS,,5,2018-10-10,2025-04-23,2018-10-10..2018-11-01; 2020-06-01..2020-06-19; 2022-08-09..2022-09-22; 2023-05-24..2023-05-26; 2025-04-15..2025-04-23,1M+3M+6M; 1M+3M+6M; 1M; 1M+3M; 3M,True,mid,2,15,,,
PALI,PALI,,2,2025-10-13,2025-11-18,2025-10-13..2025-10-24; 2025-11-10..2025-11-18,1M; 3M,False,small,9,4,,,
PALM^10,PALM,,6,2008-02-25,2010-01-22,2008-02-25..2008-02-29; 2008-06-09..2008-06-16; 2008-08-13..2008-09-09; 2009-01-09..2009-08-10; 2009-09-28..2009-10-09; 2010-01-21..2010-01-22,1M; 1M; 1M+3M+6M; 1M+3M+6M; 1M+3M+6M; 1M,True,small,1,20,,,
PAM,PAM,,6,2018-10-02,2025-11-13,2018-10-02..2018-10-05; 2018-11-13..2018-12-18; 2019-06-14..2019-06-28; 2019-10-08..2019-10-15; 2023-12-01..2023-12-08; 2025-10-31..2025-11-13,1M+3M+6M; 1M+3M+6M; 1M+3M+6M; 1M+3M+6M; 1M+3M+6M; 1M,True,mid,1,11,,,
PANC,PANC,,1,2005-08-22,2005-10-13,2005-08-22..2005-10-13,1M+3M+6M,True,small,1,4,,,
PANW,PANW,,4,2014-03-24,2026-07-27,2014-03-24..2014-03-28; 2014-10-13..2014-10-16; 2022-03-04..2022-03-10; 2026-06-09..2026-07-27,1M+3M+6M; 1M+3M+6M; 3M+6M; 1M+3M+6M,True,large_plus,1,9,,,
PARR,PARR,,3,2022-05-23,2026-04-13,2022-05-23..2022-06-22; 2025-11-05..2025-11-20; 2026-03-12..2026-04-13,3M+6M; 6M; 1M+3M+6M,True,mid,2,9,,,
PAS^10,PAS,,1,2007-08-14,2007-08-16,2007-08-14..2007-08-16,1M+3M+6M,True,mid,7,3,,,
PATH,PATH,,6,2022-06-10,2026-08-21,2022-06-10..2022-07-13; 2023-02-14..2023-02-15; 2023-03-30..2023-04-06; 2023-06-02..2023-06-22; 2023-12-12..2023-12-21; 2026-08-06..2026-08-21,1M+3M+6M; 3M; 1M+3M+6M; 1M+3M+6M; 1M+3M+6M; 1M,True,mid,3,10,,,
PAVM,PAVM,,4,2021-03-02,2021-10-01,2021-03-02..2021-03-08; 2021-04-06..2021-04-21; 2021-06-22..2021-06-30; 2021-08-13..2021-10-01,1M; 3M; 6M; 6M,False,small,7,5,,,
PAY,PAY,,2,2021-12-27,2026-08-24,2021-12-27..2022-01-12; 2026-08-05..2026-08-24,1M+3M+6M; 1M+3M,True,mid,3,3,,,
PAY.4^18,PAY,,1,2008-09-02,2008-09-08,2008-09-02..2008-09-08,1M+3M,False,small,5,1,,,
PAYC,PAYC,,5,2015-02-09,2022-07-14,2015-02-09..2015-03-04; 2015-05-13..2015-05-26; 2015-08-21..2015-08-31; 2020-05-04..2020-05-15; 2022-07-13..2022-07-14,1M+3M+6M; 1M+6M; 1M+3M+6M; 1M+6M; 3M+6M,True,large_plus,3,13,,,
PAYO,PAYO,,3,2022-05-27,2023-03-20,2022-05-27..2022-06-01; 2022-08-31..2022-11-07; 2023-03-14..2023-03-20,1M; 1M+3M+6M; 1M,True,mid,3,9,,,
PAYP,PAYP,,1,2026-07-28,2026-08-07,2026-07-28..2026-08-07,1M+3M,False,large_plus,7,2,,,
PAYS,PAYS,,1,2019-06-28,2019-07-29,2019-06-28..2019-07-29,1M+3M+6M,True,small,1,2,,,
PB,PB,,1,2009-02-11,2009-02-17,2009-02-11..2009-02-17,6M,False,small,11,1,,,
PBCT^22,PBCT,,1,2008-11-19,2008-12-10,2008-11-19..2008-12-10,1M+3M+6M,True,mid,3,1,,,
PBF,PBF,,15,2015-08-21,2026-09-21,2015-08-21..2015-08-26; 2015-10-14..2015-10-23; 2016-11-11..2016-11-16; 2021-03-04..2021-03-17; 2021-05-12..2021-05-13; 2021-10-04..2021-10-20; 2022-01-20..2022-06-23; 2022-08-12..2022-09-06; 2022-10-13..2022-11-15; 2023-02-24..2023-03-15; 2025-07-03..2025-07-08; 2025-09-09..2025-09-12; 2025-11-06..2025-11-20; 2026-03-04..2026-04-01; 2026-07-23..2026-09-21,1M+3M+6M; 1M+3M+6M; 1M+3M+6M; 1M+3M; 3M; 1M; 1M+3M+6M; 6M; 1M+3M+6M; 1M+3M+6M; 1M; 1M; 1M+3M; 1M+3M; 1M+3M+6M,True,mid,1,37,,,
PBI,PBI,,2,2019-09-13,2020-08-28,2019-09-13..2019-11-18; 2020-08-05..2020-08-28,1M+3M+6M; 1M+3M,True,small,2,6,,,
PBR,PBR,,8,2007-11-09,2023-02-07,2007-11-09..2007-11-29; 2008-12-31..2009-03-18; 2014-09-12..2014-09-15; 2015-04-23..2015-05-01; 2015-10-23..2015-11-16; 2016-03-03..2016-05-13; 2018-05-24..2018-05-29; 2023-01-24..2023-02-07,1M+3M+6M; 1M+3M+6M; 1M+3M+6M; 1M+3M+6M; 1M+3M+6M; 1M+3M+6M; 1M+3M+6M; 1M+3M+6M,True,large_plus,1,22,,,
PBT,PBT,,1,2008-03-20,2008-03-26,2008-03-20..2008-03-26,3M+6M,False,small,7,3,,,
PBYI,PBYI,,16,2013-07-01,2020-02-28,2013-07-01..2013-07-12; 2013-12-06..2014-03-06; 2014-07-16..2014-09-29; 2015-01-29..2015-03-30; 2015-09-14..2015-09-25; 2016-06-06..2016-06-15; 2016-08-04..2016-10-10; 2017-02-10..2017-03-28; 2017-05-23..2017-06-20; 2017-08-01..2017-08-04; 2017-11-10..2017-11-13; 2018-03-14..2018-03-23; 2019-03-07..2019-03-29; 2019-09-03..2019-09-10; 2019-11-29..2019-12-02; 2020-02-05..2020-02-28,1M+3M+6M; 1M+3M+6M; 1M+3M+6M; 1M+3M+6M; 1M+3M+6M; 1M; 1M+3M+6M; 1M+3M+6M; 1M+3M+6M; 1M+3M+6M; 1M+3M+6M; 1M+3M+6M; 1M+3M; 1M+3M+6M; 1M; 1M+3M+6M,True,small,1,45,,,
PCAR,PCAR,,1,2009-04-08,2009-05-11,2009-04-08..2009-05-11,1M+3M+6M,True,large_plus,2,3,,,
PCBC.3^12,PCBC,,3,2007-08-29,2010-05-05,2007-08-29..2007-09-05; 2008-09-18..2008-10-23; 2010-04-27..2010-05-05,1M+3M+6M; 1M+3M; 1M+3M+6M,True,small,1,5,,,
PCG,PCG,,5,2008-11-14,2020-05-01,2008-11-14..2008-12-08; 2019-02-26..2019-05-03; 2019-06-25..2019-07-12; 2019-12-05..2020-02-27; 2020-04-29..2020-05-01,1M+3M+6M; 1M+3M+6M; 1M+3M+6M; 1M+3M+6M; 6M,True,mid,1,13,,,
PCL.2^16,PCL,,1,2008-09-17,2008-10-01,2008-09-17..2008-10-01,6M,False,mid,5,1,,,
PCLA,PCLA,,1,2026-05-26,2026-06-12,2026-05-26..2026-06-12,1M,False,small,1,1,,,
PCOR,PCOR,,1,2026-08-03,2026-08-05,2026-08-03..2026-08-05,1M,False,mid,8,2,,,
PCRX,PCRX,,12,2013-03-18,2025-04-29,2013-03-18..2013-03-22; 2014-02-12..2014-02-20; 2014-05-07..2014-05-15; 2015-01-23..2015-03-02; 2015-11-11..2015-11-17; 2016-08-17..2016-08-25; 2017-01-11..2017-03-20; 2017-11-20..2017-12-04; 2018-04-16..2018-05-01; 2018-10-04..2018-11-19; 2025-02-06..2025-02-07; 2025-04-11..2025-04-29,1M+3M+6M; 1M+3M+6M; 1M+3M+6M; 1M+3M+6M; 1M; 1M; 1M+3M+6M; 1M; 1M+3M+6M; 1M+3M+6M; 1M; 1M+3M+6M,True,small,1,31,,,
PCT,PCT,,9,2021-06-21,2026-06-05,2021-06-21..2021-07-01; 2023-04-11..2023-04-14; 2023-06-05..2023-08-11; 2024-02-09..2024-02-27; 2024-04-04..2024-04-05; 2024-07-30..2024-08-08; 2024-09-19..2024-12-16; 2025-06-23..2025-07-31; 2026-05-15..2026-06-05,1M; 1M; 1M+3M+6M; 1M; 3M; 3M+6M; 1M+3M+6M; 1M+3M+6M; 1M+3M,True,small,3,25,,,
PCTY,PCTY,,1,2020-11-13,2020-11-23,2020-11-13..2020-11-23,3M+6M,False,large_plus,9,2,,,
PCVX,PCVX,,3,2020-09-22,2023-05-17,2020-09-22..2020-10-07; 2022-10-27..2022-11-21; 2023-04-26..2023-05-17,3M; 1M+3M+6M; 1M+3M+6M,True,mid,1,10,,,
PCYC^15,PCYC,,5,2011-12-09,2013-10-16,2011-12-09..2011-12-15; 2012-01-27..2012-03-06; 2012-07-03..2012-07-19; 2013-05-29..2013-06-07; 2013-10-09..2013-10-16,1M+3M+6M; 1M+3M+6M; 1M+3M+6M; 1M+3M+6M; 1M+3M+6M,True,mid,1,12,,,
PCZ^09,PCZ,,3,2009-01-14,2009-05-19,2009-01-14..2009-01-20; 2009-03-24..2009-04-02; 2009-05-15..2009-05-19,3M; 1M+3M+6M; 3M+6M,True,large_plus,5,6,,,
PD,PD,,2,2019-06-18,2023-03-30,2019-06-18..2019-06-25; 2023-02-13..2023-03-30,1M; 1M+3M+6M,True,mid,5,2,,,
PDCE^23,PDCE,,10,2013-06-10,2022-06-21,2013-06-10..2013-06-11; 2013-10-31..2013-11-06; 2015-01-05..2015-03-10; 2015-08-20..2015-11-16; 2019-09-18..2019-09-20; 2020-04-29..2020-04-30; 2021-02-26..2021-03-17; 2021-05-13..2021-05-26; 2022-01-21..2022-03-08; 2022-06-17..2022-06-21,6M; 1M+3M+6M; 1M+3M+6M; 1M+3M+6M; 1M+3M+6M; 1M; 1M+3M+6M; 3M+6M; 1M+3M+6M; 6M,True,mid,1,31,,,
PDD,PDD,,10,2018-09-20,2024-08-27,2018-09-20..2018-10-08; 2018-11-28..2019-03-14; 2020-04-28..2020-08-21; 2020-11-10..2021-02-26; 2021-09-10..2021-09-20; 2022-02-16..2022-02-18; 2022-06-02..2022-07-12; 2022-09-01..2022-09-21; 2022-11-21..2022-11-25; 2024-08-26..2024-08-27,1M; 1M+3M+6M; 1M+3M+6M; 1M+3M+6M; 1M+3M+6M; 1M+3M+6M; 1M+3M+6M; 1M+3M+6M; 1M+3M+6M; 1M+3M+6M,True,large_plus,1,31,,,
PDE^11,PDE,,1,2009-04-15,2009-04-29,2009-04-15..2009-04-29,6M,False,mid,13,5,,,
PDFS,PDFS,,1,2026-06-15,2026-06-30,2026-06-15..2026-06-30,1M,False,mid,11,3,,,
PDLI^20,PDLI,,2,2008-11-11,2009-04-08,2008-11-11..2008-11-12; 2009-03-18..2009-04-08,6M; 6M,False,small,6,5,,,
PDS,PDS,,7,2009-10-30,2016-12-19,2009-10-30..2009-11-03; 2015-10-21..2015-10-22; 2016-03-10..2016-03-14; 2016-04-20..2016-04-21; 2016-06-10..2016-06-23; 2016-10-14..2016-10-17; 2016-12-12..2016-12-19,1M+3M+6M; 1M; 1M+3M; 6M; 1M+3M+6M; 1M+3M+6M; 1M+3M+6M,True,small,7,11,,,
PDSB,PDSB,,2,2021-04-16,2022-12-27,2021-04-16..2021-07-14; 2022-12-01..2022-12-27,1M+3M+6M; 1M+3M+6M,True,small,2,6,,,
PDYN,PDYN,,2,2024-11-22,2025-06-26,2024-11-22..2025-02-21; 2025-06-13..2025-06-26,1M+3M+6M; 6M,True,small,1,6,,,
PEB,PEB,,1,2020-11-16,2020-11-19,2020-11-16..2020-11-19,1M,False,mid,11,1,,,
PEG,PEG,,2,2008-11-26,2008-12-11,2008-11-26..2008-12-02; 2008-12-03..2008-12-11,6M; 1M,False,large_plus,7,7,,,
PENG,PENG,,4,2017-10-12,2026-07-22,2017-10-12..2017-12-06; 2018-03-19..2018-04-11; 2021-12-07..2022-01-13; 2026-04-28..2026-07-22,1M+3M+6M; 1M+3M+6M; 3M+6M; 1M+3M+6M,True,small,1,14,,,
PENN,PENN,,8,2008-08-20,2024-07-05,2008-08-20..2008-08-28; 2009-01-07..2009-01-12; 2009-03-23..2009-05-18; 2020-02-14..2020-02-28; 2020-05-19..2020-10-09; 2020-11-30..2021-03-25; 2022-02-22..2022-02-23; 2024-06-18..2024-07-05,1M; 3M; 3M+6M; 1M+3M+6M; 1M+3M+6M; 1M+3M+6M; 1M; 1M+3M+6M,True,mid,1,30,,,
PEPG,PEPG,,2,2025-03-11,2025-10-21,2025-03-11..2025-03-19; 2025-09-25..2025-10-21,1M; 1M+3M,False,small,2,5,,,
PERI,PERI,,1,2021-10-27,2021-11-16,2021-10-27..2021-11-16,1M+6M,False,small,9,3,,,
PETM^15,PETM,,2,2008-02-22,2008-09-19,2008-02-22..2008-02-25; 2008-08-11..2008-09-19,6M; 1M+3M+6M,True,mid,8,3,,,
PETQ^24,PETQ,PET,2,2018-04-04,2018-09-28,2018-04-04..2018-04-09; 2018-07-13..2018-09-28,1M+3M+6M; 1M+3M+6M,True,small,2,6,,,
PETS,PETS,,5,2008-11-10,2020-04-17,2008-11-10..2008-11-26; 2017-10-27..2017-11-06; 2019-08-07..2019-08-13; 2019-10-29..2019-11-08; 2020-04-13..2020-04-17,1M+3M+6M; 1M+3M+6M; 1M; 1M+3M+6M; 3M+6M,True,small,2,8,,,
PETZ,PETZ,,1,2021-11-05,2021-12-21,2021-11-05..2021-12-21,1M+3M+6M,True,small,1,2,,,
PE^21,PE,,4,2015-01-26,2020-04-30,2015-01-26..2015-02-18; 2015-05-08..2015-05-29; 2015-09-08..2015-11-13; 2020-04-28..2020-04-30,1M+3M+6M; 1M+3M+6M; 1M+3M+6M; 1M,True,mid,1,13,,,
PFCB^12,PFCB,,3,2008-02-01,2009-03-27,2008-02-01..2008-02-05; 2008-04-08..2008-04-09; 2009-03-17..2009-03-27,1M; 3M; 6M,False,small,7,6,,,
PFG,PFG,,3,2008-08-13,2009-06-15,2008-08-13..2008-09-19; 2008-12-29..2009-01-06; 2009-04-09..2009-06-15,1M+3M+6M; 1M; 1M+3M,True,mid,2,7,,,
PFS,PFS,,2,2007-08-23,2008-11-24,2007-08-23..2007-08-27; 2008-11-18..2008-11-24,1M; 1M+3M,False,small,5,4,,,
PFSI,PFSI,,1,2020-03-11,2020-03-13,2020-03-11..2020-03-13,6M,False,mid,13,2,,,
PGEN,PGEN,,15,2014-01-16,2026-09-03,2014-01-16..2014-02-05; 2014-06-06..2014-06-09; 2014-11-11..2015-03-24; 2015-07-01..2015-08-13; 2015-11-17..2015-11-23; 2016-02-11..2016-03-22; 2016-08-03..2016-08-29; 2017-05-16..2017-06-01; 2018-03-08..2018-04-30; 2018-08-17..2018-08-21; 2019-06-14..2019-08-02; 2020-06-22..2020-07-01; 2025-08-18..2025-09-16; 2026-01-27..2026-02-13; 2026-08-03..2026-09-03,1M+3M; 1M+3M+6M; 1M+3M+6M; 1M+3M+6M; 1M+6M; 1M+3M+6M; 1M+3M+6M; 1M+3M+6M; 1M+3M+6M; 1M+3M+6M; 1M+3M+6M; 1M; 1M+3M; 6M; 1M+3M,True,mid,1,44,,,
PGN.1^12,PGN,,1,2008-12-05,2008-12-08,2008-12-05..2008-12-08,3M+6M,False,large_plus,4,2,,,
PGNX^20,PGNX,,5,2008-04-29,2018-03-29,2008-04-29..2008-06-06; 2015-07-06..2015-08-07; 2016-07-22..2016-08-05; 2016-11-30..2016-12-30; 2018-03-13..2018-03-29,1M; 1M+3M+6M; 1M+3M+6M; 1M+3M+6M; 1M,True,small,1,13,,,
PGNY,PGNY,,3,2020-01-07,2025-03-05,2020-01-07..2020-02-20; 2021-05-06..2021-05-07; 2025-03-03..2025-03-05,1M+3M; 6M; 3M,False,mid,5,7,,,
PGR,PGR,,2,2008-12-01,2009-05-04,2008-12-01..2008-12-15; 2009-04-20..2009-05-04,1M+3M; 6M,False,large_plus,6,4,,,
PGY,PGY,,4,2023-07-21,2025-09-26,2023-07-21..2023-08-17; 2024-02-23..2024-03-08; 2025-02-14..2025-03-03; 2025-07-02..2025-09-26,1M+3M+6M; 1M; 1M; 1M+3M+6M,True,mid,1,16,,,
PHASQ^24,PHASQ,PHAS,1,2019-04-18,2019-04-29,2019-04-18..2019-04-29,1M+3M+6M,True,small,1,1,,,
PHAT,PHAT,,4,2024-08-27,2025-12-05,2024-08-27..2024-09-23; 2025-06-06..2025-07-03; 2025-08-22..2025-09-05; 2025-10-31..2025-12-05,1M+3M+6M; 1M+3M; 3M; 6M,True,small,4,13,,,
PHI,PHI,,1,2008-12-04,2008-12-05,2008-12-04..2008-12-05,1M,False,mid,7,2,,,
PHM,PHM,,8,2006-08-09,2012-08-08,2006-08-09..2006-08-10; 2008-01-30..2008-04-16; 2008-07-31..2008-09-29; 2008-12-12..2009-01-21; 2009-08-06..2009-08-19; 2011-10-27..2012-02-02; 2012-05-11..2012-05-17; 2012-07-25..2012-08-08,1M+3M+6M; 1M+3M+6M; 1M+3M+6M; 6M; 1M; 1M+3M+6M; 1M+3M+6M; 1M+3M+6M,True,mid,1,28,,,
PHR,PHR,,1,2022-06-22,2022-06-30,2022-06-22..2022-06-30,1M,False,small,14,3,,,
PHUN,PHUN,,3,2021-10-22,2024-11-06,2021-10-22..2021-11-15; 2022-02-18..2022-03-01; 2024-10-16..2024-11-06,1M+3M+6M; 6M; 1M+3M,True,small,1,3,,,
PHVS,PHVS,,1,2022-12-15,2023-01-10,2022-12-15..2023-01-10,1M+3M,False,small,1,1,,,
PI,PI,,15,2016-09-15,2026-01-13,2016-09-15..2016-09-30; 2016-12-20..2017-01-09; 2017-05-05..2017-07-31; 2017-09-22..2017-10-05; 2018-06-05..2018-07-12; 2018-09-19..2018-10-08; 2019-05-08..2019-05-22; 2019-07-31..2019-08-19; 2021-11-16..2022-01-07; 2022-08-08..2022-08-15; 2022-10-31..2022-12-07; 2023-01-24..2023-03-20; 2023-11-07..2023-11-13; 2025-08-07..2025-08-19; 2026-01-12..2026-01-13,1M; 1M+3M; 1M+3M+6M; 6M; 1M+3M+6M; 1M+6M; 1M+3M+6M; 1M+3M+6M; 1M+3M+6M; 3M; 1M+3M+6M; 6M; 1M+3M+6M; 1M+3M+6M; 1M,True,small,1,44,,,
PII,PII,,2,2025-07-30,2025-08-11,2025-07-30..2025-07-31; 2025-08-05..2025-08-11,1M; 3M,False,mid,9,6,,,
PIII,PIII,,1,2026-05-18,2026-06-11,2026-05-18..2026-06-11,1M+3M,False,small,1,2,,,
PINC.1^25,PINC,,1,2020-04-07,2020-04-13,2020-04-07..2020-04-13,1M+3M+6M,True,mid,3,2,,,
PING^22,PING,,1,2019-11-29,2019-12-10,2019-11-29..2019-12-10,1M,False,small,15,4,,,
PINS,PINS,,6,2019-08-14,2022-10-14,2019-08-14..2019-09-05; 2020-04-27..2020-05-05; 2020-05-08..2020-07-02; 2020-08-19..2020-09-25; 2020-11-02..2021-03-02; 2022-09-08..2022-10-14,1M+3M; 1M; 1M+3M+6M; 1M+3M+6M; 1M+3M+6M; 1M+3M+6M,True,large_plus,1,27,,,
PIPR,PIPR,,2,2008-10-02,2009-01-13,2008-10-02..2008-10-06; 2009-01-02..2009-01-13,3M; 6M,False,small,10,3,,,
PK,PK,,3,2020-06-08,2020-12-01,2020-06-08..2020-06-16; 2020-09-17..2020-09-18; 2020-11-10..2020-12-01,1M; 1M; 1M+3M,False,mid,8,5,,,
PKST^26,PKST,,1,2023-06-16,2023-06-23,2023-06-16..2023-06-23,1M,False,small,3,2,,,
PKX,PKX,,2,2008-12-15,2009-10-14,2008-12-15..2008-12-29; 2009-09-25..2009-10-14,1M; 1M+3M+6M,True,large_plus,1,7,,,
PL,PL,,5,2025-01-27,2026-06-09,2025-01-27..2025-02-14; 2025-07-07..2025-07-11; 2025-09-02..2025-10-22; 2025-12-15..2026-02-03; 2026-03-16..2026-06-09,1M+3M+6M; 1M+3M+6M; 1M+3M+6M; 1M+3M+6M; 1M+3M+6M,True,mid,2,19,,,
PLAB,PLAB,,3,2011-03-04,2026-02-25,2011-03-04..2011-03-14; 2022-06-08..2022-06-15; 2025-12-16..2026-02-25,1M+3M+6M; 1M; 1M+3M,True,small,4,8,,,
PLAN^22,PLAN,,3,2018-12-10,2020-09-11,2018-12-10..2019-04-03; 2019-06-11..2019-06-14; 2020-09-10..2020-09-11,1M+3M; 1M+3M+6M; 1M,True,mid,3,14,,,
PLAY,PLAY,,2,2020-11-09,2021-04-09,2020-11-09..2020-11-11; 2021-03-29..2021-04-09,1M; 3M+6M,False,mid,7,5,,,
PLBY,PLBY,,3,2021-04-09,2021-12-09,2021-04-09..2021-05-12; 2021-05-13..2021-05-17; 2021-11-16..2021-12-09,1M; 3M; 1M+3M,False,small,1,6,,,
PLCE,PLCE,,11,2007-11-13,2024-10-08,2007-11-13..2007-12-17; 2008-02-26..2008-04-01; 2008-06-03..2008-06-11; 2008-07-18..2008-08-25; 2009-03-12..2009-03-17; 2020-09-24..2020-10-05; 2021-05-17..2021-05-18; 2022-10-31..2022-11-01; 2023-10-20..2023-11-07; 2024-05-20..2024-06-06; 2024-09-17..2024-10-08,1M+3M+6M; 1M; 1M+3M+6M; 1M+3M+6M; 1M; 1M; 6M; 1M; 1M+3M+6M; 1M; 1M+3M,True,small,2,28,,,
PLD,PLD,,4,2008-12-26,2009-11-16,2008-12-26..2009-01-20; 2009-05-18..2009-06-09; 2009-08-06..2009-09-21; 2009-11-11..2009-11-16,1M; 6M; 1M+3M; 1M+3M+6M,True,mid,1,8,,,
PLG,PLG,,1,2020-12-11,2020-12-23,2020-12-11..2020-12-23,1M+6M,False,small,5,1,,,
PLL^25,PLL,,1,2024-10-14,2024-10-25,2024-10-14..2024-10-25,1M,False,small,8,1,,,
PLMR,PLMR,,5,2019-11-06,2025-04-23,2019-11-06..2019-11-07; 2019-12-27..2019-12-31; 2020-06-08..2020-06-09; 2020-09-09..2020-09-14; 2025-04-10..2025-04-23,3M+6M; 6M; 6M; 6M; 1M+3M+6M,True,mid,1,12,,,
PLNR^15,PLNR,,1,2014-12-04,2014-12-12,2014-12-04..2014-12-12,1M+3M+6M,True,small,1,2,,,
PLPC,PLPC,,1,2026-08-14,2026-08-17,2026-08-14..2026-08-17,1M,False,mid,13,1,,,
PLRX,PLRX,,3,2022-07-11,2023-02-14,2022-07-11..2022-08-26; 2022-10-14..2022-10-27; 2023-01-23..2023-02-14,1M+3M+6M; 3M+6M; 1M+6M,True,small,1,6,,,
PLSE,PLSE,,2,2017-03-31,2026-09-21,2017-03-31..2017-04-27; 2026-07-28..2026-09-21,1M+3M+6M; 1M+3M+6M,True,mid,1,6,,,
PLTK,PLTK,,1,2022-02-25,2022-02-28,2022-02-25..2022-02-28,1M,False,mid,7,2,,,
PLTR,PLTR,,13,2020-11-24,2025-06-05,2020-11-24..2021-02-12; 2021-09-29..2021-09-30; 2022-04-05..2022-04-13; 2022-06-28..2022-08-15; 2022-10-14..2022-11-08; 2023-01-30..2023-03-01; 2023-05-19..2023-08-11; 2023-10-16..2023-12-04; 2024-02-13..2024-02-27; 2024-07-25..2024-08-16; 2024-11-19..2025-01-08; 2025-02-19..2025-02-27; 2025-04-21..2025-06-05,1M+3M; 1M+3M+6M; 1M+3M+6M; 1M+3M+6M; 1M+3M+6M; 1M+3M+6M; 1M+3M+6M; 1M+3M+6M; 1M+3M+6M; 1M+3M+6M; 1M+3M+6M; 1M+3M+6M; 1M+3M+6M,True,large_plus,1,36,,,
PLUG,PLUG,,21,2006-04-25,2026-05-28,2006-04-25..2006-05-03; 2013-12-09..2014-04-17; 2014-06-20..2014-08-08; 2017-03-24..2017-05-02; 2017-06-26..2017-08-10; 2017-09-21..2017-11-08; 2019-03-18..2019-04-25; 2019-10-03..2019-12-05; 2020-01-15..2020-03-05; 2020-06-29..2021-02-12; 2021-06-07..2021-07-12; 2021-09-29..2021-12-01; 2022-03-03..2022-04-13; 2022-07-13..2022-09-22; 2023-01-24..2023-02-08; 2023-06-13..2023-08-01; 2024-05-24..2024-06-04; 2024-12-12..2025-01-10; 2025-07-09..2025-07-29; 2025-09-22..2025-10-20; 2026-05-13..2026-05-28,1M; 1M+3M+6M; 1M+3M+6M; 1M+3M+6M; 1M+3M+6M; 1M+3M+6M; 1M+3M+6M; 1M+3M+6M; 1M+3M+6M; 1M+3M+6M; 1M+3M+6M; 1M+3M+6M; 1M+3M+6M; 1M+3M+6M; 1M+3M; 1M; 1M; 1M; 1M+3M; 1M+3M; 3M,True,small,1,61,,,
PLUR,PLUR,,1,2020-04-13,2020-05-08,2020-04-13..2020-05-08,1M+3M+6M,True,small,1,2,,,
PLXPQ^23,PLXPQ,PLXP,1,2021-07-20,2021-08-09,2021-07-20..2021-08-09,1M+3M+6M,True,small,3,3,,,
PLXS,PLXS,,1,2006-02-07,2006-02-14,2006-02-07..2006-02-14,1M+3M+6M,True,small,12,2,,,
PLYA^25,PLYA,,1,2022-05-05,2022-05-10,2022-05-05..2022-05-10,1M+3M+6M,True,small,12,1,,,
PMCS^16,PMCS,,2,2008-09-09,2009-04-28,2008-09-09..2008-09-16; 2009-02-13..2009-04-28,6M; 1M+3M+6M,True,small,3,6,,,
PMVP,PMVP,,1,2020-12-30,2020-12-31,2020-12-30..2020-12-31,1M,False,mid,8,1,,,
PN,PN,,1,2026-07-30,2026-08-06,2026-07-30..2026-08-06,1M+3M,False,small,1,1,,,
PNC,PNC,,3,2008-07-25,2009-06-11,2008-07-25..2008-08-08; 2008-09-18..2008-10-02; 2009-04-03..2009-06-11,1M+3M+6M; 1M+3M+6M; 1M+3M,True,large_plus,1,11,,,
PNK^18,PNK,,3,2009-04-13,2016-05-20,2009-04-13..2009-05-19; 2010-05-06..2010-05-18; 2016-05-19..2016-05-20,6M; 1M+3M; 6M,False,small,1,4,,,
PNY^16,PNY,,1,2008-09-29,2008-12-08,2008-09-29..2008-12-08,1M+3M+6M,True,mid,1,3,,,
PODD,PODD,,3,2015-11-11,2024-05-30,2015-11-11..2015-11-17; 2020-04-20..2020-05-22; 2024-05-23..2024-05-30,1M+3M+6M; 1M+3M+6M; 1M+3M+6M,True,large_plus,4,6,,,
POET,POET,,2,2025-12-19,2026-06-03,2025-12-19..2025-12-24; 2026-04-22..2026-06-03,1M; 1M+3M+6M,True,small,3,6,,,
POLA,POLA,,2,2020-11-24,2021-02-05,2020-11-24..2020-12-03; 2020-12-23..2021-02-05,3M; 1M+3M+6M,True,small,3,2,,,
PONY,PONY,,4,2025-02-19,2026-01-09,2025-02-19..2025-03-06; 2025-05-12..2025-06-03; 2025-09-24..2025-10-03; 2026-01-06..2026-01-09,1M; 1M+3M; 1M; 1M,False,mid,2,10,,,
POSH^23,POSH,,1,2022-09-21,2022-10-03,2022-09-21..2022-10-03,1M+6M,False,small,7,2,,,
POWI,POWI,,1,2026-06-10,2026-06-16,2026-06-10..2026-06-16,6M,False,mid,15,2,,,
POWL,POWL,,9,2023-08-18,2026-06-26,2023-08-18..2023-08-21; 2023-12-11..2023-12-18; 2024-02-07..2024-03-08; 2024-05-08..2024-06-10; 2024-11-13..2024-11-19; 2025-08-25..2025-08-28; 2025-11-04..2025-11-05; 2026-02-04..2026-02-25; 2026-04-09..2026-06-26,1M+3M+6M; 6M; 1M+3M+6M; 1M+6M; 3M; 3M+6M; 3M; 1M+6M; 1M+3M+6M,True,mid,4,18,,,
POWW,POWW,,1,2021-04-22,2021-04-27,2021-04-22..2021-04-27,6M,False,small,12,2,,,
PPC,PPC,,2,2006-05-02,2014-12-19,2006-05-02..2006-05-10; 2014-12-18..2014-12-19,1M; 1M+3M+6M,True,mid,6,3,,,
PPCO^10,PPCO,,1,2007-04-27,2007-05-15,2007-04-27..2007-05-15,1M+3M+6M,True,small,7,5,,,
PPD.1^11,PPD,,1,2007-03-16,2007-04-02,2007-03-16..2007-04-02,1M+3M+6M,True,small,3,4,,,
PPL,PPL,,1,2008-11-28,2008-12-05,2008-11-28..2008-12-05,1M,False,large_plus,8,1,,,
PPO^15,PPO,,6,2008-07-07,2011-09-29,2008-07-07..2008-08-21; 2010-07-08..2010-08-27; 2010-11-12..2010-12-23; 2011-03-07..2011-03-17; 2011-05-09..2011-05-23; 2011-09-22..2011-09-29,1M+3M+6M; 1M+3M+6M; 1M+3M+6M; 1M+3M+6M; 1M+3M+6M; 1M+3M+6M,True,mid,1,18,,,
PPSI,PPSI,,1,2021-11-15,2021-12-22,2021-11-15..2021-12-22,1M+3M+6M,True,small,1,2,,,
PPS^16,PPS,,2,2008-02-04,2010-05-20,2008-02-04..2008-02-08; 2010-05-18..2010-05-20,1M; 3M+6M,False,small,5,2,,,
PPTA,PPTA,,2,2025-04-15,2025-10-20,2025-04-15..2025-05-08; 2025-10-16..2025-10-20,1M+3M+6M; 1M,True,mid,4,7,,,
PR,PR,,8,2020-01-03,2023-03-14,2020-01-03..2020-01-07; 2021-03-03..2021-03-24; 2021-05-11..2021-07-09; 2021-10-06..2021-11-17; 2022-01-13..2022-03-08; 2022-06-21..2022-06-22; 2022-09-02..2022-11-28; 2023-02-06..2023-03-14,1M; 1M+3M+6M; 6M; 1M+3M+6M; 1M+3M+6M; 6M; 1M+3M+6M; 1M+6M,True,small,2,25,,,
PRAX,PRAX,,4,2024-03-28,2026-08-28,2024-03-28..2024-04-09; 2024-07-22..2024-08-07; 2025-10-20..2026-03-06; 2026-08-20..2026-08-28,3M+6M; 1M; 1M+3M+6M; 1M+3M,True,small,1,16,,,
PRCH,PRCH,,4,2021-09-07,2026-08-20,2021-09-07..2021-09-10; 2024-12-03..2024-12-26; 2025-02-27..2025-08-27; 2026-07-16..2026-08-20,6M; 3M+6M; 1M+3M+6M; 3M+6M,True,small,1,17,,,
PRCT,PRCT,,5,2022-04-13,2024-09-11,2022-04-13..2022-06-10; 2022-08-03..2022-09-15; 2024-01-24..2024-02-29; 2024-04-24..2024-05-20; 2024-07-30..2024-09-11,3M+6M; 6M; 1M+3M+6M; 1M+3M+6M; 1M+3M+6M,True,mid,3,15,,,
PRDO,PRDO,,8,2008-09-17,2012-02-07,2008-09-17..2008-09-18; 2008-11-25..2008-12-11; 2009-01-21..2009-03-10; 2009-07-09..2009-07-10; 2009-12-17..2009-12-21; 2010-09-28..2010-10-11; 2011-06-08..2011-06-15; 2012-01-10..2012-02-07,6M; 1M+6M; 1M+3M+6M; 1M+6M; 1M+3M+6M; 1M+3M+6M; 1M+3M+6M; 1M+3M+6M,True,small,1,22,,,
PRE.1^16,PRE,,1,2008-11-13,2008-12-15,2008-11-13..2008-12-15,1M+3M+6M,True,mid,5,4,,,
PRGNF,PRGNF,,1,2007-10-18,2007-11-05,2007-10-18..2007-11-05,1M,False,small,1,1,,,
PRGO,PRGO,,1,2007-08-23,2007-08-24,2007-08-23..2007-08-24,1M+3M+6M,True,mid,8,2,,,
PRGS,PRGS,,1,2016-01-27,2016-02-03,2016-01-27..2016-02-03,1M+3M+6M,True,small,2,1,,,
PRIM,PRIM,,1,2024-08-05,2024-08-06,2024-08-05..2024-08-06,6M,False,mid,13,1,,,
PRKR,PRKR,,1,2013-10-21,2013-10-23,2013-10-21..2013-10-23,1M,False,small,2,3,,,
PRKS,PRKS,,2,2021-03-02,2021-08-23,2021-03-02..2021-04-09; 2021-08-19..2021-08-23,1M+3M+6M; 6M,True,mid,3,3,,,
PRLB,PRLB,,3,2013-02-25,2013-11-12,2013-02-25..2013-03-05; 2013-04-15..2013-05-02; 2013-11-07..2013-11-12,1M+3M+6M; 1M+3M+6M; 1M+3M+6M,True,small,7,5,,,
PRLD,PRLD,,1,2020-12-24,2020-12-30,2020-12-24..2020-12-30,1M+3M,False,mid,5,2,,,
PRM,PRM,,1,2025-11-04,2025-11-18,2025-11-04..2025-11-18,6M,False,mid,14,2,,,
PRME,PRME,,1,2025-07-10,2025-07-31,2025-07-10..2025-07-31,1M+3M,False,small,6,2,,,
PRNB^20,PRNB,,3,2019-12-18,2020-08-07,2019-12-18..2020-02-28; 2020-04-20..2020-06-02; 2020-07-22..2020-08-07,1M+3M+6M; 6M; 1M,True,mid,2,10,,,
PROK,PROK,,1,2025-07-14,2025-07-30,2025-07-14..2025-07-30,1M+3M,False,small,1,1,,,
PRPL,PRPL,,1,2022-09-30,2022-10-13,2022-09-30..2022-10-13,1M+3M+6M,True,small,8,1,,,
PRPO,PRPO,,1,2021-05-10,2021-05-25,2021-05-10..2021-05-25,1M,False,small,2,1,,,
PRQR,PRQR,,3,2018-09-12,2023-01-20,2018-09-12..2018-10-04; 2021-03-25..2021-03-30; 2022-12-27..2023-01-20,1M+3M+6M; 1M; 1M+3M+6M,True,small,1,8,,,
PRST,PRST,,1,2023-04-26,2023-05-17,2023-04-26..2023-05-17,1M+6M,False,small,3,2,,,
PRTA,PRTA,,14,2014-03-21,2023-05-23,2014-03-21..2014-04-02; 2015-03-20..2015-04-15; 2015-06-10..2015-08-13; 2015-11-09..2016-01-05; 2016-04-06..2016-04-19; 2016-06-07..2016-06-13; 2016-07-26..2016-08-08; 2016-09-29..2016-10-11; 2016-11-25..2016-12-02; 2017-05-23..2017-07-10; 2018-04-02..2018-04-17; 2021-06-11..2021-10-01; 2022-10-03..2022-12-15; 2023-05-16..2023-05-23,1M+3M+6M; 1M+3M+6M; 1M+3M+6M; 1M+3M+6M; 1M+6M; 1M; 1M+3M+6M; 1M+3M+6M; 1M+3M+6M; 1M+3M+6M; 1M+3M+6M; 1M+3M+6M; 1M+3M+6M; 1M+3M+6M,True,small,1,40,,,
PRTK^23,PRTK,,3,2017-04-06,2017-09-15,2017-04-06..2017-05-23; 2017-07-05..2017-07-06; 2017-09-11..2017-09-15,1M+3M+6M; 1M+6M; 1M+3M+6M,True,small,4,7,,,
PRTS,PRTS,,2,2020-07-13,2020-11-05,2020-07-13..2020-09-02; 2020-10-26..2020-11-05,3M+6M; 6M,False,small,2,7,,,
PRTYQ^23,PRTYQ,PRTY,5,2020-06-01,2022-09-15,2020-06-01..2020-06-24; 2020-08-17..2020-10-05; 2020-11-18..2021-01-08; 2021-05-05..2021-05-20; 2022-08-22..2022-09-15,1M; 1M+3M+6M; 1M+6M; 1M+6M; 1M+3M,True,small,2,13,,,
PRU,PRU,,3,2008-08-08,2009-06-09,2008-08-08..2008-09-23; 2008-12-26..2009-01-07; 2009-04-06..2009-06-09,1M+3M+6M; 1M; 1M+3M+6M,True,large_plus,1,9,,,
PRVA,PRVA,,3,2021-06-28,2022-09-21,2021-06-28..2021-07-29; 2021-11-08..2021-11-12; 2022-06-13..2022-09-21,1M; 1M; 1M+3M+6M,True,mid,3,10,,,
PRVB^23,PRVB,,3,2019-06-10,2023-01-10,2019-06-10..2019-07-16; 2020-01-03..2020-02-04; 2022-11-07..2023-01-10,1M+3M+6M; 1M+3M+6M; 1M+3M+6M,True,small,1,11,,,
PRXL^17,PRXL,,2,2009-02-25,2009-07-07,2009-02-25..2009-02-26; 2009-07-06..2009-07-07,1M; 1M,False,small,7,3,,,
PS.2^21,PS,,4,2018-08-15,2020-05-14,2018-08-15..2018-09-21; 2018-12-13..2019-01-11; 2019-11-01..2019-11-07; 2020-05-05..2020-05-14,1M+3M; 1M+3M+6M; 1M+3M+6M; 1M,True,mid,3,9,,,
PSA,PSA,,3,2008-02-06,2009-01-09,2008-02-06..2008-02-11; 2008-09-19..2008-10-07; 2008-12-23..2009-01-09,1M+3M+6M; 1M+3M+6M; 3M+6M,True,large_plus,1,5,,,
PSFE,PSFE,,1,2023-01-19,2023-01-23,2023-01-19..2023-01-23,1M,False,small,8,2,,,
PSIG,PSIG,,1,2026-06-16,2026-06-25,2026-06-16..2026-06-25,6M,False,small,12,1,,,
PSIX,PSIX,,3,2025-01-27,2026-02-17,2025-01-27..2025-02-14; 2025-06-18..2025-10-06; 2026-02-12..2026-02-17,6M; 1M+3M+6M; 1M,True,small,1,8,,,
PSKY,PSKY,,9,2008-12-23,2025-10-06,2008-12-23..2009-01-02; 2009-04-30..2009-06-05; 2009-08-04..2009-08-26; 2009-09-24..2009-11-02; 2020-05-21..2020-06-25; 2021-01-28..2021-03-26; 2022-01-21..2022-02-18; 2022-12-06..2022-12-14; 2025-08-22..2025-10-06,1M; 1M; 1M+3M; 1M+3M+6M; 1M+3M; 1M+3M+6M; 1M+3M+6M; 1M+3M+6M; 1M+3M+6M,True,large_plus,1,22,,,
PSMT,PSMT,,1,2011-10-14,2011-11-11,2011-10-14..2011-11-11,1M+3M+6M,True,mid,1,5,,,
PSNL,PSNL,,2,2020-08-31,2026-07-24,2020-08-31..2020-09-23; 2026-07-13..2026-07-24,6M; 1M+3M,False,small,3,4,,,
PSNY,PSNY,,4,2022-11-22,2024-10-09,2022-11-22..2022-12-08; 2023-01-27..2023-02-15; 2023-07-06..2023-07-17; 2024-09-03..2024-10-09,1M+3M; 1M+3M+6M; 1M; 1M+3M+6M,True,large_plus,1,4,,,
PSQH,PSQH,,1,2023-07-20,2023-07-25,2023-07-20..2023-07-25,1M+6M,False,small,1,1,,,
PSS^12,PSS,,4,2008-08-08,2011-10-13,2008-08-08..2008-10-06; 2008-12-31..2009-01-05; 2009-10-28..2009-11-02; 2011-09-12..2011-10-13,1M+3M+6M; 1M; 1M; 1M+3M+6M,True,small,2,10,,,
PSTX^25,PSTX,,1,2022-08-04,2022-08-05,2022-08-04..2022-08-05,1M,False,small,8,1,,,
PSX,PSX,,2,2020-05-04,2020-11-19,2020-05-04..2020-05-19; 2020-11-18..2020-11-19,1M; 1M,False,large_plus,11,9,,,
PSXP^22,PSXP,,2,2016-01-08,2016-04-05,2016-01-08..2016-01-12; 2016-02-19..2016-04-05,1M+3M+6M; 3M+6M,True,mid,3,7,,,
PTCT,PTCT,,22,2014-02-26,2025-04-01,2014-02-26..2014-03-03; 2014-06-06..2014-07-08; 2014-09-19..2014-10-10; 2014-11-25..2015-03-24; 2015-07-28..2015-08-04; 2015-11-27..2016-01-07; 2016-04-25..2016-06-02; 2016-09-20..2016-10-18; 2016-11-30..2017-02-21; 2017-05-08..2017-08-07; 2018-01-23..2018-04-03; 2018-05-14..2018-08-27; 2019-01-22..2019-01-23; 2019-05-07..2019-05-24; 2022-01-06..2022-01-27; 2022-06-30..2022-07-11; 2022-08-18..2022-09-21; 2023-03-24..2023-03-28; 2024-01-12..2024-01-22; 2024-03-15..2024-03-22; 2024-05-09..2024-05-16; 2025-03-04..2025-04-01,3M; 1M+3M+6M; 1M+3M+6M; 1M+3M+6M; 1M; 1M+3M+6M; 1M; 1M+3M+6M; 1M+3M+6M; 1M+3M+6M; 1M+3M+6M; 1M+3M+6M; 6M; 1M+3M+6M; 1M+3M+6M; 1M+3M+6M; 3M; 1M+3M+6M; 1M+3M+6M; 1M+3M; 1M+3M+6M; 1M+3M+6M,True,small,1,60,,,
PTEN,PTEN,,8,2015-02-06,2022-11-14,2015-02-06..2015-03-11; 2015-11-06..2015-12-08; 2016-02-23..2016-03-23; 2019-02-08..2019-02-11; 2019-09-25..2019-09-26; 2022-01-21..2022-05-03; 2022-06-10..2022-06-16; 2022-10-28..2022-11-14,1M+3M+6M; 1M+3M+6M; 1M+3M+6M; 1M+3M+6M; 1M; 1M+3M+6M; 6M; 1M+3M,True,mid,1,29,,,
PTGX,PTGX,,7,2020-05-11,2025-03-28,2020-05-11..2020-06-04; 2021-06-21..2021-06-30; 2022-01-14..2022-01-20; 2023-02-06..2023-05-24; 2024-06-12..2024-06-26; 2024-08-02..2024-08-07; 2025-03-12..2025-03-28,1M; 3M; 1M+3M+6M; 1M+3M+6M; 6M; 3M+6M; 1M+3M+6M,True,mid,1,20,,,
PTLA^20,PTLA,,11,2014-07-07,2019-08-27,2014-07-07..2014-07-08; 2015-07-30..2015-07-31; 2015-09-23..2015-09-25; 2015-11-06..2015-11-17; 2016-05-24..2016-06-07; 2016-12-23..2017-03-17; 2017-06-27..2017-07-13; 2018-01-03..2018-01-04; 2018-05-08..2018-05-17; 2019-01-17..2019-01-24; 2019-08-14..2019-08-27,1M+3M; 1M+3M+6M; 1M+3M+6M; 1M+3M+6M; 1M+6M; 1M+3M+6M; 1M+3M+6M; 1M+3M+6M; 1M+3M+6M; 1M+3M+6M; 1M+3M+6M,True,mid,1,25,,,
PTLE,PTLE,,1,2025-01-13,2025-01-14,2025-01-13..2025-01-14,1M,False,small,11,1,,,
PTLO,PTLO,,1,2025-01-29,2025-02-03,2025-01-29..2025-02-03,1M,False,small,10,3,,,
PTON,PTON,,11,2019-11-20,2025-08-20,2019-11-20..2019-12-18; 2020-02-03..2020-02-11; 2020-04-13..2020-10-29; 2020-12-28..2021-01-28; 2022-11-15..2022-12-14; 2023-01-31..2023-02-21; 2023-07-31..2023-08-01; 2023-12-04..2023-12-22; 2024-08-30..2024-09-17; 2024-10-21..2024-12-19; 2025-08-11..2025-08-20,1M; 1M+3M; 1M+3M+6M; 1M+3M+6M; 1M+3M; 1M+3M+6M; 1M; 1M+3M; 1M; 1M+3M+6M; 1M,True,mid,1,34,,,
PTRN,PTRN,,1,2026-07-02,2026-07-23,2026-07-02..2026-07-23,1M+3M+6M,True,mid,3,2,,,
PTRY^15,PTRY,,2,2008-08-05,2008-11-20,2008-08-05..2008-09-24; 2008-11-06..2008-11-20,1M+3M; 1M+3M+6M,True,small,2,5,,,
PUBM,PUBM,,2,2021-02-24,2021-12-08,2021-02-24..2021-03-02; 2021-11-10..2021-12-08,1M; 1M+3M+6M,True,mid,6,5,,,
PUDA,PUDA,,1,2010-12-01,2011-01-21,2010-12-01..2011-01-21,1M+3M+6M,True,small,2,2,,,
PULM,PULM,,1,2017-02-06,2017-02-23,2017-02-06..2017-02-23,1M+3M+6M,True,small,1,1,,,
PUMP,PUMP,,8,2017-06-13,2026-04-30,2017-06-13..2017-06-16; 2017-11-07..2017-11-17; 2018-11-09..2018-11-30; 2022-02-23..2022-04-29; 2022-10-27..2022-11-18; 2025-10-30..2025-11-20; 2025-12-08..2025-12-12; 2026-02-09..2026-04-30,1M; 1M+3M+6M; 1M+3M+6M; 3M+6M; 1M+3M; 1M; 3M; 6M,True,small,3,25,,,
PURR,PURR,,3,2026-03-18,2026-09-21,2026-03-18..2026-04-27; 2026-06-15..2026-06-16; 2026-08-25..2026-09-21,3M; 6M; 1M+6M,False,small,2,7,,,
PVCT,PVCT,,1,2014-01-27,2014-01-30,2014-01-27..2014-01-30,3M+6M,False,small,3,1,,,
PVG^22,PVG,,4,2016-05-05,2020-08-18,2016-05-05..2016-05-25; 2017-01-17..2017-01-23; 2019-01-09..2019-01-11; 2020-08-11..2020-08-18,1M+6M; 1M+3M; 3M+6M; 1M,False,small,3,8,,,
PVH,PVH,,1,2008-09-17,2008-09-18,2008-09-17..2008-09-18,6M,False,mid,9,1,,,
PVLA,PVLA,,5,2021-06-07,2026-08-13,2021-06-07..2021-06-24; 2025-11-07..2026-01-08; 2026-03-02..2026-04-13; 2026-07-13..2026-07-16; 2026-08-06..2026-08-13,1M; 6M; 1M+6M; 1M; 6M,False,small,4,12,,,
PVTB^17,PVTB,,4,2007-08-17,2010-02-12,2007-08-17..2007-09-05; 2008-02-04..2008-02-07; 2008-09-17..2008-10-08; 2010-01-27..2010-02-12,1M+3M+6M; 3M+6M; 1M+3M+6M; 1M+3M+6M,True,small,1,7,,,
PVTL^19,PVTL,,2,2018-06-15,2018-09-14,2018-06-15..2018-07-31; 2018-09-06..2018-09-14,1M+3M; 1M+3M,False,mid,3,4,,,
PWER.1^13,PWER,,4,2010-04-30,2012-09-12,2010-04-30..2010-08-19; 2010-10-26..2010-11-03; 2011-02-01..2011-02-02; 2012-09-07..2012-09-12,1M+3M+6M; 1M+3M+6M; 1M+3M+6M; 1M+3M+6M,True,small,1,13,,,
PWP,PWP,,1,2024-08-05,2024-08-07,2024-08-05..2024-08-07,6M,False,small,11,2,,,
PWR,PWR,,3,2008-03-05,2025-04-22,2008-03-05..2008-03-11; 2008-08-12..2008-08-25; 2025-04-21..2025-04-22,1M; 3M+6M; 1M+3M+6M,True,mid,1,5,,,
PWRD.1^15,PWRD,NETZ,10,2007-12-24,2013-07-16,2007-12-24..2007-12-26; 2008-03-04..2008-03-14; 2008-05-08..2008-05-19; 2008-07-11..2008-07-15; 2009-06-18..2009-08-18; 2009-10-07..2009-10-12; 2010-10-19..2010-11-11; 2011-05-04..2011-05-06; 2012-03-29..2012-04-09; 2013-07-03..2013-07-16,1M; 1M+3M+6M; 3M+6M; 1M+3M+6M; 1M+3M+6M; 6M; 1M+3M+6M; 1M; 1M+3M+6M; 1M+3M+6M,True,small,3,19,,,
PXD^24,PXD,,2,2009-05-07,2009-11-06,2009-05-07..2009-05-08; 2009-11-04..2009-11-06,3M; 1M+3M+6M,True,mid,3,4,,,
PXLW,PXLW,,2,2014-07-15,2021-09-15,2014-07-15..2014-07-31; 2021-08-24..2021-09-15,1M+3M+6M; 1M+3M+6M,True,small,1,6,,,
PXP^13,PXP,,2,2009-06-03,2010-02-08,2009-06-03..2009-06-23; 2010-02-05..2010-02-08,1M; 1M+3M+6M,True,mid,2,4,,,
PYXS,PYXS,,1,2023-03-29,2023-04-19,2023-03-29..2023-04-19,1M+3M+6M,True,small,2,2,,,
PZE.2^09,PZE,,1,2008-01-04,2008-01-17,2008-01-04..2008-01-17,1M+3M+6M,True,mid,2,1,,,
PZZA,PZZA,,1,2020-04-17,2020-04-20,2020-04-17..2020-04-20,1M,False,small,4,2,,,
Q,Q,,1,2026-02-03,2026-03-12,2026-02-03..2026-03-12,1M+3M,False,large_plus,6,4,,,
Q.2^11,Q,,2,2008-12-23,2009-05-06,2008-12-23..2009-01-23; 2009-03-30..2009-05-06,1M+3M+6M; 6M,True,mid,3,6,,,
QBTS,QBTS,,6,2023-06-08,2026-06-02,2023-06-08..2023-08-02; 2024-11-13..2025-01-13; 2025-03-17..2025-04-02; 2025-05-14..2025-06-16; 2025-09-19..2025-10-28; 2026-05-04..2026-06-02,1M+3M+6M; 1M+3M+6M; 1M+3M+6M; 1M+3M+6M; 1M+3M+6M; 1M,True,mid,1,22,,,
QCOM,QCOM,,1,2026-05-07,2026-05-29,2026-05-07..2026-05-29,1M,False,large_plus,2,3,,,
QCOR^14,QCOR,,9,2008-11-11,2014-04-21,2008-11-11..2008-12-17; 2011-05-16..2011-06-01; 2011-08-04..2011-08-19; 2012-05-08..2012-05-14; 2012-07-10..2012-07-11; 2013-05-15..2013-06-28; 2013-10-30..2013-11-06; 2014-02-04..2014-03-06; 2014-04-14..2014-04-21,3M+6M; 1M+3M+6M; 1M+3M+6M; 1M+3M+6M; 1M+3M+6M; 1M+3M+6M; 1M+3M+6M; 1M+3M+6M; 1M+3M+6M,True,mid,1,20,,,
QCP^18,QCP,,1,2018-03-20,2018-03-21,2018-03-20..2018-03-21,1M,False,small,8,4,,,
QDEL,QDEL,,8,2005-11-25,2021-12-31,2005-11-25..2005-12-08; 2017-07-31..2017-08-03; 2018-11-12..2018-11-15; 2020-03-11..2020-08-14; 2020-10-08..2020-11-09; 2021-02-01..2021-02-02; 2021-07-26..2021-08-10; 2021-12-01..2021-12-31,1M+3M+6M; 1M+3M+6M; 1M+3M+6M; 1M+3M+6M; 1M+3M+6M; 1M; 1M+3M+6M; 1M+3M+6M,True,mid,1,25,,,
QEP^21,QEP,,5,2015-10-07,2020-12-17,2015-10-07..2015-11-18; 2016-03-17..2016-05-13; 2017-11-07..2017-11-20; 2020-06-08..2020-06-16; 2020-12-11..2020-12-17,1M+3M+6M; 1M+3M+6M; 1M+3M+6M; 1M+3M; 1M,True,mid,4,21,,,
QFIN,QFIN,,8,2020-07-13,2025-04-04,2020-07-13..2020-07-31; 2021-02-11..2021-03-01; 2021-03-16..2021-03-30; 2021-06-01..2021-07-02; 2022-06-21..2022-07-01; 2022-11-28..2022-12-23; 2023-02-06..2023-02-10; 2025-02-20..2025-04-04,1M+3M+6M; 1M; 3M; 1M+3M+6M; 1M+3M; 1M+3M; 3M+6M; 1M+3M+6M,True,mid,2,20,,,
QIHU^16,QIHU,,6,2011-07-22,2014-03-21,2011-07-22..2011-09-07; 2012-02-03..2012-04-10; 2012-08-20..2012-09-13; 2012-12-05..2012-12-12; 2013-10-22..2013-10-23; 2014-01-24..2014-03-21,1M+3M; 1M+3M+6M; 1M+3M+6M; 1M+3M+6M; 1M+3M+6M; 1M+3M+6M,True,small,1,20,,,
QIWI^24,QIWI,,3,2013-10-08,2015-06-03,2013-10-08..2014-01-02; 2014-05-27..2014-06-17; 2015-04-21..2015-06-03,1M+3M+6M; 1M+3M+6M; 1M+6M,True,small,1,9,,,
QLIK^16,QLIK,,1,2011-10-20,2011-11-21,2011-10-20..2011-11-21,1M+3M+6M,True,mid,2,3,,,
QLYS,QLYS,,2,2020-04-09,2026-08-21,2020-04-09..2020-04-13; 2026-07-15..2026-08-21,1M+3M+6M; 1M+3M,True,mid,3,4,,,
QMAR.1^08,QMAR,"FAM, FCM, FCT, FFA, FVI",1,2007-10-18,2007-11-08,2007-10-18..2007-11-08,1M+3M+6M,True,small,5,3,,,
QMCO,QMCO,,3,2024-12-02,2026-09-21,2024-12-02..2025-01-13; 2026-06-04..2026-06-24; 2026-08-12..2026-09-21,1M+3M+6M; 1M+3M; 1M+3M+6M,True,small,1,5,,,
QMMM^26,QMMM,,2,2024-11-08,2025-10-09,2024-11-08..2024-11-14; 2025-08-01..2025-10-09,3M; 1M+3M+6M,True,small,1,3,,,
QNCX,QNCX,,2,2019-12-24,2021-09-10,2019-12-24..2020-02-04; 2021-07-08..2021-09-10,1M+3M+6M; 1M+3M+6M,True,small,1,8,,,
QNST,QNST,,2,2018-03-09,2019-02-08,2018-03-09..2018-03-14; 2018-11-01..2019-02-08,6M; 1M+3M+6M,True,small,2,8,,,
QRVO,QRVO,,3,2006-04-26,2009-08-17,2006-04-26..2006-04-28; 2008-05-14..2008-05-22; 2009-04-27..2009-08-17,1M; 1M; 1M+3M+6M,True,small,2,10,,,
QS,QS,,9,2021-03-02,2025-11-13,2021-03-02..2021-03-29; 2021-07-01..2021-07-06; 2021-09-24..2021-11-29; 2023-01-25..2023-03-03; 2023-06-30..2023-08-02; 2023-12-01..2024-01-22; 2024-07-17..2024-07-31; 2025-06-26..2025-08-01; 2025-09-19..2025-11-13,3M; 1M+3M+6M; 1M+3M+6M; 1M+3M; 1M+3M+6M; 1M+3M+6M; 1M+3M+6M; 1M+3M+6M; 1M+3M+6M,True,mid,1,25,,,
QSI,QSI,,1,2024-12-10,2025-01-21,2024-12-10..2025-01-21,1M+3M,False,small,7,3,,,
QSR,QSR,,1,2014-12-12,2014-12-15,2014-12-12..2014-12-15,1M+3M+6M,True,mid,3,1,,,
QTEX,QTEX,,1,2026-06-01,2026-07-02,2026-06-01..2026-07-02,1M+3M,False,small,2,1,,,
QTRX,QTRX,,1,2021-01-19,2021-01-22,2021-01-19..2021-01-22,1M,False,mid,9,3,,,
QTTB,QTTB,,1,2026-05-27,2026-08-25,2026-05-27..2026-08-25,1M+3M+6M,True,small,1,4,,,
QTTOY,QTTOY,,2,2019-01-16,2019-07-29,2019-01-16..2019-03-27; 2019-07-24..2019-07-29,1M+3M+6M; 1M+3M+6M,True,mid,1,3,,,
QUAD,QUAD,,1,2018-03-02,2018-03-13,2018-03-02..2018-03-13,1M,False,small,11,2,,,
QUBT,QUBT,,3,2024-11-13,2025-07-21,2024-11-13..2025-01-10; 2025-04-03..2025-04-07; 2025-05-15..2025-07-21,1M+3M+6M; 1M+6M; 1M+3M+6M,True,small,1,8,,,
QUCY,QUCY,,1,2026-05-18,2026-06-08,2026-05-18..2026-06-08,1M+3M,False,small,1,1,,,
QUIK,QUIK,,1,2026-05-15,2026-06-16,2026-05-15..2026-06-16,3M+6M,False,small,9,3,,,
QUNR^17,QUNR,,3,2015-04-07,2016-01-06,2015-04-07..2015-04-10; 2015-05-26..2015-05-29; 2015-10-21..2016-01-06,1M+3M+6M; 1M+3M+6M; 1M+3M+6M,True,mid,1,7,,,
QURE,QURE,,15,2015-04-10,2026-08-05,2015-04-10..2015-04-22; 2015-09-21..2015-09-24; 2017-10-20..2017-11-10; 2018-05-03..2018-07-17; 2018-11-30..2018-12-17; 2019-02-13..2019-03-29; 2019-05-23..2019-07-08; 2019-12-09..2019-12-27; 2022-06-27..2022-08-01; 2022-11-23..2022-12-06; 2024-07-11..2024-08-01; 2024-12-11..2025-02-04; 2025-05-07..2025-06-12; 2025-09-26..2025-11-03; 2026-06-18..2026-08-05,3M+6M; 6M; 1M+3M+6M; 1M+3M+6M; 1M+6M; 1M+3M+6M; 1M+3M+6M; 1M+3M+6M; 1M+3M+6M; 1M+3M+6M; 1M+3M; 1M+3M+6M; 6M; 1M+3M+6M; 1M+3M,True,small,1,46,,,
QXO,QXO,,3,2023-12-26,2025-07-02,2023-12-26..2024-01-17; 2025-03-28..2025-04-10; 2025-05-21..2025-07-02,1M+3M+6M; 1M+6M; 1M+3M+6M,True,mid,1,9,,,
RADI^23,RADI,,2,2022-05-20,2022-12-14,2022-05-20..2022-05-26; 2022-12-06..2022-12-14,1M+3M; 1M,False,small,6,4,,,
RAIL,RAIL,,2,2008-02-08,2021-05-14,2008-02-08..2008-02-21; 2021-04-01..2021-05-14,1M; 1M+3M+6M,True,small,4,4,,,
RAMP,RAMP,,1,2020-11-03,2020-11-05,2020-11-03..2020-11-05,1M+3M+6M,True,mid,7,2,,,
RANI,RANI,,1,2025-10-20,2025-11-18,2025-10-20..2025-11-18,1M+3M,False,small,1,1,,,
RAPP,RAPP,,2,2025-09-08,2026-07-29,2025-09-08..2025-09-19; 2026-07-23..2026-07-29,1M+6M; 6M,False,small,9,6,,,
RAPT^26,RAPT,,5,2021-06-23,2025-12-30,2021-06-23..2021-07-08; 2021-07-29..2021-07-30; 2022-01-05..2022-01-13; 2023-01-31..2023-03-13; 2025-10-20..2025-12-30,1M; 3M+6M; 1M+3M; 3M+6M; 3M+6M,False,small,6,14,,,
RARE,RARE,,19,2014-08-13,2026-07-14,2014-08-13..2014-08-22; 2015-01-07..2015-06-01; 2015-07-21..2015-08-04; 2015-09-21..2015-09-24; 2015-11-12..2016-01-07; 2016-04-08..2016-04-26; 2016-09-22..2016-09-29; 2016-11-21..2016-12-06; 2017-06-26..2017-07-10; 2018-01-24..2018-02-01; 2018-06-25..2018-07-03; 2019-03-04..2019-03-12; 2020-01-16..2020-01-31; 2020-04-20..2020-06-10; 2020-11-03..2020-11-06; 2020-12-28..2020-12-31; 2022-06-29..2022-07-05; 2023-01-09..2023-01-10; 2026-07-08..2026-07-14,1M+3M+6M; 1M+3M+6M; 1M+3M+6M; 1M+3M+6M; 1M+3M+6M; 1M+6M; 1M+3M+6M; 1M+3M+6M; 1M+3M+6M; 1M+3M; 1M+3M+6M; 1M+6M; 1M+3M+6M; 1M+6M; 1M+3M+6M; 1M+3M+6M; 1M; 1M+3M; 1M,True,mid,1,52,,,
RARX^20,RARX,,3,2018-12-27,2019-08-06,2018-12-27..2019-01-23; 2019-03-15..2019-04-17; 2019-06-28..2019-08-06,1M+3M+6M; 1M+3M+6M; 1M+3M+6M,True,small,1,7,,,
RATE.2^09,RATE,,3,2008-04-02,2009-01-12,2008-04-02..2008-05-05; 2008-08-18..2008-10-08; 2008-12-17..2009-01-12,1M+3M+6M; 1M; 1M+3M+6M,True,mid,3,7,,,
RAX^16,RAX,,2,2009-06-26,2010-07-06,2009-06-26..2009-08-11; 2010-07-02..2010-07-06,1M+3M+6M; 1M+3M+6M,True,mid,1,5,,,
RBAK^07,RBAK,,1,2006-11-01,2006-11-08,2006-11-01..2006-11-08,1M+3M+6M,True,small,13,1,,,
RBBN,RBBN,,2,2006-01-18,2011-03-21,2006-01-18..2006-01-25; 2011-03-11..2011-03-21,1M; 3M,False,small,8,2,,,
RBCN,RBCN,,3,2010-05-21,2011-03-30,2010-05-21..2010-07-30; 2010-11-05..2010-11-11; 2011-03-02..2011-03-30,1M+3M+6M; 1M; 1M+3M+6M,True,small,1,7,,,
RBLX,RBLX,,9,2021-05-20,2026-07-21,2021-05-20..2021-06-16; 2021-08-26..2021-08-30; 2021-11-10..2021-12-09; 2022-06-28..2022-08-23; 2022-10-27..2022-11-08; 2023-01-24..2023-03-28; 2023-07-11..2023-07-26; 2025-08-07..2025-08-19; 2026-07-01..2026-07-21,1M+3M; 1M+3M; 1M+3M+6M; 1M+3M+6M; 1M+3M+6M; 1M+3M+6M; 1M+3M+6M; 1M+3M+6M; 1M,True,large_plus,1,23,,,
RBN^13,RBN,,4,2007-10-24,2008-08-05,2007-10-24..2007-11-02; 2008-01-04..2008-01-16; 2008-03-05..2008-04-04; 2008-07-08..2008-08-05,1M+3M+6M; 1M+3M+6M; 1M+6M; 1M+3M+6M,True,small,4,13,,,
RBRK,RBRK,,3,2024-12-10,2026-09-21,2024-12-10..2025-02-24; 2025-08-12..2025-08-13; 2026-07-07..2026-09-21,1M+3M+6M; 1M+3M+6M; 1M+3M+6M,True,large_plus,1,12,,,
RCAT,RCAT,,5,2021-07-14,2026-03-25,2021-07-14..2021-07-29; 2024-11-20..2025-01-16; 2025-04-15..2025-04-16; 2026-01-13..2026-01-30; 2026-03-16..2026-03-25,1M; 1M+3M+6M; 1M+3M+6M; 1M; 3M,True,small,1,11,,,
RCCC.1^08,RCCC,,1,2007-06-22,2007-07-11,2007-06-22..2007-07-11,1M+3M+6M,True,small,1,2,,,
RCKT,RCKT,,6,2019-12-23,2026-03-16,2019-12-23..2020-01-15; 2020-12-14..2021-01-08; 2022-10-18..2022-12-21; 2023-09-20..2023-10-04; 2023-11-16..2023-11-28; 2026-03-10..2026-03-16,1M+3M+6M; 1M+3M+6M; 1M+3M+6M; 1M+3M+6M; 1M+3M+6M; 1M,True,small,2,18,,,
RCL,RCL,,9,2008-08-06,2022-11-18,2008-08-06..2008-08-20; 2008-12-30..2009-01-06; 2009-03-24..2009-05-21; 2009-07-27..2009-08-21; 2020-06-01..2020-06-22; 2020-08-12..2020-09-21; 2021-02-26..2021-03-17; 2022-02-11..2022-02-14; 2022-08-10..2022-11-18,1M; 1M; 1M+3M; 1M+3M+6M; 1M+3M; 1M+3M+6M; 1M; 1M+3M+6M; 1M+3M+6M,True,large_plus,1,27,,,
RCON,RCON,,1,2021-04-08,2021-05-05,2021-04-08..2021-05-05,1M+3M+6M,True,small,1,4,,,
RCPT^15,RCPT,,4,2014-01-17,2015-07-06,2014-01-17..2014-03-20; 2014-06-18..2014-07-14; 2014-09-11..2015-01-12; 2015-03-04..2015-07-06,1M+3M+6M; 1M+3M+6M; 1M+3M+6M; 1M+3M+6M,True,small,1,23,,,
RCUS,RCUS,,8,2020-04-20,2025-12-17,2020-04-20..2020-06-03; 2021-07-29..2021-08-05; 2021-09-13..2021-10-07; 2021-11-22..2022-01-03; 2022-06-30..2022-07-15; 2022-10-07..2022-10-28; 2022-11-30..2022-12-19; 2025-11-03..2025-12-17,1M+3M+6M; 1M+3M+6M; 1M+3M+6M; 1M+3M+6M; 1M; 6M; 1M+3M+6M; 1M+3M+6M,True,mid,2,18,,,
RDBX^22,RDBX,,1,2022-04-25,2022-06-29,2022-04-25..2022-06-29,1M+3M,False,small,1,2,,,
RDC^19,RDC,,2,2015-09-22,2016-05-13,2015-09-22..2015-11-20; 2016-03-07..2016-05-13,1M+3M+6M; 1M+3M+6M,True,mid,2,5,,,
RDDT,RDDT,,5,2024-05-16,2026-07-23,2024-05-16..2024-07-23; 2024-11-11..2025-02-20; 2025-05-12..2025-09-30; 2025-12-05..2026-01-16; 2026-07-06..2026-07-23,1M+3M; 1M+3M+6M; 1M+3M+6M; 1M+3M+6M; 1M+3M+6M,True,large_plus,1,27,,,
RDFN^25,RDFN,,9,2017-12-15,2025-04-03,2017-12-15..2018-01-16; 2018-12-19..2019-01-30; 2020-05-22..2020-09-22; 2022-12-08..2022-12-12; 2023-01-27..2023-02-23; 2023-04-05..2023-08-01; 2023-12-01..2023-12-04; 2024-08-23..2024-10-03; 2025-03-17..2025-04-03,1M+3M; 3M; 1M+3M+6M; 1M; 1M+3M; 1M+3M+6M; 1M; 1M+3M+6M; 1M+3M,True,small,2,29,,,
RDN,RDN,,9,2007-09-28,2013-04-18,2007-09-28..2007-10-08; 2008-08-11..2008-10-07; 2009-08-06..2009-10-02; 2009-12-18..2010-04-29; 2010-10-11..2010-10-27; 2011-11-08..2011-11-09; 2012-01-13..2012-04-05; 2012-08-31..2012-11-13; 2013-02-20..2013-04-18,1M; 1M+3M; 1M+3M+6M; 1M+3M+6M; 1M+3M+6M; 1M; 1M+3M+6M; 1M+3M+6M; 1M+3M+6M,True,small,1,32,,,
RDNT,RDNT,,2,2024-03-18,2024-09-18,2024-03-18..2024-03-19; 2024-08-20..2024-09-18,1M+6M; 6M,False,mid,11,5,,,
RDNW,RDNW,,1,2020-07-20,2020-09-14,2020-07-20..2020-09-14,1M+3M+6M,True,small,4,4,,,
RDUS.1^22,RDUS,,11,2014-12-23,2022-07-08,2014-12-23..2015-02-23; 2015-06-26..2015-08-03; 2015-09-29..2015-11-20; 2016-06-15..2016-06-16; 2016-08-04..2016-08-31; 2016-12-01..2016-12-06; 2018-10-24..2018-10-25; 2019-01-22..2019-03-14; 2019-05-15..2019-05-17; 2021-10-21..2021-11-05; 2022-06-23..2022-07-08,1M+3M+6M; 1M+3M+6M; 1M+3M+6M; 1M; 1M+3M+6M; 1M+6M; 1M+3M+6M; 3M+6M; 3M+6M; 1M; 1M+3M+6M,True,small,1,28,,,
RDUS^25,RDUS,,1,2021-05-19,2021-05-21,2021-05-19..2021-05-21,3M,False,small,14,1,,,
RDW,RDW,,5,2025-01-21,2026-08-18,2025-01-21..2025-02-20; 2025-05-07..2025-07-17; 2025-12-22..2026-01-30; 2026-05-21..2026-06-11; 2026-08-17..2026-08-18,1M+3M+6M; 1M+3M+6M; 1M; 1M+3M+6M; 1M,True,small,1,12,,,
RDWR,RDWR,,1,2010-09-15,2010-11-05,2010-09-15..2010-11-05,1M+3M+6M,True,small,2,5,,,
REAL,REAL,,6,2019-10-01,2025-02-03,2019-10-01..2019-11-04; 2021-01-11..2021-01-15; 2023-07-28..2023-08-03; 2024-03-05..2024-04-05; 2024-12-09..2024-12-17; 2025-01-30..2025-02-03,1M+3M; 1M; 3M+6M; 1M+3M; 1M+3M; 3M,False,small,1,16,,,
REAX,REAX,,1,2026-08-20,2026-08-26,2026-08-20..2026-08-26,1M,False,small,11,2,,,
REDFY,REDFY,,5,2005-11-01,2011-07-28,2005-11-01..2005-11-10; 2006-02-07..2006-03-14; 2011-02-16..2011-02-22; 2011-04-20..2011-05-13; 2011-07-14..2011-07-28,1M+3M+6M; 1M+3M+6M; 3M+6M; 1M+3M+6M; 1M+3M+6M,True,small,1,6,,,
REEMF,REEMF,,5,2010-10-13,2012-02-07,2010-10-13..2010-11-10; 2010-12-29..2011-02-10; 2011-04-08..2011-04-28; 2011-07-27..2011-08-04; 2012-01-20..2012-02-07,1M; 1M+3M; 1M+3M+6M; 1M+3M+6M; 1M+3M+6M,True,small,1,9,,,
REG,REG,,1,2008-12-22,2008-12-24,2008-12-22..2008-12-24,1M,False,mid,8,2,,,
REGI^22,REGI,,5,2018-10-22,2021-01-14,2018-10-22..2018-11-07; 2019-12-17..2020-01-07; 2020-02-27..2020-03-03; 2020-09-23..2020-10-26; 2021-01-05..2021-01-14,1M+3M+6M; 1M+3M+6M; 6M; 1M+3M+6M; 6M,True,small,1,15,,,
REGN,REGN,,10,2006-11-21,2020-04-09,2006-11-21..2006-11-27; 2007-08-29..2007-09-20; 2007-12-17..2008-01-25; 2008-04-08..2008-04-15; 2008-07-31..2008-08-04; 2010-02-04..2010-02-25; 2010-05-06..2010-06-11; 2011-04-28..2011-05-11; 2011-09-02..2011-10-18; 2020-03-11..2020-04-09,1M+3M+6M; 1M+3M+6M; 1M+3M+6M; 6M; 1M; 1M+3M+6M; 1M+3M+6M; 1M+3M+6M; 1M+3M+6M; 1M+3M+6M,True,small,1,24,,,
REI,REI,,3,2021-02-24,2022-05-16,2021-02-24..2021-03-29; 2021-10-11..2021-11-02; 2022-03-30..2022-05-16,1M+3M+6M; 1M+6M; 1M+3M+6M,True,small,5,8,,,
REKR,REKR,,4,2021-03-18,2025-02-06,2021-03-18..2021-05-07; 2021-09-10..2021-09-14; 2021-10-29..2021-11-10; 2025-01-15..2025-02-06,1M+3M+6M; 1M; 3M; 1M+3M,True,small,2,9,,,
RELY,RELY,,4,2023-02-27,2026-08-19,2023-02-27..2023-03-14; 2023-08-07..2023-08-21; 2026-03-03..2026-03-06; 2026-08-14..2026-08-19,1M+3M+6M; 1M+3M+6M; 1M; 6M,True,mid,1,12,,,
RENT,RENT,,2,2022-12-16,2024-05-23,2022-12-16..2023-01-24; 2024-04-15..2024-05-23,1M+3M; 1M+3M+6M,True,small,1,8,,,
RENT.1^16,RENT,,3,2014-10-13,2015-10-21,2014-10-13..2014-11-20; 2015-05-28..2015-06-02; 2015-10-13..2015-10-21,1M+3M+6M; 1M+3M; 1M+6M,True,small,3,9,,,
REN^19,REN,,1,2016-08-10,2017-01-09,2016-08-10..2017-01-09,1M+3M+6M,True,small,1,10,,,
REPL,REPL,,6,2020-10-16,2026-09-09,2020-10-16..2020-12-04; 2022-12-15..2022-12-27; 2024-06-21..2024-07-09; 2025-10-23..2025-11-13; 2026-05-29..2026-06-29; 2026-07-14..2026-09-09,1M+3M+6M; 1M+3M; 1M+3M+6M; 1M+3M; 1M; 1M+3M+6M,True,small,1,16,,,
RES,RES,,12,2006-02-01,2022-11-17,2006-02-01..2006-02-09; 2006-05-03..2006-05-12; 2006-07-18..2006-07-19; 2010-12-15..2010-12-20; 2011-04-11..2011-05-10; 2011-11-09..2011-11-25; 2012-05-17..2012-06-12; 2015-02-17..2015-03-10; 2015-10-19..2015-12-09; 2016-02-16..2016-03-23; 2022-03-07..2022-04-28; 2022-11-03..2022-11-17,1M+3M+6M; 1M+3M+6M; 3M; 1M+3M+6M; 1M+3M+6M; 1M+3M+6M; 1M+3M+6M; 1M+3M+6M; 1M+3M+6M; 1M+3M+6M; 1M+3M+6M; 1M+3M,True,mid,1,30,,,
RETA^23,RETA,,10,2018-07-24,2023-07-05,2018-07-24..2018-09-28; 2018-12-07..2019-01-28; 2019-05-22..2019-05-24; 2019-09-27..2019-12-04; 2020-01-27..2020-02-24; 2021-05-25..2021-06-16; 2022-06-23..2022-07-13; 2022-09-21..2022-12-09; 2023-02-07..2023-03-30; 2023-06-23..2023-07-05,1M+3M+6M; 1M+3M+6M; 1M+3M+6M; 1M+3M+6M; 1M+3M+6M; 1M; 6M; 1M+3M+6M; 1M+3M+6M; 6M,True,mid,1,29,,,
REVG^26,REVG,,1,2024-08-02,2024-09-05,2024-08-02..2024-09-05,6M,False,small,5,3,,,
REX,REX,,1,2014-09-05,2014-09-15,2014-09-05..2014-09-15,1M+3M+6M,True,small,3,1,,,
REZI,REZI,,2,2020-06-23,2020-12-04,2020-06-23..2020-06-24; 2020-11-09..2020-12-04,1M; 1M+6M,False,mid,1,5,,,
RF,RF,,6,2008-02-12,2010-05-06,2008-02-12..2008-02-14; 2008-09-12..2008-09-26; 2009-03-19..2009-04-17; 2009-08-05..2009-10-07; 2010-01-26..2010-02-03; 2010-04-20..2010-05-06,1M+3M+6M; 1M+3M; 1M; 1M+3M+6M; 1M+3M+6M; 1M+3M+6M,True,mid,1,12,,,
RFP^23,RFP,,2,2021-04-20,2022-06-07,2021-04-20..2021-05-28; 2022-06-06..2022-06-07,1M+3M+6M; 6M,True,small,4,4,,,
RGA,RGA,,1,2008-12-29,2009-01-14,2008-12-29..2009-01-14,6M,False,mid,12,1,,,
RGC,RGC,,3,2021-09-10,2026-01-23,2021-09-10..2021-09-16; 2025-03-13..2025-07-01; 2026-01-07..2026-01-23,1M; 1M+3M+6M; 1M+3M+6M,True,small,1,9,,,
RGC.1^18,RGC,,2,2009-03-09,2017-12-04,2009-03-09..2009-03-24; 2017-11-29..2017-12-04,1M+3M+6M; 1M+3M+6M,True,mid,4,5,,,
RGEN,RGEN,,9,2014-05-09,2024-08-14,2014-05-09..2014-05-20; 2015-03-17..2015-04-06; 2019-05-10..2019-05-15; 2020-04-09..2020-06-03; 2020-11-18..2020-11-20; 2020-11-23..2020-11-27; 2023-01-24..2023-01-31; 2023-08-03..2023-08-09; 2024-08-01..2024-08-14,1M+3M+6M; 1M+3M+6M; 1M+3M+6M; 3M+6M; 3M; 6M; 1M+3M+6M; 1M; 1M,True,mid,2,24,,,
RGLD,RGLD,,4,2006-04-06,2016-03-28,2006-04-06..2006-04-10; 2008-10-07..2008-10-09; 2008-11-28..2009-02-11; 2016-02-18..2016-03-28,1M; 1M+3M+6M; 1M+3M+6M; 1M+3M+6M,True,small,2,13,,,
RGLS^25,RGLS,,2,2014-10-23,2024-04-12,2014-10-23..2015-03-20; 2024-03-20..2024-04-12,1M+3M+6M; 1M+3M,True,small,1,9,,,
RGNX,RGNX,,8,2017-10-03,2026-07-20,2017-10-03..2017-10-23; 2018-03-12..2018-07-24; 2018-09-13..2018-09-25; 2019-02-15..2019-04-02; 2019-06-20..2019-06-27; 2019-10-11..2019-11-04; 2024-03-04..2024-03-07; 2026-06-30..2026-07-20,1M+3M+6M; 1M+3M+6M; 1M+3M+6M; 1M+6M; 1M+3M+6M; 1M+3M+6M; 1M; 1M,True,small,1,27,,,
RGP,RGP,,1,2008-07-21,2008-07-24,2008-07-21..2008-07-24,3M+6M,False,small,12,1,,,
RGR,RGR,,2,2011-08-31,2012-08-09,2011-08-31..2011-09-14; 2012-08-03..2012-08-09,1M+3M+6M; 1M+3M+6M,True,small,1,3,,,
RGS,RGS,,1,2024-07-01,2024-08-06,2024-07-01..2024-08-06,1M+3M+6M,True,small,1,2,,,
RGSEQ^22,RGSEQ,RGSE,1,2014-01-16,2014-01-31,2014-01-16..2014-01-31,1M,False,small,4,1,,,
RGTI,RGTI,,3,2023-07-31,2025-10-27,2023-07-31..2023-08-16; 2024-11-13..2025-02-12; 2025-05-06..2025-10-27,1M+3M+6M; 1M+3M+6M; 1M+3M+6M,True,small,1,13,,,
RH,RH,,12,2013-05-22,2026-01-15,2013-05-22..2013-05-30; 2016-12-01..2016-12-12; 2017-03-13..2017-03-15; 2017-07-07..2017-08-02; 2017-11-07..2017-12-20; 2018-04-13..2018-04-16; 2018-12-07..2019-01-25; 2020-05-22..2020-06-23; 2020-09-18..2020-09-24; 2021-03-30..2021-04-12; 2024-04-02..2024-04-11; 2026-01-14..2026-01-15,1M+3M+6M; 6M; 1M; 1M+3M+6M; 1M+3M+6M; 1M+6M; 1M+3M+6M; 1M+3M; 3M+6M; 1M+3M+6M; 1M+3M+6M; 1M,True,mid,1,36,,,
RHI,RHI,,1,2026-07-27,2026-08-10,2026-07-27..2026-08-10,1M+3M,False,mid,7,2,,,
RHLD,RHLD,,1,2025-11-26,2026-01-28,2025-11-26..2026-01-28,1M+3M+6M,True,small,3,3,,,
RHP,RHP,,2,2008-07-29,2020-11-30,2008-07-29..2008-08-04; 2020-11-11..2020-11-30,1M; 1M+3M,False,mid,6,7,,,
RHT^19,RHT,,3,2008-12-30,2009-04-09,2008-12-30..2009-01-22; 2009-01-23..2009-01-27; 2009-03-27..2009-04-09,1M; 3M+6M; 6M,False,mid,7,5,,,
RIC^17,RIC,,1,2016-09-27,2016-10-04,2016-09-27..2016-10-04,1M+6M,False,small,9,1,,,
RIG,RIG,,17,2009-02-03,2026-02-27,2009-02-03..2009-04-07; 2015-04-22..2015-05-26; 2015-09-09..2015-11-09; 2016-05-06..2016-05-11; 2016-06-17..2016-07-25; 2016-12-14..2016-12-19; 2019-09-18..2019-09-26; 2019-11-08..2020-01-13; 2020-11-24..2020-12-17; 2021-01-19..2021-03-24; 2021-05-13..2021-07-13; 2021-10-01..2021-10-26; 2022-01-20..2022-04-04; 2022-08-22..2022-08-23; 2022-11-01..2023-03-14; 2023-06-08..2023-06-15; 2026-02-11..2026-02-27,1M+3M+6M; 1M+3M+6M; 1M+3M+6M; 1M; 1M+3M+6M; 1M+3M+6M; 1M+3M+6M; 1M+3M+6M; 1M; 3M+6M; 1M+6M; 1M+6M; 1M+3M+6M; 1M; 1M+3M+6M; 6M; 1M,True,mid,1,55,,,
RIGL,RIGL,,9,2007-12-17,2025-12-04,2007-12-17..2008-02-01; 2008-04-17..2008-04-18; 2008-06-05..2008-06-13; 2008-07-18..2008-07-22; 2008-09-18..2008-09-26; 2009-07-22..2009-07-23; 2016-08-31..2016-10-11; 2025-08-14..2025-09-02; 2025-11-14..2025-12-04,1M+3M+6M; 6M; 6M; 1M+3M; 6M; 3M; 1M+3M+6M; 1M; 1M,True,small,1,17,,,
RILY,RILY,,3,2023-05-08,2026-02-03,2023-05-08..2023-05-10; 2024-04-26..2024-05-17; 2026-01-09..2026-02-03,1M; 1M+3M+6M; 1M,True,small,3,4,,,
RINO,RINO,,3,2009-09-28,2010-11-08,2009-09-28..2010-01-11; 2010-03-12..2010-03-26; 2010-11-01..2010-11-08,1M+3M+6M; 1M+6M; 1M+3M+6M,True,small,1,9,,,
RIO,RIO,,1,2009-02-09,2009-03-25,2009-02-09..2009-03-25,1M+3M+6M,True,large_plus,1,5,,,
RIOT,RIOT,,21,2017-11-21,2026-06-03,2017-11-21..2018-01-05; 2018-08-08..2018-08-10; 2020-06-02..2020-06-04; 2020-08-05..2020-08-06; 2020-08-20..2020-08-26; 2020-10-30..2020-11-03; 2020-11-04..2021-03-30; 2021-06-23..2021-07-07; 2021-08-16..2021-09-02; 2021-11-09..2021-11-15; 2022-03-28..2022-03-29; 2022-07-28..2022-08-11; 2023-01-18..2023-02-06; 2023-03-03..2023-05-23; 2023-07-07..2023-08-02; 2023-11-03..2024-01-09; 2024-02-23..2024-02-28; 2024-10-23..2024-12-17; 2025-06-16..2025-07-31; 2025-09-09..2025-09-17; 2026-05-01..2026-06-03,1M+3M+6M; 1M; 1M+3M; 3M; 6M; 6M; 1M+3M+6M; 6M; 3M; 1M; 1M; 1M; 1M; 1M+3M+6M; 1M+3M+6M; 1M+3M+6M; 1M+3M; 1M+3M; 1M+3M; 1M+3M+6M; 1M,True,small,1,57,,,
RIVN,RIVN,,11,2022-07-18,2026-07-23,2022-07-18..2022-09-28; 2023-02-14..2023-02-22; 2023-05-30..2023-08-09; 2023-12-11..2024-01-05; 2024-06-03..2024-07-31; 2024-11-29..2025-01-21; 2025-04-28..2025-06-04; 2025-09-12..2025-09-26; 2025-11-13..2026-01-09; 2026-03-16..2026-03-27; 2026-07-06..2026-07-23,1M+3M+6M; 1M; 1M+3M+6M; 1M+3M+6M; 1M+3M+6M; 1M+3M+6M; 1M+3M+6M; 1M+3M+6M; 1M+3M+6M; 1M+3M+6M; 1M+6M,True,large_plus,1,31,,,
RJET,RJET,,1,2021-03-02,2021-03-17,2021-03-02..2021-03-17,1M+6M,False,small,3,1,,,
RJETQ^17,RJETQ,RJET,1,2015-09-30,2015-11-05,2015-09-30..2015-11-05,1M+3M+6M,True,small,1,2,,,
RJF,RJF,,1,2008-08-06,2008-10-02,2008-08-06..2008-10-02,6M,False,mid,2,4,,,
RKDA,RKDA,,1,2018-03-19,2018-04-25,2018-03-19..2018-04-25,1M+3M+6M,True,small,1,2,,,
RKLB,RKLB,,6,2023-05-24,2026-06-08,2023-05-24..2023-08-07; 2024-06-24..2025-02-12; 2025-04-24..2025-08-05; 2025-09-12..2025-10-30; 2025-12-22..2026-01-22; 2026-04-22..2026-06-08,1M+3M+6M; 1M+3M+6M; 1M+3M+6M; 1M+3M+6M; 1M+3M+6M; 1M+3M+6M,True,large_plus,1,30,,,
RKT,RKT,,9,2021-03-02,2026-07-07,2021-03-02..2021-03-22; 2022-08-08..2022-08-25; 2022-11-17..2022-12-20; 2023-02-06..2023-02-15; 2024-08-05..2024-08-21; 2025-03-04..2025-03-28; 2025-07-31..2025-08-11; 2025-09-19..2025-09-26; 2026-07-06..2026-07-07,1M+3M; 3M+6M; 1M+3M+6M; 1M+3M+6M; 1M+3M+6M; 1M+3M+6M; 1M+3M+6M; 3M; 1M,True,large_plus,1,21,,,
RKUS^16,RKUS,,1,2013-01-15,2013-01-23,2013-01-15..2013-01-23,1M,False,small,4,2,,,
RLAY,RLAY,,8,2020-09-21,2026-08-10,2020-09-21..2020-10-05; 2022-03-28..2022-04-08; 2022-07-12..2022-07-21; 2022-09-01..2022-09-21; 2023-01-24..2023-01-27; 2025-11-25..2025-12-02; 2026-02-17..2026-04-30; 2026-07-09..2026-08-10,1M; 1M; 1M; 1M+3M; 1M; 3M; 1M+3M+6M; 1M+6M,True,mid,2,18,,,
RLD^16,RLD,,1,2010-12-06,2010-12-31,2010-12-06..2010-12-31,1M+3M,False,small,7,2,,,
RLMD,RLMD,,2,2022-09-16,2026-04-21,2022-09-16..2022-10-12; 2026-03-09..2026-04-21,1M+3M+6M; 1M+3M+6M,True,small,1,7,,,
RLX,RLX,,6,2021-05-24,2024-03-26,2021-05-24..2021-06-04; 2021-09-09..2021-09-10; 2022-11-03..2023-01-30; 2023-03-21..2023-04-21; 2023-11-20..2023-12-11; 2024-03-22..2024-03-26,1M+3M; 1M; 1M+3M+6M; 1M+3M+6M; 1M+3M+6M; 6M,True,mid,1,10,,,
RLYP^16,RLYP,,4,2014-12-17,2016-07-18,2014-12-17..2015-03-24; 2015-11-20..2016-01-06; 2016-04-13..2016-04-27; 2016-06-10..2016-07-18,1M+3M+6M; 1M+3M+6M; 1M+6M; 1M+3M+6M,True,small,1,9,,,
RMBS,RMBS,,11,2006-01-17,2026-04-27,2006-01-17..2006-02-24; 2006-04-20..2006-04-28; 2006-11-27..2006-12-13; 2007-02-09..2007-02-14; 2008-03-26..2008-04-14; 2008-12-05..2009-01-12; 2009-03-18..2009-03-24; 2009-06-22..2009-06-30; 2010-01-04..2010-02-03; 2025-09-22..2025-11-12; 2026-04-14..2026-04-27,1M+3M+6M; 1M+3M+6M; 1M+3M+6M; 1M+3M+6M; 1M+3M+6M; 1M+3M; 1M; 1M; 1M+3M+6M; 1M+3M+6M; 1M,True,small,1,27,,,
RMD,RMD,,1,2008-12-11,2008-12-23,2008-12-11..2008-12-23,6M,False,mid,15,3,,,
RMTI,RMTI,,3,2013-09-06,2015-07-27,2013-09-06..2013-12-09; 2015-01-26..2015-01-28; 2015-06-25..2015-07-27,1M+3M+6M; 1M; 1M+3M+6M,True,small,1,8,,,
RNAC,RNAC,,1,2020-10-30,2020-11-13,2020-10-30..2020-11-13,1M,False,small,4,2,,,
RNG,RNG,,7,2018-12-06,2026-08-12,2018-12-06..2018-12-21; 2019-10-22..2019-10-23; 2020-04-16..2020-07-10; 2023-02-14..2023-02-15; 2023-05-30..2023-06-06; 2026-02-23..2026-03-20; 2026-07-24..2026-08-12,1M+6M; 1M+3M+6M; 1M+3M+6M; 1M; 1M; 1M; 1M+3M+6M,True,mid,1,20,,,
RNOW^12,RNOW,,2,2011-05-09,2011-10-20,2011-05-09..2011-05-10; 2011-09-12..2011-10-20,3M; 3M+6M,False,small,3,5,,,
RNR,RNR,,1,2008-11-28,2008-12-11,2008-11-28..2008-12-11,3M+6M,False,mid,13,3,,,
RNWK^22,RNWK,,1,2021-03-16,2021-03-26,2021-03-16..2021-03-26,1M+3M+6M,True,small,8,1,,,
ROC.3^15,ROC,,1,2009-11-09,2009-11-16,2009-11-09..2009-11-16,1M+3M+6M,True,small,5,4,,,
ROCC^23,ROCC,,5,2021-10-08,2022-11-08,2021-10-08..2021-11-04; 2022-01-06..2022-03-23; 2022-05-31..2022-06-21; 2022-10-26..2022-11-01; 2022-11-07..2022-11-08,1M+3M+6M; 1M+3M+6M; 1M+3M+6M; 1M+6M; 3M,True,small,2,15,,,
ROCK,ROCK,,1,2008-09-04,2008-09-24,2008-09-04..2008-09-24,3M+6M,False,small,3,2,,,
ROCM^13,ROCM,,1,2007-04-03,2007-05-02,2007-04-03..2007-05-02,1M+3M+6M,True,small,2,2,,,
ROIV,ROIV,,4,2021-12-20,2023-07-17,2021-12-20..2022-01-06; 2022-12-07..2023-01-27; 2023-05-02..2023-05-18; 2023-06-30..2023-07-17,1M+3M; 1M+3M+6M; 1M+3M+6M; 3M,True,mid,1,10,,,
ROKU,ROKU,,15,2017-11-22,2024-12-19,2017-11-22..2018-01-09; 2018-05-11..2018-08-15; 2019-01-23..2019-04-10; 2019-05-17..2019-05-29; 2019-07-31..2019-09-18; 2019-10-31..2019-12-09; 2020-04-20..2020-05-12; 2020-07-01..2020-07-30; 2020-09-04..2020-10-02; 2020-11-13..2020-11-25; 2021-01-26..2021-02-26; 2021-07-29..2021-08-06; 2023-02-03..2023-03-28; 2023-07-20..2023-08-17; 2024-12-18..2024-12-19,1M+3M; 1M+3M+6M; 1M+3M+6M; 1M+3M+6M; 1M+3M+6M; 1M+3M+6M; 1M+3M+6M; 1M+3M+6M; 1M+3M+6M; 3M+6M; 3M+6M; 1M+3M+6M; 1M+3M+6M; 1M+3M+6M; 1M+6M,True,large_plus,1,48,,,
ROLR,ROLR,,2,2026-01-20,2026-05-08,2026-01-20..2026-02-02; 2026-04-20..2026-05-08,1M+3M+6M; 1M+6M,True,small,1,3,,,
ROOT,ROOT,,5,2024-02-28,2025-05-16,2024-02-28..2024-05-07; 2024-07-15..2024-07-31; 2024-10-31..2024-11-29; 2025-01-30..2025-04-03; 2025-05-12..2025-05-16,1M+3M+6M; 1M+6M; 1M+3M; 1M+3M+6M; 3M+6M,True,small,1,15,,,
ROSE.3^15,ROSE,,5,2010-01-29,2015-05-01,2010-01-29..2010-02-03; 2010-03-15..2010-04-13; 2010-06-22..2010-06-28; 2011-11-02..2011-12-14; 2015-04-22..2015-05-01,3M+6M; 6M; 1M+3M+6M; 1M+3M+6M; 1M,True,small,1,9,,,
ROST,ROST,,1,2008-02-04,2008-02-11,2008-02-04..2008-02-11,3M+6M,False,mid,13,3,,,
ROYL,ROYL,,2,2008-06-16,2011-03-18,2008-06-16..2008-07-10; 2011-02-28..2011-03-18,1M+3M+6M; 1M+3M+6M,True,small,1,4,,,
RPAY,RPAY,,1,2019-07-18,2019-07-30,2019-07-18..2019-07-30,1M+3M+6M,True,small,5,2,,,
RPD,RPD,,4,2018-02-13,2026-08-31,2018-02-13..2018-02-14; 2018-08-15..2018-08-16; 2023-02-01..2023-02-24; 2026-07-13..2026-08-31,6M; 6M; 1M+3M; 1M+3M,False,small,3,8,,,
RPRX.1^18,RPRX,,5,2013-04-05,2016-05-05,2013-04-05..2013-05-10; 2013-07-30..2013-08-01; 2013-09-17..2013-10-01; 2014-09-03..2014-09-12; 2016-04-19..2016-05-05,1M+3M+6M; 6M; 1M+3M+6M; 1M+3M+6M; 1M+3M,True,small,1,9,,,
RPTP^16,RPTP,,2,2013-09-10,2015-04-01,2013-09-10..2013-10-10; 2015-03-10..2015-04-01,1M+3M+6M; 1M+3M+6M,True,small,6,5,,,
RPTX^26,RPTX,,1,2022-06-14,2022-07-01,2022-06-14..2022-07-01,1M,False,small,7,1,,,
RR,RR,,3,2024-12-23,2025-10-13,2024-12-23..2025-01-22; 2025-04-25..2025-06-10; 2025-08-27..2025-10-13,1M+3M; 6M; 1M+3M,False,small,1,11,,,
RRC,RRC,,14,2005-10-10,2023-03-13,2005-10-10..2005-10-11; 2008-11-14..2008-11-21; 2009-02-04..2009-04-09; 2011-09-21..2011-11-01; 2016-01-28..2016-04-06; 2016-05-16..2016-05-18; 2020-04-13..2020-06-11; 2020-08-10..2020-08-28; 2021-04-08..2021-07-16; 2021-09-21..2021-11-05; 2022-01-19..2022-04-27; 2022-06-08..2022-06-10; 2022-08-04..2022-08-10; 2023-03-03..2023-03-13,1M+3M+6M; 1M+3M; 1M+3M+6M; 1M+3M+6M; 1M+3M+6M; 1M+3M+6M; 1M+3M; 1M+6M; 1M+3M+6M; 1M+3M+6M; 1M+3M+6M; 6M; 6M; 1M,True,mid,1,43,,,
RRD^22,RRD,,1,2021-10-12,2021-10-22,2021-10-12..2021-10-22,1M,False,small,9,3,,,
RRGB,RRGB,,1,2020-09-14,2020-09-28,2020-09-14..2020-09-28,1M,False,small,10,3,,,
RRR,RRR,,3,2020-08-26,2020-11-10,2020-08-26..2020-09-09; 2020-09-14..2020-09-17; 2020-10-08..2020-11-10,1M; 6M; 1M+3M+6M,True,mid,3,13,,,
RRR.2^12,RRR,STN,1,2011-10-06,2011-12-14,2011-10-06..2011-12-14,1M+3M+6M,True,small,2,6,,,
RS,RS,,1,2009-02-19,2009-06-24,2009-02-19..2009-06-24,1M+3M+6M,True,small,3,5,,,
RSI,RSI,,3,2021-08-23,2024-12-11,2021-08-23..2021-11-22; 2024-08-05..2024-08-08; 2024-12-10..2024-12-11,1M+3M+6M; 6M; 1M,True,mid,2,9,,,
RSPP^18,RSPP,,4,2014-11-17,2016-03-15,2014-11-17..2014-12-02; 2015-01-22..2015-03-19; 2015-10-09..2015-10-23; 2016-03-02..2016-03-15,1M+3M+6M; 1M+3M+6M; 1M+3M+6M; 6M,True,mid,2,15,,,
RTB,RTB,,1,2021-04-07,2021-04-13,2021-04-07..2021-04-13,3M,False,small,9,1,,,
RTI^15,RTI,,3,2009-09-25,2011-10-28,2009-09-25..2009-10-09; 2010-08-03..2010-08-06; 2011-10-26..2011-10-28,1M; 3M; 6M,False,small,8,5,,,
RTN^20,RTN,,1,2008-12-05,2008-12-11,2008-12-05..2008-12-11,6M,False,large_plus,8,4,,,
RT^17,RT,,2,2009-05-12,2009-08-06,2009-05-12..2009-05-14; 2009-07-23..2009-08-06,3M+6M; 6M,False,small,3,2,,,
RUBY^24,RUBY,,1,2021-03-15,2021-06-24,2021-03-15..2021-06-24,1M+3M+6M,True,small,1,7,,,
RUM,RUM,,9,2021-12-06,2026-09-08,2021-12-06..2022-02-23; 2022-09-08..2022-09-28; 2023-01-25..2023-01-26; 2023-04-17..2023-05-30; 2024-01-31..2024-04-04; 2024-12-09..2025-02-11; 2025-05-09..2025-05-30; 2026-04-30..2026-05-14; 2026-08-17..2026-09-08,1M+3M+6M; 1M+6M; 1M; 1M+3M+6M; 1M+3M+6M; 1M+3M+6M; 1M+6M; 1M; 1M,True,mid,1,27,,,
RUN,RUN,,17,2015-12-22,2025-11-03,2015-12-22..2016-01-07; 2018-03-05..2018-04-17; 2018-07-17..2018-07-26; 2018-11-09..2018-12-18; 2020-07-13..2020-10-16; 2020-12-04..2021-01-22; 2021-06-22..2021-08-02; 2021-10-19..2021-11-18; 2022-03-16..2022-03-25; 2022-07-29..2022-09-26; 2022-11-18..2022-12-02; 2023-04-28..2023-05-04; 2023-11-28..2024-01-10; 2024-05-24..2024-06-06; 2024-07-18..2024-09-26; 2025-04-28..2025-05-21; 2025-07-15..2025-11-03,1M+3M; 1M+3M+6M; 1M+3M+6M; 1M+3M+6M; 1M+3M+6M; 1M+3M+6M; 1M+3M+6M; 1M+3M+6M; 1M; 1M+3M+6M; 1M; 1M+3M+6M; 1M+3M; 1M+3M; 1M+3M+6M; 1M+3M; 1M+3M+6M,True,mid,1,51,,,
RUTH^23,RUTH,,2,2020-09-02,2020-11-09,2020-09-02..2020-09-17; 2020-10-30..2020-11-09,1M; 3M,False,small,11,7,,,
RVBD^15,RVBD,,8,2006-11-15,2011-11-18,2006-11-15..2007-02-13; 2007-07-27..2007-08-01; 2007-10-11..2007-10-23; 2008-05-14..2008-06-02; 2009-03-16..2009-04-16; 2011-01-20..2011-01-25; 2011-03-10..2011-03-17; 2011-11-01..2011-11-18,1M+3M; 1M+3M+6M; 1M+3M+6M; 1M; 3M+6M; 1M+3M+6M; 1M+3M+6M; 1M+3M+6M,True,mid,1,18,,,
RVLV,RVLV,,6,2021-03-05,2024-12-19,2021-03-05..2021-08-11; 2021-09-24..2021-10-05; 2021-11-29..2021-11-30; 2022-02-18..2022-02-23; 2024-08-09..2024-08-19; 2024-12-11..2024-12-19,1M+3M+6M; 6M; 3M; 1M; 1M+6M; 6M,True,mid,5,18,,,
RVMD,RVMD,,7,2020-09-21,2026-05-07,2020-09-21..2020-10-20; 2022-12-14..2023-01-25; 2023-04-28..2023-05-02; 2023-08-09..2023-08-18; 2024-04-15..2024-04-29; 2026-01-16..2026-01-28; 2026-04-24..2026-05-07,1M; 3M; 1M+3M+6M; 1M+3M+6M; 1M+3M+6M; 1M+3M+6M; 1M+3M+6M,True,mid,2,17,,,
RVNC^25,RVNC,,7,2015-11-02,2023-03-08,2015-11-02..2015-12-10; 2017-12-11..2017-12-27; 2019-12-05..2019-12-13; 2020-01-24..2020-03-02; 2021-12-17..2021-12-29; 2022-08-12..2022-10-19; 2023-01-18..2023-03-08,1M+3M+6M; 1M+3M; 6M; 1M+6M; 1M; 1M+3M+6M; 1M+3M+6M,True,small,2,14,,,
RVSN,RVSN,,1,2024-02-12,2024-02-15,2024-02-12..2024-02-15,1M+3M+6M,True,small,1,1,,,
RWAX,RWAX,,1,2021-02-08,2021-02-26,2021-02-08..2021-02-26,1M+3M+6M,True,mid,1,2,,,
RWT,RWT,,4,2007-11-27,2008-09-25,2007-11-27..2007-12-18; 2008-01-24..2008-02-19; 2008-04-09..2008-04-15; 2008-09-23..2008-09-25,1M+3M+6M; 1M+3M+6M; 6M; 1M,True,small,1,6,,,
RXDX^23,RXDX,,4,2021-12-31,2023-02-01,2021-12-31..2022-01-12; 2022-03-14..2022-03-22; 2022-07-28..2022-10-13; 2022-12-09..2023-02-01,1M+3M+6M; 6M; 1M+3M+6M; 1M+3M+6M,True,small,1,13,,,
RXO,RXO,,2,2026-06-08,2026-07-27,2026-06-08..2026-06-16; 2026-07-24..2026-07-27,1M+3M; 6M,False,mid,4,3,,,
RXRX,RXRX,,5,2021-06-17,2025-02-26,2021-06-17..2021-07-21; 2022-09-12..2022-09-26; 2023-05-26..2023-08-07; 2023-12-19..2024-03-05; 2025-02-07..2025-02-26,1M; 1M+3M+6M; 1M+3M; 1M+3M+6M; 1M+3M,True,mid,2,13,,,
RXST,RXST,,1,2024-04-19,2024-05-24,2024-04-19..2024-05-24,1M+3M+6M,True,small,6,3,,,
RXT,RXT,,3,2021-04-01,2026-07-08,2021-04-01..2021-04-06; 2026-02-27..2026-03-18; 2026-05-07..2026-07-08,1M; 1M+3M; 1M+3M+6M,True,small,1,8,,,
RY,RY,,1,2009-03-19,2009-03-20,2009-03-19..2009-03-20,1M+3M+6M,True,large_plus,5,3,,,
RYAAY,RYAAY,,2,2008-06-27,2009-01-07,2008-06-27..2008-07-29; 2008-11-11..2009-01-07,1M+3M+6M; 1M+3M+6M,True,mid,1,8,,,
RYAM,RYAM,,2,2017-06-07,2026-03-24,2017-06-07..2017-06-14; 2026-03-13..2026-03-24,1M+3M; 1M+3M,False,small,4,4,,,
RYDE,RYDE,,1,2024-09-10,2024-09-11,2024-09-10..2024-09-11,1M+3M+6M,True,small,3,1,,,
RYL^15,RYL,,4,2007-10-26,2012-01-31,2007-10-26..2007-11-13; 2007-12-26..2008-05-07; 2011-10-11..2011-10-27; 2012-01-27..2012-01-31,1M; 1M+3M+6M; 1M+3M+6M; 3M+6M,True,small,3,11,,,
RYM,RYM,,3,2021-07-22,2024-12-30,2021-07-22..2021-09-03; 2021-11-23..2021-11-26; 2024-11-26..2024-12-30,1M+3M+6M; 6M; 1M+3M+6M,True,small,1,4,,,
RYOJ,RYOJ,,1,2025-10-21,2025-11-07,2025-10-21..2025-11-07,1M,False,small,6,1,,,
RYTM,RYTM,,6,2018-07-03,2025-05-12,2018-07-03..2018-07-16; 2020-09-18..2020-09-21; 2022-07-13..2023-01-26; 2023-08-16..2023-09-13; 2023-11-06..2024-02-27; 2025-04-11..2025-05-12,3M+6M; 1M; 1M+3M+6M; 1M+3M+6M; 1M+3M+6M; 1M+3M+6M,True,small,1,26,,,
RYZ,RYZ,,2,2016-07-20,2022-05-04,2016-07-20..2016-07-22; 2022-04-05..2022-05-04,1M+3M+6M; 3M+6M,True,small,1,4,,,
RZLT,RZLT,,2,2026-02-05,2026-07-10,2026-02-05..2026-02-13; 2026-07-08..2026-07-10,1M; 6M,False,small,5,3,,,
RZLV,RZLV,,1,2025-09-08,2025-10-01,2025-09-08..2025-10-01,1M+3M+6M,True,small,4,2,,,
S,S,,4,2021-08-25,2023-12-20,2021-08-25..2021-09-22; 2021-11-02..2021-11-19; 2023-08-28..2023-09-08; 2023-12-15..2023-12-20,1M; 1M+3M; 1M+3M+6M; 1M+3M+6M,True,large_plus,3,12,,,
S.3^13,S,,7,2008-05-06,2012-10-05,2008-05-06..2008-05-29; 2009-01-26..2009-06-22; 2009-12-04..2009-12-21; 2010-05-07..2010-06-11; 2012-03-12..2012-03-13; 2012-08-23..2012-08-27; 2012-10-03..2012-10-05,1M+3M+6M; 1M+3M+6M; 1M+3M+6M; 1M+3M+6M; 1M+3M+6M; 1M+3M+6M; 1M+3M+6M,True,large_plus,1,17,,,
S.4^20,S,,4,2015-08-25,2019-06-11,2015-08-25..2015-09-11; 2016-03-04..2016-05-05; 2016-07-27..2016-08-11; 2019-05-28..2019-06-11,1M+3M+6M; 1M+3M+6M; 1M+3M+6M; 1M+3M+6M,True,large_plus,1,8,,,
SA,SA,,9,2007-07-17,2017-04-25,2007-07-17..2007-11-05; 2008-01-07..2008-01-08; 2008-01-14..2008-01-15; 2009-12-14..2009-12-15; 2010-05-11..2010-05-26; 2013-08-27..2013-09-06; 2016-03-08..2016-05-02; 2016-06-27..2016-07-12; 2017-03-31..2017-04-25,1M+3M+6M; 1M; 6M; 1M+3M+6M; 1M+3M+6M; 1M+3M+6M; 1M+3M+6M; 1M+3M+6M; 1M+3M+6M,True,small,1,20,,,
SABR,SABR,,7,2020-11-09,2026-03-24,2020-11-09..2020-12-03; 2021-03-17..2021-03-18; 2022-02-15..2022-03-02; 2023-01-11..2023-01-13; 2023-08-03..2023-08-29; 2024-04-18..2024-05-03; 2026-03-17..2026-03-24,1M; 1M; 1M+3M+6M; 6M; 1M+3M; 1M+3M+6M; 1M,True,mid,3,18,,,
SAFE,SAFE,,1,2020-03-10,2020-04-01,2020-03-10..2020-04-01,1M+3M+6M,True,mid,1,1,,,
SAFM^22,SAFM,,1,2008-12-15,2008-12-18,2008-12-15..2008-12-18,1M,False,small,6,2,,,
SAGE^25,SAGE,,11,2015-03-31,2020-11-06,2015-03-31..2015-06-23; 2015-12-15..2016-01-07; 2016-07-14..2016-08-09; 2016-11-15..2016-11-29; 2017-02-24..2017-04-19; 2017-06-26..2017-07-03; 2017-11-14..2018-02-12; 2018-05-29..2018-06-20; 2019-01-18..2019-01-29; 2020-09-10..2020-09-23; 2020-11-02..2020-11-06,1M+3M+6M; 1M+3M+6M; 1M+3M+6M; 1M+3M+6M; 1M+3M+6M; 1M+3M+6M; 1M+3M+6M; 1M+3M+6M; 1M+3M+6M; 3M; 1M+3M+6M,True,mid,1,37,,,
SAH,SAH,,3,2009-10-23,2022-05-20,2009-10-23..2009-10-26; 2011-11-02..2011-11-04; 2022-05-18..2022-05-20,1M+6M; 6M; 6M,False,small,4,5,,,
SAIA,SAIA,,2,2023-02-14,2024-07-29,2023-02-14..2023-02-17; 2024-07-26..2024-07-29,6M; 1M+3M+6M,True,large_plus,6,2,,,
SAIL,SAIL,,3,2025-05-20,2026-09-10,2025-05-20..2025-07-07; 2026-06-01..2026-06-12; 2026-07-30..2026-09-10,1M+3M; 1M; 3M,False,large_plus,6,7,,,
SAIL.2^22,SAIL,,2,2018-03-13,2018-08-15,2018-03-13..2018-05-15; 2018-07-30..2018-08-15,1M+3M; 1M+3M+6M,True,mid,1,8,,,
SALM^26,SALM,,1,2021-10-25,2021-11-11,2021-10-25..2021-11-11,3M+6M,False,small,9,1,,,
SAM,SAM,,1,2020-11-09,2020-11-12,2020-11-09..2020-11-12,1M+3M+6M,True,large_plus,6,1,,,
SANA,SANA,,6,2021-08-25,2025-07-11,2021-08-25..2021-09-15; 2022-04-07..2022-04-13; 2022-07-08..2022-07-21; 2023-05-24..2023-06-21; 2024-01-10..2024-04-08; 2025-07-08..2025-07-11,1M; 1M; 1M; 3M; 1M+3M+6M; 6M,True,small,3,17,,,
SAND^25,SAND,,1,2019-08-05,2019-08-12,2019-08-05..2019-08-12,1M+3M+6M,True,small,9,1,,,
SANM,SANM,,5,2006-05-10,2026-05-15,2006-05-10..2006-05-18; 2008-08-18..2008-09-16; 2010-02-05..2010-02-23; 2010-09-30..2010-10-07; 2026-05-01..2026-05-15,1M+3M+6M; 1M+3M+6M; 1M+3M+6M; 1M+3M+6M; 1M+6M,True,small,1,13,,,
SAPE^15,SAPE,,1,2008-03-28,2008-03-31,2008-03-28..2008-03-31,1M,False,small,12,1,,,
SATL,SATL,,2,2026-01-12,2026-06-05,2026-01-12..2026-02-09; 2026-03-26..2026-06-05,1M+3M; 1M+3M+6M,True,small,1,5,,,
SATX^25,SATX,,1,2022-11-17,2022-12-05,2022-11-17..2022-12-05,1M+3M+6M,True,small,1,1,,,
SAVEQ^25,SAVEQ,SAVE,7,2012-02-21,2024-11-12,2012-02-21..2012-03-06; 2012-07-24..2012-07-26; 2015-12-16..2015-12-22; 2016-02-09..2016-02-25; 2020-06-08..2020-06-12; 2022-02-11..2022-02-28; 2024-11-11..2024-11-12,1M+3M+6M; 1M+3M+6M; 1M+3M+6M; 1M+3M+6M; 1M; 1M+3M+6M; 1M,True,mid,1,13,,,
SB,SB,,1,2021-10-04,2021-10-15,2021-10-04..2021-10-15,6M,False,small,10,1,,,
SBAC,SBAC,,2,2006-07-18,2009-04-22,2006-07-18..2006-07-19; 2009-01-23..2009-04-22,3M+6M; 1M+3M+6M,True,mid,3,9,,,
SBET,SBET,,3,2025-06-02,2026-09-21,2025-06-02..2025-06-16; 2025-07-30..2025-08-21; 2026-07-27..2026-09-21,1M+3M+6M; 3M+6M; 1M,True,mid,1,5,,,
SBGI,SBGI,,1,2013-04-15,2013-05-01,2013-04-15..2013-05-01,1M+3M+6M,True,mid,1,3,,,
SBH,SBH,,3,2008-08-07,2021-03-26,2008-08-07..2008-09-09; 2018-11-14..2018-11-28; 2021-03-15..2021-03-26,3M+6M; 1M+3M+6M; 1M,True,mid,1,6,,,
SBLK,SBLK,,4,2021-05-04,2022-06-08,2021-05-04..2021-07-06; 2021-09-17..2021-10-13; 2021-12-13..2022-03-29; 2022-04-25..2022-06-08,1M+3M+6M; 6M; 1M+3M+6M; 1M+3M+6M,True,mid,1,17,,,
SBNY,SBNY,,4,2008-09-15,2022-01-25,2008-09-15..2008-10-06; 2009-02-23..2009-02-24; 2021-03-23..2021-03-24; 2022-01-24..2022-01-25,1M+3M+6M; 6M; 3M+6M; 1M+3M+6M,True,large_plus,4,7,,,
SBOW^24,SBOW,,2,2022-06-10,2022-09-02,2022-06-10..2022-06-22; 2022-08-04..2022-09-02,3M+6M; 6M,False,small,8,3,,,
SBSW,SBSW,,8,2016-02-16,2026-02-09,2016-02-16..2016-04-06; 2018-10-24..2018-10-31; 2020-02-25..2020-03-02; 2020-05-01..2020-05-04; 2020-09-16..2020-09-21; 2022-03-08..2022-03-17; 2025-04-22..2025-04-28; 2026-01-30..2026-02-09,1M+3M+6M; 1M+3M+6M; 6M; 1M; 3M; 1M+3M+6M; 3M; 3M,True,mid,1,15,,,
SBUX,SBUX,,1,2009-05-04,2009-05-14,2009-05-04..2009-05-14,3M+6M,False,large_plus,8,2,,,
SCAI^17,SCAI,,1,2016-01-22,2016-02-05,2016-01-22..2016-02-05,1M+3M+6M,True,small,1,1,,,
SCCO,SCCO,,5,2005-03-08,2026-03-09,2005-03-08..2005-03-18; 2008-12-17..2009-01-20; 2009-03-20..2009-06-22; 2016-02-18..2016-02-19; 2026-02-04..2026-03-09,1M+3M+6M; 1M+3M; 1M+3M+6M; 1M+3M+6M; 1M+3M+6M,True,large_plus,1,13,,,
SCG^19,SCG,,1,2018-11-07,2018-11-08,2018-11-07..2018-11-08,1M+3M+6M,True,mid,5,4,,,
SCHW,SCHW,,2,2008-09-17,2009-05-04,2008-09-17..2008-09-19; 2009-03-26..2009-05-04,1M+3M+6M; 3M+6M,True,large_plus,1,7,,,
SCLX,SCLX,,1,2023-04-19,2023-04-20,2023-04-19..2023-04-20,1M+6M,False,small,6,1,,,
SCMP^18,SCMP,,3,2015-04-30,2017-12-26,2015-04-30..2015-05-01; 2015-07-21..2015-09-25; 2017-12-07..2017-12-26,6M; 1M+3M+6M; 1M+3M+6M,True,small,1,7,,,
SCPL^23,SCPL,,1,2020-09-28,2020-10-01,2020-09-28..2020-10-01,1M,False,mid,13,1,,,
SCPX,SCPX,,1,2020-07-16,2020-08-06,2020-07-16..2020-08-06,1M+3M+6M,True,small,3,1,,,
SCR^21,SCR,,1,2021-08-13,2021-08-19,2021-08-13..2021-08-19,1M+3M,False,small,5,2,,,
SCSC,SCSC,,1,2008-02-15,2008-03-03,2008-02-15..2008-03-03,1M+6M,False,small,6,3,,,
SCTY.1^16,SCTY,,10,2013-02-13,2016-06-30,2013-02-13..2013-03-07; 2013-04-15..2013-06-07; 2013-07-22..2013-08-08; 2013-10-09..2013-11-08; 2013-12-26..2014-03-13; 2014-06-19..2014-08-12; 2015-08-07..2015-08-12; 2015-12-15..2016-01-11; 2016-04-20..2016-04-29; 2016-06-29..2016-06-30,1M; 1M+3M; 1M+3M+6M; 1M+3M+6M; 1M+3M+6M; 1M+3M+6M; 1M+3M+6M; 1M+3M+6M; 1M+6M; 1M+3M+6M,True,mid,1,29,,,
SCUR^08,SCUR,,1,2007-03-01,2007-03-02,2007-03-01..2007-03-02,1M+3M+6M,True,small,6,1,,,
SD,SD,,3,2021-10-04,2022-09-08,2021-10-04..2021-11-22; 2022-03-28..2022-06-17; 2022-08-11..2022-09-08,1M+3M+6M; 1M+3M+6M; 6M,True,small,3,9,,,
SDA,SDA,,1,2023-05-31,2023-07-10,2023-05-31..2023-07-10,1M+3M+6M,True,small,1,2,,,
SDA.1^09,SDA,,1,2008-04-01,2008-05-16,2008-04-01..2008-05-16,1M+3M+6M,True,mid,3,3,,,
SDCCQ,SDCCQ,"SDCC, SDC",3,2020-01-14,2020-10-01,2020-01-14..2020-02-21; 2020-05-05..2020-05-15; 2020-09-14..2020-10-01,1M+3M; 1M; 1M+3M+6M,True,mid,1,5,,,
SDGR,SDGR,,6,2020-05-07,2025-04-29,2020-05-07..2020-07-16; 2022-07-19..2022-07-26; 2023-03-16..2023-03-29; 2023-05-05..2023-07-28; 2023-11-20..2023-12-04; 2025-04-24..2025-04-29,1M+3M; 6M; 1M+3M+6M; 1M+3M+6M; 1M; 1M+3M+6M,True,mid,2,15,,,
SDIG^25,SDIG,,1,2024-08-30,2024-09-13,2024-08-30..2024-09-13,1M,False,small,4,2,,,
SDRL,SDRL,,1,2023-02-02,2023-03-10,2023-02-02..2023-03-10,3M+6M,False,mid,6,2,,,
SDRL.1^18,SDRL,SEDR,5,2015-04-21,2017-01-03,2015-04-21..2015-05-26; 2016-03-07..2016-03-24; 2016-05-02..2016-05-12; 2016-10-18..2016-10-21; 2016-12-02..2017-01-03,1M+3M+6M; 1M; 1M+3M; 1M+3M+6M; 1M+3M+6M,True,mid,1,9,,,
SE,SE,,8,2018-05-29,2025-03-18,2018-05-29..2018-06-21; 2019-03-06..2019-03-20; 2019-05-29..2019-06-05; 2020-04-21..2020-09-11; 2020-11-10..2020-11-30; 2022-08-03..2022-08-09; 2022-12-01..2023-03-24; 2025-03-12..2025-03-18,1M+3M+6M; 1M+3M+6M; 1M+3M+6M; 1M+3M+6M; 3M+6M; 1M+3M; 1M+3M+6M; 1M+3M+6M,True,large_plus,1,33,,,
SEAC,SEAC,,1,2021-12-20,2022-01-06,2021-12-20..2022-01-06,1M+3M+6M,True,small,1,1,,,
SEDG,SEDG,,19,2015-05-21,2026-06-12,2015-05-21..2015-06-19; 2016-01-04..2016-02-08; 2018-04-12..2018-04-16; 2018-05-23..2018-05-31; 2019-08-23..2019-11-05; 2020-02-25..2020-03-10; 2020-06-01..2020-06-16; 2020-07-29..2020-08-24; 2020-10-08..2020-10-28; 2020-12-11..2021-01-14; 2022-02-25..2022-04-08; 2022-06-13..2022-08-15; 2022-11-17..2022-11-21; 2023-02-03..2023-03-16; 2025-02-25..2025-04-01; 2025-08-25..2025-09-09; 2025-10-31..2025-11-12; 2026-03-20..2026-04-01; 2026-05-21..2026-06-12,1M; 1M+3M+6M; 1M+3M+6M; 1M+3M+6M; 1M+3M+6M; 1M+3M+6M; 6M; 1M+3M+6M; 1M+3M+6M; 1M+3M+6M; 1M+3M+6M; 1M+3M+6M; 1M+3M+6M; 3M+6M; 3M; 1M+3M+6M; 6M; 1M+3M; 1M,True,mid,1,48,,,
SEED,SEED,,5,2007-10-12,2021-08-10,2007-10-12..2007-10-24; 2008-01-07..2008-02-27; 2009-11-23..2010-01-25; 2010-03-18..2010-03-25; 2021-07-30..2021-08-10,1M; 1M+3M+6M; 1M+3M+6M; 6M; 1M,True,small,1,13,,,
SEELQ,SEELQ,SEEL,1,2021-03-16,2021-05-11,2021-03-16..2021-05-11,1M+3M+6M,True,small,1,3,,,
SEER,SEER,,2,2021-04-16,2021-09-15,2021-04-16..2021-04-26; 2021-08-30..2021-09-15,1M; 1M+3M,False,mid,3,3,,,
SEI,SEI,,4,2024-12-06,2025-11-13,2024-12-06..2025-03-07; 2025-07-08..2025-07-09; 2025-10-03..2025-10-24; 2025-11-03..2025-11-13,1M+3M+6M; 3M; 1M; 3M+6M,True,mid,4,12,,,
SEMG.1^19,SEMG,,1,2016-04-12,2016-07-07,2016-04-12..2016-07-07,1M+3M+6M,True,small,5,5,,,
SEND^19,SEND,,2,2018-08-15,2019-01-23,2018-08-15..2018-08-17; 2018-11-08..2019-01-23,1M+3M+6M; 1M+3M+6M,True,small,1,6,,,
SENS,SENS,,7,2018-06-26,2025-02-21,2018-06-26..2018-07-06; 2021-01-19..2021-03-03; 2021-06-07..2021-07-06; 2021-08-25..2021-09-01; 2021-11-10..2021-11-16; 2022-02-08..2022-02-10; 2025-01-27..2025-02-21,1M+6M; 1M+3M+6M; 1M+6M; 3M; 6M; 1M+6M; 1M+3M+6M,True,small,2,12,,,
SEPN,SEPN,,2,2025-05-14,2026-08-13,2025-05-14..2025-05-15; 2026-08-11..2026-08-13,1M; 3M,False,small,8,3,,,
SEPR^09,SEPR,,1,2009-01-27,2009-02-26,2009-01-27..2009-02-26,1M+6M,False,small,5,2,,,
SEP^18,SEP,,1,2016-01-11,2016-02-29,2016-01-11..2016-02-29,1M+3M+6M,True,large_plus,1,4,,,
SER,SER,,1,2020-10-12,2020-10-29,2020-10-12..2020-10-29,1M,False,small,4,1,,,
SERA,SERA,,1,2023-12-06,2024-01-09,2023-12-06..2024-01-09,1M+3M+6M,True,small,1,2,,,
SERV,SERV,,4,2024-07-22,2025-06-06,2024-07-22..2024-08-15; 2024-10-16..2024-10-17; 2024-10-18..2025-02-13; 2025-05-15..2025-06-06,1M+3M; 3M; 1M+3M+6M; 1M,True,small,1,11,,,
SES,SES,,4,2024-12-30,2025-10-17,2024-12-30..2025-01-17; 2025-04-28..2025-05-02; 2025-06-09..2025-06-13; 2025-10-06..2025-10-17,1M; 1M+6M; 3M+6M; 1M+3M+6M,True,small,4,6,,,
SEZL,SEZL,,5,2024-08-29,2026-07-23,2024-08-29..2024-12-06; 2025-02-26..2025-03-04; 2025-04-29..2025-07-15; 2025-12-17..2025-12-19; 2026-05-12..2026-07-23,1M+3M+6M; 6M; 1M+3M+6M; 1M; 1M+3M+6M,True,small,1,21,,,
SF,SF,,3,2008-07-29,2009-01-08,2008-07-29..2008-08-11; 2008-09-19..2008-10-09; 2008-12-19..2009-01-08,3M+6M; 1M+3M+6M; 6M,True,small,2,8,,,
SFD.4^13,SFD,,2,2008-12-22,2009-04-09,2008-12-22..2009-01-16; 2009-04-08..2009-04-09,1M; 1M,False,small,2,5,,,
SFIX,SFIX,,11,2018-03-14,2024-07-18,2018-03-14..2018-09-27; 2018-12-06..2018-12-07; 2019-03-11..2019-03-28; 2019-06-17..2019-06-21; 2019-10-11..2019-10-23; 2020-06-02..2020-06-04; 2020-09-09..2021-01-05; 2021-06-10..2021-06-11; 2023-01-24..2023-02-03; 2023-03-03..2023-03-31; 2024-07-05..2024-07-18,1M+3M+6M; 6M; 1M+3M+6M; 1M+3M+6M; 1M+3M+6M; 1M; 1M+3M+6M; 1M; 1M; 1M+3M+6M; 3M,True,mid,1,34,,,
SFLY^19,SFLY,,5,2007-08-21,2012-08-03,2007-08-21..2007-09-10; 2011-05-11..2011-06-09; 2011-09-19..2011-09-21; 2012-02-15..2012-03-06; 2012-08-02..2012-08-03,3M+6M; 1M+3M+6M; 1M; 1M; 1M+3M+6M,True,small,3,10,,,
SFM,SFM,,1,2020-03-10,2020-04-09,2020-03-10..2020-04-09,1M+3M+6M,True,mid,4,3,,,
SFSF^12,SFSF,,2,2010-05-26,2011-11-22,2010-05-26..2010-05-28; 2011-10-12..2011-11-22,1M+3M+6M; 1M+3M+6M,True,small,6,5,,,
SFUNY,SFUNY,,9,2013-05-09,2017-11-22,2013-05-09..2013-05-13; 2013-07-29..2014-01-28; 2014-03-12..2014-03-21; 2014-07-24..2014-08-26; 2015-04-14..2015-06-30; 2015-10-07..2015-11-18; 2017-01-12..2017-01-19; 2017-09-18..2017-09-29; 2017-11-17..2017-11-22,1M+3M+6M; 1M+3M+6M; 1M+3M+6M; 1M+3M+6M; 1M+3M+6M; 1M+3M+6M; 1M; 3M+6M; 1M+3M+6M,True,mid,1,29,,,
SG,SG,,6,2022-03-18,2026-09-14,2022-03-18..2022-04-01; 2022-10-07..2022-10-13; 2023-06-13..2023-06-23; 2024-03-15..2024-06-21; 2024-08-15..2024-11-05; 2026-09-09..2026-09-14,1M; 3M; 3M; 1M+3M+6M; 1M+3M+6M; 1M,True,mid,1,15,,,
SGEN^23,SGEN,,5,2010-05-21,2016-12-01,2010-05-21..2010-06-07; 2011-09-09..2011-10-19; 2015-11-11..2015-11-24; 2016-04-04..2016-04-12; 2016-11-14..2016-12-01,1M+3M+6M; 1M+3M+6M; 1M+3M+6M; 1M+3M+6M; 1M+3M+6M,True,mid,1,11,,,
SGFY^23,SGFY,,2,2022-03-22,2022-08-04,2022-03-22..2022-03-24; 2022-06-27..2022-08-04,1M; 1M+6M,False,mid,7,7,,,
SGI,SGI,,7,2007-08-08,2025-04-25,2007-08-08..2007-08-09; 2008-08-29..2008-09-30; 2009-04-23..2009-04-24; 2009-06-25..2009-07-21; 2009-10-05..2009-11-02; 2012-07-30..2012-08-08; 2025-04-23..2025-04-25,1M+3M+6M; 1M+3M; 3M; 1M+3M+6M; 1M; 1M+3M+6M; 1M+3M+6M,True,small,2,17,,,
SGI.1^16,SGI,TPX,3,2006-01-12,2011-09-14,2006-01-12..2006-04-19; 2011-03-15..2011-05-12; 2011-09-12..2011-09-14,1M+3M+6M; 1M+3M+6M; 1M,True,small,1,8,,,
SGLY,SGLY,,2,2021-02-19,2022-04-18,2021-02-19..2021-02-24; 2022-04-06..2022-04-18,1M; 1M+3M+6M,True,small,1,4,,,
SGMA^25,SGMA,,1,2021-12-14,2021-12-17,2021-12-14..2021-12-17,1M+3M+6M,True,small,1,1,,,
SGML,SGML,,5,2022-08-31,2026-05-14,2022-08-31..2022-11-10; 2023-02-07..2023-04-21; 2023-09-28..2023-09-29; 2025-11-24..2026-01-15; 2026-04-16..2026-05-14,1M+3M+6M; 1M+3M+6M; 1M+3M+6M; 1M+3M+6M; 1M+3M+6M,True,mid,1,17,,,
SGMOQ,SGMOQ,SGMO,12,2007-11-05,2024-12-30,2007-11-05..2007-11-14; 2014-01-13..2014-03-26; 2014-06-11..2014-06-27; 2014-12-16..2015-01-12; 2015-02-26..2015-03-23; 2017-05-15..2017-10-19; 2017-12-01..2018-03-16; 2019-04-04..2019-04-22; 2019-07-12..2019-07-25; 2020-12-24..2021-01-11; 2024-08-12..2024-08-16; 2024-10-29..2024-12-30,1M+3M+6M; 1M+3M+6M; 1M+3M+6M; 1M+3M+6M; 1M+3M+6M; 1M+3M+6M; 1M+3M+6M; 1M; 1M+3M+6M; 1M; 1M+3M+6M; 1M+3M+6M,True,small,1,36,,,
SGMT,SGMT,,4,2024-01-22,2026-09-02,2024-01-22..2024-02-05; 2025-06-13..2025-07-29; 2026-04-27..2026-04-29; 2026-08-19..2026-09-02,1M+3M; 1M+3M+6M; 1M; 1M,True,small,2,8,,,
SGP.1^09,SGP,,1,2008-11-24,2009-02-02,2008-11-24..2009-02-02,1M+3M+6M,True,large_plus,3,5,,,
SGRY,SGRY,,4,2021-03-31,2024-08-09,2021-03-31..2021-04-23; 2021-12-14..2022-01-11; 2023-01-12..2023-01-23; 2024-07-25..2024-08-09,1M+3M+6M; 1M+3M+6M; 1M; 1M,True,mid,4,13,,,
SHAK,SHAK,,2,2015-04-27,2015-08-18,2015-04-27..2015-06-09; 2015-08-11..2015-08-18,1M+3M; 1M+3M+6M,True,small,2,5,,,
SHAZ,SHAZ,,1,2026-04-30,2026-07-09,2026-04-30..2026-07-09,1M+3M+6M,True,small,1,5,,,
SHC,SHC,,1,2022-12-05,2023-01-31,2022-12-05..2023-01-31,1M+3M,False,mid,1,3,,,
SHEN,SHEN,,1,2020-04-07,2020-04-21,2020-04-07..2020-04-21,1M+3M+6M,True,mid,2,3,,,
SHLDQ^22,SHLDQ,SHLD,14,2008-02-13,2017-08-22,2008-02-13..2008-02-14; 2008-08-05..2008-10-01; 2009-01-26..2009-01-29; 2009-04-20..2009-04-21; 2009-06-10..2009-06-22; 2011-10-06..2011-10-20; 2012-02-07..2012-03-28; 2013-09-11..2013-10-15; 2014-03-03..2014-05-14; 2014-10-28..2014-11-28; 2015-08-27..2015-09-11; 2016-06-23..2016-07-07; 2017-03-13..2017-04-28; 2017-07-20..2017-08-22,1M+3M+6M; 1M+3M+6M; 1M; 1M; 1M; 1M+3M+6M; 1M+3M+6M; 1M+3M+6M; 1M+3M+6M; 1M+3M+6M; 1M+3M+6M; 1M+3M+6M; 1M+3M+6M; 1M+3M+6M,True,mid,1,37,,,
SHLS,SHLS,,4,2022-03-17,2025-05-14,2022-03-17..2022-03-28; 2022-05-27..2022-09-19; 2022-11-15..2023-01-25; 2025-05-06..2025-05-14,1M; 1M+3M+6M; 1M+6M; 1M,True,mid,1,16,,,
SHLX^22,SHLX,,2,2015-01-13,2016-01-13,2015-01-13..2015-01-20; 2015-12-18..2016-01-13,1M; 1M+3M+6M,True,mid,1,4,,,
SHO,SHO,,2,2009-10-30,2011-11-25,2009-10-30..2009-12-10; 2011-10-17..2011-11-25,1M+3M+6M; 1M+3M,True,small,9,10,,,
SHOE,SHOE,,1,2020-09-08,2020-09-22,2020-09-08..2020-09-22,1M,False,small,12,2,,,
SHOO,SHOO,,2,2006-05-03,2006-08-11,2006-05-03..2006-05-15; 2006-07-28..2006-08-11,1M+3M+6M; 1M+3M+6M,True,small,2,4,,,
SHOP,SHOP,,10,2015-08-06,2026-03-20,2015-08-06..2015-08-17; 2015-10-01..2015-10-16; 2018-02-08..2018-02-26; 2018-12-04..2018-12-19; 2020-04-20..2020-09-09; 2022-08-01..2022-08-08; 2022-11-07..2022-12-15; 2023-01-26..2023-02-17; 2025-02-21..2025-02-27; 2026-03-19..2026-03-20,1M; 1M+3M; 1M+3M+6M; 1M+3M+6M; 1M+3M+6M; 1M+3M; 1M+3M+6M; 1M+3M+6M; 1M+3M+6M; 6M,True,large_plus,1,33,,,
SHW,SHW,,1,2008-11-28,2008-12-18,2008-11-28..2008-12-18,3M+6M,False,mid,2,2,,,
SICP,SICP,,5,2020-12-16,2022-08-16,2020-12-16..2021-04-21; 2021-08-11..2021-08-13; 2021-10-04..2021-11-26; 2022-03-02..2022-03-25; 2022-07-27..2022-08-16,1M+3M+6M; 1M; 1M+3M+6M; 1M; 1M,True,mid,2,17,,,
SID,SID,,7,2008-02-01,2019-04-05,2008-02-01..2008-02-11; 2009-01-05..2009-02-20; 2009-06-16..2009-06-18; 2009-10-30..2009-11-03; 2012-09-17..2012-10-02; 2016-11-28..2016-12-12; 2019-03-21..2019-04-05,1M+3M+6M; 1M+3M+6M; 1M+3M+6M; 1M+3M+6M; 1M+3M+6M; 1M+3M+6M; 1M+3M+6M,True,large_plus,1,17,,,
SIDU,SIDU,,3,2022-06-17,2026-06-10,2022-06-17..2022-08-02; 2025-12-29..2026-01-23; 2026-03-31..2026-06-10,1M+3M; 1M+3M; 1M+6M,False,small,1,8,,,
SIENQ^24,SIENQ,SIEN,1,2018-05-10,2018-05-21,2018-05-10..2018-05-21,1M+3M,False,small,2,1,,,
SIFY,SIFY,,3,2005-12-19,2021-03-29,2005-12-19..2006-03-09; 2011-04-25..2011-05-11; 2021-03-16..2021-03-29,1M+3M+6M; 1M+3M+6M; 3M,True,small,1,9,,,
SIG,SIG,,7,2019-09-24,2025-04-10,2019-09-24..2019-11-13; 2020-01-21..2020-02-28; 2020-08-31..2020-09-09; 2020-09-24..2020-11-18; 2021-03-02..2021-06-29; 2022-10-25..2022-10-26; 2025-04-04..2025-04-10,1M+3M+6M; 1M+3M+6M; 1M; 3M; 1M+3M+6M; 3M; 1M,True,small,2,20,,,
SIGA,SIGA,,3,2006-10-24,2024-08-30,2006-10-24..2006-11-28; 2022-05-20..2022-08-26; 2024-08-19..2024-08-30,1M+3M+6M; 1M+3M+6M; 6M,True,small,1,9,,,
SIGM^20,SIGM,,5,2006-09-19,2009-03-20,2006-09-19..2006-12-18; 2007-08-01..2007-08-28; 2007-11-09..2007-12-21; 2008-05-21..2008-05-23; 2009-03-06..2009-03-20,1M+3M+6M; 1M+3M+6M; 1M+3M+6M; 1M; 1M+3M+6M,True,small,1,11,,,
SII,SII,,2,2026-03-05,2026-03-17,2026-03-05..2026-03-12; 2026-03-16..2026-03-17,1M+3M; 6M,False,mid,13,3,,,
SILK^24,SILK,,2,2024-01-23,2024-06-05,2024-01-23..2024-01-25; 2024-05-06..2024-06-05,1M+3M; 1M+6M,False,small,6,10,,,
SIM,SIM,,1,2006-11-30,2006-12-08,2006-11-30..2006-12-08,1M+3M+6M,True,mid,1,1,,,
SIMG^15,SIMG,,1,2011-02-14,2011-04-04,2011-02-14..2011-04-04,1M+3M+6M,True,small,4,1,,,
SIMO,SIMO,,7,2006-01-31,2026-07-14,2006-01-31..2006-02-21; 2007-03-28..2007-04-05; 2011-10-21..2011-12-15; 2015-02-06..2015-02-11; 2022-04-27..2022-05-11; 2026-01-08..2026-02-05; 2026-05-01..2026-07-14,1M+6M; 1M+3M+6M; 1M+3M+6M; 3M+6M; 1M+3M+6M; 1M; 1M+3M+6M,True,small,1,21,,,
SIMPQ,SIMPQ,SIMP,1,2018-09-24,2018-10-10,2018-09-24..2018-10-10,1M+3M+6M,True,small,2,2,,,
SINA^21,SINA,,7,2007-11-07,2013-10-25,2007-11-07..2007-11-09; 2008-04-30..2008-05-28; 2011-04-25..2011-05-06; 2011-07-21..2011-07-28; 2011-09-20..2011-09-22; 2012-01-30..2012-03-23; 2013-10-09..2013-10-25,3M+6M; 1M+3M+6M; 1M+3M+6M; 1M+3M+6M; 1M+3M+6M; 1M+3M+6M; 1M+3M+6M,True,mid,1,13,,,
SINT,SINT,,1,2020-08-10,2020-08-20,2020-08-10..2020-08-20,3M+6M,False,small,10,1,,,
SIRF^09,SIRF,,4,2006-09-05,2008-05-30,2006-09-05..2006-09-21; 2006-11-03..2006-11-06; 2007-11-01..2007-11-16; 2008-05-08..2008-05-30,1M+3M+6M; 1M+3M+6M; 1M+3M+6M; 1M,True,small,2,6,,,
SIRI,SIRI,,5,2010-02-22,2024-07-30,2010-02-22..2010-03-05; 2010-04-20..2010-05-11; 2023-07-21..2023-08-03; 2023-10-13..2023-12-29; 2024-07-09..2024-07-30,1M+3M+6M; 1M+3M+6M; 1M+3M+6M; 1M+3M+6M; 1M+3M+6M,True,large_plus,1,12,,,
SITC,SITC,,3,2009-04-13,2009-10-29,2009-04-13..2009-05-11; 2009-08-07..2009-08-26; 2009-09-25..2009-10-29,1M; 1M; 3M+6M,False,small,10,11,,,
SITE,SITE,,2,2019-08-07,2020-03-04,2019-08-07..2019-08-15; 2020-03-03..2020-03-04,1M+3M+6M; 6M,True,mid,5,4,,,
SITM,SITM,,11,2020-09-24,2026-05-28,2020-09-24..2020-10-29; 2021-07-27..2021-09-29; 2021-11-09..2022-01-05; 2022-05-31..2022-06-07; 2022-11-15..2022-11-17; 2023-03-15..2023-04-12; 2024-07-18..2024-07-30; 2024-12-18..2024-12-26; 2025-08-26..2025-08-27; 2026-02-11..2026-03-02; 2026-04-28..2026-05-28,6M; 1M+3M+6M; 1M+3M+6M; 1M; 1M; 1M+3M+6M; 1M+3M+6M; 6M; 1M; 1M+6M; 1M+3M+6M,True,mid,1,30,,,
SIVBQ^24,SIVBQ,SIVB,1,2008-09-22,2008-09-24,2008-09-22..2008-09-24,6M,False,mid,9,1,,,
SIX^24,SIX,,1,2020-11-09,2020-11-18,2020-11-09..2020-11-18,1M,False,mid,6,4,,,
SJM,SJM,,1,2020-03-17,2020-04-09,2020-03-17..2020-04-09,1M+3M+6M,True,large_plus,7,4,,,
SJT,SJT,,1,2022-05-26,2022-06-15,2022-05-26..2022-06-15,3M+6M,False,small,4,3,,,
SKE,SKE,,1,2026-02-02,2026-03-03,2026-02-02..2026-03-03,3M,False,mid,8,4,,,
SKIN,SKIN,,2,2021-08-25,2022-03-16,2021-08-25..2021-11-30; 2022-03-04..2022-03-16,1M+3M+6M; 1M,True,mid,4,6,,,
SKS^13,SKS,,4,2007-11-07,2009-12-03,2007-11-07..2007-11-16; 2009-04-24..2009-05-05; 2009-07-07..2009-07-13; 2009-11-30..2009-12-03,1M; 1M+3M; 1M; 6M,False,small,2,7,,,
SKT,SKT,,1,2022-05-18,2022-05-20,2022-05-18..2022-05-20,3M+6M,False,small,12,1,,,
SKUL^16,SKUL,,1,2014-03-26,2014-03-27,2014-03-26..2014-03-27,1M,False,small,13,1,,,
SKWD,SKWD,,1,2025-04-08,2025-04-23,2025-04-08..2025-04-23,1M+3M+6M,True,small,5,3,,,
SKX^25,SKX,,1,2011-08-05,2011-09-28,2011-08-05..2011-09-28,1M+3M+6M,True,small,1,3,,,
SKY,SKY,,1,2019-11-12,2019-11-14,2019-11-12..2019-11-14,6M,False,small,11,3,,,
SKYH,SKYH,,1,2022-03-03,2022-03-30,2022-03-03..2022-03-30,1M+3M+6M,True,small,2,1,,,
SKYT^26,SKYT,,2,2021-08-31,2026-02-05,2021-08-31..2021-09-07; 2026-01-06..2026-02-05,1M; 1M+6M,False,small,6,3,,,
SKYW,SKYW,,1,2015-10-27,2015-10-30,2015-10-27..2015-10-30,3M+6M,False,small,7,3,,,
SLAB,SLAB,,1,2006-08-03,2006-08-08,2006-08-03..2006-08-08,1M+3M+6M,True,mid,3,1,,,
SLAIY,SLAIY,,7,2014-01-22,2021-09-20,2014-01-22..2014-03-11; 2014-06-17..2014-08-15; 2015-04-15..2015-07-01; 2015-10-28..2015-11-03; 2021-01-04..2021-01-28; 2021-02-16..2021-03-31; 2021-08-20..2021-09-20,1M+3M; 1M+3M+6M; 1M+3M+6M; 1M+6M; 1M; 3M+6M; 1M+3M,True,small,1,21,,,
SLB,SLB,,1,2022-03-15,2022-03-18,2022-03-15..2022-03-18,3M+6M,False,large_plus,11,1,,,
SLCA^24,SLCA,,6,2013-02-28,2022-04-27,2013-02-28..2013-03-21; 2013-10-18..2013-11-11; 2015-02-09..2015-03-05; 2015-11-03..2015-12-15; 2016-03-02..2016-05-09; 2022-02-25..2022-04-27,1M+3M+6M; 1M+3M+6M; 1M; 1M+3M+6M; 6M; 1M+3M+6M,True,small,3,23,,,
SLDB,SLDB,,8,2018-06-19,2026-07-10,2018-06-19..2018-07-27; 2018-10-01..2018-10-03; 2020-10-05..2020-10-26; 2020-12-17..2020-12-31; 2021-03-08..2021-03-12; 2025-02-21..2025-03-13; 2026-04-15..2026-04-17; 2026-07-02..2026-07-10,1M+3M; 6M; 1M; 1M+3M; 6M; 1M; 3M; 1M,False,small,1,15,,,
SLDP,SLDP,,2,2025-07-09,2025-11-20,2025-07-09..2025-09-03; 2025-10-09..2025-11-20,1M+3M+6M; 6M,True,small,6,6,,,
SLF,SLF,,2,2009-04-02,2009-08-13,2009-04-02..2009-04-22; 2009-08-06..2009-08-13,1M; 1M+3M+6M,True,large_plus,1,5,,,
SLG,SLG,,5,2009-05-12,2023-12-20,2009-05-12..2009-05-13; 2009-08-17..2009-10-27; 2010-05-07..2010-05-18; 2023-06-27..2023-08-10; 2023-12-13..2023-12-20,1M; 1M+3M+6M; 1M+3M+6M; 1M+3M; 1M+6M,True,mid,2,18,,,
SLH^16,SLH,,1,2015-08-21,2015-09-10,2015-08-21..2015-09-10,1M+3M+6M,True,mid,1,3,,,
SLI,SLI,,2,2021-08-18,2022-04-05,2021-08-18..2021-11-12; 2022-03-31..2022-04-05,1M+3M+6M; 1M,True,small,3,6,,,
SLMT,SLMT,,1,2025-09-22,2025-10-10,2025-09-22..2025-10-10,1M,False,small,3,1,,,
SLN,SLN,,1,2026-08-10,2026-09-16,2026-08-10..2026-09-16,1M+3M+6M,True,small,3,1,,,
SLNH,SLNH,,2,2025-09-29,2026-05-15,2025-09-29..2025-11-03; 2026-04-23..2026-05-15,1M+3M+6M; 1M+3M,True,small,2,6,,,
SLNO^26,SLNO,,4,2023-10-02,2025-04-28,2023-10-02..2023-10-20; 2023-12-15..2024-03-08; 2024-05-10..2024-05-14; 2025-04-03..2025-04-28,1M+3M+6M; 1M+3M+6M; 6M; 1M+3M+6M,True,small,1,10,,,
SLP,SLP,,1,2025-04-22,2025-05-01,2025-04-22..2025-05-01,1M+3M,False,small,4,2,,,
SLQT,SLQT,,1,2025-02-11,2025-02-28,2025-02-11..2025-02-28,3M,False,small,11,2,,,
SLRN^25,SLRN,,1,2023-08-04,2023-09-05,2023-08-04..2023-09-05,1M+3M,False,mid,2,2,,,
SLS,SLS,,4,2020-12-14,2026-07-21,2020-12-14..2020-12-21; 2021-03-15..2021-03-18; 2025-12-24..2026-03-23; 2026-05-08..2026-07-21,1M+3M; 6M; 1M+3M+6M; 1M+3M+6M,True,small,2,11,,,
SLVM,SLVM,,1,2022-05-06,2022-05-31,2022-05-06..2022-05-31,1M+3M+6M,True,small,2,2,,,
SLXP^15,SLXP,,1,2010-05-11,2010-05-13,2010-05-11..2010-05-13,3M+6M,False,mid,3,1,,,
SM,SM,,14,2010-05-07,2022-06-21,2010-05-07..2010-06-10; 2015-02-02..2015-03-06; 2015-10-09..2015-10-23; 2016-03-16..2016-06-17; 2016-08-10..2016-08-22; 2016-10-17..2016-10-24; 2017-07-25..2017-08-03; 2017-09-28..2017-12-14; 2020-04-30..2020-05-28; 2020-11-17..2021-01-19; 2021-03-02..2021-07-13; 2021-09-16..2021-11-18; 2022-01-12..2022-03-24; 2022-05-31..2022-06-21,1M+3M+6M; 1M+3M+6M; 1M+3M+6M; 1M+3M+6M; 1M+3M+6M; 1M+3M+6M; 1M+3M+6M; 1M+3M+6M; 1M; 1M+3M; 1M+3M+6M; 1M+3M+6M; 1M+3M+6M; 1M+3M+6M,True,mid,1,52,,,
SMAR^25,SMAR,,6,2018-12-12,2022-12-28,2018-12-12..2018-12-14; 2019-03-25..2019-04-02; 2019-06-11..2019-06-25; 2020-04-16..2020-04-17; 2021-12-22..2021-12-27; 2022-12-19..2022-12-28,6M; 1M+3M+6M; 1M+3M+6M; 1M+3M+6M; 1M+3M+6M; 1M+6M,True,mid,2,15,,,
SMCI,SMCI,,17,2014-10-06,2026-09-21,2014-10-06..2014-10-07; 2015-02-05..2015-02-06; 2015-10-13..2015-10-15; 2016-01-27..2016-02-18; 2022-05-05..2022-05-24; 2022-08-26..2022-09-06; 2022-11-04..2022-12-09; 2023-02-16..2023-08-11; 2023-10-12..2023-10-23; 2023-11-29..2024-03-25; 2024-07-08..2024-07-22; 2024-10-21..2024-10-28; 2024-12-13..2024-12-19; 2025-02-13..2025-03-24; 2025-05-16..2025-08-11; 2026-05-08..2026-06-08; 2026-08-13..2026-09-21,6M; 6M; 3M+6M; 1M+3M+6M; 1M+3M+6M; 6M; 1M+3M+6M; 1M+3M+6M; 1M+3M+6M; 1M+3M+6M; 1M+3M+6M; 1M+3M+6M; 1M+3M+6M; 1M+3M+6M; 1M+3M+6M; 1M; 1M+3M+6M,True,large_plus,1,57,,,
SMG,SMG,,4,2008-08-21,2023-02-07,2008-08-21..2008-08-26; 2008-11-07..2008-12-18; 2022-11-09..2022-11-16; 2023-02-01..2023-02-07,1M; 1M+3M+6M; 1M; 1M+3M,True,mid,2,10,,,
SMLR^26,SMLR,,2,2024-06-11,2024-12-12,2024-06-11..2024-06-28; 2024-11-12..2024-12-12,1M+3M; 1M+3M+6M,True,small,4,5,,,
SMMT,SMMT,,9,2022-12-12,2026-09-16,2022-12-12..2023-01-18; 2024-03-15..2024-03-18; 2024-05-31..2024-10-22; 2025-01-21..2025-02-10; 2025-04-15..2025-05-07; 2025-07-16..2025-08-18; 2026-01-12..2026-01-14; 2026-03-27..2026-04-24; 2026-09-09..2026-09-16,1M+3M+6M; 3M+6M; 1M+3M+6M; 1M+3M+6M; 1M+3M+6M; 1M+3M+6M; 1M+6M; 1M+3M+6M; 1M+3M+6M,True,large_plus,1,23,,,
SMR,SMR,,5,2024-03-12,2025-10-28,2024-03-12..2024-07-25; 2024-09-25..2024-12-09; 2025-01-31..2025-02-21; 2025-05-13..2025-08-07; 2025-09-29..2025-10-28,1M+3M+6M; 1M+3M+6M; 1M+3M+6M; 1M+3M+6M; 1M+6M,True,mid,1,24,,,
SMSI,SMSI,,4,2006-06-06,2019-09-05,2006-06-06..2006-07-13; 2006-09-11..2006-11-03; 2007-03-09..2007-04-20; 2019-08-26..2019-09-05,1M+3M+6M; 1M+3M+6M; 1M+3M+6M; 1M+3M+6M,True,small,1,14,,,
SMSMY,SMSMY,,2,2008-04-02,2008-07-10,2008-04-02..2008-04-07; 2008-07-02..2008-07-10,1M+3M+6M; 6M,True,mid,4,2,,,
SMTC,SMTC,,6,2009-03-20,2026-06-29,2009-03-20..2009-03-23; 2024-04-08..2024-04-26; 2024-09-06..2024-10-04; 2024-12-03..2025-02-03; 2026-04-27..2026-06-10; 2026-06-18..2026-06-29,6M; 1M+3M+6M; 1M+3M+6M; 1M+3M+6M; 1M; 3M,True,mid,1,22,,,
SMX,SMX,,1,2025-12-09,2025-12-26,2025-12-09..2025-12-26,1M,False,small,1,1,,,
SNA,SNA,,1,2007-08-10,2007-08-13,2007-08-10..2007-08-13,1M,False,mid,14,1,,,
SNAP,SNAP,,14,2018-06-19,2026-04-29,2018-06-19..2018-06-20; 2020-04-23..2020-05-07; 2020-10-30..2021-03-05; 2021-04-26..2021-04-28; 2021-09-29..2021-10-06; 2022-03-01..2022-03-02; 2022-09-13..2022-09-23; 2022-11-23..2022-11-29; 2023-02-01..2023-04-10; 2023-07-26..2023-07-27; 2023-10-30..2023-11-02; 2024-11-12..2024-12-18; 2025-11-21..2025-11-25; 2026-04-21..2026-04-29,1M+3M+6M; 1M+6M; 1M+3M+6M; 1M+3M+6M; 1M+3M+6M; 1M; 1M+3M+6M; 1M+3M+6M; 1M+3M+6M; 1M+3M+6M; 1M+3M+6M; 1M+3M+6M; 1M+3M+6M; 1M,True,large_plus,1,29,,,
SNBRQ,SNBRQ,SNBR,5,2011-09-19,2023-03-08,2011-09-19..2011-11-11; 2012-04-23..2012-04-25; 2018-11-09..2018-11-21; 2021-03-02..2021-04-01; 2023-02-28..2023-03-08,1M+3M+6M; 1M+3M+6M; 1M+3M+6M; 3M+6M; 1M+3M+6M,True,small,2,9,,,
SNCR^26,SNCR,,4,2007-06-11,2015-02-17,2007-06-11..2007-10-08; 2008-04-02..2008-04-22; 2014-11-13..2014-11-14; 2015-02-10..2015-02-17,1M+3M+6M; 1M; 1M+3M+6M; 6M,True,small,2,14,,,
SNCY^26,SNCY,,1,2026-02-18,2026-02-23,2026-02-18..2026-02-23,3M,False,small,12,1,,,
SND,SND,,1,2017-02-24,2017-03-03,2017-02-24..2017-03-03,3M,False,small,6,1,,,
SNDK,SNDK,,1,2025-09-24,2026-07-07,2025-09-24..2026-07-07,1M+3M+6M,True,large_plus,1,13,,,
SNDK.1^16,SNDK,,7,2008-04-16,2010-06-10,2008-04-16..2008-04-30; 2008-09-18..2008-10-08; 2008-12-24..2009-01-29; 2009-03-31..2009-04-03; 2009-04-24..2009-05-07; 2009-10-28..2009-11-04; 2010-05-06..2010-06-10,1M+3M+6M; 1M; 1M+3M+6M; 1M; 6M; 1M+3M+6M; 1M+3M+6M,True,mid,1,17,,,
SNDL,SNDL,,3,2021-02-10,2024-05-23,2021-02-10..2021-03-19; 2023-09-12..2023-09-28; 2024-04-03..2024-05-23,1M+3M+6M; 1M+3M+6M; 1M+3M+6M,True,small,3,4,,,
SNDX,SNDX,,6,2020-04-28,2025-12-03,2020-04-28..2020-05-15; 2021-12-23..2022-01-10; 2022-08-09..2022-08-15; 2022-10-14..2022-10-18; 2025-08-15..2025-08-21; 2025-11-26..2025-12-03,3M+6M; 1M+6M; 6M; 6M; 1M; 1M,False,small,6,11,,,
SNEX,SNEX,,1,2006-11-27,2006-12-26,2006-11-27..2006-12-26,1M+3M+6M,True,small,2,2,,,
SNFI,SNFI,,1,2021-06-07,2021-06-16,2021-06-07..2021-06-16,1M,False,mid,11,1,,,
SNIC^11,SNIC,,1,2010-11-05,2010-11-09,2010-11-05..2010-11-09,3M+6M,False,small,14,2,,,
SNOW,SNOW,,5,2020-12-04,2026-07-28,2020-12-04..2020-12-22; 2022-07-08..2022-09-26; 2023-02-03..2023-02-22; 2023-06-12..2023-06-30; 2026-06-05..2026-07-28,1M; 1M+3M+6M; 1M+3M+6M; 1M+3M+6M; 1M,True,large_plus,1,15,,,
SNTI,SNTI,,1,2022-10-05,2022-10-20,2022-10-05..2022-10-20,1M+3M+6M,True,small,2,1,,,
SNTS^14,SNTS,,1,2013-06-04,2013-06-07,2013-06-04..2013-06-07,6M,False,small,8,1,,,
SNV^26,SNV,,5,2008-01-15,2012-01-31,2008-01-15..2008-02-14; 2008-08-05..2008-08-08; 2009-12-22..2010-04-07; 2011-11-22..2011-11-29; 2012-01-12..2012-01-31,1M+3M+6M; 1M+6M; 1M+3M+6M; 1M+3M; 1M+3M+6M,True,small,3,14,,,
SOA^12,SOA,,3,2008-09-12,2010-02-16,2008-09-12..2008-09-16; 2009-07-17..2009-10-29; 2010-02-04..2010-02-16,6M; 1M+3M+6M; 1M+3M+6M,True,small,5,11,,,
SOC,SOC,,6,2024-09-09,2026-06-03,2024-09-09..2024-10-07; 2025-01-08..2025-03-05; 2025-07-29..2025-08-11; 2025-12-26..2026-01-20; 2026-03-11..2026-04-02; 2026-05-27..2026-06-03,1M+3M+6M; 1M+3M+6M; 1M+3M; 1M; 1M+3M; 6M,True,mid,1,16,,,
SODA^18,SODA,,6,2011-01-25,2013-06-25,2011-01-25..2011-02-04; 2011-03-17..2011-08-10; 2012-01-19..2012-01-23; 2012-03-01..2012-03-07; 2012-07-10..2012-08-17; 2013-05-22..2013-06-25,1M+3M; 1M+3M+6M; 1M; 3M+6M; 1M+3M+6M; 1M+3M+6M,True,small,1,17,,,
SOFI,SOFI,,7,2021-09-29,2025-11-14,2021-09-29..2021-11-19; 2023-01-17..2023-02-16; 2023-06-07..2023-08-11; 2023-12-20..2023-12-21; 2024-09-10..2024-09-12; 2024-11-15..2025-02-06; 2025-08-01..2025-11-14,1M+3M; 1M; 1M+3M+6M; 1M; 1M+3M+6M; 1M+3M+6M; 1M+3M+6M,True,mid,2,24,,,
SOGO^21,SOGO,,1,2018-06-15,2018-06-29,2018-06-15..2018-06-29,1M+3M+6M,True,mid,3,2,,,
SOGP,SOGP,,2,2021-02-04,2025-09-24,2021-02-04..2021-02-26; 2025-09-02..2025-09-24,1M; 1M+3M+6M,True,small,1,3,,,
SOHU,SOHU,,3,2018-11-19,2021-07-20,2018-11-19..2018-12-20; 2020-07-30..2020-08-20; 2021-07-16..2021-07-20,1M+3M; 1M+3M; 1M,False,small,4,9,,,
SOLO^24,SOLO,,3,2019-02-19,2020-12-07,2019-02-19..2019-04-03; 2020-06-29..2020-07-16; 2020-11-05..2020-12-07,1M+3M+6M; 1M+3M; 1M+3M+6M,True,small,1,7,,,
SOLS,SOLS,,1,2026-02-19,2026-03-09,2026-02-19..2026-03-09,1M+3M,False,large_plus,5,2,,,
SOLY^21,SOLY,,1,2019-06-10,2019-07-12,2019-06-10..2019-07-12,1M+3M,False,small,2,2,,,
SOL^25,SOL,,8,2008-04-15,2021-02-04,2008-04-15..2008-06-06; 2008-08-20..2008-09-05; 2009-06-05..2009-06-25; 2010-04-15..2010-05-03; 2010-07-23..2010-10-26; 2011-01-25..2011-02-25; 2013-08-06..2013-10-24; 2020-11-13..2021-02-04,1M+3M; 6M; 1M; 1M+3M+6M; 1M+3M+6M; 1M+3M+6M; 1M+3M+6M; 1M+3M+6M,True,small,1,27,,,
SOMX^13,SOMX,,2,2010-03-18,2010-10-05,2010-03-18..2010-04-13; 2010-08-27..2010-10-05,1M+3M+6M; 1M+3M+6M,True,small,1,3,,,
SONO,SONO,,2,2019-08-21,2021-03-17,2019-08-21..2019-09-06; 2021-03-03..2021-03-17,1M+3M+6M; 3M+6M,True,mid,2,4,,,
SORL^20,SORL,,1,2017-05-30,2017-06-14,2017-05-30..2017-06-14,1M+3M+6M,True,small,1,3,,,
SOUN,SOUN,,8,2023-02-06,2025-08-15,2023-02-06..2023-03-01; 2023-04-20..2023-04-25; 2023-05-30..2023-07-13; 2024-02-16..2024-04-01; 2024-07-23..2024-08-19; 2024-11-22..2025-01-10; 2025-05-12..2025-05-29; 2025-07-17..2025-08-15,1M+3M+6M; 3M; 1M+3M+6M; 1M+3M+6M; 6M; 1M+3M+6M; 1M+6M; 1M+3M,True,small,1,23,,,
SOV^09,SOV,,2,2008-06-11,2008-08-21,2008-06-11..2008-06-17; 2008-08-04..2008-08-21,1M+3M+6M; 1M+3M,True,mid,1,4,,,
SPAI,SPAI,,1,2024-11-25,2024-12-13,2024-11-25..2024-12-13,1M,False,small,11,2,,,
SPB,SPB,,1,2019-02-26,2019-02-27,2019-02-26..2019-02-27,1M+3M+6M,True,mid,7,2,,,
SPCE,SPCE,,11,2019-12-27,2026-06-11,2019-12-27..2020-03-05; 2020-05-04..2020-05-11; 2020-07-17..2020-08-03; 2020-10-05..2020-10-20; 2020-12-07..2020-12-09; 2021-01-29..2021-02-23; 2021-06-07..2021-07-14; 2023-02-02..2023-02-03; 2023-05-22..2023-05-24; 2023-11-27..2023-12-01; 2026-05-29..2026-06-11,1M+3M; 6M; 1M; 1M; 1M; 1M+3M+6M; 1M+3M+6M; 1M; 1M; 1M; 1M,True,mid,1,23,,,
SPG,SPG,,4,2008-09-15,2020-11-30,2008-09-15..2008-09-29; 2009-04-16..2009-06-05; 2020-06-05..2020-06-16; 2020-11-12..2020-11-30,6M; 1M+3M+6M; 1M; 1M+3M+6M,True,large_plus,2,11,,,
SPH,SPH,,1,2016-02-01,2016-02-10,2016-02-01..2016-02-10,1M+3M+6M,True,small,4,1,,,
SPHR,SPHR,,2,2023-05-04,2025-11-21,2023-05-04..2023-05-09; 2025-11-20..2025-11-21,3M+6M; 3M,False,mid,8,3,,,
SPHS^22,SPHS,,1,2016-07-26,2016-08-15,2016-07-26..2016-08-15,1M+3M+6M,True,small,1,3,,,
SPIEQ,SPIEQ,"SPIE, SPI",2,2020-09-28,2021-02-05,2020-09-28..2020-12-10; 2021-01-25..2021-02-05,1M+3M+6M; 6M,True,small,1,7,,,
SPIL^18,SPIL,,1,2009-03-25,2009-04-09,2009-03-25..2009-04-09,1M+3M+6M,True,mid,6,3,,,
SPIR,SPIR,,1,2026-04-08,2026-05-28,2026-04-08..2026-05-28,1M+3M,False,small,2,4,,,
SPLK^24,SPLK,,2,2014-03-11,2014-11-05,2014-03-11..2014-03-12; 2014-09-09..2014-11-05,6M; 1M+3M+6M,True,mid,1,5,,,
SPLS.1^17,SPLS,,1,2009-03-25,2009-04-07,2009-03-25..2009-04-07,6M,False,large_plus,6,4,,,
SPNC^17,SPNC,,1,2016-04-29,2016-05-13,2016-04-29..2016-05-13,6M,False,small,7,3,,,
SPOT,SPOT,,4,2020-05-28,2023-07-28,2020-05-28..2020-09-10; 2020-10-30..2020-11-02; 2020-12-17..2020-12-21; 2023-07-27..2023-07-28,1M+3M+6M; 1M+3M+6M; 6M; 1M+3M+6M,True,large_plus,2,8,,,
SPPI^23,SPPI,,5,2009-07-01,2018-03-08,2009-07-01..2009-08-14; 2011-04-29..2011-05-06; 2012-06-13..2012-07-13; 2017-10-06..2017-12-06; 2018-01-31..2018-03-08,1M+3M+6M; 1M+3M+6M; 1M+3M+6M; 1M+3M+6M; 1M+3M+6M,True,small,2,13,,,
SPRB,SPRB,,1,2022-01-03,2022-01-12,2022-01-03..2022-01-12,1M,False,small,5,1,,,
SPRD^13,SPRD,,5,2010-09-01,2012-08-15,2010-09-01..2010-10-07; 2010-11-18..2010-11-19; 2011-09-23..2011-11-22; 2012-04-16..2012-06-25; 2012-08-10..2012-08-15,1M+3M+6M; 1M+3M+6M; 1M+3M+6M; 1M+3M+6M; 1M+3M+6M,True,small,1,18,,,
SPRO,SPRO,,2,2022-09-26,2025-07-01,2022-09-26..2022-10-18; 2025-06-02..2025-07-01,1M+3M; 1M+3M+6M,True,small,1,5,,,
SPRY,SPRY,,3,2024-08-15,2025-12-23,2024-08-15..2024-09-25; 2025-03-31..2025-04-24; 2025-12-19..2025-12-23,1M+3M+6M; 1M+3M+6M; 1M,True,small,4,8,,,
SPR^25,SPR,,6,2009-01-13,2023-10-27,2009-01-13..2009-02-04; 2020-06-04..2020-06-15; 2020-11-11..2020-12-09; 2022-02-10..2022-02-14; 2023-02-13..2023-02-23; 2023-10-25..2023-10-27,1M; 1M; 1M+3M; 3M; 3M+6M; 1M+3M+6M,True,mid,1,12,,,
SPT,SPT,,9,2020-10-22,2024-01-04,2020-10-22..2020-10-30; 2021-04-26..2021-05-03; 2021-08-18..2021-08-19; 2021-09-28..2021-10-01; 2022-03-23..2022-04-06; 2022-06-27..2022-06-29; 2022-09-19..2022-09-29; 2023-11-22..2023-11-24; 2024-01-03..2024-01-04,3M+6M; 1M+3M+6M; 3M+6M; 3M+6M; 1M; 1M; 1M+3M+6M; 3M+6M; 6M,True,mid,3,17,,,
SPWRQ^24,SPWRQ,SPWR,24,2006-01-17,2024-06-12,2006-01-17..2006-03-16; 2006-07-27..2006-08-08; 2007-01-26..2007-01-30; 2007-08-01..2007-08-21; 2007-10-25..2008-01-08; 2008-04-08..2008-05-21; 2008-09-02..2008-09-09; 2013-01-03..2013-03-25; 2013-05-03..2013-08-05; 2013-10-08..2013-11-22; 2014-01-17..2014-01-31; 2014-05-13..2014-05-15; 2015-12-22..2016-01-11; 2017-02-23..2017-03-03; 2017-05-10..2017-08-04; 2017-11-14..2017-11-16; 2018-04-02..2018-05-04; 2019-02-15..2019-02-22; 2019-05-17..2019-09-23; 2020-08-27..2021-02-12; 2021-10-08..2021-11-05; 2022-08-08..2022-09-27; 2022-11-22..2022-11-28; 2024-05-22..2024-06-12,1M+3M; 1M+3M+6M; 1M+3M+6M; 1M+3M+6M; 1M+3M+6M; 1M+3M+6M; 1M+3M+6M; 1M+3M+6M; 1M+3M+6M; 1M+3M+6M; 1M+3M+6M; 1M+3M+6M; 1M+3M+6M; 1M+3M+6M; 1M+3M+6M; 1M; 1M+3M+6M; 1M+6M; 1M+3M+6M; 1M+3M+6M; 1M; 1M+6M; 1M; 1M,True,mid,1,77,,,
SPXC,SPXC,,3,2009-01-09,2025-11-19,2009-01-09..2009-01-23; 2009-02-10..2009-03-24; 2025-11-17..2025-11-19,1M; 3M; 1M,False,mid,7,7,,,
SQM,SQM,,9,2008-04-24,2022-11-25,2008-04-24..2008-07-02; 2008-11-17..2008-11-21; 2009-01-02..2009-02-26; 2014-03-13..2014-03-18; 2017-09-22..2017-10-05; 2022-03-07..2022-03-22; 2022-05-31..2022-06-14; 2022-08-19..2022-09-23; 2022-11-17..2022-11-25,1M+3M+6M; 1M; 3M+6M; 1M+3M+6M; 1M+3M+6M; 1M+3M+6M; 1M+3M+6M; 1M+3M+6M; 3M+6M,True,large_plus,1,23,,,
SQNM^16,SQNM,,8,2008-06-09,2013-01-15,2008-06-09..2008-10-09; 2008-12-19..2009-01-30; 2009-07-23..2009-08-05; 2009-11-30..2009-12-21; 2010-02-16..2010-03-19; 2010-06-07..2010-06-24; 2012-04-23..2012-05-17; 2012-11-30..2013-01-15,1M+3M+6M; 1M+3M+6M; 1M; 1M+3M+6M; 1M+3M+6M; 1M+3M+6M; 1M+3M+6M; 1M+3M+6M,True,small,1,21,,,
SQNS,SQNS,,2,2011-06-13,2025-07-15,2011-06-13..2011-07-19; 2025-07-14..2025-07-15,1M+3M; 1M,False,small,1,3,,,
SR,SR,,1,2008-10-01,2008-12-02,2008-10-01..2008-12-02,1M+3M+6M,True,small,1,1,,,
SRAD,SRAD,,1,2025-04-08,2025-04-29,2025-04-08..2025-04-29,1M+3M+6M,True,mid,4,4,,,
SRAX,SRAX,,1,2017-11-27,2018-01-04,2017-11-27..2018-01-04,1M+3M+6M,True,small,1,4,,,
SRCI^20,SRCI,,1,2019-08-26,2019-09-26,2019-08-26..2019-09-26,1M+3M+6M,True,small,2,3,,,
SRCL^24,SRCL,,2,2007-08-08,2008-11-28,2007-08-08..2007-08-21; 2008-11-21..2008-11-28,1M+3M+6M; 1M+3M+6M,True,mid,3,5,,,
SRE,SRE,,1,2008-11-26,2008-12-10,2008-11-26..2008-12-10,1M+3M+6M,True,large_plus,7,1,,,
SREV^22,SREV,,2,2011-12-13,2013-08-21,2011-12-13..2011-12-16; 2013-08-16..2013-08-21,1M+6M; 1M+3M+6M,True,small,3,5,,,
SRFM,SRFM,,1,2025-07-08,2025-07-24,2025-07-08..2025-07-24,1M+3M,False,small,4,2,,,
SRG,SRG,,2,2020-09-02,2022-08-04,2020-09-02..2020-09-04; 2022-07-19..2022-08-04,1M; 1M,False,small,4,5,,,
SRNE,SRNE,,10,2015-06-26,2022-08-02,2015-06-26..2015-08-05; 2018-01-22..2018-03-07; 2018-05-10..2018-06-12; 2019-03-22..2019-04-10; 2019-11-26..2020-01-31; 2020-04-15..2020-08-24; 2020-10-07..2020-10-20; 2021-02-01..2021-02-12; 2021-08-26..2021-08-31; 2022-06-22..2022-08-02,1M+3M+6M; 1M+3M+6M; 1M+6M; 1M+3M+6M; 1M+3M+6M; 1M+3M+6M; 1M+6M; 1M; 6M; 1M+3M,True,small,1,31,,,
SRPT,SRPT,,21,2005-01-31,2026-09-18,2005-01-31..2005-02-08; 2006-01-20..2006-02-15; 2012-08-01..2012-12-11; 2013-02-04..2013-04-22; 2013-06-07..2013-07-26; 2013-09-25..2013-10-16; 2014-01-06..2014-02-07; 2014-04-25..2014-05-13; 2014-09-09..2014-09-17; 2015-02-26..2015-03-06; 2015-05-14..2015-10-05; 2015-12-01..2015-12-17; 2016-03-31..2016-04-18; 2016-06-01..2016-10-13; 2017-05-02..2017-05-12; 2017-07-31..2017-08-08; 2018-05-17..2018-07-11; 2023-03-17..2023-03-20; 2025-08-20..2025-08-22; 2026-04-01..2026-04-07; 2026-09-02..2026-09-18,1M+3M+6M; 1M+3M+6M; 1M+3M+6M; 1M+3M+6M; 1M+3M+6M; 1M; 1M; 1M+3M+6M; 6M; 3M+6M; 1M+3M+6M; 1M+3M+6M; 1M; 1M+3M+6M; 1M+3M+6M; 1M+3M+6M; 1M+3M+6M; 1M+3M+6M; 1M; 1M; 1M,True,small,1,58,,,
SRRA^22,SRRA,,1,2022-02-02,2022-03-18,2022-02-02..2022-03-18,1M+3M+6M,True,small,1,5,,,
SRRK,SRRK,,6,2020-10-28,2025-12-05,2020-10-28..2020-12-14; 2022-07-06..2022-07-22; 2023-11-20..2024-01-04; 2024-03-08..2024-04-04; 2024-10-08..2025-01-30; 2025-11-25..2025-12-05,1M+3M; 1M; 1M+3M+6M; 6M; 1M+3M+6M; 1M,True,small,1,25,,,
SRX^11,SRX,,1,2011-01-20,2011-01-26,2011-01-20..2011-01-26,1M+3M,False,small,2,3,,,
SRZ^13,SRZ,,2,2009-10-14,2011-04-08,2009-10-14..2009-11-03; 2011-03-07..2011-04-08,1M+3M+6M; 1M+3M+6M,True,small,1,2,,,
SSL,SSL,,3,2008-12-16,2020-06-25,2008-12-16..2008-12-18; 2009-01-16..2009-01-20; 2020-04-30..2020-06-25,1M; 3M; 1M+3M,False,large_plus,1,7,,,
SSRM,SSRM,,15,2008-12-16,2026-03-04,2008-12-16..2009-02-19; 2009-05-13..2009-05-21; 2009-12-11..2009-12-18; 2011-09-09..2011-09-19; 2012-06-22..2012-06-26; 2013-08-20..2013-09-05; 2014-07-01..2014-08-04; 2014-12-04..2014-12-09; 2015-01-20..2015-02-04; 2015-08-21..2015-11-02; 2016-04-27..2016-06-07; 2019-08-16..2019-08-19; 2024-04-19..2024-04-25; 2025-03-03..2025-03-10; 2026-02-23..2026-03-04,1M+3M+6M; 6M; 1M+3M+6M; 1M+3M+6M; 1M+3M+6M; 1M+3M+6M; 1M+3M+6M; 1M+6M; 1M+3M; 1M+3M+6M; 1M+3M+6M; 3M+6M; 1M; 1M+3M+6M; 1M,True,small,1,36,,,
SSRX^13,SSRX,,1,2007-10-19,2007-11-13,2007-10-19..2007-11-13,3M+6M,False,small,4,3,,,
SST,SST,,1,2022-03-16,2022-04-22,2022-03-16..2022-04-22,1M+3M+6M,True,small,2,1,,,
SSTI,SSTI,,1,2018-09-05,2018-10-02,2018-09-05..2018-10-02,1M+3M+6M,True,small,4,1,,,
SSTK,SSTK,,3,2015-11-23,2016-05-11,2015-11-23..2015-11-24; 2016-03-01..2016-03-04; 2016-05-04..2016-05-11,1M; 6M; 6M,False,small,8,5,,,
SSYS,SSYS,,11,2011-03-10,2021-11-09,2011-03-10..2011-05-05; 2012-04-20..2012-05-08; 2012-07-11..2012-08-08; 2013-05-22..2013-06-03; 2013-11-19..2013-11-27; 2015-10-13..2015-10-16; 2015-12-28..2016-01-05; 2016-03-04..2016-03-09; 2017-05-17..2017-05-30; 2021-01-25..2021-02-08; 2021-10-25..2021-11-09,1M+3M+6M; 1M+3M+6M; 1M+3M+6M; 1M+3M+6M; 1M+3M+6M; 3M; 1M+3M+6M; 1M; 1M+3M+6M; 1M+3M; 1M+3M+6M,True,small,1,24,,,
STAA,STAA,,11,2018-05-21,2024-07-19,2018-05-21..2018-05-22; 2018-08-08..2018-09-26; 2019-08-07..2019-08-15; 2020-06-24..2020-07-06; 2020-11-05..2020-11-13; 2021-06-01..2021-06-08; 2021-08-25..2021-09-13; 2022-07-15..2022-08-29; 2023-01-20..2023-01-27; 2024-04-15..2024-04-22; 2024-07-05..2024-07-19,1M+3M+6M; 1M+3M+6M; 3M; 1M; 1M+3M+6M; 3M+6M; 6M; 3M; 1M; 1M+3M+6M; 1M+3M+6M,True,mid,2,22,,,
STAK,STAK,,1,2026-06-15,2026-06-25,2026-06-15..2026-06-25,1M+3M+6M,True,small,1,2,,,
STAR.2^09,STAR,,3,2007-10-17,2009-03-30,2007-10-17..2007-10-25; 2008-05-07..2008-05-19; 2009-02-09..2009-03-30,1M+3M; 1M; 1M+3M+6M,True,small,1,9,,,
STEC.1^13,STEC,,6,2008-05-28,2011-10-17,2008-05-28..2008-06-17; 2009-05-20..2009-09-17; 2010-01-07..2010-01-21; 2010-04-26..2010-04-29; 2011-01-19..2011-02-22; 2011-10-03..2011-10-17,1M+3M+6M; 1M+3M+6M; 1M; 1M; 1M+3M+6M; 1M,True,small,1,19,,,
STEM,STEM,,3,2022-07-29,2025-08-08,2022-07-29..2022-09-27; 2023-06-02..2023-06-22; 2025-07-30..2025-08-08,1M+3M+6M; 1M; 1M,True,small,1,8,,,
STEP,STEP,,1,2021-04-13,2021-04-20,2021-04-13..2021-04-20,1M,False,mid,9,1,,,
STGW,STGW,,1,2026-03-25,2026-03-26,2026-03-25..2026-03-26,1M,False,small,15,3,,,
STI,STI,,3,2024-03-27,2026-06-25,2024-03-27..2024-04-16; 2025-10-20..2025-10-24; 2026-06-08..2026-06-25,1M; 1M+3M; 1M+3M+6M,True,small,1,3,,,
STI.1^19,STI,,7,2008-02-06,2010-05-21,2008-02-06..2008-02-11; 2008-08-07..2008-10-03; 2009-03-19..2009-03-26; 2009-05-18..2009-05-21; 2009-07-10..2009-09-10; 2010-02-03..2010-02-08; 2010-05-14..2010-05-21,1M+3M+6M; 1M+3M+6M; 1M; 3M; 1M+3M+6M; 1M+3M+6M; 1M+3M+6M,True,large_plus,1,13,,,
STKL^26,STKL,,1,2022-06-30,2022-08-30,2022-06-30..2022-08-30,3M+6M,False,small,5,5,,,
STLD,STLD,,5,2007-10-22,2022-03-16,2007-10-22..2007-11-06; 2008-03-19..2008-06-03; 2008-12-22..2009-02-17; 2009-04-20..2009-07-29; 2022-03-11..2022-03-16,1M+3M+6M; 1M+3M+6M; 1M+3M; 1M+3M+6M; 1M,True,mid,2,22,,,
STM,STM,,1,2026-06-10,2026-06-24,2026-06-10..2026-06-24,1M+3M+6M,True,large_plus,8,1,,,
STMP^21,STMP,,6,2011-10-10,2020-08-18,2011-10-10..2011-11-18; 2012-02-10..2012-02-14; 2017-05-18..2017-05-30; 2019-08-14..2019-08-27; 2020-02-24..2020-05-29; 2020-07-14..2020-08-18,1M+3M+6M; 6M; 1M+3M+6M; 1M+3M; 1M+3M+6M; 1M+6M,True,small,1,21,,,
STNE,STNE,,8,2019-02-06,2025-04-23,2019-02-06..2019-04-10; 2019-07-24..2019-08-15; 2019-09-27..2019-12-12; 2020-06-08..2020-07-06; 2020-08-12..2020-08-27; 2022-10-07..2022-12-06; 2023-04-27..2023-05-26; 2025-04-07..2025-04-23,1M+3M; 1M+3M+6M; 1M+3M+6M; 1M+3M+6M; 1M+3M+6M; 1M+3M+6M; 1M+3M+6M; 1M+3M,True,mid,1,31,,,
STNG,STNG,,5,2017-03-24,2022-11-29,2017-03-24..2017-04-05; 2017-09-12..2017-09-13; 2018-12-04..2019-01-22; 2022-02-03..2022-02-10; 2022-05-05..2022-11-29,1M+6M; 1M+6M; 1M+3M; 1M+6M; 1M+3M+6M,True,small,1,22,,,
STOK,STOK,,2,2024-03-27,2025-09-16,2024-03-27..2024-06-26; 2025-09-15..2025-09-16,1M+3M+6M; 6M,True,small,1,8,,,
STRA,STRA,,3,2008-11-12,2011-06-20,2008-11-12..2008-12-10; 2010-10-07..2010-10-12; 2011-06-17..2011-06-20,6M; 1M+3M+6M; 1M+3M+6M,True,mid,1,4,,,
STRI^23,STRI,,1,2010-08-12,2010-08-18,2010-08-12..2010-08-18,6M,False,small,8,1,,,
STRL,STRL,,4,2025-04-15,2026-06-22,2025-04-15..2025-04-29; 2025-08-13..2025-08-22; 2025-10-07..2025-11-14; 2026-02-06..2026-06-22,1M; 6M; 1M+3M+6M; 1M+3M+6M,True,large_plus,1,16,,,
STRO,STRO,,1,2026-07-10,2026-07-14,2026-07-10..2026-07-14,6M,False,small,10,1,,,
STRP^18,STRP,,2,2017-01-27,2017-05-12,2017-01-27..2017-01-31; 2017-05-11..2017-05-12,3M+6M; 1M+3M+6M,True,mid,1,4,,,
STSA.1^14,STSA,,1,2008-08-01,2008-10-08,2008-08-01..2008-10-08,1M+3M,False,small,1,3,,,
STT,STT,,4,2008-01-17,2009-06-01,2008-01-17..2008-02-07; 2008-08-01..2008-08-13; 2009-01-07..2009-01-14; 2009-04-01..2009-06-01,1M+3M+6M; 1M+3M+6M; 3M+6M; 1M+3M+6M,True,large_plus,3,13,,,
STTK,STTK,,2,2023-12-14,2026-08-06,2023-12-14..2024-01-29; 2026-07-16..2026-08-06,1M+3M+6M; 1M+6M,True,small,1,6,,,
STUB,STUB,,1,2026-06-09,2026-07-07,2026-06-09..2026-07-07,1M,False,mid,3,2,,,
STVN,STVN,,2,2023-07-31,2024-07-24,2023-07-31..2023-08-18; 2024-07-19..2024-07-24,6M; 1M,False,mid,4,2,,,
STX,STX,,6,2009-03-25,2026-07-06,2009-03-25..2009-07-14; 2010-01-29..2010-02-04; 2011-10-27..2011-11-22; 2021-05-21..2021-06-03; 2025-10-07..2026-02-20; 2026-04-07..2026-07-06,1M+3M+6M; 1M+3M+6M; 1M+3M+6M; 1M+3M+6M; 1M+3M+6M; 1M+3M+6M,True,large_plus,1,24,,,
STXS,STXS,,1,2013-08-05,2013-08-09,2013-08-05..2013-08-09,1M+3M+6M,True,small,1,1,,,
STZ,STZ,,2,2008-09-24,2013-02-01,2008-09-24..2008-09-25; 2013-01-31..2013-02-01,6M; 1M+3M+6M,True,mid,4,3,,,
SU,SU,,2,2009-01-08,2009-03-31,2009-01-08..2009-01-09; 2009-03-12..2009-03-31,1M; 1M+3M+6M,True,large_plus,2,6,,,
SUIG,SUIG,,1,2025-08-11,2025-08-29,2025-08-11..2025-08-29,1M+3M+6M,True,small,1,3,,,
SUMO^23,SUMO,,2,2023-01-30,2023-02-10,2023-01-30..2023-02-06; 2023-02-08..2023-02-10,6M; 1M,False,small,10,3,,,
SUM^25,SUM,,1,2019-07-01,2019-07-02,2019-07-01..2019-07-02,1M+3M+6M,True,mid,2,2,,,
SUN,SUN,,1,2015-11-20,2015-11-24,2015-11-20..2015-11-24,1M+3M+6M,True,mid,10,3,,,
SUN.1^12,SUN,,2,2008-08-11,2009-02-10,2008-08-11..2008-09-12; 2008-11-18..2009-02-10,1M+3M+6M; 1M+3M+6M,True,mid,2,7,,,
SUNEQ^17,SUNEQ,SUNE,5,2013-05-01,2014-12-08,2013-05-01..2013-06-28; 2013-10-07..2013-12-13; 2014-03-03..2014-03-25; 2014-07-23..2014-07-24; 2014-11-21..2014-12-08,1M+3M+6M; 1M+3M+6M; 1M+3M+6M; 1M+3M+6M; 1M+3M+6M,True,mid,1,15,,,
SUNWQ,SUNWQ,SUNW,1,2020-10-12,2021-02-17,2020-10-12..2021-02-17,1M+3M+6M,True,small,2,5,,,
SUPN,SUPN,,7,2015-06-16,2018-01-25,2015-06-16..2015-08-10; 2015-09-21..2015-09-25; 2015-11-10..2015-11-18; 2016-12-01..2016-12-05; 2017-03-15..2017-03-23; 2017-09-19..2017-09-20; 2018-01-22..2018-01-25,1M+3M+6M; 1M+3M+6M; 6M; 6M; 6M; 1M+3M+6M; 1M+3M+6M,True,small,5,23,,,
SUPV,SUPV,,6,2019-06-14,2026-01-09,2019-06-14..2019-07-22; 2024-05-10..2024-05-30; 2025-01-13..2025-01-28; 2025-04-22..2025-05-07; 2025-10-28..2025-11-19; 2025-12-31..2026-01-09,1M+3M+6M; 1M+3M+6M; 1M+3M+6M; 1M+6M; 1M; 3M,True,small,3,11,,,
SUPX,SUPX,,1,2025-08-26,2025-10-21,2025-08-26..2025-10-21,1M+3M+6M,True,small,1,2,,,
SURF^23,SURF,,1,2020-05-21,2020-07-02,2020-05-21..2020-07-02,1M+3M+6M,True,small,10,4,,,
SVA,SVA,,2,2009-08-31,2009-11-25,2009-08-31..2009-09-24; 2009-11-13..2009-11-25,1M+3M+6M; 1M+3M+6M,True,small,2,4,,,
SVC,SVC,,3,2009-01-21,2022-11-01,2009-01-21..2009-02-11; 2020-11-10..2020-12-02; 2022-10-26..2022-11-01,3M; 1M; 1M+3M,False,small,4,7,,,
SVM,SVM,,6,2009-12-04,2026-03-02,2009-12-04..2009-12-10; 2010-11-09..2010-11-30; 2011-03-10..2011-03-18; 2011-10-18..2011-10-27; 2020-09-08..2020-09-17; 2026-01-22..2026-03-02,1M+3M+6M; 1M+3M+6M; 1M+3M+6M; 1M+3M; 3M+6M; 1M+3M+6M,True,small,2,10,,,
SVR.1^11,SVR,,1,2009-02-06,2009-03-10,2009-02-06..2009-03-10,1M+3M+6M,True,small,3,2,,,
SVRA,SVRA,,2,2019-12-31,2025-12-15,2019-12-31..2020-01-24; 2025-12-02..2025-12-15,1M+3M; 1M+6M,False,small,1,5,,,
SVU^18,SVU,,7,2009-01-13,2018-05-07,2009-01-13..2009-02-11; 2011-10-24..2011-10-25; 2012-11-01..2012-11-15; 2013-01-10..2013-01-22; 2013-03-26..2013-05-09; 2017-08-04..2017-08-11; 2018-04-16..2018-05-07,1M+3M+6M; 3M; 1M+3M+6M; 1M+3M+6M; 1M+3M+6M; 1M; 1M+3M+6M,True,small,1,13,,,
SWAV^24,SWAV,,6,2019-05-02,2022-11-10,2019-05-02..2019-06-20; 2021-04-08..2021-05-28; 2021-08-23..2021-08-27; 2022-04-08..2022-04-12; 2022-06-10..2022-07-27; 2022-11-07..2022-11-10,1M+3M; 1M+3M+6M; 6M; 1M; 1M+6M; 6M,True,mid,1,16,,,
SWBI,SWBI,,7,2007-08-10,2021-07-06,2007-08-10..2007-09-18; 2009-04-01..2009-04-23; 2009-07-08..2009-07-23; 2012-04-10..2012-05-08; 2012-12-07..2012-12-13; 2015-12-17..2016-01-19; 2021-06-29..2021-07-06,1M+3M+6M; 3M+6M; 1M+6M; 1M+3M+6M; 1M+3M+6M; 1M+3M+6M; 1M+3M,True,small,1,22,,,
SWCH^22,SWCH,,1,2019-03-25,2019-03-29,2019-03-25..2019-03-29,1M+3M+6M,True,mid,4,2,,,
SWC^17,SWC,,13,2007-05-04,2016-07-06,2007-05-04..2007-05-09; 2008-02-05..2008-03-14; 2010-01-13..2010-01-29; 2010-03-09..2010-05-06; 2010-07-29..2010-08-02; 2010-11-12..2010-12-17; 2011-03-09..2011-03-10; 2011-07-11..2011-07-14; 2011-11-07..2011-11-08; 2012-08-15..2012-10-01; 2016-02-24..2016-03-24; 2016-04-07..2016-04-14; 2016-06-24..2016-07-06,1M+3M+6M; 1M+3M+6M; 1M+3M+6M; 1M+3M+6M; 1M; 1M+3M+6M; 1M+3M+6M; 1M+3M+6M; 1M; 1M+3M+6M; 1M+6M; 3M; 1M+3M+6M,True,small,1,35,,,
SWFT^17,SWFT,,3,2011-10-26,2016-02-29,2011-10-26..2011-10-28; 2012-01-24..2012-01-25; 2016-02-01..2016-02-29,1M; 6M; 1M+3M+6M,True,small,2,10,,,
SWIM,SWIM,,1,2021-11-30,2022-01-05,2021-11-30..2022-01-05,1M+3M+6M,True,mid,1,4,,,
SWIR^23,SWIR,,6,2013-10-18,2022-08-05,2013-10-18..2013-10-25; 2013-11-20..2013-11-27; 2014-11-19..2014-12-19; 2017-06-20..2017-06-27; 2022-06-09..2022-06-10; 2022-07-05..2022-08-05,1M; 3M; 1M+3M+6M; 6M; 1M; 3M+6M,True,small,3,13,,,
SWKS,SWKS,,4,2006-09-21,2011-08-08,2006-09-21..2006-10-02; 2009-02-18..2009-04-27; 2010-05-07..2010-05-14; 2011-08-04..2011-08-08,1M+3M+6M; 1M+3M+6M; 1M+3M+6M; 1M+6M,True,mid,1,11,,,
SWMR,SWMR,,1,2026-06-05,2026-06-10,2026-06-05..2026-06-10,1M,False,small,13,2,,,
SWN^24,SWN,,16,2008-02-27,2022-09-22,2008-02-27..2008-05-01; 2008-11-07..2008-11-19; 2009-01-30..2009-02-18; 2009-03-30..2009-05-11; 2009-05-12..2009-05-15; 2016-01-25..2016-02-18; 2016-04-01..2016-06-20; 2016-12-12..2016-12-13; 2018-10-24..2018-11-23; 2019-11-05..2019-11-07; 2020-03-24..2020-06-08; 2021-04-01..2021-04-12; 2021-09-27..2021-10-12; 2022-02-24..2022-02-28; 2022-03-25..2022-04-28; 2022-08-11..2022-09-22,1M+3M+6M; 1M+3M+6M; 1M+3M+6M; 6M; 1M; 1M+3M+6M; 1M+3M+6M; 1M; 1M+3M+6M; 1M; 1M+3M+6M; 3M; 1M+6M; 6M; 1M+3M+6M; 6M,True,mid,1,47,,,
SWSH^16,SWSH,,1,2011-04-20,2011-05-02,2011-04-20..2011-05-02,1M+3M,False,small,3,2,,,
SWSI.2^10,SWSI,,2,2008-07-09,2010-07-12,2008-07-09..2008-07-28; 2010-07-09..2010-07-12,3M+6M; 1M+3M+6M,True,small,4,7,,,
SWTX^25,SWTX,,4,2023-05-22,2025-03-06,2023-05-22..2023-05-24; 2023-12-11..2024-03-19; 2024-09-05..2024-09-11; 2025-02-11..2025-03-06,1M; 1M+3M+6M; 1M+3M; 1M+3M,True,mid,1,12,,,
SXC,SXC,,3,2012-01-20,2017-04-27,2012-01-20..2012-01-27; 2016-11-15..2016-12-15; 2017-04-25..2017-04-27,3M+6M; 1M+3M+6M; 1M+3M+6M,True,small,2,6,,,
SY,SY,,1,2025-07-21,2025-08-05,2025-07-21..2025-08-05,1M+3M+6M,True,small,2,2,,,
SYF,SYF,,1,2020-06-11,2020-06-23,2020-06-11..2020-06-23,1M,False,large_plus,7,1,,,
SYM,SYM,,8,2022-06-22,2025-11-13,2022-06-22..2022-07-22; 2023-03-17..2023-08-16; 2023-10-19..2024-01-03; 2024-03-25..2024-04-04; 2024-10-01..2024-12-03; 2025-01-24..2025-02-06; 2025-05-22..2025-08-18; 2025-09-30..2025-11-13,1M+3M+6M; 1M+3M+6M; 1M+3M+6M; 1M+3M+6M; 1M+3M+6M; 1M+3M+6M; 1M+3M+6M; 1M+3M+6M,True,large_plus,1,31,,,
SYNA,SYNA,,14,2005-02-07,2026-05-26,2005-02-07..2005-02-10; 2007-08-17..2007-08-21; 2007-11-01..2007-12-06; 2008-04-22..2008-04-29; 2008-11-05..2008-11-10; 2009-01-23..2009-02-17; 2009-03-31..2009-04-14; 2009-06-22..2009-06-24; 2014-04-29..2014-05-07; 2015-10-12..2015-10-19; 2016-02-19..2016-02-23; 2017-06-13..2017-06-19; 2019-11-18..2019-11-25; 2026-05-08..2026-05-26,1M+3M+6M; 6M; 1M+3M+6M; 1M+3M; 1M+6M; 1M; 3M; 6M; 1M+3M+6M; 1M+3M+6M; 6M; 1M+3M+6M; 1M+3M+6M; 1M,True,small,1,35,,,
SYNC^21,SYNC,,1,2012-05-21,2012-07-23,2012-05-21..2012-07-23,1M+3M,False,small,1,2,,,
SYNH^23,SYNH,,2,2018-11-21,2023-03-07,2018-11-21..2018-11-27; 2023-02-27..2023-03-07,1M+3M+6M; 1M+3M,True,mid,9,4,,,
SYRE,SYRE,,4,2024-03-05,2026-08-27,2024-03-05..2024-03-28; 2024-05-24..2024-06-13; 2025-12-03..2025-12-22; 2026-02-20..2026-08-27,1M+3M+6M; 6M; 1M+3M; 1M+3M+6M,True,mid,1,19,,,
T,T,,1,2008-11-14,2008-12-19,2008-11-14..2008-12-19,1M+3M+6M,True,large_plus,4,3,,,
TAHO^19,TAHO,,2,2015-10-16,2016-05-09,2015-10-16..2015-10-27; 2016-02-23..2016-05-09,3M+6M; 1M+3M+6M,True,mid,4,9,,,
TAL,TAL,,13,2014-01-31,2025-03-03,2014-01-31..2014-02-11; 2014-05-16..2014-05-23; 2017-08-28..2017-09-05; 2018-01-16..2018-02-13; 2018-06-13..2018-06-19; 2021-12-03..2021-12-13; 2022-04-11..2022-09-16; 2022-11-16..2023-01-24; 2023-08-01..2023-08-16; 2023-10-12..2024-01-05; 2024-02-16..2024-03-05; 2024-10-02..2024-10-18; 2025-02-24..2025-03-03,6M; 1M+3M+6M; 1M+3M+6M; 1M+3M+6M; 1M+3M+6M; 1M+3M+6M; 1M+3M+6M; 1M+3M+6M; 1M+3M+6M; 1M+3M+6M; 1M+3M+6M; 1M; 1M+3M,True,mid,1,38,,,
TALO,TALO,,4,2022-01-13,2022-10-26,2022-01-13..2022-03-15; 2022-04-21..2022-06-17; 2022-08-10..2022-08-12; 2022-10-24..2022-10-26,1M+3M+6M; 1M+3M+6M; 6M; 1M+6M,True,small,4,13,,,
TAOP,TAOP,,1,2021-02-22,2021-03-31,2021-02-22..2021-03-31,1M+3M+6M,True,small,2,2,,,
TAP,TAP,,1,2008-11-24,2008-12-01,2008-11-24..2008-12-01,1M+3M,False,mid,10,3,,,
TARA,TARA,,1,2024-12-09,2025-01-17,2024-12-09..2025-01-17,1M+3M,False,small,11,3,,,
TARS,TARS,,4,2024-02-01,2025-04-28,2024-02-01..2024-02-08; 2024-04-01..2024-05-29; 2024-12-30..2025-01-02; 2025-04-02..2025-04-28,1M; 3M+6M; 6M; 1M+3M+6M,True,mid,6,8,,,
TASK,TASK,,4,2021-08-16,2022-11-29,2021-08-16..2021-10-05; 2022-01-07..2022-01-11; 2022-03-22..2022-03-29; 2022-11-16..2022-11-29,1M+3M; 1M+6M; 1M; 3M,False,mid,1,7,,,
TBBB,TBBB,,2,2024-04-09,2025-04-24,2024-04-09..2024-06-04; 2025-04-23..2025-04-24,1M+3M; 1M,False,mid,10,3,,,
TBBK,TBBK,,1,2024-07-29,2024-08-08,2024-07-29..2024-08-08,1M+3M,False,mid,5,2,,,
TBCH,TBCH,,3,2018-05-10,2020-09-09,2018-05-10..2018-08-17; 2019-02-13..2019-02-15; 2020-08-25..2020-09-09,1M+3M+6M; 3M; 6M,True,small,1,10,,,
TBIO.2^21,TBIO,,1,2021-07-02,2021-08-09,2021-07-02..2021-08-09,1M+3M+6M,True,small,2,5,,,
TBLA,TBLA,,2,2022-12-02,2023-01-09,2022-12-02..2022-12-22; 2022-12-30..2023-01-09,1M; 3M,False,small,6,3,,,
TBPH,TBPH,,2,2016-12-15,2022-01-18,2016-12-15..2016-12-20; 2021-12-23..2022-01-18,6M; 1M+3M,False,small,6,5,,,
TCDAQ^23,TCDAQ,TCDA,1,2019-03-29,2019-04-22,2019-03-29..2019-04-22,1M+3M+6M,True,small,3,3,,,
TCMD,TCMD,,1,2025-11-19,2025-11-24,2025-11-19..2025-11-24,1M,False,small,7,3,,,
TCOM,TCOM,,7,2006-05-23,2022-11-22,2006-05-23..2006-05-24; 2007-10-30..2007-12-19; 2008-03-03..2008-03-13; 2009-03-13..2009-03-30; 2022-06-14..2022-07-18; 2022-10-11..2022-10-14; 2022-11-21..2022-11-22,3M+6M; 1M+3M+6M; 1M+6M; 1M+3M; 1M+3M+6M; 1M+3M+6M; 1M+3M+6M,True,small,1,19,,,
TCP^21,TCP,,1,2018-07-27,2018-08-07,2018-07-27..2018-08-07,1M+3M+6M,True,mid,1,4,,,
TCRT,TCRT,,7,2015-01-15,2022-09-21,2015-01-15..2015-03-25; 2015-06-18..2015-08-07; 2015-09-28..2015-11-23; 2016-03-01..2016-03-14; 2016-11-11..2016-12-01; 2019-06-21..2019-08-13; 2022-09-15..2022-09-21,1M+3M+6M; 1M+3M+6M; 1M+3M+6M; 1M+6M; 1M+3M+6M; 1M+3M+6M; 1M+3M+6M,True,small,1,17,,,
TD,TD,,1,2009-03-25,2009-03-27,2009-03-25..2009-03-27,1M,False,large_plus,13,4,,,
TDAY,TDAY,,1,2024-09-24,2024-10-04,2024-09-24..2024-10-04,6M,False,small,8,2,,,
TDC,TDC,,2,2009-05-13,2021-03-03,2009-05-13..2009-05-15; 2021-02-08..2021-03-03,1M; 1M,False,mid,9,2,,,
TDOC,TDOC,,9,2016-07-19,2025-02-21,2016-07-19..2016-08-23; 2017-05-15..2017-07-10; 2018-03-01..2018-03-16; 2018-10-05..2018-10-09; 2019-05-13..2019-05-20; 2020-02-28..2020-08-10; 2021-01-27..2021-02-05; 2023-05-03..2023-05-04; 2025-02-10..2025-02-21,1M+3M+6M; 1M+3M+6M; 1M+3M+6M; 3M+6M; 1M+3M+6M; 1M+3M+6M; 1M; 1M+3M+6M; 1M+3M+6M,True,mid,1,24,,,
TDS,TDS,,5,2008-11-25,2024-06-10,2008-11-25..2008-12-05; 2009-02-11..2009-02-20; 2023-08-07..2023-09-14; 2023-11-03..2023-11-06; 2024-05-10..2024-06-10,1M; 6M; 1M+3M+6M; 1M+3M+6M; 1M+3M,True,small,1,15,,,
TDUP,TDUP,,3,2021-05-25,2026-07-06,2021-05-25..2021-07-26; 2025-05-07..2025-09-10; 2026-06-26..2026-07-06,1M+3M; 1M+3M+6M; 1M,True,small,2,13,,,
TDW,TDW,,3,2022-11-01,2023-03-16,2022-11-01..2022-11-17; 2023-01-03..2023-01-11; 2023-03-09..2023-03-16,1M+3M+6M; 6M; 3M+6M,True,small,4,10,,,
TDY,TDY,,1,2007-08-27,2007-08-29,2007-08-27..2007-08-29,6M,False,small,16,3,,,
TE,TE,,3,2022-09-06,2026-06-15,2022-09-06..2022-10-17; 2025-10-16..2026-02-10; 2026-05-21..2026-06-15,1M+3M+6M; 1M+3M+6M; 1M+6M,True,small,2,11,,,
TEAM,TEAM,,6,2018-12-07,2026-09-08,2018-12-07..2019-01-08; 2022-07-05..2022-08-22; 2022-12-28..2023-02-24; 2023-06-07..2023-06-09; 2026-05-08..2026-06-01; 2026-07-29..2026-09-08,1M+3M+6M; 1M+3M+6M; 1M+3M+6M; 1M+3M+6M; 1M; 1M+3M+6M,True,large_plus,1,20,,,
TEAR^20,TEAR,,1,2013-08-01,2013-08-26,2013-08-01..2013-08-26,1M+3M+6M,True,small,6,1,,,
TECK,TECK,,11,2008-02-21,2022-11-03,2008-02-21..2008-03-24; 2009-01-07..2009-01-13; 2009-03-25..2009-08-25; 2011-11-01..2011-11-04; 2016-02-09..2016-05-12; 2016-06-27..2016-07-11; 2016-09-13..2016-10-11; 2016-12-07..2016-12-12; 2021-03-04..2021-03-09; 2022-04-22..2022-04-26; 2022-10-28..2022-11-03,1M+3M+6M; 1M; 1M+3M+6M; 1M+3M+6M; 1M+3M+6M; 1M+3M+6M; 1M+3M+6M; 1M+3M+6M; 6M; 1M+3M+6M; 1M+3M+6M,True,large_plus,1,42,,,
TECX,TECX,,2,2019-07-26,2026-03-25,2019-07-26..2019-08-07; 2026-03-06..2026-03-25,1M+3M+6M; 1M+6M,True,small,3,5,,,
TEL,TEL,,1,2009-04-17,2009-04-29,2009-04-17..2009-04-29,1M,False,mid,7,2,,,
TELL^24,TELL,,10,2018-04-20,2023-04-27,2018-04-20..2018-05-31; 2018-09-04..2018-10-16; 2019-01-16..2019-02-20; 2019-04-04..2019-04-11; 2019-09-06..2019-10-21; 2021-05-18..2021-07-15; 2021-09-27..2021-11-09; 2022-03-04..2022-04-21; 2022-08-08..2022-08-24; 2023-04-24..2023-04-27,1M+3M+6M; 1M+3M+6M; 1M+3M+6M; 1M+3M+6M; 1M+3M+6M; 1M+3M+6M; 6M; 1M+3M+6M; 6M; 1M,True,small,1,27,,,
TELO,TELO,,1,2025-08-05,2025-08-06,2025-08-05..2025-08-06,1M,False,small,12,1,,,
TEM,TEM,,7,2024-08-16,2026-09-21,2024-08-16..2024-09-09; 2024-11-12..2024-11-15; 2025-01-31..2025-02-28; 2025-05-07..2025-06-30; 2025-08-15..2025-10-23; 2026-06-29..2026-07-15; 2026-08-25..2026-09-21,1M; 1M+3M; 1M+3M+6M; 1M+3M+6M; 1M+3M+6M; 1M; 3M,True,large_plus,1,15,,,
TEN.2^22,TEN,TNP,9,2009-06-11,2021-06-28,2009-06-11..2009-08-31; 2009-10-30..2009-12-02; 2010-06-23..2010-08-19; 2011-10-28..2011-10-31; 2012-08-01..2012-08-09; 2019-09-09..2019-11-15; 2020-06-04..2020-06-05; 2021-05-26..2021-06-07; 2021-06-15..2021-06-28,1M+3M+6M; 1M+6M; 1M+3M+6M; 1M+6M; 1M+3M+6M; 1M+3M+6M; 1M; 1M; 3M,True,small,1,27,,,
TENB,TENB,,2,2018-09-20,2026-08-12,2018-09-20..2018-10-10; 2026-07-06..2026-08-12,1M; 1M+3M,False,mid,2,5,,,
TENX,TENX,,1,2026-07-07,2026-07-10,2026-07-07..2026-07-10,1M,False,small,9,1,,,
TEO,TEO,,2,2007-08-31,2019-06-14,2007-08-31..2007-09-04; 2019-05-28..2019-06-14,1M+3M+6M; 1M+3M+6M,True,mid,2,3,,,
TER,TER,,3,2025-11-17,2026-06-30,2025-11-17..2025-11-20; 2026-02-04..2026-05-04; 2026-06-25..2026-06-30,1M+3M+6M; 1M+3M+6M; 1M,True,large_plus,3,11,,,
TERN^26,TERN,,4,2024-07-15,2026-03-24,2024-07-15..2024-07-26; 2024-09-11..2024-09-19; 2025-11-03..2025-12-30; 2026-02-24..2026-03-24,3M; 1M+6M; 1M+3M+6M; 6M,True,small,1,9,,,
TERP^20,TERP,,2,2015-12-31,2016-08-03,2015-12-31..2016-01-06; 2016-07-06..2016-08-03,1M; 1M+3M+6M,True,small,4,5,,,
TEUM^22,TEUM,,4,2017-12-26,2019-08-08,2017-12-26..2018-01-22; 2019-03-13..2019-04-02; 2019-05-17..2019-05-30; 2019-07-26..2019-08-08,1M+3M+6M; 1M+3M+6M; 1M+3M+6M; 1M+3M+6M,True,small,1,7,,,
TEX,TEX,,6,2009-10-01,2016-03-22,2009-10-01..2009-11-02; 2011-10-28..2011-12-08; 2012-01-31..2012-03-07; 2012-08-09..2012-08-14; 2015-11-06..2015-11-19; 2016-02-09..2016-03-22,1M; 1M; 1M+3M+6M; 1M+3M+6M; 1M; 1M+3M+6M,True,mid,1,16,,,
TFC,TFC,,3,2008-02-05,2009-05-11,2008-02-05..2008-02-11; 2008-07-31..2008-10-07; 2009-04-17..2009-05-11,1M+3M+6M; 1M+3M+6M; 1M,True,large_plus,1,8,,,
TFM.1^16,TFM,,1,2011-09-13,2011-10-06,2011-09-13..2011-10-06,1M+3M+6M,True,small,3,4,,,
TFSM^07,TFSM,,1,2007-05-01,2007-05-18,2007-05-01..2007-05-18,1M+3M+6M,True,small,1,3,,,
TGA^22,TGA,,1,2010-12-08,2010-12-16,2010-12-08..2010-12-16,1M+3M+6M,True,small,2,1,,,
TGB,TGB,,4,2008-03-14,2026-03-02,2008-03-14..2008-03-24; 2009-12-03..2010-02-03; 2010-10-14..2010-10-29; 2026-01-22..2026-03-02,1M+3M+6M; 1M+3M+6M; 1M+3M+6M; 1M+3M+6M,True,small,1,14,,,
TGI^25,TGI,,2,2018-08-13,2019-02-12,2018-08-13..2018-08-27; 2019-01-30..2019-02-12,1M+3M+6M; 1M+3M+6M,True,small,3,3,,,
TGLS,TGLS,,4,2021-05-27,2023-05-24,2021-05-27..2021-07-02; 2021-12-01..2021-12-03; 2023-03-10..2023-03-22; 2023-05-04..2023-05-24,1M+3M+6M; 3M+6M; 1M+6M; 1M+3M+6M,True,mid,4,9,,,
TGS,TGS,,1,2025-10-29,2025-11-20,2025-10-29..2025-11-20,1M,False,mid,6,2,,,
TGT,TGT,,3,2008-02-06,2009-04-01,2008-02-06..2008-02-08; 2009-01-09..2009-01-20; 2009-03-31..2009-04-01,1M+6M; 6M; 6M,False,large_plus,3,7,,,
TGTX,TGTX,,22,2014-12-16,2025-04-03,2014-12-16..2015-01-13; 2015-03-23..2015-04-20; 2015-07-07..2015-07-08; 2017-03-06..2017-03-30; 2017-05-18..2017-06-15; 2017-08-03..2017-09-14; 2018-01-26..2018-03-27; 2019-03-04..2019-04-23; 2019-06-28..2019-07-19; 2019-11-29..2020-02-26; 2020-04-23..2020-06-03; 2020-07-09..2020-07-17; 2020-09-04..2020-09-18; 2020-12-15..2021-01-06; 2022-07-20..2022-07-28; 2022-11-14..2023-02-27; 2023-04-14..2023-05-23; 2023-11-10..2024-01-19; 2024-05-13..2024-05-16; 2024-06-26..2024-11-08; 2024-11-13..2024-11-21; 2025-02-11..2025-04-03,1M+3M+6M; 1M+6M; 3M; 1M+3M+6M; 1M+3M+6M; 1M+3M+6M; 1M+3M; 1M+3M+6M; 1M+6M; 1M+3M+6M; 1M+3M+6M; 3M; 1M+6M; 1M; 1M; 1M+3M+6M; 1M+3M+6M; 1M+3M+6M; 1M+3M; 1M+3M+6M; 1M; 1M+3M+6M,True,small,1,75,,,
TH,TH,,4,2022-07-14,2026-09-15,2022-07-14..2022-09-06; 2022-12-07..2022-12-29; 2026-04-21..2026-04-23; 2026-08-27..2026-09-15,1M+3M+6M; 1M+6M; 3M; 6M,True,small,1,8,,,
THC,THC,,12,2007-11-15,2022-02-25,2007-11-15..2007-12-21; 2008-03-14..2008-03-17; 2008-05-06..2008-05-14; 2008-08-08..2008-09-17; 2009-04-27..2009-06-09; 2009-07-28..2009-10-28; 2010-01-22..2010-01-26; 2012-07-03..2012-07-17; 2017-03-07..2017-03-10; 2019-08-06..2019-09-30; 2020-07-29..2020-08-14; 2022-02-24..2022-02-25,1M+3M+6M; 1M+6M; 3M+6M; 6M; 1M+3M; 1M+3M+6M; 1M+3M+6M; 1M+3M+6M; 1M+3M+6M; 1M+3M+6M; 1M; 6M,True,mid,1,27,,,
THE^07,THE,,1,2006-09-14,2006-09-19,2006-09-14..2006-09-19,1M+3M+6M,True,mid,1,2,,,
THMO,THMO,,1,2020-04-30,2020-05-14,2020-04-30..2020-05-14,1M+3M,False,small,3,3,,,
THO,THO,,4,2007-09-04,2020-06-25,2007-09-04..2007-09-05; 2011-09-29..2011-10-18; 2020-04-28..2020-05-06; 2020-06-11..2020-06-25,1M+3M+6M; 1M+3M+6M; 1M; 1M+3M+6M,True,mid,1,16,,,
THOR.1^15,THOR,,2,2008-09-18,2009-01-08,2008-09-18..2008-09-29; 2008-12-12..2009-01-08,3M+6M; 3M+6M,False,small,2,8,,,
THRY,THRY,,1,2021-11-24,2022-01-12,2021-11-24..2022-01-12,3M+6M,False,small,10,2,,,
THS^26,THS,,2,2020-04-09,2022-05-26,2020-04-09..2020-04-15; 2022-05-17..2022-05-26,1M; 1M+6M,False,mid,8,6,,,
THTX^25,THTX,,1,2025-04-15,2025-05-07,2025-04-15..2025-05-07,1M+3M+6M,True,small,2,1,,,
TIBX^14,TIBX,,1,2011-10-03,2011-10-12,2011-10-03..2011-10-12,1M+3M+6M,True,mid,2,3,,,
TIE^13,TIE,,6,2006-10-31,2010-06-10,2006-10-31..2006-11-03; 2007-05-25..2007-05-29; 2008-05-21..2008-05-27; 2008-08-27..2008-09-11; 2010-01-22..2010-01-25; 2010-06-02..2010-06-10,1M+3M+6M; 1M+3M+6M; 1M; 1M+3M+6M; 1M+3M+6M; 1M+3M+6M,True,mid,1,9,,,
TIF^21,TIF,,1,2008-03-27,2008-04-02,2008-03-27..2008-04-02,1M+6M,False,mid,8,2,,,
TIGO,TIGO,,1,2007-11-05,2008-01-08,2007-11-05..2008-01-08,1M+3M+6M,True,large_plus,3,2,,,
TIGR,TIGR,,6,2021-01-25,2025-09-08,2021-01-25..2021-03-02; 2021-04-29..2021-07-08; 2023-09-05..2023-10-11; 2024-10-01..2024-10-21; 2025-03-18..2025-04-07; 2025-08-27..2025-09-08,1M+3M+6M; 1M+3M+6M; 1M+3M+6M; 1M+3M+6M; 1M+3M+6M; 1M+6M,True,mid,1,18,,,
TIL,TIL,,3,2021-12-08,2025-06-23,2021-12-08..2021-12-13; 2024-09-13..2024-10-07; 2025-06-16..2025-06-23,3M+6M; 1M+3M+6M; 1M,True,small,1,3,,,
TIMB,TIMB,,1,2008-02-06,2008-03-11,2008-02-06..2008-03-11,1M+3M+6M,True,mid,8,3,,,
TIN^12,TIN,,2,2008-07-30,2009-07-24,2008-07-30..2008-09-19; 2009-04-02..2009-07-24,1M+3M+6M; 1M+3M+6M,True,small,1,9,,,
TIOG,TIOG,,1,2020-08-31,2020-09-23,2020-08-31..2020-09-23,3M+6M,False,small,2,1,,,
TITN,TITN,,2,2008-04-25,2012-07-20,2008-04-25..2008-07-07; 2012-07-18..2012-07-20,1M+3M+6M; 1M+3M+6M,True,small,4,5,,,
TIVO.1^16,TIVO,,7,2008-02-14,2011-09-13,2008-02-14..2008-03-25; 2009-06-18..2009-06-29; 2009-10-30..2009-11-05; 2010-03-08..2010-03-23; 2010-09-23..2010-09-30; 2011-04-25..2011-05-10; 2011-09-08..2011-09-13,3M+6M; 1M; 1M+3M+6M; 1M+3M+6M; 1M+3M+6M; 1M+6M; 1M+3M+6M,True,small,1,15,,,
TIVO^20,TIVO,,1,2016-01-07,2016-02-23,2016-01-07..2016-02-23,1M+3M+6M,True,small,1,2,,,
TJGC,TJGC,,1,2025-06-03,2025-06-04,2025-06-03..2025-06-04,1M+3M,False,small,4,1,,,
TK,TK,,6,2009-06-19,2017-08-17,2009-06-19..2009-07-01; 2016-04-19..2016-04-21; 2016-08-31..2016-09-21; 2016-12-08..2016-12-15; 2017-01-30..2017-02-28; 2017-07-13..2017-08-17,1M; 3M; 1M+3M+6M; 1M+3M; 1M+3M+6M; 1M+3M+6M,True,small,4,16,,,
TKC,TKC,,3,2007-08-10,2008-12-26,2007-08-10..2007-08-14; 2007-11-21..2007-11-27; 2008-12-08..2008-12-26,1M+3M+6M; 1M+3M+6M; 1M+3M+6M,True,large_plus,3,5,,,
TLAB^13,TLAB,,1,2010-05-07,2010-06-02,2010-05-07..2010-06-02,1M+3M+6M,True,mid,2,3,,,
TLB^12,TLB,,8,2008-04-04,2011-08-03,2008-04-04..2008-04-16; 2008-06-12..2008-07-09; 2008-07-25..2008-09-26; 2009-10-15..2009-10-28; 2010-01-15..2010-02-16; 2010-04-14..2010-04-19; 2010-09-17..2010-10-11; 2011-08-02..2011-08-03,1M+3M; 1M; 1M+3M+6M; 1M+3M+6M; 1M+3M+6M; 1M; 1M+3M+6M; 1M,True,small,1,21,,,
TLEO^12,TLEO,,1,2011-10-07,2011-10-19,2011-10-07..2011-10-19,1M+3M+6M,True,small,9,3,,,
TLM^15,TLM,,2,2009-01-05,2009-04-01,2009-01-05..2009-01-15; 2009-03-23..2009-04-01,1M+3M; 1M+3M+6M,True,large_plus,5,5,,,
TLN,TLN,,2,2024-07-24,2025-02-26,2024-07-24..2024-12-11; 2025-01-27..2025-02-26,1M+3M+6M; 1M+3M+6M,True,large_plus,3,8,,,
TLRA^20,TLRA,,2,2019-09-05,2020-02-26,2019-09-05..2019-09-16; 2020-01-10..2020-02-26,1M+3M+6M; 1M+3M,True,small,3,5,,,
TLRY,TLRY,,3,2022-10-26,2025-10-09,2022-10-26..2022-12-05; 2023-07-28..2023-09-21; 2025-08-18..2025-10-09,1M+3M; 1M+3M+6M; 1M+3M,True,small,1,9,,,
TLS,TLS,,3,2021-01-19,2025-09-10,2021-01-19..2021-01-20; 2021-04-09..2021-04-16; 2025-09-02..2025-09-10,1M; 1M; 1M,False,mid,8,5,,,
TLYS,TLYS,,1,2018-09-07,2018-09-17,2018-09-07..2018-09-17,1M+3M+6M,True,small,7,1,,,
TMC,TMC,,5,2022-03-14,2025-12-22,2022-03-14..2022-03-18; 2023-07-14..2023-07-21; 2025-04-15..2025-07-31; 2025-09-23..2025-10-14; 2025-12-18..2025-12-22,1M; 1M+3M+6M; 1M+3M+6M; 1M+6M; 1M,True,small,1,13,,,
TMDE,TMDE,,1,2026-03-09,2026-03-19,2026-03-09..2026-03-19,1M+3M,False,small,4,1,,,
TMDX,TMDX,,8,2022-08-01,2025-04-29,2022-08-01..2022-09-20; 2022-11-07..2023-03-17; 2023-05-01..2023-05-08; 2023-11-17..2023-11-29; 2024-04-18..2024-04-29; 2024-06-18..2024-08-22; 2025-02-05..2025-02-28; 2025-04-14..2025-04-29,1M+3M+6M; 1M+3M+6M; 1M+3M+6M; 1M+3M+6M; 1M+3M+6M; 1M+3M+6M; 1M; 1M+3M,True,mid,1,36,,,
TME,TME,,8,2019-02-08,2025-03-03,2019-02-08..2019-02-21; 2021-02-03..2021-03-25; 2022-01-20..2022-01-25; 2022-06-14..2022-07-14; 2022-08-30..2022-09-15; 2022-11-17..2023-01-11; 2024-10-04..2024-10-17; 2025-02-27..2025-03-03,1M; 3M+6M; 1M+3M+6M; 1M+3M+6M; 1M+3M+6M; 1M+3M+6M; 1M+3M+6M; 1M+3M+6M,True,large_plus,1,17,,,
TMH.1^17,TMH,,1,2015-11-09,2015-11-11,2015-11-09..2015-11-11,1M+6M,False,mid,8,1,,,
TMHC^26,TMHC,,2,2020-05-26,2020-07-29,2020-05-26..2020-05-28; 2020-07-22..2020-07-29,1M; 1M+3M,False,mid,6,4,,,
TMQ,TMQ,TM,2,2025-10-08,2026-02-06,2025-10-08..2025-10-28; 2025-12-18..2026-02-06,1M+3M+6M; 3M+6M,True,small,5,4,,,
TNDM,TNDM,,11,2018-04-11,2026-08-14,2018-04-11..2018-09-25; 2019-01-07..2019-03-29; 2019-05-17..2019-06-18; 2019-09-09..2019-09-13; 2019-11-20..2019-12-09; 2023-07-26..2023-08-07; 2023-12-07..2023-12-12; 2024-04-01..2024-04-18; 2024-08-29..2024-09-24; 2025-12-02..2025-12-03; 2026-07-31..2026-08-14,1M+3M+6M; 1M+3M+6M; 1M+3M+6M; 1M+3M+6M; 1M+3M+6M; 1M; 1M; 1M+3M+6M; 1M+6M; 1M; 1M,True,mid,1,33,,,
TNET,TNET,,1,2026-08-06,2026-08-13,2026-08-06..2026-08-13,3M,False,mid,9,1,,,
TNGO^17,TNGO,,1,2012-04-04,2012-07-11,2012-04-04..2012-07-11,1M+3M+6M,True,small,1,5,,,
TNGX,TNGX,,4,2023-08-09,2026-07-10,2023-08-09..2023-10-12; 2025-06-11..2025-12-04; 2026-02-12..2026-05-05; 2026-06-16..2026-07-10,1M+3M+6M; 1M+3M+6M; 1M+3M+6M; 1M+6M,True,small,1,18,,,
TNH^18,TNH,,8,2007-04-18,2012-04-24,2007-04-18..2007-07-18; 2007-09-13..2007-10-23; 2007-12-14..2008-03-13; 2008-04-23..2008-06-03; 2008-09-09..2008-09-22; 2009-02-04..2009-02-25; 2011-08-05..2011-09-20; 2012-04-19..2012-04-24,1M+3M+6M; 1M+3M+6M; 1M+3M+6M; 1M+3M+6M; 1M+6M; 1M+6M; 1M+3M+6M; 1M+3M+6M,True,mid,1,26,,,
TNK,TNK,,7,2012-04-02,2023-03-20,2012-04-02..2012-04-18; 2015-01-13..2015-01-28; 2019-11-20..2020-01-16; 2020-03-20..2020-04-09; 2022-09-23..2022-10-04; 2022-11-09..2022-12-06; 2023-03-13..2023-03-20,1M+3M+6M; 1M+3M; 1M+3M+6M; 1M+3M+6M; 1M+3M+6M; 3M+6M; 1M+3M+6M,True,small,2,17,,,
TNL,TNL,,2,2009-01-06,2009-07-02,2009-01-06..2009-01-08; 2009-04-03..2009-07-02,1M; 1M+3M+6M,True,small,2,5,,,
TNXP,TNXP,,3,2025-03-26,2025-08-25,2025-03-26..2025-04-08; 2025-05-19..2025-06-17; 2025-08-13..2025-08-25,1M+6M; 1M+3M; 3M+6M,False,small,3,5,,,
TOL,TOL,,4,2008-02-07,2008-12-31,2008-02-07..2008-02-15; 2008-03-03..2008-05-20; 2008-08-14..2008-10-02; 2008-12-17..2008-12-31,1M; 1M+3M+6M; 1M+3M+6M; 6M,True,mid,2,11,,,
TOON,TOON,,2,2020-10-12,2021-03-29,2020-10-12..2020-10-29; 2021-03-24..2021-03-29,6M; 1M,False,small,10,4,,,
TOP,TOP,,1,2023-04-27,2023-05-12,2023-04-27..2023-05-12,1M+3M+6M,True,small,1,1,,,
TOST,TOST,,3,2022-08-15,2023-07-27,2022-08-15..2022-11-09; 2023-01-25..2023-02-17; 2023-07-20..2023-07-27,1M+3M+6M; 1M+3M+6M; 1M+3M+6M,True,large_plus,1,10,,,
TOUR,TOUR,,2,2014-08-04,2015-06-30,2014-08-04..2014-08-21; 2015-05-18..2015-06-30,1M+3M; 1M+3M+6M,True,mid,1,5,,,
TPC,TPC,,3,2007-07-26,2024-08-02,2007-07-26..2007-07-30; 2016-11-15..2016-12-01; 2024-07-29..2024-08-02,6M; 1M+6M; 6M,False,small,2,6,,,
TPG,TPG,,1,2022-11-14,2022-11-29,2022-11-14..2022-11-29,1M+3M+6M,True,large_plus,1,1,,,
TPH^26,TPH,,1,2020-07-27,2020-07-28,2020-07-27..2020-07-28,1M,False,mid,15,3,,,
TPICQ^26,TPICQ,TPIC,3,2021-01-11,2023-04-27,2021-01-11..2021-01-14; 2022-08-09..2022-08-25; 2023-04-24..2023-04-27,1M; 1M+3M+6M; 6M,True,small,6,3,,,
TPL,TPL,,3,2021-03-03,2026-03-12,2021-03-03..2021-05-20; 2022-03-08..2022-03-16; 2026-02-25..2026-03-12,1M+3M+6M; 1M+3M; 1M+3M+6M,True,large_plus,1,11,,,
TPP.1^09,TPP,,1,2008-11-05,2008-11-11,2008-11-05..2008-11-11,1M+3M+6M,True,mid,2,1,,,
TPR,TPR,,3,2008-08-18,2020-11-12,2008-08-18..2008-08-28; 2011-09-29..2011-09-30; 2020-11-11..2020-11-12,1M+3M+6M; 1M+3M+6M; 1M,True,large_plus,1,4,,,
TPST,TPST,,1,2023-12-20,2023-12-21,2023-12-20..2023-12-21,3M+6M,False,small,2,1,,,
TPTX^22,TPTX,,3,2019-11-12,2022-05-24,2019-11-12..2020-01-13; 2020-08-25..2020-11-16; 2022-05-02..2022-05-24,1M+3M+6M; 1M+3M; 1M+3M,True,small,7,12,,,
TQNT^15,TQNT,,4,2007-11-05,2009-07-28,2007-11-05..2007-11-19; 2008-04-24..2008-05-12; 2008-08-18..2008-08-19; 2009-06-24..2009-07-28,1M+3M+6M; 1M+3M+6M; 6M; 1M+3M+6M,True,small,5,7,,,
TRAX,TRAX,,1,2026-07-09,2026-08-20,2026-07-09..2026-08-20,1M+3M,False,small,1,3,,,
TRA^10,TRA,,5,2007-03-01,2009-04-08,2007-03-01..2007-03-13; 2007-10-02..2007-11-19; 2007-12-31..2008-01-17; 2008-04-23..2008-07-02; 2009-01-23..2009-04-08,1M+3M+6M; 1M+3M+6M; 1M+3M+6M; 1M+3M+6M; 1M+3M+6M,True,mid,1,19,,,
TREE,TREE,,9,2015-08-10,2025-04-07,2015-08-10..2015-08-27; 2015-11-03..2015-11-19; 2016-07-06..2016-07-12; 2016-11-29..2016-12-05; 2018-11-09..2018-12-17; 2023-02-10..2023-02-23; 2024-01-09..2024-05-09; 2024-08-23..2024-09-11; 2025-03-24..2025-04-07,1M+3M+6M; 1M+6M; 1M+3M+6M; 1M+6M; 1M+3M+6M; 1M+3M; 1M+3M+6M; 6M; 1M+3M,True,small,1,22,,,
TRGP,TRGP,,3,2014-07-08,2020-06-11,2014-07-08..2014-07-09; 2016-02-26..2016-05-19; 2020-05-04..2020-06-11,1M+3M+6M; 1M+3M+6M; 1M,True,mid,1,11,,,
TRHC^23,TRHC,,3,2018-03-26,2019-08-29,2018-03-26..2018-04-13; 2018-09-13..2018-09-18; 2019-08-12..2019-08-29,1M+3M+6M; 3M+6M; 1M+3M+6M,True,small,6,6,,,
TRI,TRI,,3,2008-12-09,2026-08-21,2008-12-09..2008-12-12; 2008-12-15..2009-01-12; 2026-08-05..2026-08-21,1M; 3M+6M; 1M+3M+6M,True,large_plus,1,8,,,
TRIL.1^21,TRIL,,3,2020-01-13,2020-10-01,2020-01-13..2020-03-18; 2020-05-13..2020-07-06; 2020-09-09..2020-10-01,1M+3M+6M; 6M; 1M+3M+6M,True,small,1,11,,,
TRIP,TRIP,,3,2012-02-13,2021-03-30,2012-02-13..2012-02-15; 2018-02-15..2018-03-02; 2021-02-26..2021-03-30,1M; 1M+3M+6M; 1M+3M+6M,True,mid,3,7,,,
TRLA.2^15,TRLA,,4,2013-03-01,2014-12-03,2013-03-01..2013-03-25; 2013-08-09..2013-10-01; 2014-03-28..2014-08-13; 2014-11-20..2014-12-03,1M+3M; 1M+3M+6M; 1M+3M+6M; 1M+3M+6M,True,small,1,12,,,
TRLG^13,TRLG,,3,2008-05-16,2011-08-16,2008-05-16..2008-05-29; 2008-07-10..2008-09-30; 2011-08-08..2011-08-16,1M+6M; 3M+6M; 1M+3M+6M,True,small,3,9,,,
TRLV,TRLV,,2,2025-12-22,2026-09-21,2025-12-22..2026-01-02; 2026-09-01..2026-09-21,1M; 1M+6M,False,mid,6,2,,,
TRMB,TRMB,,1,2007-08-15,2007-08-22,2007-08-15..2007-08-22,1M+3M+6M,True,mid,5,2,,,
TRMK,TRMK,,2,2008-09-15,2009-02-19,2008-09-15..2008-09-25; 2009-02-13..2009-02-19,1M; 6M,False,small,2,3,,,
TRML^25,TRML,,1,2024-02-29,2024-03-07,2024-02-29..2024-03-07,6M,False,small,9,2,,,
TRN,TRN,,1,2011-10-27,2011-11-09,2011-10-27..2011-11-09,1M+3M+6M,True,mid,6,2,,,
TRNS,TRNS,,1,2026-02-19,2026-02-23,2026-02-19..2026-02-23,1M,False,small,15,1,,,
TROO,TROO,,1,2021-07-09,2021-07-30,2021-07-09..2021-07-30,1M+3M+6M,True,small,1,2,,,
TROW,TROW,,2,2008-08-08,2009-05-12,2008-08-08..2008-08-12; 2009-04-27..2009-05-12,1M+3M+6M; 1M+3M+6M,True,large_plus,1,6,,,
TROX,TROX,,5,2016-11-22,2026-05-11,2016-11-22..2016-12-06; 2017-01-20..2017-01-23; 2017-03-08..2017-03-14; 2021-09-21..2021-09-22; 2026-02-04..2026-05-11,1M+3M+6M; 3M+6M; 1M+3M+6M; 6M; 1M+3M+6M,True,small,1,15,,,
TRQ^22,TRQ,TR,12,2006-10-30,2019-03-05,2006-10-30..2006-11-14; 2007-10-15..2007-11-16; 2008-03-03..2008-03-17; 2008-07-17..2008-07-29; 2009-03-26..2009-05-13; 2009-07-07..2009-10-15; 2010-12-09..2010-12-17; 2011-11-02..2011-12-13; 2012-06-21..2012-06-28; 2012-09-24..2012-09-27; 2014-01-17..2014-03-18; 2019-02-27..2019-03-05,1M+3M+6M; 1M+3M+6M; 1M+3M+6M; 1M+3M+6M; 1M+3M+6M; 1M+3M+6M; 1M+3M+6M; 1M+3M+6M; 1M+3M+6M; 1M+3M+6M; 1M+3M+6M; 1M+3M+6M,True,mid,1,36,,,
TRT,TRT,,1,2026-04-23,2026-05-29,2026-04-23..2026-05-29,1M+3M+6M,True,small,2,3,,,
TRUE^26,TRUE,,3,2014-08-25,2015-12-18,2014-08-25..2014-09-18; 2014-12-09..2015-01-09; 2015-12-11..2015-12-18,1M+3M; 1M+3M+6M; 1M+3M+6M,True,small,2,9,,,
TRUP,TRUP,,8,2020-08-10,2024-12-17,2020-08-10..2020-10-21; 2020-10-23..2020-11-27; 2021-10-27..2021-12-23; 2023-08-01..2023-08-21; 2023-11-29..2023-12-05; 2024-08-02..2024-09-10; 2024-11-04..2024-11-06; 2024-12-13..2024-12-17,3M; 6M; 1M+3M+6M; 1M; 6M; 1M+3M+6M; 6M; 6M,True,mid,1,21,,,
TRV,TRV,,3,2008-09-17,2009-04-24,2008-09-17..2008-09-30; 2008-11-13..2008-12-29; 2009-04-01..2009-04-24,1M+3M+6M; 1M+3M+6M; 6M,True,large_plus,2,9,,,
TRVG,TRVG,,3,2017-05-03,2021-03-16,2017-05-03..2017-07-21; 2018-01-16..2018-02-12; 2021-03-12..2021-03-16,1M+3M+6M; 1M+3M+6M; 1M,True,mid,1,11,,,
TRVI,TRVI,,2,2025-03-10,2025-08-11,2025-03-10..2025-04-03; 2025-08-07..2025-08-11,1M+3M+6M; 6M,True,small,2,3,,,
TRVN,TRVN,,4,2015-09-02,2020-10-09,2015-09-02..2015-10-01; 2020-08-03..2020-08-04; 2020-08-10..2020-08-17; 2020-09-29..2020-10-09,1M+3M+6M; 3M; 6M; 1M+6M,True,small,1,10,,,
TRW^15,TRW,,2,2009-05-20,2009-11-30,2009-05-20..2009-08-31; 2009-11-09..2009-11-30,1M+3M+6M; 1M+3M+6M,True,mid,1,6,,,
TRX,TRX,,1,2026-01-29,2026-03-12,2026-01-29..2026-03-12,1M+3M+6M,True,small,2,4,,,
TSAT,TSAT,,2,2023-08-16,2026-08-13,2023-08-16..2023-09-12; 2026-08-12..2026-08-13,1M+3M+6M; 6M,True,small,2,3,,,
TSEM,TSEM,,2,2015-02-02,2026-06-08,2015-02-02..2015-02-11; 2025-11-13..2026-06-08,3M+6M; 1M+3M+6M,True,mid,1,13,P123 backfill: 8.1x 1-day move -- verify against chart,,
TSEOQ,TSEOQ,"TSEO, TSE",2,2016-03-21,2022-11-29,2016-03-21..2016-03-22; 2022-11-25..2022-11-29,6M; 1M,False,small,11,4,,,
TSFG^10,TSFG,,1,2008-08-12,2008-10-01,2008-08-12..2008-10-01,1M+3M,False,small,4,3,,,
TSHA,TSHA,,2,2022-11-16,2023-09-21,2022-11-16..2022-11-22; 2023-08-21..2023-09-21,1M; 1M+3M+6M,True,small,1,4,,,
TSL.1^17,TSL,,16,2007-02-16,2015-10-14,2007-02-16..2007-05-03; 2007-07-11..2007-07-26; 2007-09-28..2007-10-01; 2007-12-31..2008-01-03; 2008-04-11..2008-06-05; 2008-08-28..2008-08-29; 2009-04-14..2009-08-13; 2009-10-08..2010-01-15; 2010-10-15..2010-10-20; 2011-02-28..2011-03-07; 2012-01-13..2012-02-28; 2012-05-14..2012-05-17; 2013-01-03..2013-02-20; 2013-04-29..2013-11-19; 2014-01-13..2014-01-22; 2015-10-07..2015-10-14,1M+3M; 1M+3M+6M; 1M+6M; 1M; 1M+3M+6M; 6M; 1M+3M+6M; 1M+3M+6M; 1M+3M+6M; 1M+3M+6M; 1M+3M; 1M+3M+6M; 1M+3M+6M; 1M+3M+6M; 6M; 1M+3M+6M,True,small,1,52,,,
TSLA,TSLA,,17,2010-11-10,2025-06-27,2010-11-10..2010-12-10; 2011-04-12..2011-04-19; 2011-09-28..2011-11-22; 2012-07-02..2012-07-26; 2013-05-07..2013-08-02; 2014-01-27..2014-02-03; 2014-03-12..2014-03-14; 2018-08-17..2018-08-22; 2020-02-05..2020-03-03; 2020-04-22..2020-05-19; 2020-07-13..2020-10-08; 2020-12-09..2020-12-29; 2021-11-09..2021-12-07; 2023-02-03..2023-03-03; 2024-07-12..2024-07-25; 2024-11-21..2025-01-27; 2025-04-29..2025-06-27,1M+3M; 1M+3M+6M; 1M+3M+6M; 1M+3M+6M; 1M+3M+6M; 1M+3M+6M; 1M+3M+6M; 1M+3M+6M; 1M+3M+6M; 1M+3M+6M; 1M+3M+6M; 1M+3M+6M; 1M+3M+6M; 1M+3M+6M; 1M+3M+6M; 1M+3M+6M; 1M+3M+6M,True,large_plus,1,50,,,
TSM,TSM,,3,2008-12-26,2009-06-10,2008-12-26..2009-01-02; 2009-02-19..2009-02-23; 2009-05-13..2009-06-10,3M+6M; 3M+6M; 1M+3M+6M,True,large_plus,3,9,,,
TSN,TSN,,3,2008-07-28,2009-02-18,2008-07-28..2008-08-04; 2008-12-19..2008-12-24; 2009-02-12..2009-02-18,1M+6M; 1M; 3M,False,mid,4,6,,,
TSRO^19,TSRO,,13,2013-06-03,2018-12-07,2013-06-03..2013-06-20; 2013-09-23..2013-09-26; 2014-12-24..2015-02-02; 2015-07-30..2015-07-31; 2015-09-22..2015-09-25; 2015-11-25..2015-12-21; 2016-04-08..2016-04-19; 2016-07-08..2016-07-19; 2016-11-15..2016-12-01; 2017-01-26..2017-02-14; 2017-05-30..2017-06-06; 2018-09-14..2018-10-23; 2018-12-03..2018-12-07,1M+3M+6M; 1M+6M; 3M+6M; 1M+3M+6M; 1M+3M+6M; 1M+3M+6M; 6M; 1M+3M+6M; 1M+3M+6M; 1M+3M+6M; 1M+3M+6M; 1M+3M+6M; 1M+3M+6M,True,mid,1,31,,,
TSRX^13,TSRX,,1,2013-07-23,2013-08-01,2013-07-23..2013-08-01,1M+3M+6M,True,small,3,2,,,
TSSI,TSSI,,3,2024-12-11,2026-04-16,2024-12-11..2025-02-24; 2025-05-16..2025-08-01; 2026-03-23..2026-04-16,1M+3M+6M; 1M+3M+6M; 1M+3M,True,small,1,12,,,
TSS^19,TSS,,1,2008-01-08,2008-01-09,2008-01-08..2008-01-09,1M+3M+6M,True,mid,13,1,,,
TSTC^16,TSTC,,1,2009-12-10,2010-01-21,2009-12-10..2010-01-21,1M+3M+6M,True,small,1,3,,,
TTAN,TTAN,,1,2025-04-15,2025-05-30,2025-04-15..2025-05-30,1M+3M,False,mid,1,3,,,
TTD,TTD,,17,2017-03-02,2023-03-06,2017-03-02..2017-03-21; 2017-05-19..2017-06-15; 2017-08-04..2017-08-14; 2018-10-02..2018-10-04; 2018-11-29..2018-12-19; 2019-05-09..2019-05-13; 2019-08-02..2019-08-15; 2019-11-05..2019-11-12; 2020-02-24..2020-02-27; 2020-04-27..2020-07-23; 2020-09-08..2020-09-09; 2020-11-10..2020-11-25; 2021-07-08..2021-07-14; 2021-11-10..2021-12-03; 2022-02-28..2022-03-07; 2022-08-05..2022-08-29; 2023-02-09..2023-03-06,1M+3M; 1M+3M+6M; 1M+3M+6M; 1M+3M+6M; 1M+3M+6M; 1M+3M+6M; 1M+3M+6M; 1M+3M+6M; 1M+3M+6M; 1M+3M+6M; 6M; 1M+3M+6M; 1M+3M+6M; 1M+3M+6M; 1M+3M+6M; 1M+3M+6M; 1M+3M+6M,True,large_plus,1,38,,,
TTEK,TTEK,,2,2009-01-06,2009-02-17,2009-01-06..2009-01-07; 2009-01-14..2009-02-17,3M; 6M,False,small,9,4,,,
TTES^11,TTES,,1,2008-07-02,2008-07-10,2008-07-02..2008-07-10,1M+3M+6M,True,small,8,2,,,
TTI,TTI,,4,2006-05-23,2026-02-11,2006-05-23..2006-07-18; 2011-03-11..2011-03-15; 2025-12-04..2025-12-09; 2026-01-23..2026-02-11,1M+3M+6M; 1M; 6M; 6M,True,small,1,9,,,
TTMI,TTMI,,3,2016-11-15,2026-07-01,2016-11-15..2016-11-25; 2025-08-01..2025-08-06; 2025-11-06..2026-07-01,3M+6M; 3M+6M; 1M+3M+6M,True,mid,4,19,,,
TTM^23,TTM,,1,2010-11-26,2010-12-08,2010-11-26..2010-12-08,1M+3M+6M,True,large_plus,1,1,,,
TTOO,TTOO,,1,2020-06-09,2020-06-17,2020-06-09..2020-06-17,1M+3M,False,small,6,2,,,
TTPH^20,TTPH,,3,2014-10-07,2015-11-23,2014-10-07..2015-01-16; 2015-03-03..2015-07-15; 2015-11-09..2015-11-23,1M+3M+6M; 1M+3M+6M; 1M,True,small,1,13,,,
TTWO,TTWO,,4,2006-09-21,2020-04-09,2006-09-21..2006-09-22; 2007-03-01..2007-04-02; 2007-12-19..2007-12-20; 2020-04-03..2020-04-09,1M+3M+6M; 1M+3M+6M; 1M; 1M+3M+6M,True,small,5,9,,,
TUDO^12,TUDO,,1,2012-03-14,2012-04-27,2012-03-14..2012-04-27,1M+3M+6M,True,small,1,4,,,
TUFN^22,TUFN,,1,2019-07-19,2019-07-24,2019-07-19..2019-07-24,1M+3M,False,small,9,2,,,
TUMI^16,TUMI,,1,2012-09-17,2012-09-18,2012-09-17..2012-09-18,1M+3M,False,small,10,2,,,
TUSK,TUSK,,1,2018-04-05,2018-06-29,2018-04-05..2018-06-29,1M+3M+6M,True,small,2,5,,,
TUYA,TUYA,,2,2021-05-26,2025-03-26,2021-05-26..2021-07-07; 2025-02-19..2025-03-26,1M+3M; 1M+3M+6M,True,large_plus,1,6,,,
TV,TV,,1,2021-04-30,2021-05-03,2021-04-30..2021-05-03,1M+3M+6M,True,mid,3,2,,,
TVGN,TVGN,,1,2024-10-21,2024-11-08,2024-10-21..2024-11-08,1M+3M+6M,True,small,2,2,,,
TVRD,TVRD,,8,2015-07-31,2021-04-23,2015-07-31..2015-08-24; 2016-10-13..2016-12-02; 2017-01-20..2017-04-18; 2017-06-06..2017-07-10; 2018-05-25..2018-07-25; 2018-10-04..2018-10-08; 2019-07-25..2019-08-01; 2021-04-13..2021-04-23,1M+3M+6M; 1M+3M+6M; 1M+3M+6M; 1M+3M+6M; 1M+3M+6M; 6M; 1M+3M+6M; 1M,True,small,1,22,,,
TVTX,TVTX,,10,2014-04-02,2026-04-29,2014-04-02..2014-04-11; 2015-03-19..2015-04-29; 2015-11-27..2015-12-15; 2016-09-22..2016-09-26; 2021-08-18..2021-10-01; 2022-01-03..2022-01-04; 2024-07-29..2024-08-01; 2024-09-10..2024-11-22; 2025-11-13..2026-01-12; 2026-04-15..2026-04-29,1M+3M+6M; 1M+3M+6M; 1M+6M; 1M+3M+6M; 1M+3M; 6M; 3M; 1M+3M+6M; 1M+3M+6M; 1M,True,small,1,31,,,
TW,TW,,1,2020-04-21,2020-05-01,2020-04-21..2020-05-01,1M+3M+6M,True,large_plus,10,4,,,
TWB^09,TWB,,1,2008-01-22,2008-01-31,2008-01-22..2008-01-31,1M+3M,False,small,7,2,,,
TWC^16,TWC,,1,2009-05-12,2009-05-18,2009-05-12..2009-05-18,6M,False,large_plus,8,1,,,
TWG,TWG,,1,2024-10-14,2024-10-24,2024-10-14..2024-10-24,1M+3M+6M,True,small,1,2,,,
TWI,TWI,,7,2008-03-10,2022-06-21,2008-03-10..2008-03-19; 2008-08-05..2008-08-15; 2010-05-07..2010-05-10; 2011-03-11..2011-03-14; 2011-10-31..2011-11-04; 2012-07-17..2012-07-18; 2022-06-02..2022-06-21,1M+3M+6M; 6M; 1M; 3M+6M; 1M; 3M+6M; 3M+6M,True,small,2,11,,,
TWLO,TWLO,,10,2016-08-18,2026-08-26,2016-08-18..2016-10-11; 2018-03-27..2018-03-29; 2018-11-16..2019-01-24; 2020-05-13..2020-06-12; 2020-07-23..2020-07-30; 2020-10-27..2020-10-28; 2022-10-11..2022-11-01; 2023-02-21..2023-03-16; 2023-06-07..2023-06-12; 2026-07-17..2026-08-26,1M+3M; 1M+3M+6M; 1M+3M+6M; 1M+3M+6M; 1M+3M+6M; 1M+3M+6M; 1M+3M+6M; 1M+3M+6M; 1M+3M+6M; 1M+3M+6M,True,large_plus,1,29,,,
TWOUQ^24,TWOUQ,TWOU,4,2015-08-14,2020-06-01,2015-08-14..2015-10-01; 2019-11-13..2019-11-19; 2020-03-09..2020-03-17; 2020-05-20..2020-06-01,1M+3M+6M; 1M+3M; 1M+3M+6M; 1M+3M,True,small,3,6,,,
TWST,TWST,,13,2019-06-28,2026-09-09,2019-06-28..2019-08-09; 2020-02-06..2020-03-09; 2020-07-06..2021-01-20; 2021-04-26..2021-04-30; 2022-07-06..2022-07-21; 2022-07-22..2022-08-08; 2023-06-06..2023-08-04; 2023-11-22..2024-01-10; 2024-02-16..2024-02-27; 2024-05-10..2024-08-02; 2025-06-25..2025-07-02; 2026-02-02..2026-02-24; 2026-06-05..2026-09-09,3M+6M; 1M+3M; 1M+3M+6M; 1M+6M; 1M; 3M; 1M+3M; 1M+3M+6M; 1M; 1M+3M+6M; 1M; 1M+3M; 1M+3M+6M,True,mid,2,46,,,
TWTC^14,TWTC,,1,2009-01-12,2009-01-20,2009-01-12..2009-01-20,3M,False,small,10,2,,,
TWTR^22,TWTR,,8,2014-01-06,2022-04-29,2014-01-06..2014-01-13; 2015-10-12..2015-10-30; 2016-03-09..2016-03-14; 2016-10-10..2016-10-12; 2018-02-05..2018-03-20; 2018-11-12..2018-12-20; 2021-02-25..2021-03-09; 2022-04-11..2022-04-29,1M; 1M+3M+6M; 1M+3M+6M; 1M+3M+6M; 1M+3M+6M; 1M+3M+6M; 1M+3M+6M; 1M+3M+6M,True,large_plus,1,18,,,
TX,TX,,4,2007-01-09,2016-11-17,2007-01-09..2007-01-12; 2007-11-19..2007-11-23; 2009-06-03..2009-06-18; 2016-11-11..2016-11-17,1M+3M+6M; 1M+3M+6M; 1M+3M+6M; 1M+3M+6M,True,mid,1,10,,,
TXG,TXG,,11,2019-11-06,2026-09-21,2019-11-06..2019-11-13; 2019-12-12..2020-02-10; 2020-09-17..2020-09-24; 2021-02-02..2021-02-04; 2021-04-12..2021-04-23; 2022-11-14..2022-12-01; 2023-01-12..2023-03-28; 2024-08-09..2024-09-11; 2025-11-21..2025-12-05; 2026-01-14..2026-01-26; 2026-06-09..2026-09-21,1M; 1M+3M; 1M+3M+6M; 6M; 1M+3M+6M; 1M; 1M+3M+6M; 1M+3M; 1M; 1M+3M; 1M+3M+6M,True,mid,1,33,,,
TXI^14,TXI,,2,2009-04-02,2009-07-31,2009-04-02..2009-04-22; 2009-07-24..2009-07-31,1M; 1M,False,small,5,7,,,
TXMD,TXMD,,9,2014-08-13,2019-10-24,2014-08-13..2014-08-19; 2015-04-02..2015-04-14; 2015-12-08..2016-01-11; 2016-04-06..2016-04-12; 2017-03-08..2017-04-12; 2017-06-22..2017-09-01; 2017-11-16..2017-11-27; 2019-01-22..2019-02-22; 2019-09-18..2019-10-24,1M+3M+6M; 1M+3M+6M; 1M+3M+6M; 6M; 1M+3M+6M; 1M+3M+6M; 1M+6M; 1M+3M+6M; 1M+3M+6M,True,small,1,25,,,
TXN,TXN,,1,2009-02-10,2009-02-23,2009-02-10..2009-02-23,1M+3M+6M,True,large_plus,4,3,,,
TXRH,TXRH,,1,2009-03-19,2009-03-31,2009-03-19..2009-03-31,6M,False,small,6,4,,,
TXT,TXT,,5,2009-04-06,2011-10-05,2009-04-06..2009-05-01; 2009-06-01..2009-06-10; 2009-09-17..2009-10-01; 2010-01-25..2010-02-01; 2011-09-28..2011-10-05,1M; 3M; 1M+3M+6M; 1M+3M+6M; 1M+3M+6M,True,mid,1,11,,,
TXTR^16,TXTR,,1,2013-12-26,2013-12-30,2013-12-26..2013-12-30,6M,False,small,12,2,,,
TYRA,TYRA,,1,2025-12-23,2026-04-14,2025-12-23..2026-04-14,3M+6M,False,small,2,6,,,
TZOO,TZOO,,9,2005-06-15,2011-11-01,2005-06-15..2005-07-01; 2006-04-19..2006-05-12; 2006-07-12..2006-07-24; 2006-09-05..2006-09-08; 2006-10-26..2006-11-02; 2010-11-15..2011-01-31; 2011-03-24..2011-05-06; 2011-07-14..2011-07-26; 2011-10-31..2011-11-01,1M; 1M+3M+6M; 1M+3M+6M; 1M+3M+6M; 1M+3M+6M; 1M+3M+6M; 1M+3M+6M; 1M+3M+6M; 1M,True,small,1,20,,,
U,U,,14,2020-11-12,2026-08-12,2020-11-12..2021-01-06; 2021-11-15..2021-12-01; 2022-08-10..2022-08-26; 2022-11-30..2022-12-14; 2023-01-31..2023-02-24; 2023-06-01..2023-08-01; 2023-11-29..2024-01-10; 2024-09-09..2024-10-11; 2024-12-09..2024-12-19; 2025-02-26..2025-03-11; 2025-05-09..2025-08-29; 2025-11-19..2025-12-18; 2026-04-20..2026-04-27; 2026-07-14..2026-08-12,1M+3M; 1M+3M+6M; 1M+3M+6M; 1M+3M+6M; 1M+3M+6M; 1M+3M+6M; 1M+3M+6M; 1M+3M+6M; 1M+3M+6M; 1M+3M+6M; 1M+3M+6M; 1M+3M+6M; 1M; 1M+3M+6M,True,large_plus,1,45,,,
UAA,UAA,,4,2006-07-07,2026-02-20,2006-07-07..2006-08-03; 2018-02-22..2018-03-06; 2022-11-21..2022-11-22; 2026-02-17..2026-02-20,1M+3M+6M; 1M+3M+6M; 1M; 1M,True,mid,1,5,,,
UAL,UAL,,13,2006-11-30,2022-05-11,2006-11-30..2006-12-01; 2008-02-05..2008-02-11; 2008-08-04..2008-09-26; 2008-11-04..2008-11-14; 2009-01-05..2009-01-23; 2009-08-05..2009-10-05; 2009-12-15..2010-02-19; 2011-09-27..2011-10-20; 2012-06-04..2012-06-14; 2020-06-05..2020-06-24; 2020-08-17..2020-09-21; 2021-03-04..2021-03-29; 2022-05-09..2022-05-11,1M+3M+6M; 1M; 1M+3M; 1M+3M+6M; 3M+6M; 1M+3M; 1M+3M+6M; 1M+3M+6M; 1M+3M+6M; 1M; 1M+3M+6M; 1M+3M+6M; 1M+3M+6M,True,mid,1,25,,,
UAMY,UAMY,,5,2024-12-30,2026-03-23,2024-12-30..2025-01-07; 2025-04-24..2025-05-09; 2025-08-21..2025-10-29; 2026-01-20..2026-02-03; 2026-03-16..2026-03-23,6M; 1M+3M+6M; 1M+3M+6M; 1M; 3M,True,small,3,12,,,
UAN,UAN,,2,2011-09-29,2022-05-03,2011-09-29..2011-09-30; 2022-03-07..2022-05-03,3M; 1M+3M+6M,True,small,2,6,,,
UAVS,UAVS,,3,2020-05-28,2025-08-11,2020-05-28..2020-08-19; 2020-12-21..2021-01-22; 2025-07-28..2025-08-11,1M+3M+6M; 1M+3M+6M; 1M+3M,True,small,2,7,,,
UBER,UBER,,2,2020-05-12,2022-11-17,2020-05-12..2020-06-01; 2022-11-11..2022-11-17,1M+6M; 1M+3M+6M,True,large_plus,7,5,,,
UBSI,UBSI,,2,2008-02-12,2009-01-02,2008-02-12..2008-02-14; 2008-12-03..2009-01-02,6M; 3M+6M,False,small,5,3,,,
UB^08,UB,,1,2008-07-30,2008-08-07,2008-07-30..2008-08-07,1M+3M+6M,True,mid,2,4,,,
UCAR,UCAR,,1,2023-06-16,2023-06-23,2023-06-16..2023-06-23,1M,False,small,2,1,,,
UCTT,UCTT,,7,2007-04-25,2026-07-10,2007-04-25..2007-04-26; 2017-06-09..2017-06-15; 2017-08-01..2017-08-04; 2017-09-26..2017-10-27; 2020-01-31..2020-02-21; 2021-03-29..2021-04-15; 2026-01-26..2026-07-10,6M; 3M+6M; 1M+6M; 1M+3M+6M; 6M; 1M+3M+6M; 1M+3M+6M,True,small,2,20,,,
UEC,UEC,,10,2021-05-04,2026-02-03,2021-05-04..2021-05-20; 2021-09-13..2021-09-21; 2021-10-15..2021-11-26; 2022-03-03..2022-04-25; 2022-08-03..2022-08-09; 2023-09-19..2024-02-08; 2024-04-12..2024-04-18; 2024-09-23..2024-11-21; 2025-05-08..2025-10-10; 2026-01-07..2026-02-03,6M; 1M; 1M+3M+6M; 1M+3M+6M; 6M; 1M+3M+6M; 1M+3M+6M; 1M+3M; 1M+3M+6M; 1M+6M,True,small,1,37,,,
UFS^21,UFS,,2,2009-08-14,2009-11-12,2009-08-14..2009-09-03; 2009-09-30..2009-11-12,1M; 1M+3M+6M,True,small,1,6,,,
UI,UI,,12,2012-04-09,2026-09-04,2012-04-09..2012-05-02; 2013-08-19..2013-11-27; 2014-03-18..2014-03-28; 2020-04-09..2020-04-13; 2021-02-10..2021-02-16; 2021-03-31..2021-04-01; 2025-05-21..2025-05-29; 2025-08-14..2025-08-19; 2025-10-22..2025-10-23; 2026-02-09..2026-02-26; 2026-04-24..2026-05-05; 2026-08-27..2026-09-04,1M+3M; 1M+3M+6M; 1M+3M+6M; 1M+6M; 1M; 1M+3M+6M; 1M+3M+6M; 6M; 1M+3M; 1M; 3M; 1M+3M+6M,True,large_plus,1,28,,,
UIS,UIS,,4,2008-04-11,2020-03-03,2008-04-11..2008-04-29; 2009-08-13..2009-11-16; 2011-10-17..2011-11-10; 2020-02-21..2020-03-03,3M; 1M+3M+6M; 1M; 1M+6M,True,small,3,9,,,
ULCC,ULCC,,3,2022-08-01,2025-02-14,2022-08-01..2022-08-02; 2024-02-08..2024-02-21; 2025-02-11..2025-02-14,1M; 1M; 3M+6M,False,mid,8,8,,,
ULTA,ULTA,,3,2010-06-02,2025-04-11,2010-06-02..2010-06-30; 2011-09-30..2011-11-02; 2025-04-10..2025-04-11,1M+3M+6M; 1M+3M+6M; 1M+3M+6M,True,large_plus,1,6,,,
UMAC,UMAC,,5,2024-12-02,2026-08-21,2024-12-02..2025-01-14; 2026-01-05..2026-01-22; 2026-03-13..2026-03-23; 2026-05-28..2026-06-17; 2026-08-11..2026-08-21,1M+3M+6M; 1M; 1M+3M; 1M+6M; 1M+3M+6M,True,small,1,11,,,
UMBF,UMBF,,1,2008-01-24,2008-02-04,2008-01-24..2008-02-04,6M,False,small,11,2,,,
UMC,UMC,,5,2008-03-26,2026-07-13,2008-03-26..2008-03-28; 2008-11-04..2008-11-18; 2009-04-02..2009-05-13; 2021-01-27..2021-02-26; 2026-06-09..2026-07-13,1M+3M; 1M+3M+6M; 3M+6M; 3M+6M; 1M+3M+6M,True,mid,2,12,,,
UNFI,UNFI,,7,2008-09-08,2024-10-21,2008-09-08..2008-10-06; 2019-09-19..2019-10-01; 2020-01-15..2020-01-16; 2020-03-24..2020-06-09; 2021-03-15..2021-06-11; 2021-10-04..2021-10-19; 2024-10-07..2024-10-21,1M+6M; 1M+3M+6M; 1M; 1M+3M+6M; 1M+3M+6M; 1M+3M+6M; 3M+6M,True,small,2,21,,,
UNH,UNH,,2,2008-12-19,2009-05-29,2008-12-19..2009-02-04; 2009-04-14..2009-05-29,1M+3M+6M; 1M+6M,True,large_plus,1,6,,,
UNIT,UNIT,,5,2016-01-13,2026-04-06,2016-01-13..2016-01-19; 2020-02-24..2020-03-10; 2023-08-15..2023-08-22; 2024-08-01..2024-08-23; 2026-04-02..2026-04-06,1M+3M+6M; 1M+3M; 3M; 1M+3M; 1M,True,small,1,13,,,
UNM,UNM,,1,2009-01-05,2009-01-06,2009-01-05..2009-01-06,6M,False,mid,15,1,,,
UNXLQ^24,UNXLQ,UNXL,2,2013-01-09,2013-09-11,2013-01-09..2013-05-09; 2013-08-12..2013-09-11,1M+3M+6M; 1M+3M+6M,True,small,1,10,,,
UONEK,UONEK,,1,2020-06-22,2020-07-06,2020-06-22..2020-07-06,1M,False,small,4,1,,,
UP,UP,,1,2025-08-28,2025-09-05,2025-08-28..2025-09-05,1M+3M+6M,True,small,3,2,,,
UPBD,UPBD,,5,2008-02-08,2022-05-25,2008-02-08..2008-02-29; 2008-05-02..2008-05-13; 2008-07-15..2008-07-30; 2009-02-19..2009-03-18; 2022-05-11..2022-05-25,1M+3M; 3M+6M; 1M+3M+6M; 1M+3M+6M; 1M,True,small,6,11,,,
UPLD,UPLD,,1,2019-05-07,2019-06-26,2019-05-07..2019-06-26,1M+3M+6M,True,small,4,4,,,
UPS,UPS,,1,2008-11-26,2008-12-09,2008-11-26..2008-12-09,1M+3M+6M,True,large_plus,4,3,,,
UPST,UPST,,9,2021-03-26,2025-08-07,2021-03-26..2021-04-14; 2021-05-27..2021-06-15; 2021-08-10..2021-11-01; 2022-02-28..2022-03-10; 2023-05-18..2023-08-10; 2023-12-07..2024-01-03; 2024-07-18..2024-12-24; 2025-02-13..2025-02-26; 2025-05-13..2025-08-07,1M+3M; 1M+3M; 1M+3M+6M; 1M+3M+6M; 1M+3M+6M; 1M+3M+6M; 1M+3M+6M; 1M+6M; 1M+3M+6M,True,mid,1,33,,,
UPWK,UPWK,,6,2020-11-09,2023-11-21,2020-11-09..2020-12-21; 2021-03-01..2021-03-02; 2021-07-12..2021-08-04; 2022-06-24..2022-07-01; 2023-08-14..2023-09-13; 2023-11-20..2023-11-21,1M+3M+6M; 6M; 3M+6M; 1M; 1M+3M+6M; 6M,True,mid,2,13,,,
UPXI,UPXI,,1,2025-04-28,2025-06-06,2025-04-28..2025-06-06,1M+3M+6M,True,small,1,1,,,
URBN,URBN,,5,2005-11-10,2008-09-18,2005-11-10..2005-11-15; 2007-08-27..2007-09-10; 2007-11-19..2007-11-26; 2008-02-11..2008-03-31; 2008-08-14..2008-09-18,1M+3M+6M; 1M+3M+6M; 1M+3M+6M; 1M+3M+6M; 3M+6M,True,mid,2,13,,,
URGN,URGN,,6,2023-07-31,2026-08-24,2023-07-31..2023-08-23; 2024-06-17..2024-07-02; 2025-06-25..2025-07-14; 2025-08-06..2025-09-12; 2025-11-19..2025-12-09; 2026-07-16..2026-08-24,1M+3M+6M; 1M+3M+6M; 1M; 3M+6M; 1M+6M; 3M+6M,True,small,2,14,,,
URI,URI,,5,2010-05-04,2012-09-26,2010-05-04..2010-05-17; 2010-08-11..2010-08-12; 2011-09-26..2011-11-07; 2012-07-13..2012-07-16; 2012-09-25..2012-09-26,1M+3M; 1M+6M; 1M+3M+6M; 1M+3M+6M; 1M+3M+6M,True,small,1,11,,,
UROY,UROY,,1,2026-08-13,2026-08-21,2026-08-13..2026-08-21,1M,False,small,9,2,,,
URS^14,URS,,2,2008-12-01,2009-04-14,2008-12-01..2009-01-15; 2009-03-19..2009-04-14,1M+3M; 1M+6M,False,mid,2,9,,,
USAR,USAR,,4,2025-05-01,2026-05-12,2025-05-01..2025-05-05; 2025-10-06..2025-10-24; 2026-01-21..2026-02-09; 2026-04-30..2026-05-12,1M; 1M+3M+6M; 1M; 1M,True,mid,2,6,,,
USAS,USAS,,1,2025-12-24,2026-03-13,2025-12-24..2026-03-13,1M+3M+6M,True,small,7,4,,,
USB,USB,,3,2008-08-07,2009-06-05,2008-08-07..2008-08-11; 2008-09-17..2008-10-08; 2009-04-03..2009-06-05,1M+3M+6M; 1M+3M+6M; 1M+3M,True,large_plus,1,8,,,
USCR^21,USCR,,3,2015-11-05,2019-02-01,2015-11-05..2015-11-20; 2016-02-26..2016-03-04; 2019-01-31..2019-02-01,3M+6M; 6M; 3M,False,small,8,7,,,
USDE,USDE,,1,2026-08-21,2026-09-21,2026-08-21..2026-09-21,1M,False,small,1,1,,,
USG.1^19,USG,GLDX,5,2009-04-15,2012-04-04,2009-04-15..2009-04-22; 2009-05-01..2009-05-08; 2010-04-27..2010-05-11; 2011-02-22..2011-02-28; 2011-10-27..2012-04-04,1M; 3M; 1M+3M+6M; 3M; 1M+3M+6M,True,small,1,12,,,
USNA,USNA,,8,2005-03-30,2015-05-26,2005-03-30..2005-04-08; 2007-06-19..2007-07-23; 2007-09-13..2007-09-25; 2008-01-29..2008-02-11; 2008-05-22..2008-05-28; 2013-02-06..2013-02-25; 2014-11-07..2014-11-17; 2015-05-07..2015-05-26,1M+3M+6M; 1M+3M+6M; 1M+3M+6M; 1M+6M; 1M; 1M+3M+6M; 1M+3M+6M; 3M+6M,True,small,3,18,,,
USWS^22,USWS,,1,2021-02-17,2021-02-23,2021-02-17..2021-02-23,1M,False,small,7,1,,,
UTEK^17,UTEK,,1,2011-05-03,2011-05-11,2011-05-03..2011-05-11,1M+3M+6M,True,small,8,2,,,
UTHR,UTHR,,1,2007-11-19,2007-11-20,2007-11-19..2007-11-20,1M+3M+6M,True,mid,1,1,,,
UTIW^16,UTIW,,1,2008-04-08,2008-04-11,2008-04-08..2008-04-11,1M,False,mid,11,2,,,
UTSI,UTSI,,2,2006-04-20,2007-10-17,2006-04-20..2006-04-25; 2007-10-10..2007-10-17,1M; 1M,False,small,8,3,,,
UTZ,UTZ,,1,2020-09-04,2020-09-21,2020-09-04..2020-09-21,1M,False,mid,10,2,,,
UUUU,UUUU,,6,2021-05-26,2026-02-03,2021-05-26..2021-05-27; 2021-09-15..2021-09-16; 2021-10-15..2021-11-24; 2023-08-21..2023-10-06; 2025-07-25..2025-10-31; 2026-01-05..2026-02-03,6M; 1M; 1M+3M+6M; 1M+3M+6M; 1M+3M+6M; 1M+6M,True,small,1,18,,,
UVE,UVE,,1,2015-10-30,2015-11-03,2015-10-30..2015-11-03,3M+6M,False,small,12,1,P123 backfill: 3.2x 1-day move -- verify against chart,,
UWMC,UWMC,,4,2021-05-24,2025-08-26,2021-05-24..2021-06-28; 2024-04-02..2024-04-05; 2024-08-12..2024-08-21; 2025-08-20..2025-08-26,1M+3M; 1M+3M+6M; 1M+3M+6M; 1M,True,large_plus,2,7,,,
UXIN,UXIN,,4,2018-12-20,2024-10-22,2018-12-20..2019-01-03; 2019-02-26..2019-03-13; 2021-04-26..2021-06-23; 2024-09-30..2024-10-22,1M+3M+6M; 1M; 1M+3M+6M; 1M+3M+6M,True,small,1,9,,,
V,V,,1,2008-05-14,2008-05-15,2008-05-14..2008-05-15,1M,False,large_plus,2,1,,,
VAC,VAC,,1,2020-11-09,2020-11-13,2020-11-09..2020-11-13,1M,False,mid,10,3,,,
VAL,VAL,,5,2022-01-27,2026-04-06,2022-01-27..2022-03-11; 2022-05-05..2022-05-26; 2022-09-16..2022-09-26; 2026-02-17..2026-03-10; 2026-03-20..2026-04-06,1M+3M+6M; 1M+3M+6M; 1M+6M; 1M; 3M,True,mid,2,15,,,
VALE,VALE,,5,2007-10-19,2016-06-28,2007-10-19..2007-11-15; 2009-01-05..2009-02-23; 2015-05-06..2015-05-18; 2016-02-25..2016-05-04; 2016-06-27..2016-06-28,1M+3M+6M; 1M+3M+6M; 1M+3M+6M; 1M+3M+6M; 1M+3M+6M,True,large_plus,1,16,,,
VANI,VANI,,5,2015-03-02,2024-03-18,2015-03-02..2015-03-20; 2015-06-18..2015-07-06; 2021-03-08..2021-03-30; 2021-06-18..2021-06-22; 2024-02-28..2024-03-18,1M+3M; 1M+6M; 1M+3M+6M; 6M; 1M+3M+6M,True,small,1,9,,,
VAPO^24,VAPO,,1,2020-04-22,2020-07-28,2020-04-22..2020-07-28,3M+6M,False,small,5,4,,,
VATE,VATE,,1,2025-01-23,2025-02-25,2025-01-23..2025-02-25,1M+3M,False,small,1,3,,,
VAXX,VAXX,,1,2022-05-03,2022-05-18,2022-05-03..2022-05-18,1M,False,small,3,2,,,
VBIVQ^25,VBIVQ,VBIV,2,2020-05-13,2020-08-03,2020-05-13..2020-05-29; 2020-06-29..2020-08-03,1M+6M; 1M+3M+6M,True,small,7,6,,,
VC,VC,,3,2012-08-20,2019-11-06,2012-08-20..2012-08-24; 2019-07-31..2019-09-20; 2019-11-01..2019-11-06,1M+3M+6M; 1M+3M+6M; 1M+3M+6M,True,mid,2,8,,,
VCEL,VCEL,,9,2005-05-31,2023-11-10,2005-05-31..2005-07-22; 2016-04-04..2016-04-07; 2016-12-19..2017-01-05; 2018-03-06..2018-06-04; 2018-08-15..2018-10-10; 2018-11-16..2018-12-18; 2019-02-26..2019-03-15; 2021-03-19..2021-05-10; 2023-11-09..2023-11-10,1M+3M+6M; 1M+6M; 1M+3M+6M; 1M+3M+6M; 1M+3M+6M; 1M+3M+6M; 6M; 1M+3M+6M; 3M+6M,True,small,1,21,,,
VCIG,VCIG,,3,2023-06-29,2026-06-05,2023-06-29..2023-07-11; 2023-08-29..2023-09-13; 2026-06-01..2026-06-05,1M; 1M+3M; 1M,False,small,2,4,,,
VCI^14,VCI,,5,2007-11-07,2010-06-10,2007-11-07..2007-11-29; 2008-02-25..2008-04-16; 2009-10-02..2009-10-29; 2009-12-28..2010-01-22; 2010-05-18..2010-06-10,1M; 1M+3M+6M; 3M+6M; 6M; 1M+3M+6M,True,small,1,14,,,
VCSA^25,VCSA,,1,2022-08-15,2022-09-02,2022-08-15..2022-09-02,1M,False,mid,4,1,,,
VCYT,VCYT,,6,2019-03-06,2024-08-26,2019-03-06..2019-04-17; 2019-06-26..2019-08-02; 2021-08-02..2021-08-11; 2022-11-07..2022-12-19; 2023-11-15..2023-11-20; 2024-08-08..2024-08-26,1M+3M+6M; 3M+6M; 1M; 1M+3M+6M; 6M; 1M+3M+6M,True,small,1,15,,,
VECO,VECO,,6,2009-10-07,2026-06-24,2009-10-07..2009-11-19; 2010-04-29..2010-04-30; 2010-07-16..2010-08-04; 2010-10-01..2010-11-03; 2022-01-18..2022-01-26; 2026-05-07..2026-06-24,1M+3M+6M; 3M+6M; 1M+3M+6M; 1M+3M+6M; 3M+6M; 3M+6M,True,small,3,18,,,
VEEV,VEEV,,3,2014-03-05,2020-04-21,2014-03-05..2014-03-07; 2014-06-11..2014-06-18; 2020-04-14..2020-04-21,1M; 1M+3M+6M; 1M+3M+6M,True,mid,4,8,,,
VELO,VELO,,2,2025-12-22,2026-06-22,2025-12-22..2026-01-26; 2026-03-23..2026-06-22,1M+3M; 6M,False,small,1,5,,,
VEON,VEON,,5,2015-02-11,2025-06-04,2015-02-11..2015-03-23; 2015-08-06..2015-08-19; 2021-07-19..2021-07-20; 2021-09-03..2021-09-10; 2025-05-22..2025-06-04,1M+3M+6M; 1M+3M+6M; 1M+6M; 1M+6M; 3M+6M,True,mid,1,11,,,
VERA,VERA,,5,2023-06-23,2026-01-08,2023-06-23..2023-08-04; 2024-01-25..2024-03-11; 2024-05-08..2024-05-20; 2024-09-24..2024-10-01; 2025-12-03..2026-01-08,1M+3M+6M; 1M+3M+6M; 1M+3M+6M; 1M; 1M+3M+6M,True,mid,1,17,,,
VERI,VERI,,6,2017-09-20,2025-11-06,2017-09-20..2017-10-09; 2020-06-15..2020-07-08; 2020-11-30..2020-12-24; 2021-11-12..2021-11-15; 2024-03-22..2024-04-17; 2025-09-15..2025-11-06,1M+3M; 1M+3M+6M; 1M+3M; 6M; 1M+3M+6M; 1M+3M,True,small,1,13,,,
VERU,VERU,,3,2020-12-10,2022-08-31,2020-12-10..2021-01-11; 2021-02-11..2021-02-12; 2022-04-12..2022-08-31,1M+3M; 3M; 1M+3M+6M,True,small,1,9,,,
VERV^25,VERV,,2,2021-08-12,2022-09-20,2021-08-12..2021-08-23; 2022-07-12..2022-09-20,1M; 1M+3M+6M,True,mid,1,7,,,
VERX,VERX,,2,2023-11-13,2025-04-17,2023-11-13..2023-11-22; 2025-04-16..2025-04-17,1M+3M+6M; 1M,True,mid,3,6,,,
VET,VET,,4,2021-03-10,2022-08-22,2021-03-10..2021-03-17; 2021-12-29..2022-04-26; 2022-06-13..2022-06-21; 2022-08-03..2022-08-22,1M; 1M+3M+6M; 6M; 6M,True,mid,1,14,,,
VFC,VFC,,2,2024-08-12,2024-11-07,2024-08-12..2024-08-22; 2024-11-06..2024-11-07,1M+3M; 6M,False,mid,8,5,,,
VFF,VFF,,2,2019-08-12,2026-01-02,2019-08-12..2019-08-26; 2025-12-19..2026-01-02,1M+6M; 6M,False,small,2,2,,,
VFS,VFS,,2,2023-12-01,2024-06-07,2023-12-01..2024-01-09; 2024-05-23..2024-06-07,1M+3M+6M; 1M+3M+6M,True,large_plus,1,4,,,
VG,VG,,3,2025-05-20,2026-08-04,2025-05-20..2025-07-24; 2026-01-14..2026-04-10; 2026-07-24..2026-08-04,1M+3M; 1M+3M+6M; 1M+3M+6M,True,large_plus,1,14,,,
VG.3^22,VG,,5,2009-08-31,2014-02-13,2009-08-31..2009-10-26; 2010-06-17..2010-07-27; 2011-02-01..2011-03-11; 2011-05-04..2011-05-09; 2014-02-12..2014-02-13,1M+3M+6M; 1M+3M+6M; 1M+3M+6M; 3M+6M; 1M,True,small,1,11,,,
VGR^24,VGR,,1,2019-08-07,2019-08-15,2019-08-07..2019-08-15,1M+3M+6M,True,small,6,2,,,
VHC,VHC,,8,2010-09-20,2013-08-23,2010-09-20..2010-11-11; 2011-01-11..2011-01-21; 2011-03-30..2011-07-27; 2011-11-09..2012-01-25; 2012-04-09..2012-07-24; 2012-11-07..2012-12-21; 2013-05-10..2013-05-16; 2013-08-16..2013-08-23,1M+3M+6M; 1M+3M+6M; 1M+3M+6M; 1M+3M+6M; 1M+3M+6M; 1M+3M+6M; 1M+3M+6M; 1M,True,small,1,25,,,
VIA,VIA,,1,2026-08-13,2026-08-21,2026-08-13..2026-08-21,1M+3M,False,small,10,2,,,
VIAB^19,VIAB,,2,2016-02-09,2016-05-06,2016-02-09..2016-02-10; 2016-04-28..2016-05-06,1M+3M+6M; 1M+3M+6M,True,large_plus,2,2,,,
VIAV,VIAV,,7,2005-09-29,2026-06-16,2005-09-29..2005-11-23; 2006-03-10..2006-03-24; 2006-08-31..2006-09-06; 2009-01-05..2009-01-12; 2011-02-15..2011-03-03; 2011-09-19..2011-09-23; 2026-02-04..2026-06-16,1M+3M+6M; 1M+3M+6M; 1M+3M+6M; 1M; 1M+3M+6M; 1M+3M+6M; 1M+3M+6M,True,mid,1,20,,,
VICI,VICI,,2,2020-06-12,2020-06-24,2020-06-12..2020-06-18; 2020-06-23..2020-06-24,1M; 3M,False,large_plus,8,2,,,
VICR,VICR,,5,2023-05-31,2026-07-08,2023-05-31..2023-06-08; 2025-02-26..2025-03-13; 2025-10-24..2025-11-17; 2026-01-05..2026-03-13; 2026-04-23..2026-07-08,1M+3M; 1M+3M+6M; 1M+3M; 1M+3M+6M; 1M+3M+6M,True,mid,1,17,,,
VIEWF,VIEWF,,2,2006-05-30,2007-01-19,2006-05-30..2006-06-09; 2006-11-06..2007-01-19,1M+3M+6M; 1M+3M+6M,True,small,1,6,,,
VIE^21,VIE,,1,2020-06-03,2020-06-04,2020-06-03..2020-06-04,6M,False,mid,11,1,,,
VIMC^15,VIMC,,1,2014-09-29,2014-11-06,2014-09-29..2014-11-06,1M+3M+6M,True,small,1,1,,,
VIPS,VIPS,,11,2013-03-14,2022-07-05,2013-03-14..2013-05-29; 2013-07-31..2014-05-27; 2017-11-22..2017-12-01; 2018-02-02..2018-03-07; 2018-11-26..2018-12-11; 2019-03-07..2019-03-22; 2020-03-09..2020-06-16; 2020-10-23..2020-11-10; 2021-03-08..2021-03-26; 2022-01-31..2022-02-16; 2022-05-26..2022-07-05,1M+3M+6M; 1M+3M+6M; 1M+3M+6M; 1M+3M+6M; 1M+3M; 3M+6M; 1M+3M+6M; 1M+3M+6M; 1M+3M+6M; 1M; 1M+3M+6M,True,mid,1,55,,,
VIR,VIR,,7,2020-02-04,2026-02-25,2020-02-04..2020-03-20; 2020-05-19..2020-08-24; 2021-01-26..2021-02-24; 2021-08-23..2021-09-08; 2021-12-09..2021-12-30; 2022-05-31..2022-07-26; 2026-02-12..2026-02-25,1M+3M; 1M+3M+6M; 1M; 1M+6M; 1M+3M+6M; 1M+3M; 1M+6M,True,mid,1,22,,,
VIRT,VIRT,,3,2018-02-15,2026-09-04,2018-02-15..2018-03-09; 2020-03-10..2020-05-13; 2026-09-01..2026-09-04,1M+3M+6M; 1M+3M+6M; 3M+6M,True,mid,1,8,,,
VISN,VISN,,1,2014-04-03,2014-04-16,2014-04-03..2014-04-16,1M+3M,False,mid,1,1,,,
VISN.1^17,VISN,COMM,4,2008-05-22,2014-02-06,2008-05-22..2008-06-03; 2008-07-29..2008-08-13; 2013-10-21..2013-11-22; 2014-01-10..2014-02-06,1M+3M; 1M+3M+6M; 3M+6M; 1M+3M+6M,True,small,1,5,,,
VIST,VIST,,1,2023-03-13,2023-03-16,2023-03-13..2023-03-16,3M+6M,False,small,10,2,,,
VITL,VITL,,2,2024-05-28,2025-04-22,2024-05-28..2024-06-20; 2025-04-16..2025-04-22,3M+6M; 1M+3M+6M,True,small,3,4,,,
VIT^12,VIT,,1,2009-10-16,2009-10-23,2009-10-16..2009-10-23,6M,False,small,13,3,,,
VIVO,VIVO,,2,2020-08-31,2021-02-08,2020-08-31..2020-10-22; 2020-12-07..2021-02-08,1M+3M+6M; 6M,True,small,1,10,,,
VIVO.1^23,VIVO,VVPR,1,2022-02-15,2022-02-16,2022-02-15..2022-02-16,1M+3M,False,small,11,2,,,
VIVS,VIVS,,4,2013-07-18,2015-05-07,2013-07-18..2013-08-22; 2013-10-01..2014-01-22; 2014-06-27..2014-07-17; 2015-04-29..2015-05-07,3M+6M; 1M+3M+6M; 1M+3M+6M; 1M+6M,True,small,1,13,,,
VKTX,VKTX,,9,2018-02-21,2025-10-31,2018-02-21..2018-03-07; 2018-05-31..2018-10-09; 2019-04-03..2019-04-18; 2022-12-20..2023-06-22; 2023-12-04..2024-05-20; 2024-07-26..2024-10-17; 2025-05-09..2025-05-12; 2025-08-01..2025-08-14; 2025-10-23..2025-10-31,1M+3M+6M; 1M+3M+6M; 1M+3M; 1M+3M+6M; 1M+3M+6M; 1M+3M+6M; 1M; 1M; 1M,True,small,1,34,,,
VLDR^23,VLDR,,2,2021-01-04,2021-04-29,2021-01-04..2021-01-07; 2021-04-27..2021-04-29,1M; 1M,False,mid,11,3,,,
VLO,VLO,,5,2005-03-10,2020-11-27,2005-03-10..2005-04-18; 2008-09-04..2008-09-08; 2009-01-02..2009-02-10; 2020-04-28..2020-05-21; 2020-11-18..2020-11-27,1M+3M+6M; 1M+3M+6M; 1M+3M+6M; 1M; 1M,True,large_plus,1,14,,,
VLTA^23,VLTA,,1,2021-11-16,2021-11-29,2021-11-16..2021-11-29,1M,False,mid,4,1,,,
VLTC^19,VLTC,,1,2015-07-30,2015-08-24,2015-07-30..2015-08-24,1M+3M+6M,True,small,1,3,,,
VLTR^13,VLTR,,1,2010-06-22,2010-07-29,2010-06-22..2010-07-29,1M+3M+6M,True,small,9,3,,,
VLY,VLY,,2,2008-07-30,2009-01-14,2008-07-30..2008-10-08; 2008-12-10..2009-01-14,1M+3M+6M; 6M,True,mid,2,3,,,
VMC,VMC,,5,2008-08-07,2011-12-30,2008-08-07..2008-09-30; 2008-12-04..2008-12-30; 2010-05-07..2010-05-12; 2011-09-15..2011-09-16; 2011-12-12..2011-12-30,1M+3M+6M; 1M+6M; 1M+3M+6M; 1M+3M+6M; 1M+3M+6M,True,mid,2,11,,,
VMED^13,VMED,,1,2009-03-23,2009-06-04,2009-03-23..2009-06-04,1M+3M+6M,True,small,7,3,,,
VMI,VMI,,2,2007-07-27,2009-03-18,2007-07-27..2007-08-30; 2009-03-17..2009-03-18,1M+3M+6M; 1M,True,mid,3,7,,,
VMW^23,VMW,,4,2007-10-12,2009-04-28,2007-10-12..2007-11-09; 2008-04-23..2008-05-12; 2008-11-13..2008-11-14; 2009-04-03..2009-04-28,1M; 1M+3M+6M; 1M+3M+6M; 3M+6M,True,large_plus,1,13,,,
VNDA,VNDA,,13,2006-12-15,2026-01-07,2006-12-15..2006-12-29; 2009-05-13..2009-06-12; 2009-07-24..2009-08-07; 2013-06-12..2013-06-25; 2013-11-25..2014-02-03; 2014-03-11..2014-04-02; 2014-06-18..2014-07-11; 2015-01-05..2015-01-12; 2016-08-30..2016-10-07; 2018-11-26..2019-01-09; 2019-08-19..2019-08-20; 2024-04-17..2024-05-13; 2025-12-31..2026-01-07,1M+3M+6M; 1M+3M+6M; 3M+6M; 1M+3M+6M; 1M+3M+6M; 1M; 1M+3M+6M; 3M; 1M+3M+6M; 1M+3M+6M; 1M; 1M+3M+6M; 1M,True,small,1,28,,,
VNET,VNET,,11,2013-10-30,2025-07-29,2013-10-30..2013-11-26; 2014-03-31..2014-04-02; 2014-05-30..2014-06-12; 2014-08-28..2014-09-03; 2014-11-03..2014-11-06; 2020-03-05..2020-03-13; 2020-04-21..2020-04-23; 2020-06-24..2020-07-21; 2021-09-03..2021-09-07; 2025-01-17..2025-03-07; 2025-07-07..2025-07-29,3M+6M; 1M+6M; 1M+3M+6M; 1M+3M+6M; 1M; 1M+3M+6M; 3M; 1M+6M; 1M; 1M+3M+6M; 1M+6M,True,small,1,23,,,
VNO,VNO,,4,2008-02-06,2024-01-03,2008-02-06..2008-02-11; 2020-11-17..2020-11-20; 2023-06-30..2023-07-05; 2023-12-13..2024-01-03,6M; 1M; 1M; 6M,False,large_plus,5,8,,,
VOR,VOR,,3,2025-06-30,2026-09-16,2025-06-30..2025-07-29; 2025-12-31..2026-01-07; 2026-08-04..2026-09-16,1M+3M+6M; 1M; 3M+6M,True,small,1,7,,,
VOXX^25,VOXX,,1,2024-08-27,2024-10-04,2024-08-27..2024-10-04,1M+3M,False,small,2,3,,,
VOYG,VOYG,,2,2026-05-27,2026-08-21,2026-05-27..2026-06-12; 2026-08-14..2026-08-21,1M; 1M,False,mid,3,2,,,
VPG,VPG,,1,2026-05-14,2026-07-06,2026-05-14..2026-07-06,1M+3M+6M,True,small,6,4,,,
VPHM^14,VPHM,,1,2008-07-15,2008-08-08,2008-07-15..2008-08-08,1M+3M+6M,True,small,7,3,,,
VQ^12,VQ,,1,2010-06-22,2010-08-05,2010-06-22..2010-08-05,1M+3M+6M,True,small,1,4,,,
VR.3^18,VR,,2,2008-11-28,2009-04-01,2008-11-28..2008-12-31; 2009-03-24..2009-04-01,1M+3M+6M; 6M,True,small,2,7,,,
VRA,VRA,,3,2010-12-23,2015-12-29,2010-12-23..2010-12-30; 2011-09-28..2011-11-02; 2015-12-14..2015-12-29,1M; 1M+3M+6M; 1M+3M+6M,True,small,1,4,,,
VRAYQ,VRAYQ,VRAY,2,2018-07-25,2019-12-27,2018-07-25..2018-08-13; 2019-12-05..2019-12-27,1M+3M+6M; 1M,True,small,1,3,,,
VRCA,VRCA,,1,2023-12-15,2024-01-12,2023-12-15..2024-01-12,1M+3M,False,small,8,1,,,
VRDN,VRDN,,6,2020-11-05,2024-10-16,2020-11-05..2020-11-20; 2022-08-16..2022-09-08; 2022-11-30..2023-02-07; 2023-05-05..2023-05-08; 2023-11-21..2023-11-24; 2024-09-12..2024-10-16,1M; 1M+3M; 1M+6M; 6M; 1M; 1M+3M,False,small,2,17,,,
VRM,VRM,,5,2020-08-04,2023-08-03,2020-08-04..2020-09-03; 2021-01-04..2021-02-24; 2021-05-07..2021-05-10; 2022-08-05..2022-08-08; 2023-07-14..2023-08-03,1M; 1M; 1M+3M+6M; 1M+3M; 1M+3M+6M,True,large_plus,1,9,,,
VRNA^25,VRNA,,7,2022-08-09,2025-05-16,2022-08-09..2022-09-20; 2022-12-20..2023-01-19; 2023-04-28..2023-05-04; 2024-07-02..2024-09-26; 2024-11-13..2024-11-21; 2025-01-03..2025-03-31; 2025-05-09..2025-05-16,1M+3M+6M; 1M+3M+6M; 6M; 1M+3M+6M; 6M; 1M+3M+6M; 3M+6M,True,small,2,24,,,
VRNS,VRNS,,2,2023-01-05,2026-07-29,2023-01-05..2023-01-06; 2026-07-13..2026-07-29,1M; 1M+3M,False,mid,4,8,,,
VRSN,VRSN,,1,2009-03-09,2009-03-19,2009-03-09..2009-03-19,1M+3M+6M,True,mid,4,1,,,
VRS^22,VRS,,1,2018-01-03,2018-01-23,2018-01-03..2018-01-23,1M+3M+6M,True,small,1,3,,,
VRT,VRT,,9,2022-10-28,2026-03-30,2022-10-28..2022-11-15; 2023-02-23..2023-03-02; 2023-10-17..2023-11-13; 2024-02-21..2024-02-26; 2024-04-09..2024-06-06; 2024-11-25..2024-12-06; 2025-01-27..2025-01-30; 2025-10-14..2025-11-07; 2026-02-12..2026-03-30,1M+3M+6M; 1M+3M+6M; 1M+3M+6M; 1M+3M+6M; 1M+3M+6M; 1M+3M+6M; 1M+3M+6M; 1M+3M; 1M+3M+6M,True,large_plus,1,28,,,
VRTS,VRTS,,1,2015-11-03,2015-11-17,2015-11-03..2015-11-17,1M,False,small,12,2,,,
VRTU^21,VRTU,,1,2017-03-14,2017-03-22,2017-03-14..2017-03-22,3M+6M,False,small,13,2,,,
VRTV^23,VRTV,,7,2014-08-13,2023-03-08,2014-08-13..2014-08-19; 2021-03-04..2021-03-29; 2021-04-19..2021-06-02; 2021-09-16..2021-09-20; 2021-11-10..2021-11-26; 2022-05-09..2022-05-17; 2023-03-06..2023-03-08,1M; 1M; 1M+3M; 6M; 1M+3M+6M; 1M+3M; 6M,True,small,3,18,,,
VRTX,VRTX,,8,2005-05-13,2020-04-15,2005-05-13..2005-05-27; 2005-10-06..2005-10-31; 2006-03-09..2006-03-14; 2008-04-04..2008-05-02; 2008-09-30..2008-10-09; 2009-01-14..2009-01-28; 2011-09-27..2011-09-30; 2020-04-14..2020-04-15,1M+3M+6M; 1M+3M+6M; 1M+3M+6M; 1M+3M+6M; 1M+6M; 3M+6M; 1M+3M+6M; 1M+3M+6M,True,mid,1,18,,,
VRUS.1^12,VRUS,,3,2011-03-16,2011-10-21,2011-03-16..2011-03-24; 2011-06-08..2011-08-02; 2011-09-12..2011-10-21,1M+3M+6M; 1M+3M+6M; 1M+3M+6M,True,mid,1,10,,,
VRX.1^10,VRX,,3,2008-09-22,2010-05-21,2008-09-22..2008-10-07; 2008-11-25..2009-01-07; 2010-05-20..2010-05-21,6M; 1M+3M+6M; 1M+3M+6M,True,small,3,7,,,
VSAT,VSAT,,6,2023-03-21,2026-08-21,2023-03-21..2023-03-24; 2024-07-26..2024-08-12; 2025-03-25..2025-04-02; 2025-07-07..2025-11-12; 2026-01-07..2026-02-02; 2026-07-17..2026-08-21,1M+3M+6M; 1M+3M; 1M; 1M+3M+6M; 6M; 1M+3M+6M,True,mid,2,16,,,
VSCN^08,VSCN,,2,2007-07-24,2007-11-07,2007-07-24..2007-07-31; 2007-10-26..2007-11-07,1M+3M; 1M+6M,False,small,7,5,,,
VSEA^11,VSEA,,1,2007-08-03,2007-09-13,2007-08-03..2007-09-13,1M+3M+6M,True,mid,1,3,,,
VSEC,VSEC,,1,2025-03-05,2025-04-07,2025-03-05..2025-04-07,1M+3M+6M,True,mid,7,3,,,
VSH,VSH,,2,2009-06-24,2026-06-29,2009-06-24..2009-07-02; 2026-05-18..2026-06-29,1M+3M+6M; 1M+3M+6M,True,mid,1,4,,,
VSI^19,VSI,,1,2012-05-17,2012-05-22,2012-05-17..2012-05-22,1M+3M+6M,True,small,5,2,,,
VSLR^20,VSLR,,4,2015-03-11,2020-10-09,2015-03-11..2015-04-07; 2019-08-09..2019-08-30; 2020-02-21..2020-03-05; 2020-07-13..2020-10-09,1M+3M+6M; 6M; 1M+3M; 1M+3M+6M,True,small,1,11,,,
VST,VST,,2,2024-04-09,2025-02-04,2024-04-09..2024-06-10; 2024-10-07..2025-02-04,1M+3M+6M; 1M+3M+6M,True,large_plus,1,9,,,
VSTM,VSTM,,4,2018-06-13,2026-09-04,2018-06-13..2018-09-14; 2021-05-26..2021-06-29; 2025-08-08..2025-09-05; 2026-07-15..2026-09-04,1M+3M+6M; 3M; 1M; 1M,True,small,3,12,,,
VSTO^24,VSTO,,1,2022-01-18,2022-01-19,2022-01-18..2022-01-19,3M+6M,False,mid,10,1,,,
VSTTF,VSTTF,,1,2024-11-04,2024-11-18,2024-11-04..2024-11-18,1M+3M,False,small,3,1,,,
VSXY,VSXY,,9,2021-12-03,2026-07-01,2021-12-03..2021-12-08; 2022-01-18..2022-02-03; 2022-10-21..2022-11-03; 2023-11-01..2024-01-05; 2024-08-29..2024-09-05; 2024-09-06..2024-09-09; 2024-12-12..2024-12-26; 2025-12-02..2026-02-27; 2026-06-08..2026-07-01,1M; 1M+3M+6M; 1M+3M; 1M+3M+6M; 1M; 6M; 3M+6M; 1M+3M+6M; 1M,True,mid,1,30,,,
VTGN,VTGN,,1,2023-08-14,2023-09-20,2023-08-14..2023-09-20,1M+3M+6M,True,small,1,1,,,
VTIV^10,VTIV,,1,2008-01-24,2008-01-25,2008-01-24..2008-01-25,1M,False,small,10,2,,,
VTNRQ^25,VTNRQ,VTNR,5,2021-05-27,2023-09-25,2021-05-27..2021-07-16; 2022-02-24..2022-06-17; 2022-10-26..2022-11-04; 2023-02-28..2023-04-05; 2023-09-22..2023-09-25,1M+3M+6M; 1M+3M+6M; 1M; 1M+3M+6M; 1M+3M+6M,True,small,1,14,,,
VTR,VTR,,3,2008-12-30,2020-11-20,2008-12-30..2009-01-02; 2020-05-26..2020-06-17; 2020-11-18..2020-11-20,1M; 1M; 6M,False,large_plus,5,6,,,
VTRS,VTRS,,2,2009-01-20,2020-12-04,2009-01-20..2009-03-16; 2020-11-30..2020-12-04,1M+3M+6M; 6M,True,large_plus,2,8,,,
VTYX^26,VTYX,,4,2022-09-12,2026-01-26,2022-09-12..2022-10-05; 2022-12-15..2023-03-10; 2024-02-21..2024-03-21; 2025-10-23..2026-01-26,1M+3M+6M; 1M+3M+6M; 1M+3M; 1M+3M+6M,True,small,1,13,,,
VUZI,VUZI,,4,2020-09-16,2021-11-17,2020-09-16..2020-09-29; 2020-12-18..2020-12-30; 2021-03-01..2021-04-20; 2021-11-16..2021-11-17,3M+6M; 1M+6M; 1M+3M+6M; 1M,True,small,4,10,,,
VVC^19,VVC,,1,2008-11-19,2008-12-03,2008-11-19..2008-12-03,1M+3M+6M,True,mid,4,1,,,
VVNT^23,VVNT,,1,2020-06-24,2020-07-01,2020-06-24..2020-07-01,1M,False,mid,10,1,,,
VVOS,VVOS,,3,2021-09-02,2022-03-02,2021-09-02..2021-09-14; 2022-02-11..2022-02-28; 2022-03-01..2022-03-02,1M; 1M; 3M,False,small,4,4,,,
VWAV,VWAV,,1,2025-08-25,2025-08-26,2025-08-25..2025-08-26,1M,False,small,2,2,,,
VXRT,VXRT,,1,2020-02-03,2020-07-31,2020-02-03..2020-07-31,1M+3M+6M,True,small,1,6,,,
VYGR,VYGR,,4,2018-03-05,2021-10-19,2018-03-05..2018-03-15; 2019-03-27..2019-04-23; 2019-06-14..2019-07-12; 2021-10-11..2021-10-19,1M+3M+6M; 1M+3M+6M; 1M+3M+6M; 1M,True,small,2,8,,,
VYGVQ,VYGVQ,VYGV,1,2021-11-04,2021-11-23,2021-11-04..2021-11-23,1M,False,mid,2,2,,,
VZ,VZ,,1,2008-11-14,2008-12-16,2008-11-14..2008-12-16,1M+3M+6M,True,large_plus,3,3,,,
VZIO^24,VZIO,,1,2021-07-13,2021-07-26,2021-07-13..2021-07-26,1M+3M,False,mid,7,2,,,
W,W,,13,2015-02-20,2026-08-21,2015-02-20..2015-04-01; 2015-08-13..2015-08-28; 2015-10-16..2016-01-06; 2016-08-09..2016-08-16; 2020-04-16..2020-09-03; 2020-10-14..2020-10-16; 2021-03-12..2021-04-08; 2021-11-29..2021-12-03; 2023-01-13..2023-02-15; 2023-04-26..2023-08-18; 2023-12-14..2023-12-22; 2025-11-11..2025-12-03; 2026-06-15..2026-08-21,1M+3M; 1M+3M+6M; 1M+3M+6M; 1M+3M+6M; 1M+3M+6M; 1M+3M+6M; 1M+3M+6M; 1M; 1M+3M; 1M+3M+6M; 1M; 1M+3M+6M; 1M+3M+6M,True,mid,1,46,,,
WAFD,WAFD,,1,2008-02-05,2008-02-08,2008-02-05..2008-02-08,6M,False,mid,8,1,,,
WAL,WAL,,1,2023-06-06,2023-06-13,2023-06-06..2023-06-13,1M,False,mid,4,2,,,
WATG^12,WATG,,1,2009-12-18,2009-12-21,2009-12-18..2009-12-21,1M+3M+6M,True,small,11,1,,,
WATT,WATT,,9,2016-09-01,2026-06-08,2016-09-01..2016-10-07; 2016-12-22..2017-01-25; 2017-09-28..2017-09-29; 2017-12-29..2018-03-16; 2018-05-02..2018-05-03; 2019-01-25..2019-01-28; 2020-04-27..2020-05-13; 2020-07-09..2020-07-16; 2026-04-20..2026-06-08,1M+3M+6M; 1M+3M+6M; 1M; 1M+3M+6M; 1M+3M+6M; 1M; 1M; 3M; 1M+3M+6M,True,small,1,25,,,
WB,WB,,14,2014-06-23,2024-10-16,2014-06-23..2014-07-08; 2015-06-10..2015-06-22; 2016-05-09..2016-05-12; 2016-09-12..2016-10-14; 2017-02-23..2017-02-24; 2017-05-23..2017-06-05; 2017-08-10..2017-08-15; 2017-12-04..2017-12-05; 2018-02-22..2018-03-05; 2018-12-03..2018-12-19; 2019-03-07..2019-03-12; 2021-02-11..2021-03-03; 2022-11-30..2023-01-12; 2024-10-07..2024-10-16,1M; 1M+3M+6M; 3M+6M; 1M+3M+6M; 1M+3M+6M; 1M+3M+6M; 1M+3M+6M; 1M+3M+6M; 1M+3M+6M; 1M+3M+6M; 1M+3M+6M; 1M; 1M+3M+6M; 1M+3M,True,large_plus,1,33,,,
WB.3^09,WB,,1,2008-08-11,2008-09-08,2008-08-11..2008-09-08,1M+3M+6M,True,large_plus,1,1,,,
WBA^25,WBA,,1,2025-01-21,2025-01-31,2025-01-21..2025-01-31,1M+3M+6M,True,large_plus,2,3,,,
WBC^20,WBC,,2,2009-11-02,2010-05-18,2009-11-02..2009-11-12; 2010-05-17..2010-05-18,1M+3M+6M; 1M+3M+6M,True,mid,7,2,,,
WBD,WBD,,5,2008-09-19,2025-10-01,2008-09-19..2008-10-10; 2008-11-21..2009-01-26; 2022-10-28..2022-11-04; 2025-06-10..2025-06-27; 2025-09-16..2025-10-01,1M+3M+6M; 3M+6M; 1M+3M+6M; 1M+3M+6M; 1M+3M+6M,True,large_plus,1,14,,,
WBD.1^11,WBD,WBDW,2,2007-07-06,2007-11-28,2007-07-06..2007-07-24; 2007-10-19..2007-11-28,1M+3M+6M; 1M+3M+6M,True,mid,2,8,,,
WBMD^17,WBMD,,1,2016-01-14,2016-02-25,2016-01-14..2016-02-25,1M+3M+6M,True,small,1,5,,,
WBS^26,WBS,,4,2009-07-17,2011-10-25,2009-07-17..2009-08-05; 2010-01-22..2010-02-16; 2010-04-28..2010-05-13; 2011-10-20..2011-10-25,1M+3M; 1M+3M+6M; 6M; 1M+3M+6M,True,small,6,10,,,
WBTN,WBTN,,2,2025-08-14,2025-09-30,2025-08-14..2025-08-18; 2025-09-22..2025-09-30,1M; 3M,False,mid,10,4,,,
WCC,WCC,,1,2006-07-20,2006-07-21,2006-07-20..2006-07-21,1M+3M+6M,True,mid,4,1,,,
WCG^20,WCG,,1,2007-12-18,2008-03-03,2007-12-18..2008-03-03,1M+3M+6M,True,small,1,3,,,
WCN,WCN,,1,2008-11-14,2008-11-24,2008-11-14..2008-11-24,6M,False,small,14,2,,,
WCRX^13,WCRX,,2,2009-09-01,2013-05-30,2009-09-01..2009-09-08; 2013-05-29..2013-05-30,1M+3M; 1M+3M+6M,True,mid,5,3,,,
WCT,WCT,,1,2025-03-06,2025-03-10,2025-03-06..2025-03-10,1M+3M,False,small,4,1,,,
WDAY,WDAY,,2,2018-12-20,2026-09-01,2018-12-20..2018-12-24; 2026-07-22..2026-09-01,1M+3M+6M; 1M+3M+6M,True,large_plus,1,6,,,
WDC,WDC,,3,2009-01-28,2026-07-06,2009-01-28..2009-05-01; 2021-03-04..2021-03-09; 2025-10-07..2026-07-06,1M+3M+6M; 3M+6M; 1M+3M+6M,True,large_plus,1,21,,,
WDFC,WDFC,,1,2020-03-27,2020-04-03,2020-03-27..2020-04-03,1M+3M+6M,True,mid,4,1,,,
WDR^21,WDR,,2,2009-02-12,2009-05-15,2009-02-12..2009-02-13; 2009-05-11..2009-05-15,3M; 6M,False,mid,3,3,,,
WEBR^23,WEBR,,1,2022-08-25,2022-08-30,2022-08-25..2022-08-30,1M,False,mid,6,1,,,
WEC,WEC,,2,2008-11-20,2020-03-18,2008-11-20..2008-12-03; 2020-03-17..2020-03-18,3M+6M; 1M+3M+6M,True,large_plus,7,5,,,
WELL,WELL,,1,2020-11-13,2020-11-19,2020-11-13..2020-11-19,1M+6M,False,large_plus,9,2,,,
WEN,WEN,,2,2009-01-09,2009-04-30,2009-01-09..2009-02-18; 2009-04-20..2009-04-30,1M+3M+6M; 6M,True,mid,1,3,,,
WES,WES,,2,2020-04-30,2020-12-11,2020-04-30..2020-06-29; 2020-11-16..2020-12-11,1M+3M; 1M+3M,False,mid,1,8,,,
WES.3^19,WES,WGR,1,2016-03-07,2016-03-11,2016-03-07..2016-03-11,1M,False,mid,5,3,,,
WFC,WFC,,3,2008-02-07,2009-05-29,2008-02-07..2008-02-11; 2008-07-28..2008-10-07; 2009-04-02..2009-05-29,1M+3M+6M; 1M+3M+6M; 1M+3M+6M,True,large_plus,1,11,,,
WFRD,WFRD,,3,2022-02-23,2023-03-14,2022-02-23..2022-04-29; 2022-09-06..2022-09-29; 2023-03-13..2023-03-14,1M+6M; 1M+3M+6M; 3M+6M,True,mid,2,11,,,
WGL^18,WGL,,1,2008-11-14,2008-12-01,2008-11-14..2008-12-01,1M+3M+6M,True,small,5,2,,,
WGO,WGO,,2,2019-01-17,2020-07-01,2019-01-17..2019-01-25; 2020-06-15..2020-07-01,1M+3M+6M; 3M,True,mid,5,4,,,
WGS,WGS,,4,2024-05-13,2026-08-26,2024-05-13..2025-05-02; 2025-06-30..2025-08-15; 2025-11-06..2025-12-12; 2026-08-05..2026-08-26,1M+3M+6M; 1M+3M+6M; 6M; 1M+3M,True,mid,1,21,,,
WHD,WHD,,4,2018-04-19,2022-03-22,2018-04-19..2018-04-27; 2018-10-11..2018-10-12; 2021-06-18..2021-06-21; 2022-01-28..2022-03-22,1M; 1M+3M+6M; 3M; 1M+3M+6M,True,mid,2,11,,,
WHR,WHR,,2,2008-02-11,2008-09-24,2008-02-11..2008-02-12; 2008-09-17..2008-09-24,3M; 3M,False,mid,10,4,,,
WIFI^21,WIFI,,1,2018-08-03,2018-08-22,2018-08-03..2018-08-22,1M+3M+6M,True,small,3,4,,,
WING,WING,,3,2020-04-16,2022-11-11,2020-04-16..2020-04-27; 2022-07-22..2022-08-08; 2022-11-01..2022-11-11,1M+3M; 1M+3M; 1M+3M+6M,True,mid,2,9,,,
WINN.1^12,WINN,,1,2007-02-20,2007-03-12,2007-02-20..2007-03-12,1M+3M,False,mid,1,2,,,
WINT,WINT,,1,2009-09-30,2009-10-15,2009-09-30..2009-10-15,1M+3M,False,small,1,1,,,
WIRE^24,WIRE,,3,2008-05-29,2022-11-01,2008-05-29..2008-06-03; 2022-05-16..2022-05-20; 2022-10-26..2022-11-01,6M; 1M; 6M,False,mid,6,5,,,
WIX,WIX,,7,2017-05-02,2026-09-11,2017-05-02..2017-05-12; 2020-05-26..2020-05-29; 2020-08-07..2020-09-04; 2021-02-23..2021-03-03; 2022-09-20..2022-12-07; 2026-03-18..2026-03-19; 2026-07-24..2026-09-11,1M+3M+6M; 1M+3M+6M; 1M+3M+6M; 1M; 1M+3M+6M; 1M; 1M+3M,True,mid,1,16,,,
WK,WK,,1,2022-10-05,2022-10-20,2022-10-05..2022-10-20,1M+3M+6M,True,mid,7,2,,,
WKC,WKC,,4,2006-05-30,2018-05-01,2006-05-30..2006-06-13; 2006-08-10..2006-08-11; 2008-11-13..2009-01-12; 2018-04-30..2018-05-01,1M+3M+6M; 6M; 1M+3M+6M; 1M+3M+6M,True,small,1,8,,,
WKEY,WKEY,,3,2021-03-24,2025-11-11,2021-03-24..2021-04-12; 2024-12-16..2025-01-13; 2025-10-29..2025-11-11,1M; 1M+3M+6M; 1M+3M+6M,True,small,1,5,,,
WKHS,WKHS,,6,2019-05-22,2023-08-07,2019-05-22..2019-08-30; 2020-06-22..2020-10-02; 2020-11-30..2020-12-09; 2022-03-29..2022-03-30; 2022-08-02..2022-08-08; 2023-07-27..2023-08-07,1M+3M+6M; 1M+3M+6M; 6M; 1M; 1M+6M; 1M,True,small,1,18,,,
WLDN,WLDN,,1,2025-08-15,2025-09-04,2025-08-15..2025-09-04,6M,False,small,9,3,,,
WLFC,WLFC,,1,2024-11-11,2024-11-27,2024-11-11..2024-11-27,3M+6M,False,small,5,3,,,
WLH^20,WLH,,1,2016-03-15,2016-03-16,2016-03-15..2016-03-16,1M,False,small,10,3,,,
WLK,WLK,,1,2026-03-02,2026-03-17,2026-03-02..2026-03-17,1M+3M+6M,True,large_plus,4,3,,,
WLL.2^20,WLL,,13,2008-06-10,2020-06-08,2008-06-10..2008-07-11; 2009-05-27..2009-06-02; 2011-10-31..2011-11-10; 2015-02-11..2015-03-24; 2015-05-07..2015-05-08; 2015-10-09..2015-10-20; 2016-03-17..2016-06-17; 2016-10-07..2016-10-18; 2016-12-01..2016-12-21; 2017-10-10..2017-12-12; 2019-02-07..2019-02-11; 2020-01-02..2020-01-09; 2020-05-08..2020-06-08,1M+3M+6M; 1M+3M; 1M; 1M+3M+6M; 1M+3M+6M; 1M; 1M+3M+6M; 1M+3M+6M; 1M+3M+6M; 1M+3M+6M; 1M+3M+6M; 1M; 1M,True,mid,1,34,,,
WLL^22,WLL,,1,2022-01-20,2022-02-14,2022-01-20..2022-02-14,1M+3M+6M,True,mid,2,2,,,
WL^11,WL,,1,2008-09-19,2008-10-07,2008-09-19..2008-10-07,1M,False,small,5,2,,,
WMB,WMB,,2,2016-03-15,2020-04-27,2016-03-15..2016-06-01; 2020-04-22..2020-04-27,1M+3M+6M; 1M,True,large_plus,1,10,,,
WMG,WMG,,2,2020-12-22,2022-11-10,2020-12-22..2020-12-29; 2022-11-08..2022-11-10,1M+3M; 1M+3M+6M,True,large_plus,7,7,,,
WMS.1^13,WMS,,1,2008-01-30,2008-02-07,2008-01-30..2008-02-07,6M,False,small,7,3,,,
WNC,WNC,,3,2010-08-02,2026-07-24,2010-08-02..2010-08-12; 2010-09-30..2011-01-19; 2026-07-23..2026-07-24,1M+6M; 1M+3M+6M; 3M,True,small,2,11,,,
WNR^17,WNR,,7,2007-06-07,2011-10-31,2007-06-07..2007-06-13; 2007-07-23..2007-07-24; 2008-09-03..2008-09-26; 2009-02-17..2009-05-08; 2010-03-17..2010-03-26; 2011-02-09..2011-04-11; 2011-10-28..2011-10-31,1M+3M+6M; 1M+3M+6M; 1M; 1M+3M+6M; 1M+3M; 1M+3M+6M; 6M,True,small,1,22,,,
WNS^25,WNS,,1,2025-04-07,2025-04-24,2025-04-07..2025-04-24,1M+3M+6M,True,mid,3,2,,,
WOLF,WOLF,,1,2026-04-16,2026-06-05,2026-04-16..2026-06-05,1M+3M+6M,True,small,1,3,,,
WOOF,WOOF,,3,2024-05-22,2025-04-25,2024-05-22..2024-06-18; 2024-09-12..2024-10-21; 2025-04-10..2025-04-25,1M+3M; 1M+3M+6M; 1M+3M+6M,True,small,2,7,,,
WOOF.1^17,WOOF,,1,2009-03-02,2009-03-05,2009-03-02..2009-03-05,1M+6M,False,small,9,1,,,
WOR,WOR,,2,2010-01-21,2025-04-14,2010-01-21..2010-01-26; 2025-04-08..2025-04-14,1M; 1M+3M+6M,True,mid,9,2,,,
WORK^21,WORK,,3,2019-12-09,2020-07-01,2019-12-09..2019-12-12; 2020-02-12..2020-03-06; 2020-04-21..2020-07-01,1M+3M; 1M+3M+6M; 1M+3M+6M,True,large_plus,2,8,,,
WPM,WPM,,13,2006-03-02,2015-10-21,2006-03-02..2006-04-12; 2006-07-18..2006-07-20; 2007-11-15..2007-11-16; 2008-01-07..2008-01-16; 2008-03-19..2008-03-20; 2008-07-17..2008-07-29; 2008-12-17..2009-03-26; 2009-05-22..2009-06-16; 2009-09-18..2009-11-13; 2010-05-19..2010-05-25; 2010-11-15..2010-11-23; 2011-08-22..2011-08-24; 2015-10-19..2015-10-21,1M+3M+6M; 1M+6M; 6M; 1M+3M+6M; 1M+3M+6M; 1M+3M+6M; 1M+3M; 6M; 1M+3M+6M; 1M+3M+6M; 1M+3M+6M; 1M+3M+6M; 3M,True,mid,1,30,,,
WPRT,WPRT,,10,2010-06-23,2020-12-24,2010-06-23..2010-08-09; 2011-04-11..2011-04-27; 2011-07-28..2011-07-29; 2011-09-14..2011-10-24; 2012-02-01..2012-02-03; 2012-03-22..2012-03-30; 2012-06-20..2012-06-26; 2013-07-16..2013-07-17; 2014-05-20..2014-05-21; 2020-12-16..2020-12-24,1M+3M+6M; 1M+3M+6M; 1M+3M+6M; 1M+3M+6M; 3M+6M; 1M+3M+6M; 1M+3M+6M; 1M+3M+6M; 1M+3M+6M; 6M,True,small,1,20,,,
WPX^21,WPX,,8,2015-02-05,2020-06-10,2015-02-05..2015-02-20; 2015-10-09..2015-12-02; 2016-03-23..2016-06-16; 2016-08-11..2016-08-17; 2016-10-07..2016-10-17; 2016-12-01..2016-12-19; 2020-04-29..2020-05-18; 2020-06-09..2020-06-10,1M+3M; 1M+3M+6M; 1M+3M+6M; 1M+3M+6M; 1M+3M+6M; 1M+3M+6M; 1M; 3M,True,mid,1,21,,,
WPZ^18,WPZ,,1,2016-03-08,2016-05-12,2016-03-08..2016-05-12,1M+3M+6M,True,large_plus,2,3,,,
WRB,WRB,,1,2008-11-07,2008-12-24,2008-11-07..2008-12-24,1M+3M+6M,True,mid,1,3,,,
WRBY,WRBY,,3,2022-10-06,2025-12-24,2022-10-06..2022-12-06; 2025-06-05..2025-06-09; 2025-12-12..2025-12-24,3M; 1M; 1M,False,mid,6,10,,,
WRC^13,WRC,,2,2009-02-06,2009-04-17,2009-02-06..2009-02-17; 2009-04-09..2009-04-17,1M; 3M,False,small,5,6,,,
WRD,WRD,,2,2025-02-14,2025-06-03,2025-02-14..2025-02-28; 2025-05-30..2025-06-03,1M+3M; 1M,False,mid,1,3,,,
WRD.2^19,WRD,,1,2018-05-14,2018-05-23,2018-05-14..2018-05-23,1M+3M+6M,True,mid,1,3,,,
WRI^21,WRI,,1,2008-12-24,2009-01-02,2008-12-24..2009-01-02,1M,False,small,5,1,,,
WRLD,WRLD,,4,2008-02-13,2018-02-14,2008-02-13..2008-02-19; 2008-04-03..2008-05-13; 2017-05-22..2017-05-25; 2018-02-02..2018-02-14,1M+6M; 3M+6M; 1M+3M+6M; 1M,True,small,4,10,,,
WSM,WSM,,2,2008-02-14,2009-04-24,2008-02-14..2008-02-15; 2009-02-18..2009-04-24,1M; 1M+3M,False,mid,7,6,,,
WSO,WSO,,1,2008-03-06,2008-04-29,2008-03-06..2008-04-29,1M+3M+6M,True,small,9,4,,,
WT,WT,,2,2013-05-23,2016-08-02,2013-05-23..2013-06-04; 2016-07-29..2016-08-02,6M; 1M+3M+6M,True,small,11,2,,,
WTFC,WTFC,,2,2008-09-18,2009-08-21,2008-09-18..2008-10-07; 2009-08-19..2009-08-21,1M; 1M,False,small,3,4,,,
WTI,WTI,,17,2006-02-13,2026-05-05,2006-02-13..2006-03-01; 2008-03-04..2008-03-07; 2010-11-12..2010-11-22; 2011-05-04..2011-06-07; 2011-10-31..2011-12-23; 2012-08-02..2012-08-15; 2013-05-22..2013-05-28; 2015-04-20..2015-04-24; 2018-01-19..2018-02-06; 2018-04-23..2018-05-31; 2018-07-12..2018-07-31; 2018-10-02..2018-10-12; 2019-03-25..2019-03-27; 2022-02-11..2022-03-08; 2022-05-02..2022-06-21; 2022-08-22..2022-11-16; 2026-03-06..2026-05-05,1M+3M+6M; 1M+3M+6M; 1M+3M+6M; 1M+3M+6M; 1M+3M+6M; 1M+3M+6M; 1M; 1M; 1M+3M+6M; 1M+3M+6M; 1M+3M+6M; 1M+3M+6M; 1M; 3M+6M; 1M+3M+6M; 1M+3M+6M; 1M+3M+6M,True,small,1,47,,,
WTNY^11,WTNY,,1,2010-01-26,2010-02-11,2010-01-26..2010-02-11,1M+3M+6M,True,small,5,2,,,
WTRG,WTRG,,1,2008-11-13,2008-12-10,2008-11-13..2008-12-10,1M+3M+6M,True,mid,1,2,,,
WUBA^20,WUBA,,4,2014-01-07,2015-05-06,2014-01-07..2014-01-17; 2014-03-05..2014-03-18; 2014-06-27..2014-08-11; 2015-04-14..2015-05-06,1M; 1M; 1M+3M+6M; 1M+3M+6M,True,small,1,9,,,
WULF,WULF,,8,2023-07-13,2026-06-02,2023-07-13..2023-08-02; 2023-12-08..2024-01-03; 2024-04-05..2024-07-29; 2024-09-23..2024-12-17; 2025-07-09..2025-07-11; 2025-08-14..2025-12-18; 2026-02-03..2026-02-12; 2026-05-04..2026-06-02,1M+3M+6M; 1M+3M; 1M+3M+6M; 1M+3M+6M; 3M; 1M+3M+6M; 6M; 3M,True,small,1,35,,,
WVE,WVE,,3,2020-09-16,2026-01-05,2020-09-16..2020-09-21; 2024-09-26..2024-12-10; 2025-12-09..2026-01-05,1M; 1M+3M+6M; 1M+3M+6M,True,small,1,7,,,
WVVI,WVVI,,1,2021-05-03,2021-05-25,2021-05-03..2021-05-25,1M+3M,False,small,3,1,,,
WWD,WWD,,2,2007-08-17,2009-04-24,2007-08-17..2007-08-28; 2009-04-23..2009-04-24,1M+3M+6M; 1M,True,mid,4,4,,,
WWR,WWR,,5,2010-11-29,2025-10-17,2010-11-29..2011-01-13; 2017-02-21..2017-02-23; 2020-10-12..2020-10-22; 2020-12-03..2020-12-11; 2025-10-14..2025-10-17,1M+3M+6M; 3M+6M; 1M+3M+6M; 3M; 1M+3M,True,small,1,11,,,
WWW,WWW,,1,2024-08-07,2024-08-09,2024-08-07..2024-08-09,6M,False,small,4,1,,,
WX.1^15,WX,,3,2007-10-04,2008-07-24,2007-10-04..2007-10-30; 2007-11-07..2007-11-08; 2008-07-17..2008-07-24,1M; 3M; 1M+3M,False,small,4,4,,,
WY,WY,,3,2008-08-19,2009-05-05,2008-08-19..2008-10-07; 2008-12-15..2008-12-17; 2009-04-02..2009-05-05,1M+3M; 1M; 1M+3M+6M,True,large_plus,7,10,,,
WYE^09,WYE,,1,2008-11-26,2008-12-18,2008-11-26..2008-12-18,1M+3M+6M,True,large_plus,5,3,,,
WYFI,WYFI,,1,2026-06-22,2026-07-10,2026-06-22..2026-07-10,1M+3M+6M,True,small,9,2,,,
WYNN,WYNN,,11,2007-08-16,2022-10-13,2007-08-16..2007-08-23; 2008-02-13..2008-02-20; 2008-04-14..2008-05-05; 2008-08-04..2008-08-22; 2009-04-07..2009-05-05; 2009-07-29..2009-10-07; 2015-12-28..2016-01-08; 2016-02-18..2016-02-25; 2018-02-01..2018-02-06; 2018-12-11..2018-12-17; 2022-10-04..2022-10-13,1M+3M+6M; 1M+3M+6M; 1M+3M+6M; 1M+3M+6M; 1M; 1M+3M+6M; 1M+3M+6M; 1M+3M+6M; 1M+3M+6M; 1M+3M+6M; 1M+3M+6M,True,large_plus,1,32,,,
XBIT,XBIT,,1,2016-07-07,2016-07-14,2016-07-07..2016-07-14,1M+3M+6M,True,small,4,1,,,
XCUR,XCUR,,1,2024-12-02,2024-12-13,2024-12-02..2024-12-13,1M+3M+6M,True,small,1,1,,,
XE,XE,,1,2026-08-14,2026-08-17,2026-08-14..2026-08-17,1M,False,mid,9,1,,,
XEC^21,XEC,,3,2010-05-18,2021-03-08,2010-05-18..2010-05-25; 2011-11-11..2011-11-21; 2021-03-05..2021-03-08,1M+3M+6M; 1M+3M+6M; 1M+6M,True,mid,5,6,,,
XEL,XEL,,1,2008-11-26,2008-12-01,2008-11-26..2008-12-01,6M,False,mid,15,3,,,
XELA,XELA,,2,2021-03-12,2021-08-12,2021-03-12..2021-03-15; 2021-07-06..2021-08-12,3M; 1M+3M,False,small,4,2,,,
XENE,XENE,,5,2021-10-05,2026-03-18,2021-10-05..2021-11-16; 2022-01-05..2022-01-13; 2022-02-25..2022-03-10; 2022-06-22..2022-07-28; 2026-03-13..2026-03-18,1M+3M+6M; 1M+6M; 6M; 6M; 1M,True,small,3,15,,,
XENT^22,XENT,,1,2018-11-16,2018-11-26,2018-11-16..2018-11-26,1M+3M+6M,True,small,7,1,,,
XERS,XERS,,5,2020-08-31,2025-08-13,2020-08-31..2020-10-08; 2022-01-06..2022-01-07; 2022-01-12..2022-01-13; 2025-03-13..2025-04-07; 2025-08-12..2025-08-13,1M+3M+6M; 1M; 3M; 1M+3M+6M; 6M,True,small,4,12,,,
XFOR,XFOR,,2,2023-06-23,2025-09-11,2023-06-23..2023-06-26; 2025-08-18..2025-09-11,3M+6M; 1M,False,small,7,2,,,
XIDEQ^15,XIDEQ,XIDE,1,2008-03-18,2008-07-02,2008-03-18..2008-07-02,1M+3M+6M,True,small,1,5,,,
XL.1^18,XL,,2,2008-08-27,2009-08-11,2008-08-27..2008-09-02; 2009-03-18..2009-08-11,1M; 1M+3M+6M,True,mid,1,14,,,
XLNX^22,XLNX,,1,2009-03-09,2009-03-16,2009-03-09..2009-03-16,1M+3M+6M,True,mid,3,2,,,
XLRN^21,XLRN,,10,2014-01-23,2020-05-29,2014-01-23..2014-02-04; 2014-06-24..2014-06-26; 2014-12-09..2014-12-26; 2016-01-05..2016-01-07; 2016-04-08..2016-06-20; 2017-03-08..2017-03-13; 2017-05-08..2017-05-12; 2017-06-26..2017-08-23; 2018-07-13..2018-07-19; 2020-04-17..2020-05-29,1M+3M; 3M; 1M+3M+6M; 3M+6M; 1M+3M+6M; 1M; 1M+3M+6M; 1M+3M+6M; 1M+3M+6M; 3M+6M,True,small,1,25,,,
XMSR^08,XMSR,,4,2007-01-18,2008-02-28,2007-01-18..2007-01-26; 2007-09-19..2007-09-24; 2007-12-11..2007-12-17; 2008-02-14..2008-02-28,1M+3M+6M; 1M+3M+6M; 1M+3M+6M; 1M+6M,True,mid,1,7,,,
XMTR,XMTR,,11,2022-01-10,2026-07-27,2022-01-10..2022-01-24; 2022-08-30..2022-10-04; 2023-06-05..2023-06-09; 2023-12-18..2024-02-08; 2024-08-20..2024-09-06; 2024-11-06..2024-11-12; 2024-12-23..2025-01-10; 2025-08-11..2025-09-11; 2025-11-12..2025-11-14; 2026-01-09..2026-01-15; 2026-05-13..2026-07-27,1M+3M+6M; 1M+3M+6M; 1M; 3M+6M; 1M; 1M; 1M+3M+6M; 1M+3M+6M; 1M; 3M; 1M+3M,True,mid,2,28,,,
XM^23,XM,,2,2021-04-29,2021-08-06,2021-04-29..2021-05-10; 2021-07-26..2021-08-06,1M+3M; 1M+3M+6M,True,large_plus,2,5,,,
XNCR,XNCR,,3,2018-09-25,2026-09-10,2018-09-25..2018-09-28; 2025-11-17..2025-12-08; 2026-07-20..2026-09-10,1M+3M+6M; 3M; 1M+3M+6M,True,small,3,5,,,
XNDU,XNDU,,1,2026-04-16,2026-05-07,2026-04-16..2026-05-07,1M+3M+6M,True,mid,1,1,,,
XNET,XNET,,4,2015-06-24,2019-11-20,2015-06-24..2015-07-02; 2017-10-31..2018-01-23; 2018-05-01..2018-05-02; 2019-10-29..2019-11-20,1M+3M+6M; 1M+3M+6M; 1M+3M+6M; 1M+3M+6M,True,small,1,9,,,
XNPT^16,XNPT,,3,2010-05-07,2015-11-23,2010-05-07..2010-05-13; 2011-04-15..2011-04-28; 2015-10-30..2015-11-23,1M; 1M+6M; 1M+6M,False,small,4,5,,,
XOM,XOM,,1,2008-11-19,2008-12-09,2008-11-19..2008-12-09,1M+3M+6M,True,large_plus,3,3,,,
XOMA^26,XOMA,,3,2010-12-23,2015-07-21,2010-12-23..2011-01-25; 2013-12-12..2014-03-04; 2015-07-07..2015-07-21,1M+3M+6M; 1M+3M+6M; 1M+3M+6M,True,small,1,9,,,
XONE.1^21,XONE,,4,2013-04-05,2021-02-16,2013-04-05..2013-08-30; 2014-07-01..2014-07-16; 2014-11-07..2014-11-28; 2021-01-29..2021-02-16,1M+3M+6M; 1M+3M; 1M; 1M,True,small,3,15,,,
XOOM^15,XOOM,,1,2014-05-08,2014-05-12,2014-05-08..2014-05-12,1M+3M+6M,True,small,6,2,,,
XP,XP,,4,2020-02-07,2022-03-01,2020-02-07..2020-02-27; 2020-05-27..2020-09-14; 2021-05-13..2021-05-24; 2022-01-31..2022-03-01,1M; 1M+3M+6M; 1M+3M+6M; 1M+3M+6M,True,large_plus,1,12,,,
XPEL,XPEL,,4,2021-05-24,2024-08-26,2021-05-24..2021-05-28; 2021-07-23..2021-08-05; 2022-05-26..2022-05-27; 2024-08-09..2024-08-26,3M+6M; 1M+3M+6M; 1M; 1M+3M,True,mid,3,8,,,
XPEV,XPEV,,10,2020-10-22,2025-11-24,2020-10-22..2020-12-09; 2021-01-27..2021-02-04; 2021-06-21..2021-07-12; 2021-11-02..2021-12-08; 2022-06-13..2022-07-13; 2022-12-02..2022-12-23; 2023-04-03..2023-04-06; 2023-07-06..2023-09-01; 2024-10-02..2024-11-22; 2025-11-13..2025-11-24,1M+3M; 3M; 1M+3M+6M; 1M+3M+6M; 1M+3M+6M; 1M+3M; 1M+3M+6M; 1M+3M+6M; 1M+3M+6M; 1M+6M,True,large_plus,1,28,,,
XPO,XPO,,4,2015-11-09,2026-03-12,2015-11-09..2015-11-25; 2016-02-23..2016-02-24; 2024-08-01..2024-08-13; 2026-02-17..2026-03-12,1M+3M; 1M; 1M+3M+6M; 1M+3M,True,large_plus,2,12,,,
XPOF,XPOF,,4,2022-04-27,2024-07-18,2022-04-27..2022-05-02; 2023-02-10..2023-03-17; 2024-03-25..2024-04-01; 2024-06-21..2024-07-18,6M; 6M; 1M; 1M+6M,False,small,3,8,,,
XPRO,XPRO,,3,2022-01-14,2023-03-14,2022-01-14..2022-01-27; 2022-11-03..2022-11-16; 2023-01-18..2023-03-14,1M+3M; 1M+3M+6M; 1M+3M+6M,True,small,3,11,,,
XRTX.1^14,XRTX,,1,2010-09-30,2010-10-07,2010-09-30..2010-10-07,1M+3M+6M,True,small,7,4,,,
XRX,XRX,,1,2026-05-01,2026-05-13,2026-05-01..2026-05-13,1M,False,small,10,2,,,
XSNX,XSNX,,1,2006-03-20,2006-04-04,2006-03-20..2006-04-04,1M+3M+6M,True,small,1,2,,,
XTNT,XTNT,,1,2021-02-26,2021-03-11,2021-02-26..2021-03-11,1M,False,small,4,3,,,
XTO^10,XTO,,2,2009-01-08,2009-05-26,2009-01-08..2009-02-19; 2009-04-20..2009-05-26,3M+6M; 1M+6M,False,large_plus,3,7,,,
XWEL,XWEL,,2,2014-01-29,2020-06-26,2014-01-29..2014-02-20; 2020-06-08..2020-06-26,1M+3M; 1M+3M+6M,True,small,1,4,P123 backfill: 3.6x 1-day move -- verify against chart,,
XXI,XXI,,1,2025-04-24,2025-06-11,2025-04-24..2025-06-11,1M+3M+6M,True,small,2,2,,,
XXIA^17,XXIA,,1,2013-07-09,2013-07-10,2013-07-09..2013-07-10,1M+3M+6M,True,small,10,2,,,
XXII,XXII,,4,2017-09-14,2022-01-13,2017-09-14..2017-10-19; 2018-01-11..2018-01-29; 2021-04-20..2021-06-08; 2022-01-11..2022-01-13,1M+3M+6M; 1M+6M; 1M+3M+6M; 1M,True,small,2,7,,,
XYZ,XYZ,,15,2017-11-27,2026-03-19,2017-11-27..2017-12-05; 2018-02-05..2018-02-09; 2018-03-28..2018-04-02; 2018-08-03..2018-08-07; 2018-10-08..2018-10-11; 2020-03-02..2020-03-03; 2020-05-19..2020-05-27; 2020-07-13..2020-07-30; 2020-09-04..2020-09-29; 2020-11-13..2020-11-16; 2022-03-21..2022-04-11; 2022-08-01..2022-08-23; 2022-11-10..2022-12-23; 2023-02-09..2023-02-13; 2026-03-17..2026-03-19,1M+3M+6M; 1M+3M+6M; 1M+3M+6M; 1M+3M+6M; 1M+3M+6M; 1M+3M+6M; 1M+3M; 1M+3M+6M; 1M+3M+6M; 6M; 1M+3M+6M; 1M+6M; 1M+3M+6M; 3M+6M; 1M+3M+6M,True,large_plus,1,32,,,
X^25,X,,16,2008-01-08,2025-04-11,2008-01-08..2008-01-09; 2008-03-10..2008-04-03; 2008-07-02..2008-07-07; 2009-06-12..2009-06-24; 2010-01-22..2010-01-26; 2011-11-15..2011-11-18; 2016-02-26..2016-05-05; 2016-06-24..2016-08-16; 2016-10-28..2016-12-22; 2017-02-27..2017-03-03; 2018-02-21..2018-03-14; 2020-10-29..2021-01-15; 2021-03-12..2021-05-24; 2021-08-19..2021-08-30; 2022-03-07..2022-03-29; 2025-04-08..2025-04-11,1M+3M+6M; 1M+3M+6M; 1M+3M+6M; 1M+3M; 1M+3M+6M; 1M; 1M+3M+6M; 1M+3M+6M; 1M+3M+6M; 1M+3M+6M; 1M+3M+6M; 1M+3M; 1M+3M+6M; 1M+6M; 1M+3M+6M; 1M+3M+6M,True,mid,1,45,,,
YALA,YALA,,4,2020-12-07,2025-05-21,2020-12-07..2020-12-22; 2021-02-02..2021-02-12; 2021-04-14..2021-04-15; 2025-05-06..2025-05-21,1M; 1M; 6M; 3M+6M,False,mid,3,7,,,
YELLQ^26,YELLQ,YELL,1,2021-11-19,2021-12-08,2021-11-19..2021-12-08,1M+3M+6M,True,small,2,2,,,
YELP,YELP,,4,2012-06-28,2014-01-30,2012-06-28..2012-10-16; 2013-04-18..2013-05-22; 2013-08-15..2013-10-31; 2014-01-24..2014-01-30,1M+3M+6M; 1M+3M+6M; 1M+3M+6M; 1M+3M+6M,True,mid,1,13,,,
YETI,YETI,,3,2019-01-22,2022-11-30,2019-01-22..2019-05-08; 2019-07-30..2019-08-06; 2022-11-14..2022-11-30,1M+3M+6M; 1M+3M+6M; 1M,True,mid,1,11,,,
YEXT,YEXT,,3,2018-08-03,2023-06-29,2018-08-03..2018-08-15; 2023-03-13..2023-03-27; 2023-06-09..2023-06-29,1M+3M+6M; 1M+3M+6M; 1M+6M,True,small,2,5,,,
YGMZF,YGMZF,,1,2020-12-21,2021-01-29,2020-12-21..2021-01-29,1M+3M,False,small,4,2,,,
YGYI^23,YGYI,,1,2018-10-17,2018-10-29,2018-10-17..2018-10-29,1M+3M+6M,True,small,1,1,,,
YI,YI,,1,2021-02-10,2021-02-19,2021-02-10..2021-02-19,1M,False,small,11,1,,,
YJ,YJ,,1,2020-11-24,2020-11-25,2020-11-24..2020-11-25,1M,False,small,15,1,,,
YMM,YMM,,4,2021-09-03,2023-01-27,2021-09-03..2021-09-21; 2022-02-16..2022-03-03; 2022-06-08..2022-07-29; 2022-11-28..2023-01-27,1M; 1M+6M; 1M+3M+6M; 1M+3M+6M,True,mid,1,10,,,
YOKU^16,YOKU,,9,2011-03-03,2015-10-15,2011-03-03..2011-05-05; 2012-01-27..2012-03-26; 2012-09-17..2012-10-02; 2013-05-17..2013-06-05; 2013-08-09..2013-10-25; 2013-12-09..2014-01-28; 2014-11-18..2014-11-25; 2015-04-27..2015-06-15; 2015-10-07..2015-10-15,1M+3M; 1M+3M+6M; 1M+6M; 1M+3M+6M; 1M+3M+6M; 1M+3M+6M; 1M+3M+6M; 1M+3M+6M; 1M+3M+6M,True,mid,1,30,,,
YOU,YOU,,4,2022-02-24,2026-03-17,2022-02-24..2022-02-25; 2022-04-13..2022-05-05; 2022-10-19..2022-12-05; 2026-03-05..2026-03-17,1M; 1M+3M+6M; 1M+3M+6M; 1M,True,mid,3,12,,,
YPF,YPF,,10,2012-12-19,2026-04-09,2012-12-19..2013-01-04; 2014-06-19..2014-07-31; 2018-10-04..2018-10-05; 2020-06-03..2020-06-10; 2022-08-30..2023-03-10; 2023-07-06..2023-07-07; 2023-11-29..2023-12-13; 2024-11-26..2024-12-06; 2025-10-29..2025-11-10; 2026-04-06..2026-04-09,1M+3M+6M; 1M+3M+6M; 1M; 1M; 1M+3M+6M; 1M+3M+6M; 1M+3M+6M; 1M+3M+6M; 1M+3M+6M; 1M+3M+6M,True,large_plus,1,30,,,
YRD,YRD,,7,2016-08-01,2018-03-23,2016-08-01..2016-08-31; 2016-10-17..2016-11-29; 2017-02-15..2017-03-22; 2017-07-20..2017-08-30; 2017-10-20..2017-10-30; 2018-01-08..2018-01-16; 2018-03-22..2018-03-23,1M+3M+6M; 1M+3M+6M; 1M+3M+6M; 1M+3M+6M; 1M+3M+6M; 1M+3M+6M; 1M+3M+6M,True,small,1,19,,,
YRIV,YRIV,,1,2019-04-08,2019-04-25,2019-04-08..2019-04-25,1M+3M+6M,True,small,1,2,,,
YSG,YSG,,2,2021-01-19,2022-07-22,2021-01-19..2021-02-11; 2022-07-06..2022-07-22,1M; 1M+3M,False,large_plus,1,4,,,
YSS,YSS,,1,2026-04-14,2026-04-30,2026-04-14..2026-04-30,1M,False,mid,1,1,,,
YTEC^12,YTEC,,1,2007-10-17,2007-11-01,2007-10-17..2007-11-01,1M+3M+6M,True,small,2,2,,,
YUM,YUM,,1,2008-12-18,2008-12-23,2008-12-18..2008-12-23,6M,False,large_plus,11,3,,,
YUMC,YUMC,,1,2022-06-13,2022-06-14,2022-06-13..2022-06-14,6M,False,large_plus,12,1,,,
YZCAY,YZCAY,,1,2007-10-19,2007-10-30,2007-10-19..2007-10-30,3M+6M,False,mid,4,1,,,
Z,Z,,7,2019-02-27,2023-02-22,2019-02-27..2019-03-05; 2020-05-11..2020-07-24; 2020-09-21..2020-09-24; 2020-11-23..2020-12-30; 2021-11-02..2021-11-03; 2022-01-06..2022-01-07; 2023-02-21..2023-02-22,1M+3M+6M; 1M+3M+6M; 1M+3M+6M; 1M+3M+6M; 6M; 1M+3M+6M; 3M+6M,True,large_plus,2,17,,,
ZAGG^21,ZAGG,,6,2010-11-01,2017-12-06,2010-11-01..2010-11-10; 2011-01-14..2011-02-14; 2011-05-31..2011-08-05; 2011-10-28..2011-11-07; 2012-02-08..2012-05-29; 2017-10-25..2017-12-06,1M+3M+6M; 1M+3M+6M; 1M+3M+6M; 1M+6M; 1M+3M+6M; 1M+3M+6M,True,small,1,20,,,
ZAYO^20,ZAYO,,1,2014-12-12,2014-12-30,2014-12-12..2014-12-30,1M,False,mid,2,2,,,
ZBIO,ZBIO,,3,2025-11-07,2026-09-09,2025-11-07..2026-01-02; 2026-02-25..2026-02-27; 2026-07-02..2026-09-09,1M+3M+6M; 1M; 1M+3M+6M,True,small,3,8,,,
ZD,ZD,,1,2006-06-07,2006-06-14,2006-06-07..2006-06-14,1M+3M+6M,True,small,6,1,,,
ZENA,ZENA,,2,2024-12-02,2025-06-17,2024-12-02..2024-12-26; 2025-06-05..2025-06-17,1M; 1M,False,small,5,3,,,
ZEN^22,ZEN,,2,2015-02-19,2018-12-20,2015-02-19..2015-02-20; 2018-12-18..2018-12-20,3M+6M; 1M+6M,False,mid,10,2,,,
ZEO,ZEO,,1,2025-05-30,2025-06-27,2025-05-30..2025-06-27,1M,False,small,8,3,,,
ZEPP,ZEPP,,1,2025-08-06,2025-10-22,2025-08-06..2025-10-22,1M+3M+6M,True,small,1,6,,,
ZETA,ZETA,,7,2022-04-08,2026-08-24,2022-04-08..2022-04-20; 2022-10-21..2022-11-23; 2023-02-27..2023-03-03; 2024-08-02..2024-08-21; 2024-10-18..2024-10-22; 2025-08-08..2025-08-26; 2026-08-05..2026-08-24,6M; 3M; 1M+3M+6M; 1M+3M+6M; 3M+6M; 1M+3M; 1M+3M,True,mid,3,16,,,
ZEUS^26,ZEUS,,2,2008-03-04,2008-07-07,2008-03-04..2008-03-20; 2008-07-01..2008-07-07,3M+6M; 6M,False,small,5,3,,,
ZG,ZG,,11,2012-03-16,2016-04-08,2012-03-16..2012-05-24; 2012-07-26..2012-07-31; 2012-09-20..2012-10-02; 2013-02-22..2013-04-08; 2013-08-06..2013-09-24; 2014-03-26..2014-05-27; 2014-07-29..2014-08-13; 2014-11-21..2014-12-03; 2015-02-18..2015-03-09; 2015-08-26..2015-09-04; 2016-04-07..2016-04-08,1M+3M+6M; 1M+3M+6M; 1M+3M+6M; 1M+3M+6M; 1M+3M+6M; 1M+3M+6M; 1M+3M+6M; 1M+3M+6M; 1M+3M+6M; 1M+3M+6M; 3M+6M,True,mid,1,25,,,
ZGNX^22,ZGNX,,3,2015-07-16,2018-02-26,2015-07-16..2015-08-06; 2017-09-22..2017-11-16; 2018-02-14..2018-02-26,1M+3M+6M; 1M+3M+6M; 1M+6M,True,small,1,6,,,
ZH,ZH,,2,2021-06-29,2023-01-04,2021-06-29..2021-07-02; 2022-12-14..2023-01-04,1M+3M; 1M,False,mid,9,4,,,
ZIM,ZIM,,12,2021-03-25,2026-01-21,2021-03-25..2021-07-06; 2021-08-26..2021-09-28; 2021-12-01..2021-12-13; 2022-01-21..2022-01-27; 2022-03-14..2022-04-05; 2022-05-23..2022-06-07; 2023-02-21..2023-04-28; 2024-01-02..2024-01-31; 2024-05-02..2024-07-12; 2024-08-22..2024-10-10; 2025-02-28..2025-03-07; 2026-01-16..2026-01-21,1M+3M; 1M+3M+6M; 1M+3M+6M; 1M+3M+6M; 1M+3M+6M; 1M+3M+6M; 1M+3M+6M; 1M; 1M+3M+6M; 6M; 1M; 3M,True,mid,1,36,,,
ZION,ZION,,6,2008-08-13,2023-08-02,2008-08-13..2008-10-07; 2009-08-18..2009-10-26; 2010-01-19..2010-02-11; 2010-03-29..2010-05-12; 2011-10-27..2011-10-28; 2023-08-01..2023-08-02,1M+3M; 1M+3M+6M; 1M+3M+6M; 1M+3M+6M; 1M+3M+6M; 1M,True,mid,1,18,,,
ZIP,ZIP,,1,2021-07-22,2021-08-13,2021-07-22..2021-08-13,1M,False,mid,12,1,,,
ZIXI^21,ZIXI,,1,2019-05-13,2019-05-23,2019-05-13..2019-05-23,1M+3M+6M,True,small,6,1,,,
ZJK,ZJK,,1,2024-12-03,2024-12-13,2024-12-03..2024-12-13,1M,False,small,7,2,,,
ZJYL,ZJYL,,1,2024-01-29,2024-01-31,2024-01-29..2024-01-31,3M+6M,False,small,1,2,,,
ZKIN,ZKIN,,1,2021-02-24,2021-04-08,2021-02-24..2021-04-08,1M+3M+6M,True,small,4,2,,,
ZK^25,ZK,,2,2024-09-27,2025-03-25,2024-09-27..2024-12-27; 2025-03-10..2025-03-25,1M+3M; 1M+3M+6M,True,mid,1,6,,,
ZLAB,ZLAB,,10,2020-01-22,2025-03-18,2020-01-22..2020-03-03; 2020-05-29..2020-06-26; 2021-05-04..2021-05-07; 2022-07-08..2022-07-27; 2022-09-06..2022-09-21; 2022-11-23..2022-12-02; 2022-12-14..2023-02-01; 2023-04-25..2023-05-16; 2024-10-08..2024-10-15; 2025-03-03..2025-03-18,1M+3M+6M; 6M; 1M+3M+6M; 1M; 1M+3M+6M; 1M; 1M+3M+6M; 1M+3M+6M; 3M+6M; 1M+3M+6M,True,mid,2,20,,,
ZLC^14,ZLC,,5,2008-02-29,2013-10-24,2008-02-29..2008-04-08; 2008-05-09..2008-06-10; 2008-08-05..2008-09-16; 2013-06-21..2013-07-01; 2013-09-03..2013-10-24,1M+3M; 6M; 3M+6M; 1M+3M+6M; 1M+3M+6M,True,small,2,16,,,
ZLTQ^17,ZLTQ,ZLT,6,2013-11-18,2015-08-25,2013-11-18..2014-02-04; 2014-04-30..2014-05-01; 2014-08-07..2014-09-26; 2014-11-05..2014-12-01; 2015-01-20..2015-02-12; 2015-08-12..2015-08-25,1M+3M+6M; 1M+3M+6M; 1M+3M+6M; 1M+3M+6M; 1M+3M+6M; 1M+3M+6M,True,small,1,14,,,
ZM,ZM,,6,2019-06-14,2023-02-15,2019-06-14..2019-08-05; 2020-02-20..2020-07-21; 2020-09-03..2020-10-30; 2022-06-10..2022-07-12; 2022-11-09..2022-11-25; 2023-02-08..2023-02-15,1M+3M; 1M+3M+6M; 1M+3M+6M; 1M+3M+6M; 3M; 6M,True,large_plus,1,20,,,
ZNGA^22,ZNGA,,6,2012-02-14,2018-10-24,2012-02-14..2012-03-19; 2012-12-10..2013-03-21; 2013-06-03..2013-06-04; 2013-09-30..2013-12-03; 2014-02-14..2014-03-21; 2018-10-19..2018-10-24,1M; 1M+3M+6M; 1M+3M+6M; 1M+3M+6M; 1M+3M+6M; 1M+3M+6M,True,mid,1,19,,,
ZNOG,ZNOG,,1,2017-07-19,2017-08-01,2017-07-19..2017-08-01,1M+3M+6M,True,small,1,1,,,
ZNTL,ZNTL,,6,2021-04-19,2026-05-18,2021-04-19..2021-05-14; 2021-08-11..2021-08-18; 2021-09-24..2021-11-10; 2022-01-03..2022-01-07; 2023-05-01..2023-06-29; 2026-04-10..2026-05-18,1M+3M+6M; 6M; 1M+3M+6M; 3M+6M; 1M+3M; 1M+3M+6M,True,mid,1,15,,,
ZOES^18,ZOES,,3,2014-10-17,2016-03-14,2014-10-17..2014-11-04; 2015-10-07..2015-10-15; 2016-03-11..2016-03-14,1M+3M+6M; 1M+3M+6M; 6M,True,small,2,6,,,
ZOLL^12,ZOLL,,2,2011-08-08,2011-12-15,2011-08-08..2011-08-10; 2011-11-29..2011-12-15,1M+3M+6M; 1M+3M+6M,True,small,1,5,,,
ZOLT^14,ZOLT,,2,2007-02-22,2008-06-16,2007-02-22..2007-03-06; 2008-06-05..2008-06-16,1M+3M+6M; 1M,True,small,6,3,,,
ZRAN^11,ZRAN,,1,2007-11-08,2007-11-09,2007-11-08..2007-11-09,1M,False,small,8,2,,,
ZS,ZS,,8,2018-06-12,2026-07-31,2018-06-12..2018-09-14; 2018-11-16..2019-01-11; 2019-04-04..2019-04-09; 2019-05-16..2019-06-03; 2020-04-08..2020-04-22; 2020-06-02..2020-06-29; 2020-09-04..2020-09-15; 2026-07-20..2026-07-31,1M+3M; 1M+3M+6M; 1M+3M+6M; 1M+3M+6M; 1M+3M+6M; 1M+3M+6M; 1M+3M+6M; 1M+3M+6M,True,mid,1,22,,,
ZSANQ^22,ZSANQ,ZSAN,1,2019-02-25,2019-04-01,2019-02-25..2019-04-01,1M+3M+6M,True,small,2,1,,,
ZSPH^15,ZSPH,,3,2014-12-19,2015-10-15,2014-12-19..2014-12-24; 2015-05-15..2015-05-19; 2015-09-16..2015-10-15,6M; 1M+6M; 1M+3M+6M,True,small,2,4,,,
ZTO,ZTO,,2,2020-03-13,2022-05-16,2020-03-13..2020-03-23; 2022-05-06..2022-05-16,1M+3M+6M; 1M+3M+6M,True,large_plus,2,5,,,
ZUMZ,ZUMZ,,7,2006-06-06,2017-12-15,2006-06-06..2006-07-19; 2007-08-22..2007-08-29; 2008-04-29..2008-05-06; 2011-10-07..2011-10-13; 2013-03-18..2013-04-01; 2016-01-08..2016-01-14; 2017-12-06..2017-12-15,1M+3M+6M; 1M+3M; 1M; 1M+3M+6M; 1M+3M+6M; 1M+3M+6M; 6M,True,small,2,16,,,
ZUO^25,ZUO,,3,2018-06-07,2023-03-21,2018-06-07..2018-06-28; 2018-08-16..2018-09-07; 2023-03-17..2023-03-21,1M; 1M+3M; 3M+6M,False,mid,2,5,,,
ZURA,ZURA,,1,2025-10-09,2025-11-07,2025-10-09..2025-11-07,3M,False,small,15,1,,,
ZU^15,ZU,,2,2014-02-28,2014-07-10,2014-02-28..2014-03-20; 2014-06-27..2014-07-10,1M+3M; 1M+3M+6M,True,mid,1,3,,,
ZVOI,ZVOI,,1,2011-06-10,2011-06-21,2011-06-10..2011-06-21,1M+3M+6M,True,small,3,2,,,
ZVUE^14,ZVUE,,1,2006-11-24,2006-12-12,2006-11-24..2006-12-12,1M+3M,False,small,2,1,,,
ZYME,ZYME,,4,2019-12-09,2025-12-09,2019-12-09..2020-02-11; 2023-01-13..2023-01-19; 2023-01-25..2023-01-31; 2025-11-25..2025-12-09,3M+6M; 1M; 6M; 1M+3M,False,small,5,6,,,
ZYNE^23,ZYNE,,3,2017-02-24,2019-07-18,2017-02-24..2017-03-02; 2017-11-03..2017-11-08; 2019-04-05..2019-07-18,1M+3M+6M; 3M; 1M+3M+6M,True,small,1,10,,,
ZYXIQ^26,ZYXIQ,ZYXI,1,2020-06-23,2020-07-07,2020-06-23..2020-07-07,6M,False,small,12,1,,,
